Iteration	Posterior	Likelihood	Prior	rate_log_sd	rate_neo	root_freqs[1]	root_freqs[2]	tree_length
0	-7945.427	-8196.323	250.8962	0.8200459	0.5293088	0.515567	0.484433	7.412225
6	-7946.42	-8194.962	248.5426	0.6985565	0.5301764	0.465928	0.534072	8.730982
12	-7939.811	-8188.621	248.8103	0.7577738	0.5592116	0.404182	0.595818	8.533443
18	-7944.079	-8194.354	250.2748	0.7994978	0.4590153	0.545164	0.454836	7.818536
24	-7928.923	-8179.077	250.1538	0.7994978	0.4960231	0.447755	0.552245	7.849393
30	-7936.136	-8185.814	249.6779	0.7841964	0.5745294	0.476048	0.523952	8.04541
36	-7938.218	-8187.707	249.4891	0.7010787	0.5745294	0.476048	0.523952	8.190305
42	-7946.273	-8196.48	250.2063	0.8207543	0.5064214	0.476048	0.523952	7.800835
48	-7932.258	-8182.562	250.3038	0.7616738	0.5522266	0.485848	0.514152	7.741412
54	-7939.636	-8190.376	250.7396	0.804785	0.549351	0.485848	0.514152	7.487489
60	-7933.707	-8183.44	249.7324	0.753479	0.5373184	0.457234	0.542766	8.063158
66	-7942.07	-8191.997	249.927	0.7472239	0.4444572	0.54869	0.45131	8.045834
72	-7938.728	-8188.423	249.6953	0.7389504	0.592751	0.536238	0.463762	8.045834
78	-7937.399	-8188.643	251.2441	0.8133363	0.592751	0.526747	0.473253	7.177109
84	-7936.706	-8187.399	250.6931	0.6643776	0.592751	0.51111	0.48889	7.552583
90	-7932.021	-8182.66	250.6387	0.7616979	0.6306904	0.564149	0.435851	7.500492
96	-7940.748	-8190.609	249.8611	0.7239295	0.5396253	0.432545	0.567455	8.008362
102	-7952.663	-8202.966	250.3029	0.7243621	0.5715108	0.449385	0.550615	7.746129
108	-7951.192	-8201.298	250.1062	0.7339367	0.5549432	0.449385	0.550615	7.859546
114	-7952.905	-8204.628	251.7234	0.8294247	0.6500597	0.560617	0.439383	6.866677
120	-7946.268	-8197.006	250.7379	0.7823657	0.5776011	0.408815	0.591185	7.477403
126	-7952.356	-8202.235	249.8798	0.7883241	0.569557	0.408815	0.591185	7.939521
132	-7945.4	-8194.278	248.878	0.7464985	0.574476	0.422703	0.577297	8.49124
138	-7946.183	-8196.359	250.1766	0.9082596	0.4477263	0.58027	0.41973	7.823577
144	-7942.634	-8193.095	250.4612	0.7504252	0.5769036	0.508201	0.491799	7.643245
150	-7952.285	-8200.739	248.454	0.7731248	0.5714945	0.508201	0.491799	8.704555
156	-7952.925	-8202.152	249.2267	0.7383279	0.5714945	0.436733	0.563267	8.312548
162	-7948.787	-8198.239	249.452	0.7505557	0.5714945	0.436733	0.563267	8.186147
168	-7953.046	-8204.135	251.0893	0.7826629	0.5583571	0.523418	0.476582	7.304409
174	-7935.174	-8185.345	250.1704	0.7461276	0.5583571	0.461207	0.538793	7.815982
180	-7938.535	-8188.383	249.8481	0.7650615	0.5181087	0.465404	0.534596	8.011628
186	-7938.987	-8189.728	250.7411	0.7650615	0.5947194	0.465404	0.534596	7.4714
192	-7939.385	-8191.269	251.8841	0.8347546	0.5160622	0.526445	0.473555	6.884641
198	-7957.333	-8209.222	251.8896	0.8347546	0.5126435	0.526445	0.473555	6.884641
204	-7940.249	-8190.294	250.0454	0.7463589	0.5759861	0.40793	0.59207	7.868349
210	-7938.801	-8190.225	251.4242	0.8125526	0.5266307	0.447308	0.552692	7.135043
216	-7948.618	-8199.805	251.1867	0.8619359	0.6542828	0.473126	0.526874	7.135043
222	-7952.651	-8203.79	251.1387	0.8514728	0.5086956	0.495632	0.504368	7.283089
228	-7958.553	-8210.412	251.859	0.8300841	0.6173364	0.495632	0.504368	6.817889
234	-7937.407	-8188.863	251.4565	0.8544788	0.5877685	0.495632	0.504368	7.044724
240	-7943.691	-8195.277	251.586	0.9037881	0.5652494	0.528013	0.471987	6.966546
246	-7938.84	-8190.459	251.6193	0.8751027	0.5652494	0.4906	0.5094	6.964068
252	-7936.027	-8186.922	250.8945	0.8421511	0.5748752	0.455085	0.544915	7.363607
258	-7934.754	-8185.608	250.8534	0.7631023	0.528634	0.559695	0.440305	7.466299
264	-7937.442	-8187.366	249.9245	0.8053558	0.5155127	0.420168	0.579832	7.951608
270	-7940.273	-8192.019	251.746	0.8170546	0.645386	0.420168	0.579832	6.864612
276	-7941.145	-8190.861	249.7163	0.8082158	0.5914058	0.420168	0.579832	7.998752
282	-7952.215	-8203.954	251.7389	0.929413	0.5374023	0.500527	0.499473	6.893562
288	-7943.971	-8194.983	251.0121	0.862728	0.4917025	0.490617	0.509383	7.360069
294	-7951.311	-8202.166	250.8553	0.8343192	0.6381496	0.519603	0.480397	7.339831
300	-7941.228	-8192.572	251.3438	0.7296823	0.5052768	0.46954	0.53046	7.241367
306	-7930.224	-8181.442	251.2178	0.7992386	0.5208558	0.480281	0.519719	7.258085
312	-7937.76	-8189.192	251.4311	0.8604513	0.6070272	0.485581	0.514419	7.040063
318	-7955.119	-8207.712	252.5927	0.8445234	0.543309	0.485581	0.514419	6.472958
324	-7939.259	-8190.787	251.5277	0.8380815	0.5352963	0.461006	0.538994	7.058282
330	-7940.004	-8191.157	251.1524	0.8432952	0.5474254	0.487765	0.512235	7.247048
336	-7951.832	-8203.877	252.0453	0.8498861	0.5604877	0.487765	0.512235	6.751865
342	-7943.045	-8193.441	250.3961	0.7721706	0.4915509	0.467681	0.532319	7.738525
348	-7934.285	-8185.12	250.8351	0.7895723	0.6289536	0.469491	0.530509	7.381592
354	-7942.757	-8193.442	250.6853	0.8038162	0.5528354	0.50555	0.49445	7.514221
360	-7925.574	-8176.63	251.0554	0.7844501	0.5233916	0.50555	0.49445	7.350992
366	-7935.313	-8186.109	250.7961	0.8104741	0.6840719	0.405902	0.594098	7.350992
372	-7926.223	-8179.067	252.8439	0.8887864	0.5644512	0.501687	0.498313	6.295043
378	-7929.665	-8181.328	251.6627	0.85926	0.5644512	0.501687	0.498313	6.949889
384	-7933.438	-8184.534	251.0961	0.7924982	0.5183645	0.508794	0.491206	7.329183
390	-7926.976	-8177.679	250.7032	0.8272327	0.4907122	0.528721	0.471279	7.545555
396	-7938.68	-8190.02	251.3398	0.8148604	0.495126	0.528721	0.471279	7.206796
402	-7931.489	-8183.012	251.5231	0.8231407	0.6083115	0.501831	0.498169	7.009638
408	-7933.091	-8184.877	251.786	0.8310911	0.531226	0.501831	0.498169	6.926424
414	-7938.435	-8190.605	252.1703	0.8310911	0.5956731	0.494846	0.505154	6.666094
420	-7932.719	-8184.718	251.9998	0.8707617	0.525259	0.494846	0.505154	6.794833
426	-7944.14	-8197.202	253.0624	0.9567886	0.5562112	0.494846	0.505154	6.146117
432	-7943.744	-8196.156	252.4126	0.921886	0.5924288	0.497065	0.502935	6.48842
438	-7943.293	-8195.792	252.4988	0.9039857	0.5007925	0.483187	0.516813	6.528598
444	-7940.801	-8192.742	251.941	0.8823919	0.549545	0.483187	0.516813	6.799652
450	-7967.49	-8219.792	252.3024	0.8493666	0.4781715	0.510209	0.489791	6.684936
456	-7943.319	-8195.742	252.4226	0.8157569	0.5151239	0.492889	0.507111	6.604877
462	-7952.583	-8204.063	251.4797	0.8210313	0.5517451	0.452891	0.547109	7.079464
468	-7943.642	-8195.332	251.69	0.7545914	0.4955488	0.485391	0.514609	7.050488
474	-7948.101	-8199.197	251.0955	0.822706	0.5315985	0.445527	0.554473	7.30193
480	-7940.764	-8191.81	251.0464	0.7299963	0.5140957	0.485021	0.514979	7.393071
486	-7924.536	-8176.055	251.5191	0.7778164	0.5140957	0.466923	0.533077	7.113538
492	-7938.368	-8189.013	250.6446	0.7956558	0.6244502	0.466923	0.533077	7.483827
498	-7939.358	-8190.136	250.7778	0.8413511	0.5993369	0.477735	0.522265	7.407256
504	-7929.639	-8180.944	251.3058	0.9064622	0.541357	0.51286	0.48714	7.13575
510	-7928.826	-8178.54	249.7143	0.8830543	0.5231587	0.51286	0.48714	8.015728
516	-7947.917	-8198.357	250.4395	0.8353497	0.5218932	0.420531	0.579469	7.65499
522	-7933.88	-8184.379	250.4998	0.832363	0.5560506	0.486037	0.513963	7.595631
528	-7929.004	-8179.355	250.3517	0.7252181	0.5495644	0.432817	0.567183	7.737521
534	-7933.342	-8185.606	252.2641	0.8928361	0.5106975	0.492484	0.507516	6.652812
540	-7941.932	-8192.81	250.8782	0.7306884	0.5697894	0.492484	0.507516	7.436199
546	-7953.683	-8203.095	249.4116	0.7630067	0.5208961	0.448064	0.551936	8.242909
552	-7940.643	-8191.599	250.9562	0.7630067	0.54216	0.493485	0.506515	7.399814
558	-7947.893	-8198.291	250.3976	0.829119	0.520467	0.534973	0.465027	7.681957
564	-7938.342	-8190.397	252.0555	0.982795	0.4797385	0.474672	0.525328	6.744794
570	-7927.382	-8179.116	251.7346	0.8913032	0.575012	0.493914	0.506086	6.88529
576	-7937.354	-8189.229	251.8753	0.8306654	0.5232927	0.443784	0.556216	6.88529
582	-7938.371	-8188.016	249.645	0.7286703	0.656785	0.472173	0.527827	8.029927
588	-7931.574	-8182.424	250.8496	0.8156265	0.5278277	0.44846	0.55154	7.440834
594	-7928.501	-8179.37	250.8694	0.7958475	0.5278277	0.486364	0.513636	7.440834
600	-7939.755	-8191.153	251.3981	0.8431424	0.5340679	0.496873	0.503127	7.126313
606	-7936.518	-8187.826	251.3077	0.8026662	0.5023435	0.49332	0.50668	7.224162
612	-7940.579	-8192.235	251.6559	0.8177099	0.5585882	0.467034	0.532966	6.980773
618	-7933.685	-8185.302	251.6166	0.8569564	0.5585882	0.434595	0.565405	6.980773
624	-7939.078	-8189.408	250.33	0.8135496	0.569026	0.496818	0.503182	7.685977
630	-7938.394	-8190.336	251.9415	0.8964292	0.4554526	0.567803	0.432197	6.875604
636	-7938.608	-8190.169	251.5615	0.9317039	0.4845852	0.485149	0.514851	7.034225
642	-7952.809	-8203.431	250.6222	0.7269278	0.5359183	0.456065	0.543935	7.603304
648	-7942.501	-8193.943	251.4417	0.822546	0.5038067	0.456065	0.543935	7.140133
654	-7942.602	-8194.097	251.4948	0.799659	0.6715388	0.473965	0.526035	6.990226
660	-7930.453	-8180.932	250.4787	0.7237798	0.5429457	0.490833	0.509167	7.675837
666	-7923.942	-8175.094	251.1525	0.826675	0.5871255	0.490833	0.509167	7.223649
672	-7941.517	-8192.911	251.3938	0.7986761	0.5323586	0.535418	0.464582	7.153986
678	-7928.821	-8180.6	251.7792	0.8067457	0.5201283	0.465766	0.534234	6.952711
684	-7935.511	-8186.274	250.7629	0.7895734	0.5079769	0.453808	0.546192	7.518457
690	-7955.048	-8207.319	252.2702	0.8641504	0.4903824	0.490532	0.509468	6.683156
696	-7950.352	-8203.257	252.905	0.9176772	0.6837082	0.483535	0.516465	6.154327
702	-7950.376	-8200.325	249.9491	0.7724339	0.5271142	0.494918	0.505082	7.946143
708	-7952.988	-8203.749	250.761	0.7724339	0.5553512	0.496955	0.503045	7.488441
714	-7950.457	-8200.971	250.5135	0.8039254	0.5384383	0.425861	0.574139	7.618144
720	-7973.619	-8224.672	251.0536	0.8669856	0.4127103	0.526002	0.473998	7.410721
726	-7959.76	-8210.259	250.4986	0.9299403	0.5800109	0.480139	0.519861	7.524644
732	-7942.461	-8192.357	249.8961	0.7215249	0.5253839	0.442765	0.557235	8.003031
738	-7937.723	-8187.558	249.8344	0.7215249	0.5649917	0.509537	0.490463	8.003031
744	-7916.835	-8167.492	250.6573	0.7427901	0.566597	0.492028	0.507972	7.550636
750	-7932.502	-8182.839	250.3365	0.7876379	0.509986	0.528312	0.471688	7.745882
756	-7924.873	-8176.766	251.8932	0.8333159	0.509986	0.496781	0.503219	6.885838
762	-7928.729	-8180.62	251.8911	0.8577535	0.4530293	0.496781	0.503219	6.925926
768	-7929.593	-8180.978	251.3846	0.7607017	0.5482064	0.496781	0.503219	7.16598
774	-7928.546	-8179.254	250.7086	0.7811249	0.457051	0.493751	0.506249	7.598268
780	-7940.647	-8191.751	251.1041	0.6966056	0.5880703	0.439127	0.560873	7.318687
786	-7930.267	-8180.671	250.404	0.759091	0.6072051	0.537076	0.462924	7.645379
792	-7951.2	-8203.281	252.0813	0.8571785	0.5716681	0.619347	0.380653	6.719313
798	-7952.623	-8204.193	251.5706	0.875148	0.4349705	0.466665	0.533335	7.106565
804	-7913.482	-8165.869	252.3872	0.8315477	0.5361936	0.504727	0.495273	6.59732
810	-7922.225	-8173.69	251.4652	0.9118476	0.4838032	0.422375	0.577625	7.097441
816	-7918.902	-8171.241	252.3386	0.8355488	0.5676462	0.52294	0.47706	6.595206
822	-7929.503	-8181.899	252.3963	0.88588	0.5181868	0.483207	0.516793	6.578497
828	-7939.282	-8189.654	250.3721	0.9414166	0.4566443	0.475599	0.524401	7.692903
834	-7933.078	-8183.913	250.8344	0.7374616	0.6209685	0.542309	0.457691	7.415924
840	-7927.689	-8178.681	250.9917	0.8444144	0.4536367	0.542309	0.457691	7.415924
846	-7937.259	-8187.804	250.5448	0.7207229	0.5960767	0.542309	0.457691	7.599201
852	-7942.995	-8193.601	250.6066	0.7236656	0.508472	0.542309	0.457691	7.636953
858	-7932.088	-8183.339	251.2513	0.781491	0.508472	0.543954	0.456046	7.260424
864	-7936.93	-8187.739	250.8089	0.781491	0.5615857	0.463235	0.536765	7.452788
870	-7937.12	-8187.57	250.4491	0.7073089	0.6272882	0.448531	0.551469	7.63364
876	-7936.031	-8186.55	250.5191	0.7633911	0.5334094	0.472112	0.527888	7.641086
882	-7921.822	-8172.599	250.777	0.7633911	0.5239235	0.489746	0.510254	7.511076
888	-7929.247	-8179.418	250.1713	0.7547065	0.5239235	0.497	0.503	7.8397
894	-7931.294	-8181.33	250.0357	0.6752197	0.6709997	0.428753	0.571247	7.8397
900	-7924.508	-8174.594	250.0866	0.7245473	0.5992217	0.428933	0.571067	7.8397
906	-7932.889	-8183.873	250.9834	0.820448	0.6328312	0.43765	0.56235	7.282507
912	-7940.534	-8192.043	251.5084	0.8156243	0.6109462	0.428878	0.571122	7.019554
918	-7932.337	-8183.555	251.2179	0.8156243	0.6109462	0.4462	0.5538	7.175771
924	-7942.492	-8193.629	251.1373	0.8075435	0.7335018	0.501591	0.498409	7.135064
930	-7940.875	-8190.958	250.0831	0.8130592	0.5553914	0.442064	0.557936	7.829281
936	-7944.715	-8197.007	252.2923	0.8863886	0.5074952	0.495022	0.504978	6.643911
942	-7958.963	-8209.975	251.0114	0.7962711	0.6334825	0.497245	0.502755	7.279971
948	-7947.837	-8199.942	252.1059	0.7962711	0.6334825	0.428796	0.571204	6.690485
954	-7944.734	-8196.06	251.326	0.8844059	0.5460055	0.423649	0.576351	7.132828
960	-7934.581	-8185.952	251.3705	0.8681592	0.561113	0.423649	0.576351	7.105105
966	-7937.706	-8188.858	251.152	0.8107107	0.5558705	0.415094	0.584906	7.257751
972	-7931.584	-8182.001	250.4163	0.7394355	0.6042035	0.418076	0.581924	7.651629
978	-7933.915	-8185.067	251.152	0.8446128	0.5117692	0.433836	0.566164	7.276959
984	-7940.12	-8191.039	250.9192	0.8908848	0.6357462	0.509505	0.490495	7.276959
990	-7922.692	-8174.8	252.1076	0.8177146	0.4960698	0.497357	0.502643	6.790926
996	-7938.177	-8189.155	250.9782	0.7435889	0.6551674	0.497357	0.502643	7.309992
1002	-7926.466	-8177.793	251.327	0.8605903	0.549173	0.445805	0.554195	7.142481
1008	-7938.513	-8190.05	251.5366	0.8605903	0.4250534	0.447884	0.552116	7.142481
1014	-7935.528	-8187.133	251.6055	0.8605903	0.3888534	0.522524	0.477476	7.142481
1020	-7924.882	-8176.506	251.6239	0.8757817	0.5227893	0.522524	0.477476	6.996869
1026	-7925.678	-8176.599	250.9204	0.8045061	0.5532345	0.491893	0.508107	7.387505
1032	-7927.384	-8178.586	251.2014	0.8933128	0.5746788	0.432971	0.567029	7.171472
1038	-7950.156	-8201.311	251.1552	0.7579313	0.5095731	0.497648	0.502352	7.323651
1044	-7937.877	-8189.701	251.8243	0.8307347	0.4997285	0.480248	0.519752	6.933443
1050	-7941.676	-8194.427	252.7508	0.9376601	0.4997285	0.447023	0.552977	6.37473
1056	-7941.559	-8193.417	251.8578	0.9340642	0.6411624	0.480129	0.519871	6.744323
1062	-7949.114	-8198.631	249.5164	0.8249939	0.4897084	0.39098	0.60902	8.181323
1068	-7951.387	-8201.706	250.3189	0.8458285	0.4897084	0.503693	0.496307	7.742106
1074	-7944.837	-8195.949	251.1117	0.8458285	0.6163547	0.456215	0.543785	7.21245
1080	-7941.718	-8191.973	250.2549	0.82095	0.6512701	0.456215	0.543785	7.658942
1086	-7927.038	-8178.157	251.1193	0.82095	0.567245	0.46253	0.53747	7.260502
1092	-7935.246	-8186.094	250.8473	0.82095	0.6064759	0.480763	0.519237	7.37539
1098	-7937.669	-8190.793	253.1234	0.9099735	0.5973132	0.47803	0.52197	6.104927
1104	-7940.373	-8191.641	251.2688	0.9099735	0.5188564	0.47803	0.52197	7.172957
1110	-7945.972	-8198.412	252.4404	0.9104117	0.5426604	0.47803	0.52197	6.52033
1116	-7954.561	-8205.439	250.8786	0.8842199	0.7517017	0.444658	0.555342	7.220681
1122	-7934.887	-8186.333	251.4456	0.8745394	0.5630156	0.450635	0.549365	7.059758
1128	-7939.367	-8190.269	250.9022	0.8073495	0.5688432	0.478332	0.521668	7.383025
1134	-7938.125	-8188.611	250.486	0.8286019	0.5499751	0.478332	0.521668	7.610034
1140	-7936.357	-8188.528	252.1702	0.8747063	0.5124539	0.478332	0.521668	6.711816
1146	-7925.961	-8177.652	251.6902	0.9267139	0.5823282	0.492182	0.507818	6.884228
1152	-7942.986	-8193.577	250.5906	0.8339306	0.6009889	0.45208	0.54792	7.510278
1158	-7950.67	-8200.019	249.3486	0.7652561	0.5398564	0.482537	0.517463	8.259202
1164	-7946.965	-8198.067	251.1015	0.8460787	0.5114435	0.438097	0.561903	7.303536
1170	-7940.504	-8191.734	251.2299	0.7788942	0.4824502	0.445225	0.554775	7.296521
1176	-7928.026	-8178.402	250.376	0.7200612	0.4824502	0.445225	0.554775	7.785317
1182	-7935.057	-8185.259	250.2017	0.8193452	0.562257	0.467312	0.532688	7.756944
1188	-7945.761	-8197.532	251.7712	0.8283291	0.4621383	0.485959	0.514041	6.997747
1194	-7930.381	-8181.697	251.3155	0.8677202	0.5391323	0.436207	0.563793	7.153224
1200	-7931.578	-8182.796	251.2185	0.8956656	0.5597064	0.454452	0.545548	7.173239
1206	-7934.564	-8186.82	252.256	0.9179993	0.5051231	0.476565	0.523435	6.648547
1212	-7933.478	-8185.412	251.9337	0.9253476	0.514593	0.432452	0.567548	6.810319
1218	-7934.312	-8186.623	252.3112	0.9235042	0.5243738	0.424868	0.575132	6.598818
1224	-7942.515	-8194.769	252.2531	0.935364	0.4478025	0.461491	0.538509	6.693705
1230	-7937.842	-8187.806	249.9637	0.8087913	0.5281169	0.461491	0.538509	7.91809
1236	-7937.162	-8186.854	249.6919	0.6912028	0.5592849	0.510749	0.489251	8.09982
1242	-7946.449	-8198.074	251.6259	0.8651969	0.6722743	0.517668	0.482332	6.883737
1248	-7936.153	-8187.856	251.7035	0.8651969	0.5042393	0.506723	0.493277	6.975944
1254	-7935.236	-8186.648	251.4115	0.7849832	0.6266532	0.459048	0.540952	7.076131
1260	-7936.434	-8186.785	250.3516	0.8521359	0.6378006	0.483237	0.516763	7.600448
1266	-7930.11	-8181.335	251.2254	0.7895088	0.5608374	0.483237	0.516763	7.225644
1272	-7927.36	-8177.764	250.4041	0.7869169	0.512977	0.528051	0.471949	7.707515
1278	-7938.376	-8188.727	250.3512	0.7974731	0.5394901	0.454465	0.545535	7.707515
1284	-7938.339	-8188.06	249.7215	0.7341913	0.5281149	0.470074	0.529926	8.087022
1290	-7933.865	-8184.718	250.8528	0.8471945	0.5406697	0.539888	0.460112	7.411326
1296	-7935.792	-8187.081	251.2887	0.803136	0.4618866	0.501771	0.498229	7.270964
1302	-7931.786	-8181.89	250.1031	0.8555923	0.4414196	0.501478	0.498522	7.896956
1308	-7929.443	-8179.794	250.3511	0.7717693	0.4852513	0.43134	0.56866	7.768488
1314	-7931.243	-8182.865	251.6217	0.758438	0.6036103	0.43134	0.56866	6.995012
1320	-7929.694	-8180.546	250.8518	0.7690206	0.5638859	0.43134	0.56866	7.434616
1326	-7937.88	-8188.311	250.4311	0.8279365	0.6700753	0.43134	0.56866	7.547262
1332	-7941.236	-8191.322	250.0863	0.7644242	0.4913461	0.474879	0.525121	7.908364
1338	-7942.322	-8192.644	250.3223	0.7382738	0.5803719	0.477823	0.522177	7.721248
1344	-7957.165	-8207.882	250.7171	0.7050366	0.5946906	0.454464	0.545536	7.516433
1350	-7959.923	-8211.757	251.8338	0.9090867	0.5064025	0.459769	0.540231	6.880149
1356	-7950.56	-8201.638	251.0779	0.8433138	0.5873848	0.431059	0.568941	7.254574
1362	-7939.5	-8190.729	251.2291	0.9050946	0.5052367	0.496686	0.503314	7.208804
1368	-7935.073	-8185.659	250.5859	0.8495573	0.5607655	0.500055	0.499945	7.536455
1374	-7927.864	-8179.02	251.1563	0.8495573	0.5018698	0.520316	0.479684	7.280704
1380	-7930.176	-8181.661	251.4856	0.8282654	0.597302	0.472849	0.527151	7.035638
1386	-7931.886	-8184.114	252.2277	0.9043104	0.6229168	0.466107	0.533893	6.574229
1392	-7928.167	-8180.167	252.0001	0.8268508	0.5524399	0.466107	0.533893	6.795361
1398	-7932.221	-8183.853	251.6322	0.8283592	0.5097943	0.51484	0.48516	7.029274
1404	-7944.175	-8195.348	251.1725	0.7718018	0.6708591	0.482162	0.517838	7.179096
1410	-7938.312	-8189.949	251.6365	0.7718018	0.6708591	0.482162	0.517838	6.929376
1416	-7939.822	-8190.513	250.6908	0.8263666	0.6085506	0.525456	0.474544	7.454745
1422	-7933.075	-8184.063	250.9884	0.8263666	0.4253749	0.525456	0.474544	7.454745
1428	-7930.245	-8181.243	250.9977	0.8360456	0.5137728	0.444846	0.555154	7.362629
1434	-7924.859	-8175.257	250.398	0.7630762	0.5155877	0.504811	0.495189	7.721228
1440	-7923.895	-8174.166	250.2705	0.7784246	0.5365886	0.504811	0.495189	7.763293
1446	-7932.122	-8182.572	250.4498	0.7573867	0.5542818	0.440245	0.559755	7.663973
1452	-7943.846	-8192.524	248.6786	0.74067	0.5330093	0.450417	0.549583	8.634108
1458	-7937.473	-8187.263	249.7896	0.7123823	0.5330093	0.532252	0.467748	8.058215
1464	-7927.341	-8176.861	249.5201	0.7012745	0.5628548	0.492611	0.507389	8.183065
1470	-7933.397	-8186.173	252.7767	0.9111195	0.6401591	0.514114	0.485886	6.259736
1476	-7932.385	-8184.704	252.3192	0.9399861	0.5331682	0.448403	0.551597	6.578016
1482	-7933.451	-8186.195	252.7441	0.8070913	0.4609605	0.468327	0.531673	6.484868
1488	-7946.749	-8196.733	249.9843	0.7069691	0.5206521	0.434379	0.565621	7.96781
1494	-7932.501	-8182.752	250.2518	0.8170039	0.5500964	0.493847	0.506153	7.741386
1500	-7935.537	-8186.037	250.5005	0.7978304	0.4565288	0.493847	0.506153	7.701139
1506	-7938.255	-8188.519	250.2636	0.7634745	0.5553617	0.494356	0.505644	7.759374
1512	-7942.344	-8193.137	250.7936	0.8227597	0.6289302	0.494081	0.505919	7.386047
1518	-7949.646	-8201.891	252.2447	0.8546566	0.5177089	0.494081	0.505919	6.677824
1524	-7940.917	-8191.938	251.0218	0.8894652	0.5177089	0.51632	0.48368	7.317606
1530	-7952.051	-8203.759	251.7081	0.7854434	0.5222652	0.51632	0.48368	7.000646
1536	-7952.708	-8203.82	251.1118	0.784133	0.5023535	0.51632	0.48368	7.339253
1542	-7948.233	-8200.334	252.1007	0.9095144	0.562243	0.495478	0.504522	6.688245
1548	-7945.581	-8196.438	250.8572	0.7718726	0.5200281	0.495478	0.504522	7.46692
1554	-7943.636	-8194.503	250.867	0.7916972	0.5243908	0.496538	0.503462	7.447298
1560	-7939.092	-8189.853	250.7613	0.8326597	0.5659877	0.504073	0.495927	7.447298
1566	-7932.943	-8184.58	251.6361	0.8298016	0.5646474	0.479647	0.520353	6.979906
1572	-7954.166	-8205.927	251.7609	0.8047036	0.5016275	0.481199	0.518801	6.979906
1578	-7951.444	-8202.596	251.1512	0.8024747	0.5016275	0.462695	0.537305	7.308919
1584	-7935.878	-8186.326	250.448	0.7859735	0.5528584	0.462695	0.537305	7.65081
1590	-7930.34	-8182.34	252	0.9084834	0.5532677	0.419001	0.580999	6.750639
1596	-7935.824	-8187.239	251.415	0.8123084	0.5624676	0.528037	0.471963	7.110128
1602	-7931.278	-8181.659	250.3811	0.8123084	0.456188	0.550763	0.449237	7.757545
1608	-7932.815	-8184.642	251.8276	0.8445148	0.6098661	0.375967	0.624033	6.832786
1614	-7935.169	-8187.257	252.0875	0.8445148	0.6695239	0.416636	0.583364	6.647686
1620	-7931.285	-8182.823	251.5384	0.8862944	0.4953869	0.501729	0.498271	7.061369
1626	-7939.734	-8191.442	251.7084	0.8099739	0.5833427	0.501729	0.498271	6.936563
1632	-7939.282	-8189.796	250.514	0.7852423	0.5007227	0.501729	0.498271	7.660336
1638	-7945.069	-8195.452	250.3831	0.8082592	0.5020973	0.534993	0.465007	7.716856
1644	-7945.279	-8196.117	250.8373	0.8653093	0.5873693	0.534993	0.465007	7.371896
1650	-7942.673	-8192.391	249.7176	0.7851004	0.5110153	0.526997	0.473003	8.076655
1656	-7926.42	-8177.294	250.8741	0.7502297	0.5128241	0.433918	0.566082	7.475689
1662	-7933.599	-8184.648	251.0486	0.8536493	0.5367953	0.468611	0.531389	7.306101
1668	-7928.819	-8180.925	252.1062	0.8685973	0.5525779	0.463793	0.536207	6.715407
1674	-7940.171	-8191.843	251.6721	0.857528	0.5697527	0.392367	0.607633	6.941441
1680	-7929.016	-8180.988	251.9724	0.8137999	0.5480634	0.44556	0.55444	6.821002
1686	-7923.593	-8176.038	252.445	0.9007639	0.5465748	0.481557	0.518443	6.519791
1692	-7925.666	-8176.771	251.1049	0.8489443	0.5375841	0.528483	0.471517	7.277752
1698	-7950.432	-8201.073	250.6413	0.8427729	0.4992682	0.528483	0.471517	7.562756
1704	-7935.444	-8185.989	250.5447	0.8366693	0.5033128	0.500576	0.499424	7.614117
1710	-7935.101	-8187.175	252.0745	0.8575657	0.4951311	0.462818	0.537182	6.78812
1716	-7941.963	-8192.432	250.4691	0.7673801	0.4951311	0.492721	0.507279	7.698905
1722	-7946.256	-8196.483	250.227	0.6948674	0.5334144	0.486977	0.513023	7.833859
1728	-7947.883	-8198.774	250.8916	0.7841774	0.5701351	0.465241	0.534759	7.400046
1734	-7943.848	-8194.374	250.5265	0.8076668	0.5137782	0.465241	0.534759	7.630258
1740	-7958.377	-8208.569	250.1916	0.8176496	0.5801745	0.482653	0.517347	7.748824
1746	-7955.542	-8207.166	251.6244	0.8085831	0.6407103	0.482653	0.517347	6.938217
1752	-7944.694	-8196.007	251.3126	0.880757	0.5073267	0.519384	0.480616	7.175146
1758	-7933.61	-8184.516	250.9058	0.8097427	0.530561	0.479902	0.520098	7.41156
1764	-7929.911	-8179.945	250.0348	0.8646585	0.530561	0.479902	0.520098	7.848194
1770	-7945.47	-8195.716	250.2458	0.7937029	0.4797642	0.483256	0.516744	7.817982
1776	-7946.944	-8198.689	251.7447	0.8233214	0.5811545	0.493834	0.506166	6.911522
1782	-7937.989	-8189.829	251.8396	0.8448272	0.6509362	0.562864	0.437136	6.795035
1788	-7936.137	-8186.614	250.4775	0.8448272	0.564194	0.485075	0.514925	7.594264
1794	-7943.144	-8194.624	251.4799	0.8497328	0.506495	0.536458	0.463542	7.102617
1800	-7928.712	-8179.516	250.8045	0.8185754	0.506495	0.527383	0.472617	7.481899
1806	-7926.063	-8176.511	250.4477	0.7692406	0.5383958	0.483694	0.516306	7.671911
1812	-7937.883	-8188.263	250.3804	0.836631	0.5383958	0.426712	0.573288	7.671911
1818	-7931.79	-8183.32	251.5301	0.7913176	0.5697511	0.444392	0.555608	7.053575
1824	-7929.567	-8181.048	251.4807	0.8341084	0.5741192	0.48016	0.51984	7.053575
1830	-7933.15	-8184.852	251.7021	0.8539051	0.5741192	0.493092	0.506908	6.923706
1836	-7941.941	-8193.665	251.7239	0.9243654	0.5996487	0.45975	0.54025	6.853636
1842	-7930.625	-8182.113	251.4882	0.8822754	0.6132576	0.421755	0.578245	6.992762
1848	-7934.382	-8185.908	251.5262	0.8365831	0.5200818	0.526963	0.473037	7.072906
1854	-7941.441	-8193.02	251.5788	0.7840157	0.5200818	0.527418	0.472582	7.072906
1860	-7933.545	-8183.882	250.3369	0.7066451	0.5630247	0.46591	0.53409	7.74428
1866	-7941.024	-8191.889	250.8645	0.8464763	0.5630247	0.474043	0.525957	7.386959
1872	-7930.537	-8181.167	250.6301	0.8104609	0.6478735	0.424555	0.575445	7.466167
1878	-7926.619	-8176.503	249.8841	0.7650725	0.548206	0.504533	0.495467	7.96705
1884	-7937.542	-8187.48	249.9377	0.7428098	0.4931213	0.483013	0.516987	7.997583
1890	-7945.93	-8196.708	250.7776	0.8560551	0.4229136	0.456476	0.543524	7.55422
1896	-7951.274	-8202.765	251.491	0.8371295	0.5679207	0.456476	0.543524	7.051435
1902	-7929.038	-8180.58	251.542	0.8301011	0.4890276	0.48238	0.51762	7.095343
1908	-7932.414	-8182.936	250.5216	0.8250174	0.4890276	0.466329	0.533671	7.645435
1914	-7922.334	-8173.979	251.645	0.8250174	0.5510103	0.46878	0.53122	6.988932
1920	-7929.327	-8178.836	249.5088	0.7875016	0.5510103	0.449289	0.550711	8.152834
1926	-7929.009	-8179.681	250.672	0.7875016	0.5095675	0.414327	0.585673	7.566809
1932	-7927.758	-8179.719	251.9607	0.8566407	0.5664612	0.536873	0.463127	6.788948
1938	-7944.289	-8194.836	250.5473	0.7079071	0.6256239	0.428512	0.571488	7.582035
1944	-7934.696	-8186.123	251.427	0.8415558	0.4445747	0.522114	0.477886	7.192472
1950	-7922.704	-8174.018	251.3144	0.7763596	0.4957238	0.502727	0.497273	7.24054
1956	-7935.807	-8186.08	250.2732	0.8238134	0.5042355	0.482738	0.517262	7.765376
1962	-7940.483	-8191.642	251.1592	0.814099	0.5122566	0.502926	0.497074	7.289028
1968	-7929.914	-8179.856	249.9422	0.7262116	0.5102738	0.453805	0.546195	7.988923
1974	-7938.635	-8188.866	250.231	0.7523779	0.5971643	0.429365	0.570635	7.749272
1980	-7944.108	-8194.447	250.339	0.7474666	0.4451444	0.429365	0.570635	7.825154
1986	-7939.758	-8190.925	251.1673	0.7909787	0.5825902	0.519788	0.480212	7.23845
1992	-7937.393	-8189.189	251.7961	0.8611387	0.5077366	0.509351	0.490649	6.925164
1998	-7941.658	-8194.181	252.5233	0.8101076	0.4890576	0.509351	0.490649	6.576733
2004	-7936.925	-8187.792	250.8667	0.8549315	0.5560363	0.52336	0.47664	7.386982
2010	-7942.556	-8191.862	249.3061	0.7339401	0.4967831	0.419321	0.580679	8.335451
2016	-7944.085	-8194.437	250.3522	0.7601237	0.4967831	0.524559	0.475441	7.763787
2022	-7940.057	-8191.081	251.0237	0.7765955	0.5772111	0.524559	0.475441	7.327562
2028	-7937.976	-8189.234	251.2583	0.8554712	0.6161932	0.522686	0.477314	7.128624
2034	-7934.193	-8186.551	252.3579	0.9542996	0.5288585	0.533805	0.466195	6.553016
2040	-7933.092	-8184.47	251.379	0.7733465	0.573038	0.533805	0.466195	7.141851
2046	-7938.536	-8190.404	251.8687	0.7350634	0.5499863	0.511662	0.488338	6.917765
2052	-7943.237	-8194.072	250.8352	0.7444672	0.6152949	0.525735	0.474265	7.416085
2058	-7951.786	-8202.981	251.1948	0.8056922	0.531608	0.486553	0.513447	7.257751
2064	-7937.197	-8189.121	251.9244	0.8056922	0.590292	0.488135	0.511865	6.816854
2070	-7944.557	-8195.964	251.4073	0.8056922	0.590292	0.488135	0.511865	7.095449
2076	-7937.198	-8187.908	250.7101	0.741543	0.6532937	0.488135	0.511865	7.456245
2082	-7970.609	-8220.917	250.3082	0.763641	0.4718063	0.472866	0.527134	7.807966
2088	-7953.442	-8205.3	251.8573	0.8529797	0.5659142	0.479889	0.520111	6.847162
2094	-7947.686	-8199.57	251.8839	0.7786401	0.5312598	0.478418	0.521582	6.901901
2100	-7934.193	-8184.925	250.7323	0.7786401	0.6025244	0.479165	0.520835	7.462745
2106	-7938.163	-8188.95	250.7875	0.7856932	0.5606633	0.439596	0.560404	7.462745
2112	-7934.749	-8186.469	251.7195	0.8234287	0.5150168	0.450213	0.549787	6.980333
2118	-7929.105	-8180.414	251.3094	0.8488614	0.6392457	0.450213	0.549787	7.087259
2124	-7948.937	-8200.297	251.36	0.8488614	0.5888173	0.450213	0.549787	7.098837
2130	-7939.148	-8189.546	250.3977	0.8007146	0.6298269	0.472962	0.527038	7.609281
2136	-7928.238	-8179.679	251.4406	0.7927968	0.5477952	0.472962	0.527038	7.118983
2142	-7933.557	-8183.986	250.4292	0.7694348	0.5477952	0.472962	0.527038	7.673884
2148	-7925.068	-8175.269	250.2009	0.7694348	0.5932848	0.523928	0.476072	7.759311
2154	-7940.466	-8192.085	251.619	0.7921507	0.4956546	0.517295	0.482705	7.068386
2160	-7937.537	-8188.007	250.47	0.8687897	0.5573645	0.502771	0.497229	7.590999
2166	-7934.579	-8184.993	250.4132	0.8406992	0.6147617	0.497212	0.502788	7.590999
2172	-7935.979	-8187.354	251.3747	0.873154	0.5466698	0.434914	0.565086	7.11216
2178	-7926.212	-8176.853	250.6408	0.8602241	0.4053814	0.553419	0.446581	7.642894
2184	-7927.69	-8179.637	251.9465	0.863093	0.4171269	0.48982	0.51018	6.928421
2190	-7941.958	-8192.721	250.7622	0.7198448	0.5990328	0.48982	0.51018	7.480964
2196	-7932.31	-8182.946	250.6365	0.7478333	0.5530433	0.48982	0.51018	7.570201
2202	-7939.382	-8189.275	249.8923	0.6968637	0.5956256	0.462471	0.537529	7.960966
2208	-7932.963	-8183.672	250.7091	0.7596677	0.5956256	0.468731	0.531269	7.490761
2214	-7944.12	-8196.067	251.9473	0.7956345	0.5825525	0.478222	0.521778	6.816109
2220	-7943.069	-8193.932	250.863	0.7746307	0.5676387	0.510284	0.489716	7.422561
2226	-7940.429	-8190.607	250.1777	0.7791998	0.5675425	0.433865	0.566135	7.786952
2232	-7947.234	-8198.214	250.9801	0.7780879	0.5563465	0.452668	0.547332	7.367136
2238	-7953.211	-8204.026	250.8153	0.7780879	0.5563465	0.438697	0.561303	7.455487
2244	-7938.866	-8190.17	251.3041	0.79676	0.5537106	0.482823	0.517177	7.185335
2250	-7942.153	-8191.201	249.0487	0.6807649	0.4463645	0.438147	0.561853	8.546683
2256	-7943.568	-8192.368	248.8001	0.7464048	0.489495	0.438147	0.561853	8.60415
2262	-7925.543	-8175.047	249.5039	0.732455	0.5989621	0.438147	0.561853	8.146462
2268	-7935.253	-8185.357	250.1037	0.786299	0.661525	0.455578	0.544422	7.750839
2274	-7938.421	-8188.622	250.2012	0.7436029	0.6219515	0.455578	0.544422	7.750839
2280	-7930.423	-8182.581	252.1585	0.8715663	0.4896197	0.455578	0.544422	6.740206
2286	-7938.819	-8189.036	250.2168	0.8203611	0.6410358	0.455578	0.544422	7.687183
2292	-7972.716	-8223.004	250.2878	0.7062729	0.7186348	0.435924	0.564076	7.655006
2298	-7951.381	-8202.109	250.7285	0.8035622	0.5155517	0.435924	0.564076	7.522787
2304	-7949.566	-8199.203	249.6367	0.7617194	0.6131002	0.382927	0.617073	8.049217
2310	-7939.955	-8190.498	250.5423	0.7722554	0.5926282	0.534351	0.465649	7.575692
2316	-7947.246	-8198.532	251.2862	0.8087898	0.495529	0.478651	0.521349	7.238471
2322	-7945.453	-8198.06	252.607	0.8087898	0.5832579	0.470772	0.529228	6.451665
2328	-7924.962	-8176.565	251.6026	0.710292	0.5337604	0.470772	0.529228	7.088012
2334	-7922.819	-8173.959	251.1394	0.8165016	0.5488132	0.473805	0.526195	7.267233
2340	-7926.948	-8177.875	250.9271	0.8286062	0.6177817	0.490283	0.509717	7.319743
2346	-7920.945	-8172.927	251.9823	0.8107078	0.4976672	0.500347	0.499653	6.860871
2352	-7924.853	-8174.275	249.4219	0.8155723	0.5304111	0.500347	0.499653	8.201333
2358	-7923.504	-8172.937	249.4327	0.7297536	0.579217	0.487879	0.512121	8.201333
2364	-7917.882	-8167.533	249.6508	0.7630234	0.4306994	0.533714	0.466286	8.197849
2370	-7921.667	-8172.145	250.478	0.7630234	0.5688937	0.45476	0.54524	7.633963
2376	-7923.486	-8172.865	249.3788	0.750107	0.5029151	0.504139	0.495861	8.282799
2382	-7925.065	-8176.737	251.6712	0.8351783	0.4471116	0.504139	0.495861	7.062152
2388	-7942.316	-8194.043	251.7271	0.8828492	0.5287361	0.504139	0.495861	6.932385
2394	-7937.734	-8190.018	252.2838	0.8643577	0.5833989	0.524846	0.475154	6.596476
2400	-7936.692	-8189.058	252.3656	0.8538917	0.5367241	0.483064	0.516936	6.596476
2406	-7941.221	-8192.175	250.9543	0.8739305	0.5534629	0.483167	0.516833	7.331939
2412	-7941.603	-8191.648	250.0446	0.7617766	0.5534629	0.483167	0.516833	7.878823
2418	-7940.197	-8190.63	250.4329	0.830392	0.4889346	0.483167	0.516833	7.69007
2424	-7926.258	-8177.288	251.0304	0.8232862	0.6151576	0.500746	0.499254	7.269166
2430	-7931.674	-8181.777	250.1036	0.7870404	0.5893149	0.500746	0.499254	7.80499
2436	-7945.047	-8195.945	250.8977	0.7870404	0.5893149	0.460579	0.539421	7.379913
2442	-7937.416	-8188.594	251.1773	0.7870404	0.5296633	0.455672	0.544328	7.278835
2448	-7956.683	-8207.777	251.0942	0.7713559	0.5944883	0.4207	0.5793	7.278835
2454	-7956.426	-8205.963	249.5374	0.783989	0.4714683	0.46712	0.53288	8.208497
2460	-7948.134	-8197.935	249.8006	0.7483086	0.4714683	0.503337	0.496663	8.087327
2466	-7939.364	-8188.9	249.5362	0.7991491	0.5156739	0.503337	0.496663	8.161765
2472	-7940.118	-8190.441	250.3231	0.8006641	0.5983983	0.503337	0.496663	7.673266
2478	-7940.104	-8190.969	250.8643	0.8779287	0.4814762	0.48879	0.51121	7.4404
2484	-7939.206	-8190.833	251.6275	0.8779287	0.5460358	0.463979	0.536021	6.974048
2490	-7951.664	-8203.295	251.6314	0.8826754	0.5404886	0.497407	0.502593	6.974048
2496	-7952.502	-8204.447	251.9445	0.8176828	0.5640765	0.524254	0.475746	6.820687
2502	-7942.113	-8192.208	250.0952	0.7861485	0.5152148	0.498843	0.501157	7.870994
2508	-7948.937	-8199.147	250.2098	0.7862455	0.5109891	0.395408	0.604592	7.813455
2514	-7949.753	-8200.241	250.4881	0.8440394	0.4603009	0.40109	0.59891	7.679525
2520	-7950.972	-8202.949	251.9774	0.8023264	0.470037	0.493775	0.506225	6.893246
2526	-7956.373	-8208.222	251.8486	0.8445723	0.5221132	0.493775	0.506225	6.893246
2532	-7941.499	-8191.646	250.1475	0.7384859	0.5221132	0.498329	0.501671	7.862617
2538	-7941.645	-8191.818	250.1727	0.8190015	0.5355019	0.498329	0.501671	7.794766
2544	-7944.716	-8194.988	250.2726	0.767991	0.5057905	0.498329	0.501671	7.794185
2550	-7940.592	-8190.852	250.2605	0.7504097	0.5189775	0.519803	0.480197	7.79856
2556	-7950.717	-8202.454	251.7367	0.7336942	0.530079	0.45092	0.54908	7.006416
2562	-7932.967	-8184.427	251.4601	0.7769476	0.5582792	0.45092	0.54908	7.108337
2568	-7927.296	-8177.924	250.6278	0.7546635	0.5582792	0.544253	0.455747	7.566877
2574	-7951.702	-8202.335	250.6334	0.7191644	0.5780749	0.406402	0.593598	7.566877
2580	-7940.313	-8191.578	251.2651	0.7585452	0.5642221	0.406402	0.593598	7.218157
2586	-7930.721	-8181.986	251.2651	0.7585452	0.5642221	0.480712	0.519288	7.218157
2592	-7930.334	-8181.478	251.1433	0.7846366	0.5915689	0.480712	0.519288	7.247639
2598	-7929.694	-8180.641	250.9474	0.7597429	0.5462901	0.506169	0.493831	7.402809
2604	-7941.989	-8194.076	252.0867	0.8425419	0.6084619	0.489914	0.510086	6.695061
2610	-7937.078	-8189.46	252.3823	0.8025727	0.5574076	0.494961	0.505039	6.597813
2616	-7940.898	-8190.875	249.9771	0.8006622	0.5067099	0.519536	0.480464	7.933727
2622	-7943.897	-8195.271	251.3738	0.8348264	0.5302806	0.45146	0.54854	7.147053
2628	-7954.213	-8204.779	250.5663	0.687721	0.4953308	0.45146	0.54854	7.689344
2634	-7933.12	-8183.723	250.6031	0.8512197	0.5418662	0.54016	0.45984	7.541985
2640	-7929.272	-8181.174	251.9029	0.9001733	0.586134	0.457208	0.542792	6.780769
2646	-7944.265	-8196.233	251.9688	0.8055347	0.5614919	0.397373	0.602627	6.816261
2652	-7942.529	-8192.351	249.8219	0.6371026	0.5593342	0.505451	0.494549	8.059319
2658	-7952.144	-8202.674	250.5298	0.6320038	0.6018238	0.519372	0.480628	7.650251
2664	-7936.866	-8188.75	251.8836	0.8174492	0.6736928	0.518223	0.481777	6.769445
2670	-7950.67	-8202.839	252.1695	0.808401	0.5705548	0.496391	0.503609	6.698936
2676	-7951.484	-8202.849	251.365	0.7738877	0.5705548	0.515633	0.484367	7.151082
2682	-7947.635	-8198.379	250.7445	0.7738877	0.5815283	0.515633	0.484367	7.475267
2688	-7939.411	-8189.739	250.3282	0.7711139	0.5107673	0.518283	0.481717	7.758451
2694	-7935.69	-8185.916	250.2252	0.8702667	0.5131388	0.482289	0.517711	7.758451
2700	-7950.113	-8200.649	250.5361	0.7159262	0.5076329	0.462103	0.537897	7.679544
2706	-7939.908	-8191.411	251.5035	0.844364	0.5788126	0.453066	0.546934	7.032003
2712	-7942.947	-8194.731	251.7836	0.833511	0.5728551	0.459102	0.540898	6.891788
2718	-7944.328	-8195.179	250.851	0.833511	0.5387032	0.459102	0.540898	7.421327
2724	-7955.59	-8206.381	250.7915	0.8536086	0.5641866	0.434515	0.565485	7.421327
2730	-7946.065	-8196.938	250.8724	0.8224958	0.5720489	0.534819	0.465181	7.388271
2736	-7944.331	-8194.368	250.0376	0.7924613	0.5658436	0.534819	0.465181	7.856065
2742	-7950.665	-8202.028	251.3627	0.8200819	0.5086122	0.539465	0.460535	7.179728
2748	-7938.365	-8187.756	249.3913	0.7510972	0.5684183	0.527094	0.472906	8.220622
2754	-7926.477	-8178.5	252.0233	0.8348379	0.5608229	0.514575	0.485425	6.771552
2760	-7926.527	-8177.969	251.4414	0.8154177	0.5408621	0.50185	0.49815	7.112161
2766	-7938.034	-8189.279	251.2442	0.7966002	0.5408621	0.49731	0.50269	7.228272
2772	-7930.545	-8181.815	251.2707	0.7966002	0.5241555	0.49731	0.50269	7.228272
2778	-7938.247	-8189.371	251.1239	0.7767939	0.5745895	0.52441	0.47559	7.275767
2784	-7940.101	-8191.037	250.9366	0.7831919	0.5745895	0.52441	0.47559	7.372845
2790	-7938.288	-8188.119	249.8309	0.7786493	0.5908773	0.452158	0.547842	7.953817
2796	-7927.473	-8177.471	249.9981	0.710239	0.5908773	0.497885	0.502115	7.901123
2802	-7926.627	-8176.783	250.1554	0.7714261	0.6246414	0.497885	0.502115	7.758447
2808	-7946.838	-8197.448	250.6096	0.8150214	0.5452424	0.522137	0.477863	7.555091
2814	-7950.109	-8200.477	250.3683	0.7271016	0.5460438	0.464839	0.535161	7.730555
2820	-7945.652	-8196.244	250.5913	0.7951761	0.4889149	0.464839	0.535161	7.624191
2826	-7935.87	-8187.778	251.9074	0.8682311	0.5676154	0.464839	0.535161	6.810532
2832	-7936.744	-8188.157	251.4122	0.7678034	0.5795188	0.4914	0.5086	7.121728
2838	-7925.714	-8175.921	250.2067	0.77309	0.6166833	0.488489	0.511511	7.736171
2844	-7926.852	-8176.67	249.8181	0.8196231	0.5374178	0.488489	0.511511	7.982134
2850	-7916.668	-8168.131	251.4634	0.8190753	0.571405	0.488489	0.511511	7.073196
2856	-7930.802	-8182.152	251.3494	0.7400505	0.5280639	0.563277	0.436723	7.212979
2862	-7940.543	-8191.284	250.7408	0.8338197	0.4843036	0.510892	0.489108	7.527624
2868	-7941.13	-8191.49	250.3599	0.7232933	0.5597986	0.510892	0.489108	7.725752
2874	-7944.019	-8194.812	250.793	0.8362389	0.5397542	0.44274	0.55726	7.450068
2880	-7936.453	-8187.918	251.4652	0.8362389	0.5823372	0.498863	0.501137	7.054153
2886	-7943.606	-8195.252	251.6457	0.8267823	0.5474552	0.498863	0.501137	6.9906
2892	-7937.39	-8188.539	251.1494	0.8119706	0.539169	0.536671	0.463329	7.272352
2898	-7929.898	-8180.932	251.0344	0.8382902	0.5978627	0.538027	0.461973	7.272352
2904	-7935.669	-8187.965	252.296	0.9043253	0.4985156	0.445644	0.554356	6.640203
2910	-7931.314	-8183.639	252.3258	0.8843206	0.5857128	0.445644	0.554356	6.561115
2916	-7943.736	-8195.226	251.4903	0.8577277	0.5741223	0.459718	0.540282	7.035672
2922	-7934.918	-8186.45	251.5312	0.8168724	0.5741223	0.402788	0.597212	7.035672
2928	-7948.249	-8198.73	250.4804	0.7202207	0.4695087	0.431812	0.568188	7.741256
2934	-7950.626	-8201.01	250.3838	0.8064558	0.4719575	0.460119	0.539881	7.74454
2940	-7957.432	-8207.935	250.5027	0.8126728	0.5386396	0.522598	0.477402	7.619075
2946	-7945.109	-8194.769	249.6603	0.7746347	0.5829987	0.533858	0.466142	8.053157
2952	-7947.624	-8199.037	251.4132	0.8257253	0.5486846	0.416724	0.583276	7.115285
2958	-7954.701	-8204.909	250.208	0.8131133	0.4533899	0.397267	0.602733	7.852254
2964	-7932.927	-8183.864	250.9371	0.7422046	0.6398167	0.455657	0.544343	7.34412
2970	-7943.273	-8193.413	250.1396	0.8179382	0.638318	0.458096	0.541904	7.731739
2976	-7942.641	-8195.088	252.4476	0.8325924	0.5703001	0.402545	0.597455	6.535628
2982	-7939.813	-8190.768	250.955	0.8325924	0.5801894	0.402545	0.597455	7.332018
2988	-7931.639	-8182.613	250.9739	0.8190836	0.6048036	0.453686	0.546314	7.309757
2994	-7942.006	-8193.347	251.3408	0.8084541	0.5214439	0.458699	0.541301	7.186548
3000	-7941.946	-8192.719	250.7728	0.8469736	0.6495032	0.509579	0.490421	7.368887
3006	-7954.508	-8206.518	252.0098	0.8788664	0.5925815	0.496774	0.503226	6.729451
3012	-7941.392	-8192.931	251.5395	0.8542755	0.4984497	0.513437	0.486563	7.07525
3018	-7944.423	-8195.803	251.3799	0.8493165	0.5866248	0.438802	0.561198	7.089634
3024	-7940.761	-8193.534	252.7724	0.9336467	0.4987029	0.480136	0.519864	6.366063
3030	-7952.636	-8202.701	250.0644	0.746867	0.5067014	0.495931	0.504069	7.915825
3036	-7934.988	-8185.212	250.2245	0.746867	0.5563103	0.495931	0.504069	7.788336
3042	-7926.361	-8177.073	250.7119	0.7739522	0.5821463	0.516769	0.483231	7.492251
3048	-7939.845	-8190.259	250.4132	0.782945	0.6120015	0.442422	0.557578	7.624011
3054	-7935.986	-8186.498	250.5113	0.7705404	0.5542574	0.404728	0.595272	7.624011
3060	-7946.89	-8198.269	251.3795	0.7616396	0.5542574	0.562341	0.437659	7.163205
3066	-7922.442	-8173.237	250.7957	0.7926103	0.6578927	0.426201	0.573799	7.379605
3072	-7946.229	-8196	249.7707	0.8063508	0.6127181	0.439451	0.560549	7.954256
3078	-7934.531	-8186.608	252.0771	0.8063508	0.5340462	0.443728	0.556272	6.780334
3084	-7944.851	-8197.65	252.7984	0.8779026	0.492855	0.530047	0.469953	6.387513
3090	-7932.711	-8183.77	251.0589	0.8201599	0.5218275	0.520515	0.479485	7.331334
3096	-7947.332	-8197.905	250.5732	0.807496	0.5625984	0.503363	0.496637	7.564293
3102	-7958.419	-8210.19	251.7715	0.8638956	0.6075667	0.499024	0.500976	6.854388
3108	-7965.438	-8215.834	250.3967	0.7730938	0.5780954	0.499024	0.500976	7.664674
3114	-7951.302	-8200.725	249.4229	0.8589586	0.4594355	0.485679	0.514321	8.240708
3120	-7935.291	-8184.942	249.6517	0.8281042	0.6306006	0.452707	0.547293	7.992607
3126	-7939.93	-8190.815	250.8849	0.831142	0.6375437	0.415021	0.584979	7.326086
3132	-7927.809	-8178.781	250.9728	0.7741856	0.6156427	0.524823	0.475177	7.326086
3138	-7933.849	-8185.066	251.2173	0.7721848	0.6734712	0.423089	0.576911	7.152933
3144	-7923.924	-8175.012	251.0887	0.7775034	0.5505412	0.42874	0.57126	7.313958
3150	-7930.937	-8181.669	250.7322	0.7549299	0.5200893	0.539513	0.460487	7.542929
3156	-7934.548	-8185.673	251.125	0.7809152	0.4889706	0.463595	0.536405	7.34582
3162	-7944.509	-8194.705	250.1967	0.7157247	0.5217236	0.463595	0.536405	7.848833
3168	-7940.645	-8190.863	250.2186	0.6938201	0.5217236	0.563195	0.436805	7.848833
3174	-7932.489	-8184.472	251.9832	0.8649125	0.6515594	0.453936	0.546064	6.706181
3180	-7927.43	-8178.136	250.7057	0.8141385	0.6515594	0.501451	0.498549	7.42097
3186	-7941.869	-8192.704	250.8353	0.7730611	0.4843127	0.438607	0.561393	7.509594
3192	-7944.515	-8195.687	251.1721	0.9238799	0.477623	0.486931	0.513069	7.254157
3198	-7944.19	-8197.371	253.1808	0.930356	0.477623	0.477128	0.522872	6.165224
3204	-7930.538	-8182.014	251.4766	0.9160169	0.6138434	0.525503	0.474497	6.980349
3210	-7940.429	-8190.914	250.4849	0.8362431	0.5412623	0.525503	0.474497	7.613785
3216	-7934.601	-8185.023	250.4216	0.7773769	0.5165314	0.449533	0.550467	7.700155
3222	-7937.382	-8188.734	251.3515	0.8411792	0.5165314	0.448028	0.551972	7.167488
3228	-7935.875	-8185.681	249.8065	0.8411792	0.5033299	0.448028	0.551972	8.006052
3234	-7938.633	-8187.286	248.6527	0.8117784	0.5297328	0.448028	0.551972	8.612874
3240	-7945.853	-8197.35	251.497	0.8238092	0.5255622	0.526364	0.473636	7.090795
3246	-7943.385	-8191.3	247.9152	0.7371879	0.5463388	0.526364	0.473636	9.02949
3252	-7924.976	-8176.271	251.2952	0.8166977	0.4733969	0.536322	0.463678	7.249475
3258	-7937.598	-8189.472	251.8738	0.8624323	0.4637476	0.422956	0.577044	6.922604
3264	-7933.034	-8185.288	252.2533	0.946387	0.4760673	0.533341	0.466659	6.660976
3270	-7937.924	-8190.749	252.8251	0.9258955	0.5131575	0.516517	0.483483	6.328821
3276	-7946.807	-8198.368	251.5613	0.8296316	0.4982369	0.436582	0.563418	7.07698
3282	-7968.152	-8219.598	251.4466	0.8066398	0.5584816	0.455023	0.544977	7.099452
3288	-7953.616	-8205.146	251.5295	0.8479314	0.5860128	0.426985	0.573015	7.010327
3294	-7937.538	-8190.087	252.5495	0.8252086	0.5019671	0.516781	0.483219	6.542738
3300	-7945.913	-8196.853	250.94	0.8042744	0.5574402	0.477051	0.522949	7.373675
3306	-7936.879	-8188.086	251.2071	0.8211228	0.5257637	0.510367	0.489633	7.247854
3312	-7927.156	-8178.698	251.5419	0.8063893	0.4740937	0.440604	0.559396	7.121789
3318	-7922.883	-8173.517	250.6339	0.8063893	0.5329983	0.440604	0.559396	7.55694
3324	-7926.906	-8178.26	251.3542	0.9133285	0.5806339	0.485188	0.514812	7.073796
3330	-7933.725	-8185.407	251.6817	0.866294	0.5806339	0.509662	0.490338	6.922746
3336	-7935.959	-8186.432	250.4732	0.8216959	0.6012402	0.424384	0.575616	7.579505
3342	-7946.703	-8196.73	250.0267	0.8059344	0.5775143	0.472819	0.527181	7.845335
3348	-7940.846	-8190.94	250.0943	0.6943146	0.6074984	0.479482	0.520518	7.845335
3354	-7921.723	-8172.359	250.6365	0.7607135	0.6058866	0.479482	0.520518	7.521101
3360	-7930.959	-8181.477	250.5186	0.7556359	0.5141527	0.448315	0.551685	7.661968
3366	-7937.176	-8187.719	250.5432	0.8101536	0.543223	0.51366	0.48634	7.594906
3372	-7942.767	-8193.224	250.4563	0.7835273	0.580556	0.521575	0.478425	7.625236
3378	-7947.43	-8199.042	251.6119	0.7991049	0.5347273	0.521575	0.478425	7.0344
3384	-7950.386	-8201.398	251.0119	0.8003632	0.5848728	0.499206	0.500794	7.315035
3390	-7944.737	-8195.553	250.8157	0.7922548	0.6209428	0.508977	0.491023	7.396613
3396	-7956.646	-8208.872	252.2261	0.9237303	0.5442152	0.528158	0.471842	6.627798
3402	-7969.795	-8221.714	251.9187	1.018348	0.6064825	0.542018	0.457982	6.692395
3408	-7939.921	-8191.74	251.8193	0.8661674	0.5528548	0.542018	0.457982	6.87134
3414	-7946.62	-8196.134	249.5139	0.7559374	0.5195427	0.496939	0.503061	8.193332
3420	-7931.779	-8182.909	251.1299	0.7400433	0.6880975	0.502147	0.497853	7.206728
3426	-7932.87	-8182.646	249.7758	0.6752472	0.5541228	0.502147	0.497853	8.067797
3432	-7943.231	-8194.356	251.1251	0.7064892	0.5541228	0.502147	0.497853	7.329564
3438	-7943.908	-8194.174	250.2662	0.7064892	0.5573203	0.500243	0.499757	7.786826
3444	-7945.695	-8195.898	250.2024	0.7320514	0.5223223	0.434996	0.565004	7.836562
3450	-7935.067	-8185.528	250.461	0.7320514	0.5369264	0.463454	0.536546	7.685926
3456	-7937.578	-8188.308	250.7304	0.7246393	0.5469754	0.486705	0.513295	7.537353
3462	-7934.661	-8185.102	250.4404	0.7756233	0.5027672	0.532429	0.467571	7.70306
3468	-7936.552	-8186.994	250.4413	0.7747483	0.5027672	0.532429	0.467571	7.70306
3474	-7929.858	-8180.155	250.2969	0.8362001	0.5803277	0.467048	0.532952	7.682494
3480	-7928.538	-8179.088	250.5506	0.771518	0.6235437	0.467048	0.532952	7.547815
3486	-7926.681	-8177.064	250.3831	0.7415198	0.522495	0.470143	0.529857	7.73477
3492	-7939.71	-8189.735	250.025	0.7471965	0.5242024	0.461482	0.538518	7.921582
3498	-7944.516	-8194.155	249.6386	0.6855714	0.5094456	0.447266	0.552734	8.173113
3504	-7948.111	-8197.607	249.4961	0.7416794	0.5643648	0.447266	0.552734	8.173113
3510	-7931.885	-8182.264	250.3793	0.7416794	0.5093548	0.505925	0.494075	7.748085
3516	-7946.94	-8197.148	250.2086	0.7489537	0.5611383	0.505925	0.494075	7.791797
3522	-7933.824	-8185.447	251.6232	0.7929742	0.5591737	0.502335	0.497665	7.011191
3528	-7929.102	-8180.073	250.9708	0.8246371	0.5879838	0.511125	0.488875	7.321586
3534	-7939.073	-8190.535	251.4618	0.8482614	0.5639929	0.48095	0.51905	7.064343
3540	-7937.528	-8188.884	251.3559	0.813258	0.6193263	0.5003	0.4997	7.09644
3546	-7941.831	-8193.518	251.6862	0.813258	0.5744495	0.5003	0.4997	6.95388
3552	-7923.882	-8175.457	251.5754	0.813258	0.5438567	0.529127	0.470873	7.038734
3558	-7930.266	-8180.975	250.7081	0.7357896	0.5553378	0.434398	0.565602	7.536383
3564	-7946.867	-8196.69	249.8235	0.7357896	0.7071932	0.542332	0.457668	7.895185
3570	-7948.556	-8200.812	252.2562	0.9280874	0.460536	0.494656	0.505344	6.683807
3576	-7940.682	-8191.888	251.2053	0.9457244	0.4862607	0.523551	0.476449	7.216728
3582	-7939.178	-8190.457	251.279	0.8066118	0.5701619	0.496048	0.503952	7.180057
3588	-7945.253	-8196.555	251.3019	0.7886985	0.5668446	0.442006	0.557994	7.180057
3594	-7942.507	-8194.21	251.703	0.76827	0.5289655	0.515404	0.484596	7.006905
3600	-7949.308	-8199.612	250.3042	0.7745493	0.4739795	0.537568	0.462432	7.802292
3606	-7962.939	-8213.501	250.5625	0.7687941	0.6521958	0.580575	0.419425	7.521505
3612	-7964.792	-8216.038	251.2465	0.8566557	0.5083221	0.489966	0.510034	7.222731
3618	-7942.12	-8192.807	250.6869	0.7875305	0.4984021	0.489966	0.510034	7.568684
3624	-7942.977	-8193.5	250.5239	0.7926014	0.5421008	0.425609	0.574391	7.615592
3630	-7951.835	-8203.696	251.8614	0.917885	0.5660945	0.41491	0.58509	6.809824
3636	-7943.398	-8195.924	252.5254	0.8950179	0.519438	0.472897	0.527103	6.502572
3642	-7951.994	-8205.23	253.2352	0.9678689	0.6442923	0.490769	0.509231	5.976047
3648	-7939.733	-8192.821	253.0877	0.96439	0.5645608	0.463107	0.536893	6.121257
3654	-7948.166	-8199.813	251.6473	0.7653066	0.5401469	0.443118	0.556882	7.028957
3660	-7938.226	-8188.418	250.1927	0.7587507	0.4325058	0.428492	0.571508	7.909475
3666	-7932.497	-8182.2	249.703	0.7628149	0.5017623	0.424747	0.575253	8.104375
3672	-7943.864	-8193.867	250.0027	0.8000682	0.5836139	0.424747	0.575253	7.856408
3678	-7947.561	-8198.569	251.0084	0.8036602	0.5255781	0.453885	0.546115	7.364049
3684	-7951.638	-8202.856	251.2178	0.7866571	0.5334302	0.454808	0.545192	7.254106
3690	-7942.846	-8194.119	251.2723	0.8077108	0.5203841	0.490333	0.509667	7.224658
3696	-7930.091	-8180.674	250.5834	0.8390943	0.5748146	0.473948	0.526052	7.532055
3702	-7924.588	-8175.23	250.6414	0.7535454	0.5933759	0.473948	0.526052	7.532055
3708	-7931.307	-8182.375	251.0678	0.768152	0.5801364	0.473948	0.526052	7.306091
3714	-7939.231	-8189.691	250.4604	0.7471406	0.5183607	0.53083	0.46917	7.694018
3720	-7937.787	-8187.415	249.6285	0.679717	0.5183607	0.38971	0.61029	8.173951
3726	-7929.683	-8180.977	251.2932	0.8152673	0.5568246	0.519224	0.480776	7.178665
3732	-7928.433	-8180.225	251.7921	0.8229616	0.5568246	0.526414	0.473586	6.905993
3738	-7936.636	-8188.556	251.9199	0.7372195	0.5298375	0.482584	0.517416	6.905993
3744	-7933.657	-8184.732	251.0758	0.8204712	0.6726241	0.464984	0.535016	7.203624
3750	-7936.459	-8187.487	251.0277	0.9093473	0.6426449	0.464984	0.535016	7.203624
3756	-7925.232	-8176.333	251.1007	0.8321792	0.4879329	0.475889	0.524111	7.332288
3762	-7925.61	-8177.374	251.764	0.8557729	0.5355095	0.475889	0.524111	6.921311
3768	-7926.143	-8178.323	252.1798	0.8914369	0.5114226	0.495585	0.504415	6.698487
3774	-7925.429	-8178.097	252.6675	0.8854732	0.5401809	0.495585	0.504415	6.41291
3780	-7936.571	-8188.533	251.962	0.8514615	0.5401809	0.492992	0.507008	6.812912
3786	-7934.666	-8187.126	252.4599	0.8631439	0.4954513	0.440398	0.559602	6.576528
3792	-7959.084	-8211.13	252.0458	0.8780868	0.4797934	0.419826	0.580174	6.806513
3798	-7942.208	-8193.805	251.5962	0.8315855	0.6424439	0.482458	0.517542	6.939766
3804	-7957.939	-8209.947	252.0075	0.878959	0.521133	0.460934	0.539066	6.789789
3810	-7946.843	-8198.691	251.8484	0.9023705	0.6105877	0.499104	0.500896	6.789789
3816	-7937.525	-8189.494	251.9699	0.8549097	0.5605711	0.531473	0.468527	6.789789
3822	-7951.585	-8202.915	251.3302	0.8507113	0.5522265	0.488807	0.511193	7.143519
3828	-7950.935	-8202.474	251.5388	0.8399027	0.5488944	0.468433	0.531567	7.039856
3834	-7960.58	-8212.613	252.0331	0.8778003	0.535159	0.42064	0.57936	6.764561
3840	-7955.882	-8208.471	252.5884	0.8921673	0.6610034	0.539221	0.460779	6.356768
3846	-7949.295	-8202.16	252.8657	0.8921673	0.4781196	0.519663	0.480337	6.356768
3852	-7955.899	-8208.186	252.2871	0.8447238	0.6319539	0.462675	0.537325	6.567474
3858	-7955.91	-8208.132	252.2224	0.8447238	0.519999	0.453038	0.546962	6.693204
3864	-7949.394	-8200.42	251.0253	0.7258351	0.5603273	0.414965	0.585035	7.367633
3870	-7934.624	-8185.7	251.0763	0.815486	0.4978252	0.417495	0.582505	7.345489
3876	-7938.732	-8190.256	251.5239	0.7719515	0.5525073	0.449834	0.550166	7.081453
3882	-7956.67	-8207.704	251.0347	0.8394324	0.6193668	0.449834	0.550166	7.254947
3888	-7936.695	-8186.865	250.1695	0.7058222	0.5660476	0.495925	0.504075	7.831713
3894	-7939.885	-8190.901	251.0167	0.7699084	0.5389276	0.495925	0.504075	7.366348
3900	-7942.983	-8193.337	250.3542	0.8221343	0.5691994	0.481142	0.518858	7.668322
3906	-7940.606	-8190.981	250.3748	0.783945	0.5691994	0.481142	0.518858	7.677714
3912	-7945.097	-8195.587	250.4898	0.783945	0.4965418	0.453928	0.546072	7.677714
3918	-7939.253	-8190.168	250.9144	0.8210357	0.5150076	0.453928	0.546072	7.414276
3924	-7938.113	-8189.925	251.8116	0.7828097	0.6588188	0.497409	0.502591	6.837817
3930	-7936.228	-8186.914	250.6853	0.7778067	0.5321027	0.497409	0.502591	7.545506
3936	-7950.855	-8201.924	251.0687	0.7778067	0.5420553	0.515613	0.484387	7.331579
3942	-7959.134	-8209.762	250.6272	0.7616946	0.5482721	0.431181	0.568819	7.571677
3948	-7958.433	-8208.961	250.5275	0.7696445	0.6097595	0.502488	0.497512	7.571677
3954	-7963.275	-8214.518	251.2426	0.9130374	0.4511272	0.483411	0.516589	7.246853
3960	-7939.2	-8190.169	250.9683	0.9136326	0.6305303	0.449876	0.550124	7.242304
3966	-7934.382	-8184.929	250.5467	0.8437122	0.5796126	0.494319	0.505681	7.545388
3972	-7948.921	-8202.14	253.2193	0.9065174	0.5918073	0.500379	0.499621	6.05895
3978	-7954.093	-8205.787	251.6943	0.7925396	0.5271865	0.485572	0.514428	7.000011
3984	-7954.17	-8205.664	251.494	0.8973524	0.5895559	0.435769	0.564231	7.000011
3990	-7968.482	-8220.257	251.7752	0.9095395	0.4574217	0.435769	0.564231	6.956271
3996	-7963.465	-8215.242	251.777	0.9076013	0.5105515	0.484622	0.515378	6.907934
4002	-7962.524	-8213.721	251.1969	0.8281542	0.5516798	0.496233	0.503767	7.227693
4008	-7956.003	-8206.108	250.1045	0.8281542	0.585914	0.480254	0.519746	7.785203
4014	-7946.538	-8195.977	249.4385	0.6909075	0.4739476	0.458733	0.541267	8.308439
4020	-7955.473	-8206.118	250.6452	0.7316	0.6276343	0.406698	0.593302	7.515398
4026	-7944.583	-8195.149	250.5659	0.8402814	0.5781623	0.488835	0.511165	7.538078
4032	-7947.283	-8198.058	250.7748	0.7376362	0.4774727	0.488835	0.511165	7.567146
4038	-7950.668	-8202.202	251.5334	0.8103114	0.5548935	0.478288	0.521712	7.05372
4044	-7944.232	-8196.128	251.8961	0.8618592	0.4413011	0.478288	0.521712	6.932325
4050	-7936.914	-8189.275	252.3611	0.8874648	0.5051379	0.511796	0.488204	6.608197
4056	-7939.149	-8189.172	250.0233	0.7553187	0.5762323	0.511796	0.488204	7.87517
4062	-7938.443	-8188.696	250.253	0.7642014	0.5762323	0.471097	0.528903	7.747714
4068	-7934.323	-8184.428	250.1059	0.7769025	0.6711962	0.471097	0.528903	7.747714
4074	-7936.404	-8187.242	250.8379	0.7560077	0.5250408	0.475322	0.524678	7.481446
4080	-7937.72	-8188.525	250.8049	0.8399898	0.5782548	0.51264	0.48736	7.410098
4086	-7948.164	-8199.145	250.9808	0.7782096	0.5052936	0.552814	0.447186	7.410098
4092	-7942.153	-8192.362	250.2086	0.7605884	0.6483137	0.552814	0.447186	7.718172
4098	-7936.115	-8187.291	251.1756	0.7605884	0.6111725	0.499737	0.500263	7.227904
4104	-7946.477	-8197.125	250.6484	0.7605884	0.5237903	0.55169	0.44831	7.581554
4110	-7935.077	-8185.684	250.6072	0.7974037	0.4711478	0.493085	0.506915	7.630695
4116	-7933.451	-8185.092	251.6406	0.7170295	0.5349345	0.493085	0.506915	7.062966
4122	-7932.558	-8182.143	249.5845	0.8459817	0.5065228	0.493085	0.506915	8.119066
4128	-7954.955	-8207.262	252.307	0.8077319	0.4832331	0.448606	0.551394	6.700282
4134	-7947.119	-8200.274	253.1544	0.8310558	0.561087	0.480667	0.519333	6.160421
4140	-7946.477	-8198.882	252.4044	0.8267048	0.6061936	0.480667	0.519333	6.533541
4146	-7948.727	-8200.353	251.6253	0.8687495	0.5511359	0.480667	0.519333	6.975923
4152	-7951.973	-8203.961	251.9877	0.9052886	0.5953097	0.517423	0.482577	6.724918
4158	-7948.309	-8200.456	252.1469	0.7895654	0.4989593	0.551104	0.448896	6.782353
4164	-7940.395	-8191.177	250.7829	0.7895654	0.6193108	0.451013	0.548987	7.416888
4170	-7932.392	-8184.216	251.8235	0.7895654	0.5566473	0.548719	0.451281	6.907222
4176	-7939.012	-8190.325	251.3125	0.9359468	0.5023013	0.514094	0.485906	7.149986
4182	-7934.205	-8185.55	251.3449	0.7963765	0.5702947	0.4767	0.5233	7.149986
4188	-7924.325	-8175.673	251.3478	0.7805185	0.5789657	0.470713	0.529287	7.149986
4194	-7924.063	-8175.451	251.388	0.783197	0.5506917	0.468904	0.531096	7.149986
4200	-7928.619	-8179.676	251.0572	0.7862604	0.5340269	0.592596	0.407404	7.339994
4206	-7938.87	-8190.742	251.8722	0.8627651	0.5816709	0.538618	0.461382	6.821106
4212	-7946.31	-8199.051	252.741	0.8802343	0.6016364	0.57563	0.42437	6.325615
4218	-7941.438	-8192.602	251.1643	0.8513136	0.6016364	0.476646	0.523354	7.192617
4224	-7952.573	-8204.216	251.6428	0.8554066	0.5688646	0.514127	0.485873	6.959112
4230	-7942.998	-8193.394	250.3959	0.7217114	0.5338262	0.556306	0.443694	7.728893
4236	-7929.857	-8180.213	250.3558	0.7548191	0.5825735	0.537097	0.462903	7.692726
4242	-7934.522	-8185.735	251.2129	0.7601629	0.6922308	0.526438	0.473562	7.148396
4248	-7919.203	-8170.522	251.3193	0.7535263	0.5534754	0.461908	0.538092	7.200584
4254	-7928.806	-8180.443	251.6366	0.8471848	0.5568972	0.493118	0.506882	6.97668
4260	-7931.019	-8182.79	251.7709	0.8660171	0.4631111	0.493118	0.506882	6.97668
4266	-7947.413	-8198.404	250.991	0.7550596	0.6007355	0.493118	0.506882	7.338081
4272	-7942.768	-8193.595	250.8263	0.7866974	0.5429046	0.407417	0.592583	7.456092
4278	-7936.89	-8187.159	250.2691	0.7769334	0.4677432	0.514897	0.485103	7.825516
4284	-7936.432	-8187.048	250.6154	0.7907526	0.5491307	0.465049	0.534951	7.561727
4290	-7944.69	-8196.448	251.7576	0.8116769	0.6006181	0.501908	0.498092	6.895471
4296	-7947.285	-8197.557	250.2716	0.7917219	0.5840202	0.495179	0.504821	7.716897
4302	-7931.979	-8182.41	250.4302	0.739363	0.515363	0.495179	0.504821	7.716897
4308	-7948.815	-8201.608	252.7931	0.8930578	0.5862393	0.446722	0.553278	6.3026
4314	-7936.247	-8188.305	252.0575	0.867807	0.4722581	0.468499	0.531501	6.812657
4320	-7952.314	-8202.751	250.4361	0.7834894	0.4791439	0.485087	0.514913	7.722292
4326	-7957.871	-8208.278	250.407	0.7617555	0.5096418	0.475776	0.524224	7.722292
4332	-7937.674	-8188.262	250.5882	0.8351165	0.5051585	0.495618	0.504382	7.590074
4338	-7947.359	-8197.772	250.4123	0.8475086	0.5347197	0.494023	0.505977	7.652108
4344	-7945.133	-8195.331	250.1978	0.7211435	0.5894672	0.544336	0.455664	7.789766
4350	-7939.626	-8190.9	251.2737	0.7625136	0.5361674	0.497224	0.502776	7.234718
4356	-7942.675	-8193.948	251.2731	0.8486117	0.5091737	0.386842	0.613158	7.212007
4362	-7933.575	-8184.166	250.5909	0.8305222	0.5964001	0.527054	0.472946	7.515484
4368	-7949.062	-8199.424	250.3629	0.8258838	0.4979815	0.479564	0.520436	7.721855
4374	-7952.714	-8202.989	250.2746	0.78887	0.508182	0.488619	0.511381	7.779877
4380	-7957.887	-8207.269	249.3815	0.7592306	0.5773362	0.51129	0.48871	8.214371
4386	-7953.649	-8203.247	249.5984	0.7597	0.5156929	0.534614	0.465386	8.14964
4392	-7956.584	-8208.662	252.0779	0.9240298	0.4899663	0.457535	0.542465	6.755088
4398	-7945.016	-8194.689	249.6732	0.7762546	0.582289	0.457535	0.542465	8.045972
4404	-7935.355	-8186.979	251.6245	0.8483408	0.6029443	0.52628	0.47372	6.945579
4410	-7951.843	-8203.677	251.8333	0.8483408	0.4706153	0.52628	0.47372	6.945579
4416	-7946.617	-8197.187	250.5696	0.7660944	0.6083155	0.496994	0.503006	7.552145
4422	-7936.503	-8187.191	250.6877	0.7441039	0.6347956	0.450095	0.549905	7.480564
4428	-7935.797	-8186.624	250.8267	0.7556683	0.5333736	0.451864	0.548136	7.480564
4434	-7949.449	-8199.298	249.8495	0.7068428	0.5056918	0.443675	0.556325	8.052696
4440	-7941.599	-8192.214	250.6149	0.7770302	0.612649	0.432458	0.567542	7.51869
4446	-7940.4	-8191.672	251.2721	0.7165925	0.5237368	0.462983	0.537017	7.270849
4452	-7939.217	-8190.464	251.2475	0.7191073	0.5611786	0.462983	0.537017	7.251302
4458	-7940.739	-8191.766	251.0262	0.8005789	0.5250178	0.469094	0.530906	7.356603
4464	-7935.847	-8186.245	250.3979	0.7682247	0.5250178	0.475346	0.524654	7.710449
4470	-7937.359	-8187.467	250.1084	0.7366095	0.5250178	0.476169	0.523831	7.881993
4476	-7941.697	-8192.238	250.5407	0.8001106	0.5250178	0.55397	0.44603	7.617
4482	-7949.949	-8200.462	250.5131	0.8001106	0.5315549	0.53732	0.46268	7.626203
4488	-7947.016	-8197.179	250.1632	0.8001106	0.5387649	0.534902	0.465098	7.807197
4494	-7964.023	-8213.73	249.7069	0.7754632	0.4689163	0.413698	0.586302	8.125142
4500	-7957.953	-8208.81	250.8574	0.9034774	0.5649085	0.468392	0.531608	7.358661
4506	-7952.043	-8202.668	250.6256	0.8445417	0.5284838	0.464578	0.535422	7.544808
4512	-7940.297	-8191.345	251.0481	0.7759915	0.5980721	0.4767	0.5233	7.298309
4518	-7941.574	-8191.927	250.3523	0.7894887	0.5308264	0.518206	0.481794	7.718512
4524	-7947.594	-8198.365	250.7711	0.7870801	0.3958337	0.526565	0.473435	7.622152
4530	-7940.684	-8190.593	249.9092	0.7870801	0.5274627	0.526565	0.473435	7.959289
4536	-7946.004	-8195.901	249.8965	0.75092	0.5510455	0.468674	0.531326	7.965651
4542	-7955.643	-8203.81	248.1675	0.7084426	0.5360233	0.440782	0.559218	8.919642
4548	-7957.185	-8207.002	249.8167	0.7221492	0.5891853	0.468447	0.531553	7.992856
4554	-7948.667	-8198.273	249.606	0.8199004	0.5274729	0.468447	0.531553	8.103431
4560	-7951.22	-8201.291	250.0712	0.7767202	0.6343439	0.434001	0.565999	7.793328
4566	-7950.882	-8200.916	250.034	0.8398201	0.6070363	0.45073	0.54927	7.800165
4572	-7942.479	-8192.496	250.0167	0.7838138	0.5858702	0.483557	0.516443	7.855812
4578	-7938.359	-8189.014	250.6557	0.8426261	0.4643339	0.483557	0.516443	7.586858
4584	-7944.558	-8195.543	250.9852	0.8591918	0.4227867	0.483557	0.516443	7.441489
4590	-7950.763	-8202.194	251.4308	0.7842622	0.4758644	0.483557	0.516443	7.191771
4596	-7938.756	-8189.225	250.4685	0.7827079	0.5135442	0.536313	0.463687	7.674829
4602	-7946.163	-8196.659	250.4962	0.7985353	0.4913885	0.534294	0.465706	7.671082
4608	-7943.328	-8193.392	250.0633	0.7672826	0.646956	0.447633	0.552367	7.793225
4614	-7939.825	-8189.621	249.796	0.7914622	0.5258957	0.529661	0.470339	8.018649
4620	-7933.437	-8185.009	251.5713	0.804988	0.5500925	0.41693	0.58307	7.040169
4626	-7940.076	-8190.184	250.1076	0.7815589	0.5500925	0.507662	0.492338	7.837382
4632	-7942.797	-8192.93	250.1323	0.7373469	0.5628455	0.489307	0.510693	7.837382
4638	-7935.678	-8187.084	251.4062	0.7886315	0.5318272	0.481318	0.518682	7.153181
4644	-7942.55	-8192.929	250.3786	0.8763925	0.4907832	0.456368	0.543632	7.692876
4650	-7931.347	-8181.841	250.4944	0.7563359	0.4933441	0.456368	0.543632	7.692876
4656	-7938.588	-8189.614	251.0255	0.8583088	0.4781468	0.456368	0.543632	7.367541
4662	-7936.148	-8187.412	251.2642	0.8053225	0.597175	0.4876	0.5124	7.167161
4668	-7927.914	-8179.346	251.432	0.8401386	0.4693131	0.472908	0.527092	7.167161
4674	-7940.895	-8192.425	251.5308	0.8337639	0.4778315	0.473995	0.526005	7.109607
4680	-7935.141	-8186.494	251.353	0.8123309	0.5626973	0.54846	0.45154	7.143258
4686	-7947.22	-8198.595	251.3749	0.756424	0.585402	0.418315	0.581685	7.143258
4692	-7960.492	-8211.35	250.8575	0.7426833	0.5837953	0.525145	0.474855	7.42965
4698	-7948.894	-8199.426	250.5318	0.8115198	0.4666136	0.51843	0.48157	7.667649
4704	-7946.133	-8196.535	250.4024	0.8115198	0.5063983	0.550875	0.449125	7.701002
4710	-7939.442	-8190.404	250.962	0.8578277	0.5636215	0.48583	0.51417	7.328109
4716	-7941.369	-8191.743	250.3736	0.8539235	0.4534132	0.463131	0.536869	7.741968
4722	-7950.241	-8201.103	250.8621	0.7748507	0.555358	0.464663	0.535337	7.432964
4728	-7940.642	-8192.035	251.3923	0.7846094	0.5438767	0.504584	0.495416	7.152614
4734	-7946.377	-8197.52	251.1435	0.772536	0.5648053	0.504584	0.495416	7.275464
4740	-7946.758	-8197.956	251.1973	0.772536	0.5301595	0.424575	0.575425	7.275464
4746	-7947.362	-8198.583	251.2216	0.8584636	0.5086799	0.414889	0.585111	7.234818
4752	-7940.761	-8191.416	250.6552	0.8162966	0.612222	0.550591	0.449409	7.47643
4758	-7946.991	-8198.801	251.8096	0.8162966	0.5791435	0.479774	0.520226	6.881962
4764	-7948.791	-8199.292	250.5006	0.7824386	0.5061053	0.496659	0.503341	7.664303
4770	-7952.376	-8203.211	250.8351	0.8219085	0.4899544	0.496659	0.503341	7.478408
4776	-7943.491	-8194.41	250.919	0.8833906	0.6396878	0.457269	0.542731	7.278149
4782	-7937.229	-8188.978	251.7499	0.9680862	0.6529365	0.451731	0.548269	6.775444
4788	-7917.659	-8168.497	250.838	0.8201216	0.5568048	0.432574	0.567426	7.420392
4794	-7927.635	-8177.677	250.0422	0.8201216	0.5596862	0.47514	0.52486	7.843827
4800	-7928.148	-8179.634	251.4859	0.797918	0.5010709	0.505911	0.494089	7.132073
4806	-7935.258	-8186.625	251.3672	0.8681143	0.5310118	0.457354	0.542646	7.132073
4812	-7936.729	-8188.169	251.44	0.8199544	0.5156365	0.426377	0.573623	7.132073
4818	-7932.951	-8184.007	251.0557	0.7333443	0.5721523	0.432772	0.567228	7.337661
4824	-7941.13	-8192.398	251.2675	0.731757	0.4747372	0.490438	0.509562	7.308742
4830	-7960.371	-8212.785	252.4135	0.9598737	0.6411809	0.45079	0.54921	6.429655
4836	-7941.242	-8193.208	251.9662	0.8370694	0.4974716	0.45079	0.54921	6.85552
4842	-7936.387	-8186.71	250.3232	0.8019157	0.4974716	0.45079	0.54921	7.756335
4848	-7956.23	-8206.413	250.1827	0.8132202	0.5081394	0.475342	0.524658	7.815999
4854	-7951.997	-8202.388	250.3912	0.7646941	0.6054714	0.50114	0.49886	7.650564
4860	-7946.556	-8197.431	250.8744	0.7646941	0.5487478	0.456882	0.543118	7.437264
4866	-7951.196	-8201.349	250.1524	0.8349058	0.6254083	0.491021	0.508979	7.725501
4872	-7952.195	-8202.95	250.7547	0.8504335	0.6254083	0.491021	0.508979	7.394702
4878	-7936.712	-8187.631	250.9184	0.7405263	0.5025777	0.476593	0.523407	7.466168
4884	-7941.865	-8192.308	250.4431	0.8432945	0.5403233	0.425004	0.574996	7.633163
4890	-7941.979	-8193.678	251.6988	0.7718928	0.5165894	0.471006	0.528994	7.017883
4896	-7957.123	-8208.781	251.6579	0.9174103	0.4816132	0.502481	0.497519	6.992708
4902	-7939.597	-8190.095	250.4983	0.8612996	0.4339881	0.502481	0.497519	7.689995
4908	-7925.997	-8176.37	250.3735	0.7224551	0.5960439	0.502481	0.497519	7.689995
4914	-7946.739	-8197.538	250.7992	0.7962742	0.5960439	0.53284	0.46716	7.422493
4920	-7958.809	-8209.472	250.6624	0.797657	0.5247161	0.418075	0.581925	7.553413
4926	-7949.031	-8199.868	250.837	0.797657	0.5406322	0.462646	0.537354	7.446385
4932	-7936.372	-8187.194	250.8218	0.8055906	0.5453149	0.422168	0.577832	7.446385
4938	-7934.951	-8186.954	252.0036	0.8919491	0.4621043	0.464237	0.535763	6.83825
4944	-7949.311	-8200.482	251.1708	0.8393022	0.5195062	0.545767	0.454233	7.262998
4950	-7948.305	-8200.139	251.8349	0.8145749	0.5043716	0.428944	0.571056	6.932295
4956	-7937.841	-8190.09	252.2488	0.7761462	0.5911705	0.412753	0.587247	6.656907
4962	-7941.624	-8191.044	249.4202	0.6624272	0.568558	0.493879	0.506121	8.252336
4968	-7956.428	-8206.727	250.2986	0.8080853	0.6375698	0.484023	0.515977	7.652576
4974	-7933.681	-8185.045	251.364	0.7880811	0.5935389	0.474027	0.525973	7.125617
4980	-7941.68	-8192.47	250.7899	0.8646048	0.5914818	0.433534	0.566466	7.394448
4986	-7938.69	-8190.643	251.9527	0.8078701	0.550765	0.511476	0.488524	6.832565
4992	-7949.348	-8200.936	251.5874	0.8023293	0.4508831	0.493079	0.506921	7.121302
4998	-7936.931	-8189.514	252.5828	0.8813584	0.454223	0.451598	0.548402	6.538429
5004	-7940.923	-8191.121	250.1979	0.7615679	0.5252881	0.512622	0.487378	7.820628
5010	-7953.539	-8204.545	251.0054	0.8364498	0.4342704	0.536847	0.463153	7.431524
5016	-7938.108	-8189.55	251.4417	0.8612839	0.5991313	0.506778	0.493222	7.040075
5022	-7935.524	-8187.134	251.6099	0.8554216	0.5893382	0.481933	0.518067	6.960355
5028	-7926.935	-8178.571	251.6367	0.8286788	0.5893382	0.484718	0.515282	6.960355
5034	-7947.34	-8199.033	251.6931	0.7721958	0.5893382	0.510154	0.489846	6.960355
5040	-7944.423	-8196.259	251.8361	0.8412645	0.5615927	0.448125	0.551875	6.868465
5046	-7959.942	-8209.22	249.278	0.9334949	0.5909237	0.518155	0.481845	8.166004
5052	-7967.46	-8219.219	251.7592	0.8228254	0.4827216	0.402615	0.597385	6.988076
5058	-7958.661	-8210.465	251.804	0.8228254	0.4567985	0.402615	0.597385	6.988076
5064	-7954.806	-8206.779	251.973	0.9306996	0.5172182	0.487949	0.512051	6.7839
5070	-7939.409	-8191.453	252.0437	0.8966403	0.494892	0.480963	0.519037	6.7839
5076	-7946.029	-8198.208	252.1792	0.8353415	0.538187	0.404142	0.595858	6.706038
5082	-7937.842	-8188.92	251.0787	0.8371139	0.6350034	0.522345	0.477655	7.220774
5088	-7940.992	-8192.702	251.7106	0.8821095	0.6554681	0.449169	0.550831	6.841177
5094	-7944.295	-8195.254	250.959	0.7685029	0.5305597	0.449169	0.550831	7.405151
5100	-7949.416	-8199.443	250.027	0.812037	0.5997417	0.449169	0.550831	7.824425
5106	-7939.476	-8191.295	251.8181	0.812037	0.4923004	0.449169	0.550831	6.953522
5112	-7939.209	-8189.594	250.3842	0.8554922	0.4270685	0.466498	0.533502	7.760875
5118	-7931.716	-8182.077	250.3604	0.8349848	0.5159673	0.447632	0.552368	7.7026
5124	-7931.319	-8182.405	251.0862	0.7933209	0.520686	0.470465	0.529535	7.332079
5130	-7925.027	-8175.988	250.9611	0.8578279	0.5458626	0.481446	0.518554	7.343221
5136	-7925.476	-8176.38	250.9038	0.7845733	0.5458626	0.481446	0.518554	7.413248
5142	-7930.358	-8181.338	250.9801	0.7845733	0.5800432	0.576297	0.423703	7.344423
5148	-7934.356	-8185.441	251.0855	0.8506286	0.4727439	0.519148	0.480852	7.344423
5154	-7939.427	-8189.839	250.4115	0.7897396	0.5417785	0.519148	0.480852	7.677497
5160	-7934.861	-8184.543	249.6815	0.7879536	0.5417785	0.480668	0.519332	8.068202
5166	-7947.369	-8196.872	249.5029	0.7776597	0.4864087	0.454931	0.545069	8.216709
5172	-7941.811	-8191.756	249.9452	0.7776597	0.581086	0.52822	0.47178	7.901059
5178	-7938.231	-8188.241	250.0096	0.7776597	0.5389726	0.52822	0.47178	7.901059
5184	-7945.688	-8195.943	250.2542	0.7793174	0.4976074	0.483427	0.516573	7.805174
5190	-7933.45	-8184.415	250.9651	0.7793174	0.4859162	0.483427	0.516573	7.435216
5196	-7928.528	-8179.444	250.916	0.7793174	0.4740813	0.396492	0.603508	7.472325
5202	-7930.745	-8183.159	252.4144	0.8967476	0.4740813	0.508231	0.491769	6.602541
5208	-7943.614	-8196.115	252.501	0.8759732	0.5144555	0.534387	0.465613	6.530467
5214	-7935.277	-8185.674	250.3962	0.727263	0.567564	0.419912	0.580088	7.697888
5220	-7934.157	-8184.563	250.4057	0.7178199	0.567564	0.525025	0.474975	7.697888
5226	-7932.83	-8183.247	250.4171	0.8128974	0.567564	0.530267	0.469733	7.640916
5232	-7945.408	-8195.573	250.1645	0.8240883	0.5530842	0.533128	0.466872	7.781805
5238	-7938.706	-8189.65	250.9443	0.7588066	0.6050569	0.452793	0.547207	7.357758
5244	-7944.493	-8195.443	250.9498	0.7928623	0.5781114	0.45983	0.54017	7.357758
5250	-7944.403	-8195.544	251.1407	0.8117128	0.5585855	0.45983	0.54017	7.261056
5256	-7943.843	-8194.548	250.7057	0.7814529	0.4830835	0.513095	0.486905	7.575607
5262	-7939.006	-8189.885	250.8791	0.8119426	0.6640901	0.459679	0.540321	7.319974
5268	-7950.163	-8199.971	249.8079	0.6694051	0.5750832	0.459679	0.540321	8.036835
5274	-7944.973	-8194.511	249.5374	0.7609626	0.59685	0.490825	0.509175	8.115095
5280	-7933.055	-8185.344	252.2892	0.8191886	0.5757871	0.496597	0.503403	6.624152
5286	-7944.577	-8194.793	250.2157	0.8316148	0.438021	0.493834	0.506166	7.85292
5292	-7942.466	-8193.55	251.0845	0.7984398	0.5546585	0.493834	0.506166	7.301589
5298	-7949.233	-8199.502	250.2696	0.7909797	0.4496716	0.444252	0.555748	7.834663
5304	-7933.109	-8184.711	251.6016	0.7704244	0.6330634	0.496319	0.503681	6.97683
5310	-7933.672	-8185.826	252.1543	0.7933849	0.4881793	0.47629	0.52371	6.786006
5316	-7936.909	-8188.306	251.3977	0.7435426	0.49511	0.47629	0.52371	7.213992
5322	-7943.386	-8193.471	250.0853	0.7731742	0.4788928	0.47629	0.52371	7.915439
5328	-7936.91	-8188.674	251.7647	0.8402431	0.5308074	0.448621	0.551379	6.933324
5334	-7915.586	-8167.919	252.3337	0.854945	0.530477	0.543792	0.456208	6.618459
5340	-7935.125	-8186.05	250.9257	0.7940402	0.6899571	0.543792	0.456208	7.286089
5346	-7934.275	-8184.672	250.3975	0.7993867	0.5068044	0.393943	0.606057	7.709743
5352	-7932.741	-8182.772	250.031	0.7405609	0.5044471	0.500493	0.499507	7.939002
5358	-7947.474	-8196.074	248.5993	0.7131086	0.506933	0.500493	0.499507	8.713042
5364	-7953.916	-8204.654	250.7378	0.8002987	0.6583736	0.446195	0.553805	7.406172
5370	-7944.834	-8197.55	252.7169	0.8136422	0.5872264	0.51287	0.48713	6.386256
5376	-7935.634	-8187.813	252.1781	0.8447691	0.532577	0.503801	0.496199	6.706302
5382	-7953.334	-8203.949	250.6149	0.848637	0.5428757	0.456117	0.543883	7.536212
5388	-7947.365	-8197.606	250.2408	0.771351	0.485287	0.456117	0.543883	7.827587
5394	-7925.722	-8176.964	251.2419	0.7518049	0.5087284	0.454332	0.545668	7.281155
5400	-7926.912	-8177.44	250.5287	0.8020801	0.5779261	0.468294	0.531706	7.57867
5406	-7921.938	-8173.001	251.063	0.7689345	0.5830552	0.509065	0.490935	7.305923
5412	-7939.295	-8190.583	251.2874	0.7658429	0.6510363	0.450685	0.549315	7.134957
5418	-7933.536	-8185.193	251.6576	0.8550143	0.4946723	0.450685	0.549315	7.014644
5424	-7933.193	-8183.929	250.736	0.7904014	0.4824205	0.501125	0.498875	7.555191
5430	-7941.186	-8190.94	249.7542	0.7781411	0.6369775	0.452862	0.547138	7.959823
5436	-7934.087	-8184.667	250.5803	0.7549255	0.5313765	0.452862	0.547138	7.614573
5442	-7938.945	-8189.912	250.9668	0.7670838	0.5313765	0.516681	0.483319	7.401014
5448	-7942.064	-8192.82	250.7556	0.7627726	0.5313765	0.455112	0.544888	7.516513
5454	-7926.709	-8177.861	251.1512	0.747732	0.5436489	0.508227	0.491773	7.302122
5460	-7927.362	-8178.398	251.0364	0.8760281	0.5350488	0.465952	0.534048	7.302122
5466	-7928.822	-8181.317	252.4947	0.8630429	0.5249332	0.465952	0.534048	6.531768
5472	-7928.072	-8179.802	251.7292	0.8981602	0.466133	0.463057	0.536943	6.979007
5478	-7926.859	-8177.743	250.8842	0.7685862	0.529069	0.439534	0.560466	7.446491
5484	-7926.796	-8176.307	249.5107	0.7443706	0.5763148	0.519789	0.480211	8.154287
5490	-7933.313	-8184.532	251.2194	0.8006727	0.4976335	0.519789	0.480211	7.276836
5496	-7934.836	-8186.249	251.4125	0.8576686	0.6321684	0.515622	0.484378	7.032348
5502	-7934.347	-8185.183	250.8359	0.7585434	0.5574814	0.421163	0.578837	7.453966
5508	-7933.268	-8184.214	250.946	0.7499194	0.5372598	0.4712	0.5288	7.416403
5514	-7945.525	-8195.669	250.1439	0.808418	0.5139933	0.495571	0.504429	7.834158
5520	-7937.637	-8188.085	250.4482	0.808418	0.4757529	0.483174	0.516826	7.705581
5526	-7934.255	-8185.123	250.8681	0.7261606	0.6102352	0.483174	0.516826	7.412153
5532	-7942.625	-8192.243	249.6174	0.7563881	0.482527	0.426093	0.573907	8.170549
5538	-7946.256	-8197.179	250.9227	0.7740505	0.5217759	0.453825	0.546175	7.429155
5544	-7950.178	-8202.005	251.8265	0.8711588	0.5751098	0.453825	0.546175	6.846529
5550	-7935.61	-8186.325	250.7152	0.7731314	0.5751098	0.489162	0.510838	7.496505
5556	-7940.603	-8190.518	249.9146	0.7490505	0.5353235	0.560627	0.439373	7.970072
5562	-7934.341	-8184.65	250.3096	0.7093774	0.585677	0.510662	0.489338	7.739273
5568	-7948.328	-8199.089	250.7613	0.7901204	0.4427996	0.449478	0.550522	7.578832
5574	-7950.548	-8200.127	249.5795	0.7970204	0.4823036	0.487683	0.512317	8.169293
5580	-7953.467	-8204.913	251.446	0.8479605	0.5918365	0.435515	0.564485	7.050636
5586	-7943.738	-8194.911	251.1735	0.8479605	0.5866315	0.50477	0.49523	7.201291
5592	-7955.966	-8207.878	251.9115	0.7780937	0.5570016	0.416768	0.583232	6.865656
5598	-7956.559	-8208.012	251.4526	0.7813641	0.5990263	0.469105	0.530895	7.077254
5604	-7950.742	-8202.159	251.417	0.7813641	0.5307832	0.536987	0.463013	7.152157
5610	-7955.898	-8205.977	250.0786	0.714601	0.5849863	0.460929	0.539071	7.860432
5616	-7956.285	-8206.879	250.5939	0.6526224	0.59088	0.440711	0.559289	7.61345
5622	-7957.632	-8209.003	251.3708	0.8362008	0.6248037	0.548326	0.451674	7.071891
5628	-7946.156	-8196.99	250.834	0.7272621	0.6322725	0.424069	0.575931	7.41308
5634	-7955.639	-8205.757	250.1183	0.793865	0.5927676	0.421527	0.578473	7.790769
5640	-7940.62	-8190.809	250.1887	0.7908505	0.5480766	0.504522	0.495478	7.790769
5646	-7938.45	-8189.448	250.9978	0.8566043	0.5095498	0.502621	0.497379	7.355184
5652	-7932.74	-8183.921	251.1814	0.8821452	0.4816597	0.554311	0.445689	7.267885
5658	-7944.002	-8196.576	252.5744	0.8445974	0.5082603	0.558878	0.441122	6.513184
5664	-7936.787	-8187.499	250.7127	0.8603139	0.581557	0.50728	0.49272	7.445972
5670	-7948.442	-8199.32	250.8776	0.8235719	0.6379277	0.50728	0.49272	7.333817
5676	-7945.668	-8197.69	252.0221	0.8040632	0.5491112	0.475107	0.524893	6.798522
5682	-7942.993	-8193.671	250.6779	0.7376706	0.5300792	0.475107	0.524893	7.572674
5688	-7942.576	-8193.677	251.1007	0.7807099	0.4672414	0.464011	0.535989	7.37889
5694	-7937.49	-8188.291	250.8012	0.7680392	0.4932733	0.464011	0.535989	7.522448
5700	-7926.363	-8177.82	251.4572	0.8111174	0.5281947	0.464011	0.535989	7.116736
5706	-7941.755	-8192.595	250.8407	0.8111174	0.5282769	0.462205	0.537795	7.447634
5712	-7955.137	-8205.95	250.8132	0.8019676	0.5517031	0.509163	0.490837	7.447634
5718	-7937.376	-8187.719	250.343	0.7984912	0.5517031	0.495448	0.504552	7.701184
5724	-7935.725	-8185.335	249.6096	0.7199499	0.5941187	0.45276	0.54724	8.100593
5730	-7932.252	-8182.976	250.7239	0.8298846	0.4703162	0.475634	0.524366	7.551607
5736	-7949.995	-8200.613	250.6186	0.6991242	0.606923	0.490998	0.509002	7.56286
5742	-7938.812	-8190.502	251.6898	0.8203379	0.5010605	0.478585	0.521415	7.010306
5748	-7935.448	-8186.436	250.9883	0.8147438	0.586006	0.493612	0.506388	7.3191
5754	-7932.936	-8183.945	251.0088	0.7814958	0.4684412	0.493612	0.506388	7.426596
5760	-7943.229	-8195.703	252.4745	0.8763415	0.5486584	0.488717	0.511283	6.515272
5766	-7942.509	-8194.971	252.4615	0.8580538	0.5087969	0.53505	0.46495	6.566531
5772	-7944.469	-8196.124	251.6545	0.7841401	0.6110022	0.418277	0.581723	6.957769
5778	-7942.828	-8193.271	250.4422	0.7384454	0.6433369	0.465081	0.534919	7.608719
5784	-7931.644	-8184.001	252.3568	0.8703575	0.5489941	0.465081	0.534919	6.581929
5790	-7935.326	-8187.589	252.2631	0.8967113	0.5489941	0.504377	0.495623	6.618398
5796	-7936.139	-8187.527	251.388	0.8967113	0.6794899	0.469196	0.530804	6.989733
5802	-7929.903	-8182.99	253.0874	0.9071739	0.530164	0.403633	0.596367	6.181603
5808	-7937.967	-8189.82	251.8528	0.827629	0.5853208	0.464307	0.535693	6.847598
5814	-7938.275	-8188.632	250.3571	0.827629	0.5853208	0.45139	0.54861	7.650933
5820	-7950.968	-8201.867	250.9	0.8065788	0.547395	0.45139	0.54861	7.402223
5826	-7949.886	-8200.898	251.0123	0.7587083	0.4771265	0.45139	0.54861	7.428957
5832	-7944.178	-8194.78	250.6021	0.7725906	0.5201248	0.510188	0.489812	7.60306
5838	-7959.218	-8210.244	251.0264	0.7803676	0.5201248	0.535216	0.464784	7.371557
5844	-7941.042	-8192.882	251.8394	0.7857015	0.562248	0.515312	0.484688	6.896087
5850	-7937.87	-8188.236	250.3655	0.8232277	0.4750101	0.442661	0.557339	7.742599
5856	-7944.99	-8196.252	251.2616	0.8318084	0.4995729	0.52279	0.47721	7.235697
5862	-7946.718	-8196.805	250.0864	0.7069397	0.5560471	0.405043	0.594957	7.883663
5868	-7950.116	-8200.875	250.7595	0.8094362	0.5266657	0.52351	0.47649	7.493424
5874	-7946.305	-8196.278	249.9725	0.7582481	0.4653042	0.524968	0.475032	7.99603
5880	-7953.909	-8205.933	252.0239	0.8861998	0.4707087	0.455406	0.544594	6.82232
5886	-7949.803	-8201.607	251.8036	0.974207	0.3917992	0.4441	0.5559	6.971638
5892	-7954.766	-8205.139	250.373	0.7467152	0.5230125	0.501011	0.498989	7.73695
5898	-7942.053	-8192.966	250.9133	0.7846928	0.5942353	0.529134	0.470866	7.368937
5904	-7941.794	-8192.749	250.955	0.9018696	0.4925503	0.529134	0.470866	7.368937
5910	-7936.352	-8186.326	249.9737	0.7281779	0.455883	0.476678	0.523322	8.020228
5916	-7927.444	-8178.237	250.7922	0.8028356	0.5078314	0.495628	0.504372	7.495756
5922	-7943.843	-8195.164	251.3208	0.7982079	0.5078314	0.518468	0.481532	7.21464
5928	-7947.978	-8198.905	250.927	0.8280302	0.5534857	0.452967	0.547033	7.371165
5934	-7953.356	-8203.806	250.4499	0.8258792	0.4926886	0.452967	0.547033	7.680068
5940	-7945.253	-8194.813	249.5597	0.7929881	0.4973561	0.452967	0.547033	8.168538
5946	-7948.89	-8200.112	251.2217	0.7456337	0.5847668	0.518887	0.481113	7.231842
5952	-7949.618	-8199.731	250.1129	0.7456337	0.6057862	0.405142	0.594858	7.809287
5958	-7942.917	-8195.808	252.8903	0.9454113	0.6281611	0.444618	0.555382	6.188468
5964	-7947.198	-8197.564	250.3655	0.8034117	0.6228614	0.451944	0.548056	7.63032
5970	-7941.278	-8192.369	251.0902	0.8738341	0.5177982	0.474401	0.525599	7.289191
5976	-7941.252	-8192.27	251.0186	0.8188631	0.570417	0.47023	0.52977	7.31312
5982	-7952.196	-8201.826	249.6303	0.7377587	0.4475116	0.474975	0.525025	8.206039
5988	-7948.9	-8199.456	250.556	0.790032	0.5451998	0.436776	0.563224	7.597176
5994	-7938.579	-8189.432	250.8531	0.8046722	0.5910261	0.461083	0.538917	7.393036
6000	-7946.547	-8196.721	250.1732	0.7309466	0.5973152	0.488894	0.511106	7.791509
6006	-7940.552	-8191.495	250.9429	0.7916839	0.5374474	0.523191	0.476809	7.395521
6012	-7933.041	-8183.946	250.9052	0.842114	0.5293601	0.413546	0.586454	7.395521
6018	-7943.795	-8195.279	251.4842	0.8641425	0.4796893	0.413546	0.586454	7.116649
6024	-7933.684	-8184.626	250.9421	0.8380104	0.5749717	0.474844	0.525156	7.340218
6030	-7944.839	-8195.736	250.8964	0.8292373	0.5484551	0.517231	0.482769	7.391076
6036	-7938.577	-8188.953	250.3756	0.8100393	0.5428351	0.502415	0.497585	7.684986
6042	-7944.196	-8194.089	249.8929	0.7420376	0.5384801	0.476212	0.523788	7.982728
6048	-7940.519	-8190.353	249.8343	0.8173718	0.5439809	0.549461	0.450539	7.969224
6054	-7936.83	-8188.145	251.3158	0.8441735	0.6122867	0.569638	0.430362	7.106781
6060	-7940.449	-8191.861	251.4121	0.8406834	0.5499352	0.477068	0.522932	7.106781
6066	-7936.806	-8188.658	251.8522	0.8682123	0.412991	0.467497	0.532503	6.980674
6072	-7941.608	-8193.543	251.9351	0.785947	0.5368424	0.450292	0.549708	6.865576
6078	-7942.131	-8193.281	251.1496	0.7972394	0.63116	0.421077	0.578923	7.20697
6084	-7937.067	-8188.512	251.4453	0.7843372	0.5225128	0.421077	0.578923	7.142426
6090	-7936.383	-8187.774	251.3912	0.7136473	0.5209854	0.421077	0.578923	7.2108
6096	-7938.236	-8190.333	252.0966	0.8706839	0.6324701	0.473198	0.526802	6.656077
6102	-7948.766	-8201.173	252.4073	0.8777424	0.4825036	0.496671	0.503329	6.608896
6108	-7934.486	-8186.053	251.5668	0.8335404	0.5090805	0.445767	0.554233	7.062305
6114	-7932.613	-8183.915	251.3011	0.8747276	0.5409343	0.510286	0.489714	7.155649
6120	-7932.886	-8183.811	250.9259	0.8159219	0.5052516	0.475007	0.524993	7.419367
6126	-7934.655	-8185.668	251.0136	0.879547	0.4215558	0.502749	0.497251	7.416551
6132	-7931.529	-8184.063	252.5341	0.9721887	0.5165046	0.453452	0.546548	6.458619
6138	-7941.546	-8194.12	252.5741	0.9779932	0.4887336	0.453452	0.546548	6.458619
6144	-7925.459	-8178.572	253.1129	0.9572879	0.4860096	0.52917	0.47083	6.179754
6150	-7923.948	-8175.756	251.8073	0.8070622	0.5263631	0.500131	0.499869	6.932016
6156	-7932.313	-8183.691	251.3775	0.8617637	0.5073171	0.488668	0.511332	7.150466
6162	-7929.819	-8180.5	250.6809	0.7762081	0.6104983	0.470011	0.529989	7.485422
6168	-7937.586	-8188.335	250.7491	0.8228507	0.4878158	0.473827	0.526173	7.525912
6174	-7946.439	-8198.802	252.3629	0.9053906	0.6376521	0.452239	0.547761	6.489278
6180	-7953.939	-8204.958	251.0187	0.7692468	0.5415327	0.54239	0.45761	7.363437
6186	-7948.182	-8199.444	251.2618	0.773986	0.5767536	0.54239	0.45761	7.201499
6192	-7948.279	-8200.209	251.9293	0.773986	0.5424002	0.514187	0.485813	6.870465
6198	-7943.889	-8196.418	252.5287	0.8450094	0.538291	0.493695	0.506305	6.511661
6204	-7950.734	-8202.066	251.3324	0.9699788	0.4807546	0.534566	0.465434	7.140354
6210	-7943.548	-8194.884	251.3364	0.9662364	0.4493867	0.521056	0.478944	7.169534
6216	-7953.708	-8205.183	251.4745	0.8609745	0.474107	0.459508	0.540492	7.128696
6222	-7941.336	-8193.337	252.0005	0.8338287	0.5637493	0.492114	0.507886	6.782012
6228	-7948.1	-8200.333	252.2326	0.8338287	0.5637493	0.441944	0.558056	6.656635
6234	-7954.103	-8206.076	251.9727	0.8226184	0.6035567	0.441944	0.558056	6.77118
6240	-7941.857	-8193.019	251.1619	0.8088398	0.5530281	0.506903	0.493097	7.255778
6246	-7948.845	-8199.459	250.6141	0.7578546	0.5630455	0.480661	0.519339	7.568588
6252	-7940.934	-8191.228	250.2934	0.8522123	0.623727	0.460834	0.539166	7.642142
6258	-7942.583	-8192.838	250.2556	0.750273	0.5045667	0.45885	0.54115	7.813769
6264	-7946.807	-8197.381	250.5744	0.8359076	0.5079143	0.501599	0.498401	7.594618
6270	-7948.846	-8199.887	251.0408	0.8715535	0.4571223	0.585488	0.414512	7.371759
6276	-7947.934	-8198.687	250.7527	0.7023671	0.6332523	0.482957	0.517043	7.469288
6282	-7925.324	-8176.239	250.9152	0.8103171	0.5973361	0.501599	0.498401	7.351731
6288	-7915.811	-8166.794	250.9834	0.8160006	0.5482423	0.501599	0.498401	7.351731
6294	-7924.374	-8175.357	250.9834	0.8160006	0.5482423	0.509153	0.490847	7.351731
6300	-7923.884	-8174.86	250.9764	0.8160006	0.5527605	0.546464	0.453536	7.351731
6306	-7916.91	-8168.4	251.4907	0.8132594	0.4829557	0.516497	0.483503	7.137485
6312	-7919.238	-8170.285	251.0474	0.7525816	0.5807287	0.474537	0.525463	7.324955
6318	-7930.884	-8180.352	249.4677	0.7525816	0.5677721	0.421264	0.578736	8.179706
6324	-7925.251	-8176.034	250.783	0.8361996	0.5332611	0.464875	0.535125	7.460879
6330	-7925.778	-8176.979	251.2014	0.8361996	0.5576648	0.456413	0.543587	7.216039
6336	-7933.852	-8184.184	250.3322	0.7355711	0.594844	0.456413	0.543587	7.705968
6342	-7939.85	-8190.088	250.2381	0.757781	0.5075124	0.504376	0.495624	7.81657
6348	-7938.882	-8188.994	250.1121	0.782081	0.5532783	0.504376	0.495624	7.832097
6354	-7927.891	-8180.129	252.2385	0.8583738	0.5018525	0.504376	0.495624	6.693134
6360	-7936.234	-8187.036	250.8023	0.8028418	0.579425	0.454188	0.545812	7.430471
6366	-7937.784	-8187.647	249.8635	0.7189062	0.5343661	0.442796	0.557204	8.014189
6372	-7943.76	-8192.499	248.7388	0.647093	0.4708092	0.49624	0.50376	8.706268
6378	-7945.072	-8197.488	252.416	0.867909	0.6181899	0.467786	0.532214	6.495641
6384	-7938.976	-8187.787	248.8109	0.6738958	0.5019813	0.508069	0.491931	8.625911
6390	-7945.186	-8193.832	248.6459	0.7416914	0.4791218	0.514068	0.485932	8.697798
6396	-7923.319	-8172.554	249.2353	0.7922358	0.4514733	0.474624	0.525376	8.383481
6402	-7939.711	-8189.875	250.1631	0.7922358	0.4269851	0.497497	0.502503	7.91279
6408	-7947.584	-8197.584	250.0003	0.8014941	0.5160025	0.444407	0.555593	7.91279
6414	-7938.979	-8189.104	250.1241	0.7717471	0.5033833	0.501816	0.498184	7.873571
6420	-7943.93	-8193.79	249.86	0.7527665	0.5185364	0.501816	0.498184	8.011452
6426	-7940.983	-8190.703	249.7198	0.7108069	0.5185364	0.499525	0.500475	8.108567
6432	-7937.053	-8187.361	250.3085	0.7252987	0.5185364	0.499525	0.500475	7.786715
6438	-7938.81	-8190.526	251.7164	0.7252987	0.6102198	0.471768	0.528232	6.956728
6444	-7937.942	-8188.258	250.316	0.8725491	0.6102198	0.455383	0.544617	7.629437
6450	-7944.972	-8196.231	251.2587	0.8509394	0.4796514	0.536157	0.463843	7.244925
6456	-7939.257	-8190.484	251.2271	0.893362	0.4733663	0.554125	0.445875	7.244925
6462	-7931.919	-8182.295	250.3765	0.7605725	0.6037827	0.447831	0.552169	7.661945
6468	-7948.869	-8199.36	250.4917	0.7771126	0.5309185	0.447831	0.552169	7.650523
6474	-7932.773	-8182.96	250.1866	0.7717692	0.5309185	0.447831	0.552169	7.816443
6480	-7927.891	-8179.432	251.5407	0.7717692	0.6786282	0.545034	0.454966	6.975408
6486	-7941.904	-8192.368	250.464	0.7125441	0.6741755	0.487282	0.512718	7.588476
6492	-7930.433	-8180.949	250.5165	0.7772859	0.5905075	0.458955	0.541045	7.588476
6498	-7943.424	-8195.053	251.6287	0.8321041	0.5516772	0.50348	0.49652	6.993352
6504	-7940.122	-8190.903	250.7817	0.7415611	0.5544201	0.50348	0.49652	7.494655
6510	-7946.984	-8198.17	251.186	0.8039338	0.4623053	0.496156	0.503844	7.32528
6516	-7945.673	-8196.689	251.016	0.855836	0.5334392	0.496156	0.503844	7.32528
6522	-7933.121	-8184.723	251.6014	0.7805239	0.5607263	0.461967	0.538033	7.028352
6528	-7931.121	-8181.777	250.656	0.8823399	0.5338906	0.515866	0.484134	7.503674
6534	-7932.96	-8182.201	249.241	0.7284264	0.526829	0.418129	0.581871	8.346997
6540	-7935.476	-8186.162	250.6856	0.8690264	0.6109901	0.483925	0.516075	7.432797
6546	-7944.861	-8196.967	252.1064	0.8593974	0.5407496	0.483925	0.516075	6.73017
6552	-7944.404	-8194.865	250.461	0.736816	0.5114439	0.483925	0.516075	7.705225
6558	-7937.622	-8188.13	250.5077	0.7455112	0.5741409	0.47566	0.52434	7.62319
6564	-7928.223	-8178.33	250.107	0.7778886	0.6106642	0.520968	0.479032	7.791474
6570	-7935.21	-8186.771	251.5616	0.7778886	0.5034	0.496823	0.503177	7.100058
6576	-7949.492	-8201.12	251.6278	0.7994174	0.4738909	0.496823	0.503177	7.079532
6582	-7944.195	-8193.566	249.3716	0.830645	0.6373093	0.505375	0.494625	8.135556
6588	-7946.742	-8197.712	250.9698	0.8473156	0.6288215	0.456225	0.543775	7.278394
6594	-7938.092	-8188.554	250.4623	0.8433773	0.6059537	0.456225	0.543775	7.570045
6600	-7935.153	-8185.865	250.7118	0.7910555	0.5957162	0.503066	0.496934	7.472384
6606	-7955.094	-8205.801	250.7071	0.7504964	0.5426291	0.435252	0.564748	7.539612
6612	-7932.219	-8181.826	249.6069	0.7014905	0.6216618	0.511155	0.488845	8.090714
6618	-7924.316	-8174.053	249.7365	0.7665957	0.6246679	0.514048	0.485952	7.984669
6624	-7931.628	-8183.652	252.0242	0.8785571	0.6706856	0.472469	0.527531	6.662648
6630	-7928.131	-8180.726	252.596	0.8967845	0.4878251	0.472469	0.527531	6.491582
6636	-7928.779	-8181.336	252.5574	0.8967845	0.5111061	0.442178	0.557822	6.491582
6642	-7926.66	-8177.44	250.7795	0.7362142	0.6174134	0.483601	0.516399	7.448754
6648	-7933.885	-8184.853	250.9673	0.8276559	0.4645016	0.519835	0.480165	7.427759
6654	-7936.546	-8187.069	250.5233	0.7828932	0.4175657	0.510909	0.489091	7.734766
6660	-7935.577	-8186.211	250.6341	0.8571499	0.5520505	0.488974	0.511026	7.513741
6666	-7942.02	-8192.375	250.355	0.8039159	0.523988	0.482439	0.517561	7.715197
6672	-7937.454	-8189.129	251.6754	0.7801148	0.4598206	0.481991	0.518009	7.077438
6678	-7937.479	-8188.897	251.4175	0.7809799	0.640794	0.481991	0.518009	7.064446
6684	-7938.062	-8189.069	251.0071	0.785181	0.5564412	0.461401	0.538599	7.348769
6690	-7944.753	-8196.762	252.0095	0.7882627	0.4859995	0.461401	0.538599	6.868832
6696	-7932.147	-8183.555	251.4082	0.9669111	0.5106567	0.471016	0.528984	7.074514
6702	-7940.755	-8193.89	253.1348	0.863888	0.5106567	0.470022	0.529978	6.19643
6708	-7930.729	-8182.057	251.328	0.8516346	0.4697047	0.44894	0.55106	7.216509
6714	-7932.805	-8184.076	251.2704	0.7737549	0.5528467	0.501107	0.498893	7.216509
6720	-7940.555	-8191.647	251.092	0.8594953	0.4880212	0.473438	0.526562	7.322249
6726	-7964.065	-8216.138	252.0734	0.8237168	0.6220577	0.372857	0.627143	6.701935
6732	-7945.198	-8196.648	251.4505	0.8054829	0.5730023	0.4987	0.5013	7.086153
6738	-7933.709	-8184.904	251.1946	0.7892965	0.4149608	0.516536	0.483464	7.374494
6744	-7937.398	-8187.481	250.0828	0.7744186	0.5500954	0.516536	0.483464	7.854415
6750	-7940.859	-8191.029	250.1701	0.6871276	0.5500954	0.516536	0.483464	7.854415
6756	-7940.149	-8190.567	250.4178	0.6869692	0.6424243	0.516536	0.483464	7.650005
6762	-7919.855	-8170.281	250.4258	0.7350279	0.5748746	0.501036	0.498964	7.672045
6768	-7917.592	-8168.628	251.0361	0.78774	0.516251	0.501036	0.498964	7.365788
6774	-7928.392	-8178.445	250.0532	0.78774	0.4856049	0.492507	0.507493	7.91869
6780	-7930.325	-8179.463	249.1375	0.7711434	0.5279424	0.490241	0.509759	8.378414
6786	-7941.33	-8191.095	249.7646	0.7456372	0.4838887	0.469964	0.530036	8.096622
6792	-7945.374	-8193.469	248.0949	0.711109	0.5517398	0.477106	0.522894	8.943702
6798	-7940.701	-8191.226	250.525	0.7508972	0.5517398	0.477106	0.522894	7.629284
6804	-7952.284	-8201.795	249.5112	0.8452158	0.4910426	0.529022	0.470978	8.172178
6810	-7939.062	-8190.072	251.0098	0.7630608	0.5526696	0.409474	0.590526	7.36228
6816	-7944.593	-8195.077	250.484	0.8585505	0.5780583	0.493335	0.506665	7.572228
6822	-7939.168	-8190.789	251.6208	0.8327592	0.528069	0.422801	0.577199	7.017166
6828	-7937.678	-8189.142	251.4646	0.885895	0.5957149	0.509344	0.490656	7.017166
6834	-7944.686	-8196.712	252.0261	0.885895	0.5183573	0.509344	0.490656	6.778463
6840	-7951.504	-8203.918	252.4147	0.8216187	0.5499553	0.478808	0.521192	6.576191
6846	-7955.325	-8206.314	250.989	0.8108438	0.5932816	0.478808	0.521192	7.315056
6852	-7950.904	-8199.445	248.5403	0.6919053	0.6632944	0.474829	0.525171	8.632415
6858	-7935.375	-8183.911	248.5364	0.6976522	0.5735583	0.466664	0.533336	8.699247
6864	-7940.926	-8191.834	250.9087	0.8108675	0.6378302	0.441154	0.558846	7.324018
6870	-7933.998	-8184.764	250.7659	0.8108675	0.5718148	0.520588	0.479412	7.451792
6876	-7944.153	-8193.943	249.7907	0.7130552	0.4840166	0.520588	0.479412	8.099952
6882	-7940.951	-8192.122	251.1712	0.8164982	0.5417299	0.452605	0.547395	7.256077
6888	-7945.698	-8198.023	252.3245	0.839667	0.5686839	0.48018	0.51982	6.599731
6894	-7946.66	-8197.555	250.8949	0.8096938	0.5201366	0.48018	0.51982	7.426337
6900	-7940.958	-8191.993	251.0348	0.7765787	0.5201366	0.472024	0.527976	7.369107
6906	-7938.181	-8189.415	251.2332	0.7663283	0.5201366	0.472024	0.527976	7.268108
6912	-7933.911	-8184.709	250.7972	0.8735088	0.5391937	0.487941	0.512059	7.428289
6918	-7932.16	-8182.159	249.9987	0.7908954	0.507425	0.45525	0.54475	7.926761
6924	-7940.646	-8191.581	250.9353	0.784794	0.6103056	0.448254	0.551746	7.344587
6930	-7931.641	-8183.157	251.5158	0.8368519	0.5513149	0.542667	0.457333	7.051913
6936	-7931.207	-8182.992	251.7857	0.8520861	0.5513149	0.458748	0.541252	6.898329
6942	-7933.811	-8185.567	251.7564	0.934245	0.5513149	0.434519	0.565481	6.86982
6948	-7926.058	-8177.841	251.7832	0.8494034	0.5913227	0.462868	0.537132	6.868647
6954	-7921.954	-8172.512	250.5573	0.8494034	0.5213122	0.462868	0.537132	7.584933
6960	-7929.009	-8178.783	249.7735	0.7503081	0.6126426	0.538415	0.461585	7.98272
6966	-7928.255	-8179.764	251.5085	0.78982	0.6126426	0.459554	0.540446	7.032073
6972	-7931.201	-8182.781	251.5804	0.849706	0.5348531	0.457039	0.542961	7.024026
6978	-7922.442	-8174.643	252.2004	0.8881601	0.527729	0.457039	0.542961	6.674942
6984	-7916.812	-8169.147	252.335	0.8881601	0.527729	0.457039	0.542961	6.602172
6990	-7913.988	-8166.576	252.5884	0.8881601	0.5539211	0.44883	0.55117	6.442735
6996	-7929.005	-8180.376	251.3705	0.8164991	0.5539211	0.465365	0.534635	7.138811
7002	-7935.605	-8187.469	251.864	0.8493009	0.5252034	0.487429	0.512571	6.879698
7008	-7941.683	-8192.403	250.7202	0.846194	0.6568421	0.469263	0.530737	7.392113
7014	-7960.469	-8211.567	251.098	0.7662051	0.6119443	0.496131	0.503869	7.266004
7020	-7938.505	-8189.51	251.0054	0.8241778	0.6364437	0.496131	0.503869	7.266004
7026	-7934.523	-8185.789	251.2663	0.7859897	0.6364437	0.504566	0.495434	7.146344
7032	-7930.49	-8180.727	250.2369	0.7352079	0.6331989	0.504566	0.495434	7.727768
7038	-7919.643	-8170.005	250.3621	0.8032006	0.5055413	0.490846	0.509154	7.727768
7044	-7929.21	-8180.654	251.4436	0.8378284	0.6036935	0.473077	0.526923	7.0481
7050	-7925.674	-8176.425	250.7518	0.7955132	0.5459365	0.492054	0.507946	7.488776
7056	-7933.569	-8184.373	250.8034	0.777378	0.5246888	0.492054	0.507946	7.488776
7062	-7942.617	-8193.702	251.0848	0.7597862	0.4904061	0.492054	0.507946	7.377438
7068	-7941.117	-8190.766	249.6487	0.8176369	0.4873872	0.450308	0.549692	8.116857
7074	-7943.548	-8194.277	250.7286	0.7505473	0.5800466	0.486281	0.513719	7.497508
7080	-7935.25	-8186.22	250.97	0.822438	0.5077745	0.436187	0.563813	7.390025
7086	-7941.837	-8193.404	251.5674	0.822438	0.598576	0.4356	0.5644	6.993728
7092	-7933.172	-8185.269	252.0967	0.8332842	0.5794865	0.428008	0.571992	6.717552
7098	-7933.12	-8184.72	251.6	0.7718538	0.583622	0.438497	0.561503	7.015258
7104	-7936.473	-8188.086	251.6125	0.8196444	0.5439534	0.443097	0.556903	7.015258
7110	-7937.043	-8187.516	250.4728	0.8456141	0.5439534	0.515872	0.484128	7.61298
7116	-7928.834	-8179.438	250.6043	0.7938091	0.5107452	0.452759	0.547241	7.598664
7122	-7945.163	-8196.059	250.896	0.7607068	0.519679	0.50061	0.49939	7.452399
7128	-7952.709	-8203.793	251.0836	0.7506712	0.6423049	0.485805	0.514195	7.259089
7134	-7940.766	-8192.808	252.0417	0.8547358	0.6519792	0.492199	0.507801	6.679762
7140	-7933.857	-8185.036	251.1798	0.832771	0.5301518	0.487251	0.512749	7.252527
7146	-7941.26	-8191.568	250.3075	0.7885778	0.5810145	0.487251	0.512749	7.701748
7152	-7934.163	-8184.486	250.3228	0.8100698	0.5654113	0.487251	0.512749	7.694627
7158	-7915.081	-8165.597	250.5154	0.7114375	0.598959	0.470927	0.529073	7.617683
7164	-7929.028	-8178.563	249.5347	0.7104401	0.4540268	0.471591	0.528409	8.265278
7170	-7939.049	-8188.571	249.5217	0.7656881	0.4540268	0.471591	0.528409	8.242821
7176	-7946.251	-8197.385	251.1346	0.8212901	0.5291549	0.546897	0.453103	7.283821
7182	-7949.022	-8200.176	251.1534	0.7977506	0.5176757	0.457307	0.542693	7.29624
7188	-7936.659	-8187.735	251.0767	0.7977506	0.5667564	0.529118	0.470882	7.29624
7194	-7938.937	-8191.146	252.2086	0.7748397	0.5667564	0.46087	0.53913	6.699013
7200	-7939.151	-8191.237	252.0859	0.864534	0.5888909	0.453164	0.546836	6.699013
7206	-7953.826	-8203.651	249.8244	0.7584616	0.4918314	0.442733	0.557267	8.050768
7212	-7948.971	-8198.589	249.6177	0.7140421	0.5652617	0.463903	0.536097	8.12235
7218	-7942.717	-8192.205	249.4888	0.661446	0.579179	0.516233	0.483767	8.207863
7224	-7943.802	-8192.651	248.8489	0.6934338	0.5354588	0.563895	0.436105	8.566711
7230	-7946.577	-8196.541	249.9637	0.7043444	0.5354588	0.541687	0.458313	7.967577
7236	-7950.054	-8200.201	250.1469	0.7132661	0.5500933	0.537211	0.462789	7.852864
7242	-7948.836	-8200.889	252.0534	0.858547	0.534531	0.499139	0.500861	6.76456
7248	-7940.717	-8191.441	250.7241	0.858547	0.534531	0.498988	0.501012	7.479436
7254	-7929.098	-8180.987	251.8885	0.8679302	0.5088255	0.475133	0.524867	6.870737
7260	-7933.613	-8183.814	250.2018	0.7595372	0.5411657	0.445988	0.554012	7.806266
7266	-7947.102	-8197.747	250.6446	0.7731552	0.5593424	0.527905	0.472095	7.547122
7272	-7929.765	-8180.041	250.2755	0.7731552	0.5207225	0.520001	0.479999	7.776888
7278	-7927.752	-8177.596	249.8444	0.7965349	0.5396917	0.520001	0.479999	7.978518
7284	-7939.797	-8188.6	248.803	0.7965349	0.6098581	0.488259	0.511741	8.476871
7290	-7935.86	-8185.836	249.9761	0.796204	0.5713892	0.431939	0.568061	7.882451
7296	-7949.478	-8200.151	250.6733	0.8787218	0.5224036	0.431243	0.568757	7.506181
7302	-7945.815	-8197.072	251.2571	0.8787218	0.5761428	0.470811	0.529189	7.148211
7308	-7949.126	-8201.082	251.9561	0.7731225	0.5979544	0.475268	0.524732	6.811293
7314	-7929.235	-8180.914	251.678	0.7947794	0.5338166	0.475268	0.524732	7.001924
7320	-7930.254	-8180.375	250.1209	0.7264616	0.6004137	0.503342	0.496658	7.819422
7326	-7940.446	-8191.461	251.0151	0.7152421	0.6004137	0.444052	0.555948	7.346772
7332	-7941.424	-8191.908	250.4835	0.7902253	0.598723	0.46338	0.53662	7.592756
7338	-7942.686	-8194.03	251.3439	0.7367173	0.5253216	0.46338	0.53662	7.220103
7344	-7932.997	-8182.859	249.8613	0.7367173	0.5253216	0.46338	0.53662	8.013529
7350	-7937.646	-8187.967	250.3215	0.7367173	0.6300328	0.446099	0.553901	7.684097
7356	-7924.522	-8174.959	250.4379	0.7785276	0.6300328	0.494948	0.505052	7.599497
7362	-7932.702	-8181.979	249.2771	0.7441519	0.5512586	0.460405	0.539595	8.299051
7368	-7931.616	-8181.892	250.2758	0.7724526	0.5512586	0.521183	0.478817	7.7514
7374	-7932.83	-8183.8	250.9697	0.8314211	0.5580698	0.516352	0.483648	7.342674
7380	-7939.715	-8190.546	250.831	0.8235338	0.5697379	0.516352	0.483648	7.411765
7386	-7944.561	-8194.979	250.4174	0.8159949	0.5585902	0.486558	0.513442	7.646376
7392	-7942.764	-8192.533	249.7698	0.7640454	0.6094543	0.486558	0.513442	7.979813
7398	-7934.435	-8184.403	249.9678	0.7492343	0.5923059	0.47142	0.52858	7.895327
7404	-7937.472	-8188.318	250.8456	0.8268589	0.5244576	0.447926	0.552074	7.439858
7410	-7940.199	-8191.18	250.9807	0.7904661	0.6574227	0.506953	0.493047	7.281824
7416	-7932.122	-8183.591	251.4695	0.8878905	0.4915912	0.491809	0.508191	7.100937
7422	-7935.554	-8188.337	252.7827	0.8428557	0.4915912	0.48967	0.51033	6.416169
7428	-7926.535	-8178.399	251.8638	0.8252265	0.6334612	0.52865	0.47135	6.805622
7434	-7924.802	-8176.338	251.5361	0.8076627	0.5366728	0.52865	0.47135	7.068976
7440	-7932.656	-8185.416	252.7604	0.8778749	0.5092295	0.519894	0.480106	6.393466
7446	-7924.044	-8175.464	251.4197	0.8779717	0.6098078	0.519894	0.480106	7.034595
7452	-7948.415	-8198.98	250.5646	0.7684078	0.570021	0.438714	0.561286	7.583788
7458	-7936.46	-8186.196	249.7359	0.7172915	0.551168	0.427156	0.572844	8.069096
7464	-7941.046	-8192.988	251.9422	0.8082666	0.6287347	0.464347	0.535653	6.776022
7470	-7933.408	-8185.11	251.7022	0.8489398	0.6277048	0.512309	0.487691	6.884322
7476	-7929.056	-8180.184	251.1282	0.8018973	0.5343531	0.512309	0.487691	7.293241
7482	-7929.184	-8180.625	251.4412	0.8018973	0.5343531	0.502306	0.497694	7.125069
7488	-7926.383	-8176.998	250.6151	0.8018973	0.6041375	0.454455	0.545545	7.51187
7494	-7929.392	-8178.578	249.1852	0.7494233	0.5726644	0.457237	0.542763	8.327776
7500	-7928.032	-8178.615	250.583	0.8629634	0.5248011	0.532766	0.467234	7.560881
7506	-7944.005	-8194.975	250.9702	0.7657089	0.5248011	0.463541	0.536459	7.405574
7512	-7934.182	-8185.458	251.2756	0.8060354	0.5448791	0.463541	0.536459	7.202959
7518	-7933.9	-8184.961	251.0617	0.744264	0.5497836	0.500387	0.499613	7.346923
7524	-7941.823	-8192.786	250.9631	0.805275	0.5911491	0.447872	0.552128	7.333637
7530	-7933.914	-8185.18	251.2657	0.7219908	0.595569	0.479584	0.520416	7.212371
7536	-7935.154	-8186.398	251.2444	0.8460829	0.5281491	0.479632	0.520368	7.212371
7542	-7938.218	-8189.75	251.5313	0.8268663	0.5187244	0.495928	0.504072	7.076583
7548	-7949.299	-8201.06	251.7612	0.8438658	0.4473044	0.514512	0.485488	7.008876
7554	-7937.527	-8187.562	250.0355	0.729342	0.4494709	0.514512	0.485488	7.992746
7560	-7923.272	-8173.97	250.6985	0.7690195	0.5248666	0.428603	0.571397	7.54929
7566	-7939.239	-8188.9	249.6611	0.7813639	0.5226163	0.428603	0.571397	8.09878
7572	-7944.846	-8194.08	249.2338	0.6523573	0.6038857	0.489298	0.510702	8.329107
7578	-7932.679	-8183.843	251.1644	0.7959738	0.6259721	0.522041	0.477959	7.203639
7584	-7927.868	-8179.253	251.3844	0.7959738	0.471619	0.52623	0.47377	7.214346
7590	-7946.592	-8197.348	250.7564	0.7257189	0.471619	0.500623	0.499377	7.588789
7596	-7950.657	-8200.273	249.6158	0.7257189	0.5748894	0.456008	0.543992	8.109411
7602	-7938.265	-8189.556	251.2912	0.7567516	0.5940556	0.464395	0.535605	7.181198
7608	-7940.169	-8189.77	249.6001	0.723031	0.5958111	0.471874	0.528126	8.102669
7614	-7961.311	-8211.479	250.168	0.7212966	0.4567022	0.520078	0.479922	7.919476
7620	-7939.325	-8190.755	251.4293	0.8028074	0.4933744	0.52861	0.47139	7.166702
7626	-7946.056	-8195.364	249.3081	0.745474	0.6196977	0.550837	0.449163	8.227926
7632	-7941.685	-8191.619	249.9344	0.6973555	0.6171042	0.46849	0.53151	7.921715
7638	-7947.737	-8196.858	249.1214	0.7084153	0.6851463	0.431719	0.568281	8.299298
7644	-7941.078	-8192.064	250.9863	0.859225	0.434522	0.528533	0.471467	7.429281
7650	-7934.857	-8185.178	250.3215	0.8121057	0.5454331	0.449378	0.550622	7.710607
7656	-7931.714	-8183.068	251.3544	0.7840877	0.538024	0.458658	0.541342	7.178186
7662	-7925.25	-8176.831	251.5815	0.8657045	0.4840408	0.445495	0.554505	7.059484
7668	-7925.011	-8176.931	251.9192	0.8049463	0.5274859	0.481195	0.518805	6.871874
7674	-7922.271	-8173.65	251.379	0.8135791	0.6437057	0.42907	0.57093	7.065435
7680	-7933.695	-8184.01	250.3143	0.7671069	0.5761297	0.454536	0.545464	7.71348
7686	-7943.321	-8193.791	250.4699	0.775693	0.5486068	0.44983	0.55017	7.648095
7692	-7942.953	-8194.465	251.5122	0.794166	0.5486068	0.48025	0.51975	7.079066
7698	-7961.726	-8213.112	251.3859	0.7673839	0.6538834	0.526355	0.473645	7.079066
7704	-7944.825	-8195.678	250.8535	0.7673839	0.5384555	0.526355	0.473645	7.455601
7710	-7943.216	-8195.264	252.0481	0.899917	0.5384555	0.472345	0.527655	6.741706
7716	-7930.936	-8183.619	252.6833	0.8215365	0.5152227	0.467379	0.532621	6.460535
7722	-7947.701	-8198.075	250.3736	0.7794394	0.5314105	0.503597	0.496403	7.712
7728	-7941.897	-8192.779	250.8822	0.755074	0.5508589	0.480641	0.519359	7.436489
7734	-7945.514	-8197.063	251.5491	0.8333461	0.5508589	0.480641	0.519359	7.036209
7740	-7942.008	-8192.523	250.5141	0.7756208	0.6524374	0.479107	0.520893	7.543609
7746	-7925.545	-8177.504	251.9591	0.8162825	0.5490237	0.516492	0.483508	6.825992
7752	-7942.492	-8194.982	252.4902	0.917599	0.6006113	0.516492	0.483508	6.442217
7758	-7939.32	-8190.068	250.7478	0.7907774	0.5625331	0.461953	0.538047	7.479773
7764	-7935.24	-8185.724	250.4835	0.790525	0.5361915	0.445987	0.554013	7.643262
7770	-7936.62	-8185.725	249.1042	0.7581516	0.5118911	0.457793	0.542207	8.416742
7776	-7926.225	-8176.573	250.3482	0.8113541	0.4968283	0.452071	0.547929	7.738525
7782	-7948.525	-8197.931	249.4069	0.7324752	0.5210871	0.503011	0.496989	8.261504
7788	-7943.237	-8193.306	250.0686	0.7357854	0.5357555	0.48711	0.51289	7.894619
7794	-7944.034	-8193.843	249.8087	0.7798448	0.6027423	0.547002	0.452998	7.95578
7800	-7935.683	-8185.859	250.1761	0.7687792	0.5715367	0.462118	0.537882	7.790163
7806	-7936.857	-8186.446	249.5898	0.8242272	0.5247075	0.462118	0.537882	8.112106
7812	-7934.96	-8185.226	250.2655	0.768674	0.5584329	0.469712	0.530288	7.753033
7818	-7951.847	-8202.946	251.0991	0.768674	0.6520214	0.469712	0.530288	7.233937
7824	-7961.673	-8212.726	251.0522	0.8004897	0.5445561	0.469712	0.530288	7.326167
7830	-7952.943	-8203.048	250.1048	0.7721627	0.6186269	0.399948	0.600052	7.789643
7836	-7938.466	-8188.521	250.0558	0.7721627	0.6537821	0.456493	0.543507	7.789643
7842	-7949.967	-8200.941	250.9742	0.8411366	0.6090695	0.505975	0.494025	7.294449
7848	-7939.737	-8189.74	250.0027	0.8138534	0.4944693	0.499734	0.500266	7.923771
7854	-7950.297	-8202.245	251.9481	0.877372	0.602006	0.499626	0.500374	6.756135
7860	-7941.248	-8192.041	250.7931	0.8272377	0.5526531	0.506256	0.493744	7.444049
7866	-7951.837	-8202.643	250.8063	0.7669065	0.6004213	0.506256	0.493744	7.431011
7872	-7941.824	-8192.619	250.7948	0.7669065	0.6083716	0.460332	0.539668	7.431011
7878	-7937.245	-8188.892	251.647	0.8439623	0.5230788	0.497136	0.502864	7.001317
7884	-7928.63	-8180.611	251.9802	0.8022901	0.608102	0.497136	0.502864	6.774611
7890	-7923.1	-8172.903	249.8033	0.7985442	0.498729	0.471065	0.528935	8.034562
7896	-7927.14	-8176.972	249.8321	0.8005456	0.6074907	0.426023	0.573977	7.928577
7902	-7938.932	-8190.088	251.1553	0.8161729	0.5214331	0.477834	0.522166	7.282033
7908	-7940.895	-8192.187	251.2921	0.8170227	0.645318	0.490791	0.509209	7.109136
7914	-7949.457	-8200.277	250.8194	0.8671608	0.3639284	0.524857	0.475143	7.587536
7920	-7944.674	-8195.161	250.4866	0.7785252	0.5013782	0.529144	0.470856	7.678026
7926	-7945.545	-8196.746	251.2017	0.7785252	0.5184256	0.529801	0.470199	7.279936
7932	-7942.236	-8192.667	250.4315	0.807678	0.583497	0.529801	0.470199	7.623251
7938	-7949.854	-8199.971	250.1175	0.6487571	0.5938431	0.464371	0.535629	7.867854
7944	-7955.121	-8205.315	250.1937	0.8041168	0.4500376	0.464371	0.535629	7.867854
7950	-7956.799	-8208.857	252.0576	0.8653624	0.5748317	0.495502	0.504498	6.725136
7956	-7946.609	-8196.328	249.7189	0.7557179	0.4943788	0.586146	0.413854	8.106199
7962	-7937.624	-8189.519	251.8954	0.8110122	0.5495952	0.470032	0.529968	6.862725
7968	-7942.765	-8194.598	251.8329	0.8685411	0.5495952	0.402425	0.597575	6.865435
7974	-7931.176	-8184.25	253.0744	0.8803123	0.5078927	0.494773	0.505227	6.222827
7980	-7952.816	-8202.682	249.8658	0.7534042	0.5073561	0.465184	0.534816	8.017716
7986	-7950.46	-8199.635	249.1753	0.7080204	0.5790842	0.551319	0.448681	8.349974
7992	-7943.333	-8193.39	250.0566	0.7559971	0.6765393	0.473515	0.526485	7.781397
7998	-7941.786	-8192.588	250.8024	0.7596224	0.5960985	0.487067	0.512933	7.440383
8004	-7931.789	-8183.748	251.9584	0.8150398	0.5129173	0.488014	0.511986	6.857945
8010	-7923.566	-8175.678	252.1116	0.8275613	0.5698736	0.488014	0.511986	6.720412
8016	-7927.077	-8177.596	250.5194	0.8275613	0.5453516	0.488014	0.511986	7.596559
8022	-7922.793	-8174.018	251.225	0.8186486	0.521344	0.488014	0.511986	7.24339
8028	-7914.463	-8165.765	251.3018	0.7410698	0.5692539	0.451566	0.548434	7.203763
8034	-7927.778	-8178.331	250.5529	0.7910009	0.5304712	0.451566	0.548434	7.610688
8040	-7936.775	-8186.703	249.9278	0.7431188	0.618273	0.424706	0.575294	7.89993
8046	-7935.553	-8186.753	251.1997	0.8185933	0.4813374	0.460734	0.539266	7.292468
8052	-7944.577	-8195.641	251.0644	0.8185933	0.4760509	0.438853	0.561147	7.369883
8058	-7944.138	-8195.189	251.0504	0.7769764	0.5093223	0.49451	0.50549	7.369883
8064	-7931.059	-8181.118	250.059	0.7347836	0.5129991	0.464792	0.535208	7.919663
8070	-7934.667	-8184.626	249.9589	0.7347836	0.5792038	0.464792	0.535208	7.918169
8076	-7943.288	-8191.206	247.9175	0.7169129	0.5929818	0.493584	0.506416	9.00172
8082	-7931.893	-8180.417	248.5239	0.7372397	0.5261307	0.49616	0.50384	8.723804
8088	-7936.981	-8186.393	249.4118	0.7344176	0.5151693	0.441583	0.558417	8.262944
8094	-7934.694	-8185.906	251.2126	0.8027238	0.5052164	0.596701	0.403299	7.272636
8100	-7930.167	-8181.824	251.6572	0.8450449	0.5886649	0.5537	0.4463	6.941013
8106	-7929.517	-8180.514	250.9971	0.8450449	0.5890807	0.472324	0.527676	7.295674
8112	-7935.544	-8185.754	250.2093	0.8342933	0.5714483	0.500703	0.499297	7.737464
8118	-7939.097	-8189.741	250.644	0.7961999	0.488295	0.440634	0.559366	7.596017
8124	-7936.284	-8186.81	250.5255	0.8411421	0.5334159	0.440634	0.559366	7.596017
8130	-7929.669	-8179.431	249.7618	0.778976	0.5334159	0.483908	0.516092	8.037189
8136	-7936.299	-8188.217	251.9175	0.8312228	0.5377093	0.478038	0.521962	6.84994
8142	-7937.669	-8187.91	250.2411	0.8272653	0.465159	0.478038	0.521962	7.815998
8148	-7935.484	-8185.984	250.5001	0.7491309	0.5621705	0.45174	0.54826	7.634992
8154	-7930.066	-8180.946	250.8798	0.8690962	0.4745156	0.439679	0.560321	7.44319
8160	-7932.778	-8184.234	251.4557	0.7935639	0.5091168	0.481296	0.518704	7.143534
8166	-7930.002	-8181.412	251.4101	0.7935639	0.5375712	0.488789	0.511211	7.143534
8172	-7937.821	-8188.554	250.7334	0.8232242	0.4451805	0.532952	0.467048	7.573735
8178	-7937.158	-8188.322	251.1643	0.7550527	0.6794977	0.439345	0.560655	7.186268
8184	-7940.838	-8192.143	251.3057	0.8050437	0.5570674	0.502324	0.497676	7.177253
8190	-7936.755	-8187.421	250.6655	0.7450268	0.5570674	0.496136	0.503864	7.552834
8196	-7960.512	-8212.218	251.706	0.7960817	0.5336904	0.442364	0.557636	6.986256
8202	-7943.028	-8194.558	251.5301	0.8665592	0.5884621	0.442364	0.557636	6.998042
8208	-7942.246	-8193.119	250.873	0.7686604	0.5884621	0.499596	0.500404	7.40373
8214	-7950.485	-8199.118	248.6329	0.6657834	0.5337214	0.465364	0.534636	8.697499
8220	-7944.809	-8195.71	250.9005	0.78593	0.5219965	0.54121	0.45879	7.434486
8226	-7952.635	-8203.613	250.9774	0.8565595	0.4830866	0.54121	0.45879	7.389775
8232	-7942.699	-8193.363	250.6639	0.8026504	0.5992073	0.396815	0.603185	7.489137
8238	-7933.518	-8183.982	250.4635	0.8411487	0.5787348	0.556714	0.443286	7.591961
8244	-7931.706	-8183.907	252.2006	0.8208344	0.5375047	0.462203	0.537797	6.702867
8250	-7928.983	-8181.152	252.1696	0.8222749	0.5629142	0.524039	0.475961	6.697616
8256	-7943.041	-8195.176	252.1359	0.9005988	0.5629142	0.537883	0.462117	6.673502
8262	-7931.451	-8183.671	252.2203	0.8776084	0.5235645	0.479844	0.520156	6.673502
8268	-7947.16	-8199.42	252.2595	0.8181762	0.5363326	0.479844	0.520156	6.673502
8274	-7931.391	-8182.857	251.4657	0.859023	0.5332029	0.48706	0.51294	7.082124
8280	-7927.353	-8178.208	250.8548	0.7548215	0.5273294	0.457616	0.542384	7.471071
8286	-7953.605	-8204.234	250.6288	0.7872144	0.5003175	0.457616	0.542384	7.598214
8292	-7933.977	-8184.278	250.3007	0.7302051	0.5622063	0.485	0.515	7.751723
8298	-7932.175	-8182.058	249.8835	0.7302051	0.5622063	0.521256	0.478744	7.974487
8304	-7947.917	-8199.582	251.6653	0.7430039	0.6468591	0.481145	0.518855	6.946936
8310	-7941.009	-8192.071	251.0621	0.7700401	0.5994524	0.481824	0.518176	7.292901
8316	-7942.268	-8193.387	251.1183	0.873409	0.496646	0.480916	0.519084	7.292901
8322	-7922.257	-8174.327	252.0701	0.8327801	0.5673783	0.498023	0.501977	6.742052
8328	-7922.315	-8173.814	251.4994	0.801692	0.5748822	0.421283	0.578717	7.060358
8334	-7930.84	-8182.828	251.9887	0.801692	0.6559715	0.421283	0.578717	6.734132
8340	-7914.383	-8166.562	252.1797	0.8668881	0.4864551	0.425094	0.574906	6.734132
8346	-7919.354	-8171.002	251.648	0.8344784	0.5287282	0.426037	0.573963	7.001029
8352	-7926.554	-8175.798	249.2443	0.8388763	0.550813	0.490809	0.509191	8.26645
8358	-7926.643	-8177.533	250.8897	0.7038022	0.5654507	0.507701	0.492299	7.447992
8364	-7927.836	-8178.62	250.7838	0.8096908	0.5654507	0.469364	0.530636	7.447992
8370	-7933.249	-8185.296	252.0471	0.7958411	0.6294167	0.516665	0.483335	6.725549
8376	-7932.861	-8184.331	251.4707	0.8102101	0.5175265	0.519809	0.480191	7.119156
8382	-7936.75	-8187.335	250.5849	0.8385352	0.5767652	0.519809	0.480191	7.529953
8388	-7932.456	-8183.732	251.2759	0.8392299	0.5748001	0.48522	0.51478	7.16042
8394	-7953.637	-8205.753	252.1156	0.8392299	0.4682396	0.535059	0.464941	6.800496
8400	-7943.001	-8193.187	250.1854	0.7635806	0.4813797	0.470268	0.529732	7.864847
8406	-7935.179	-8186.354	251.1756	0.8847412	0.4898748	0.470268	0.529732	7.26217
8412	-7950.585	-8202.205	251.6205	0.8847412	0.4803263	0.497662	0.502338	7.031621
8418	-7953.934	-8205.836	251.9015	0.7933568	0.6663621	0.463085	0.536915	6.778073
8424	-7931.849	-8183.115	251.2654	0.8386319	0.4983137	0.482707	0.517293	7.231106
8430	-7956.249	-8208.19	251.9415	0.9608436	0.4873885	0.531727	0.468273	6.811204
8436	-7949.03	-8200.106	251.0753	0.8405634	0.5891868	0.48436	0.51564	7.255991
8442	-7950.58	-8199.829	249.2488	0.8168422	0.4707446	0.401787	0.598213	8.34529
8448	-7955.927	-8206.208	250.2805	0.7281446	0.5325661	0.51494	0.48506	7.788173
8454	-7945.68	-8196.356	250.6755	0.7871929	0.6351933	0.478987	0.521013	7.463715
8460	-7957.314	-8209.356	252.0428	0.846226	0.6351933	0.466148	0.533852	6.696289
8466	-7958.812	-8208.537	249.7245	0.7658586	0.6465471	0.466148	0.533852	7.975154
8472	-7957.595	-8207.847	250.2519	0.8246219	0.4827192	0.466148	0.533852	7.795538
8478	-7959.387	-8210.551	251.1644	0.7593995	0.6098506	0.466148	0.533852	7.235573
8484	-7946.851	-8198.203	251.3528	0.7822822	0.5279248	0.428509	0.571491	7.18859
8490	-7946.27	-8197.88	251.6108	0.7530692	0.4955951	0.470297	0.529703	7.093866
8496	-7941.101	-8191.829	250.7277	0.7890063	0.6243408	0.457148	0.542852	7.442948
8502	-7937.798	-8188.154	250.3559	0.8346917	0.5495921	0.478473	0.521527	7.676701
8508	-7943.517	-8195.064	251.5469	0.8346917	0.6592697	0.41594	0.58406	6.95219
8514	-7933.35	-8184.146	250.796	0.8601422	0.4757125	0.568019	0.431981	7.491786
8520	-7931.348	-8182.954	251.6056	0.8411459	0.6598832	0.464225	0.535775	6.916662
8526	-7927.548	-8179.339	251.7916	0.7228458	0.5939021	0.495416	0.504584	6.930276
8532	-7931.978	-8183.54	251.5615	0.7868	0.5939021	0.467824	0.532176	7.019763
8538	-7930.697	-8180.47	249.7723	0.7272623	0.5488991	0.492382	0.507618	8.046272
8544	-7941.71	-8192.926	251.2162	0.8495539	0.6552016	0.474387	0.525613	7.125183
8550	-7941.25	-8192.489	251.2385	0.8495539	0.5261019	0.474387	0.525613	7.215414
8556	-7952.078	-8202.588	250.5107	0.7679596	0.5189039	0.474387	0.525613	7.655499
8562	-7968.687	-8219.251	250.5639	0.8836705	0.589321	0.443169	0.556831	7.507077
8568	-7942.013	-8192.833	250.8205	0.7815689	0.705138	0.460305	0.539695	7.338603
8574	-7940.16	-8190.955	250.7942	0.7914915	0.5044168	0.494414	0.505586	7.503751
8580	-7946.822	-8197.167	250.3452	0.8360056	0.5377188	0.447934	0.552066	7.691608
8586	-7944.87	-8195.665	250.795	0.7467902	0.463882	0.468881	0.531119	7.563975
8592	-7932.792	-8182.76	249.968	0.7467902	0.4398856	0.493585	0.506415	8.028559
8598	-7945.826	-8195.183	249.357	0.7530361	0.4868768	0.509794	0.490206	8.307017
8604	-7945.319	-8195.347	250.0278	0.7497622	0.6586011	0.522026	0.477974	7.813053
8610	-7944.826	-8196.648	251.8223	0.8607423	0.4837847	0.488742	0.511258	6.93269
8616	-7940.405	-8191.284	250.8797	0.7634179	0.4934003	0.494975	0.505025	7.482763
8622	-7943.679	-8193.478	249.7996	0.7342107	0.5874045	0.477141	0.522859	7.996974
8628	-7948.171	-8198.458	250.2873	0.7786029	0.528519	0.510125	0.489875	7.761022
8634	-7945.243	-8194.818	249.5758	0.7418728	0.5166795	0.450273	0.549727	8.170322
8640	-7951.292	-8200.798	249.5062	0.6446667	0.6273966	0.470486	0.529514	8.170322
8646	-7941.636	-8192.402	250.7666	0.770749	0.4843716	0.458984	0.541016	7.547535
8652	-7943.956	-8194.27	250.3139	0.8000209	0.5563219	0.473042	0.526958	7.712134
8658	-7952.257	-8202.392	250.1346	0.6343527	0.5666955	0.496612	0.503388	7.888027
8664	-7958.908	-8209.409	250.5016	0.8294389	0.5666955	0.444454	0.555546	7.58753
8670	-7944.07	-8195.482	251.4122	0.922965	0.5189799	0.454743	0.545257	7.088726
8676	-7953.41	-8205.346	251.9356	0.9258374	0.5496029	0.532358	0.467642	6.779111
8682	-7947.443	-8198.602	251.1589	0.8019652	0.4602051	0.532358	0.467642	7.342826
8688	-7953.227	-8204.273	251.0458	0.6857201	0.5731171	0.543818	0.456182	7.367791
8694	-7940.031	-8191.019	250.9879	0.7737969	0.5414807	0.524166	0.475834	7.377578
8700	-7957.639	-8206.287	248.648	0.7893969	0.5608491	0.527796	0.472204	8.601499
8706	-7936.135	-8187.073	250.9381	0.7697703	0.6154619	0.524683	0.475317	7.347185
8712	-7936.984	-8187.307	250.3224	0.7705626	0.4880974	0.449182	0.550818	7.781886
8718	-7940.474	-8191.574	251.0996	0.8219267	0.5431668	0.494527	0.505473	7.290387
8724	-7952.656	-8204.314	251.658	0.9277772	0.6920008	0.466873	0.533127	6.818533
8730	-7952.715	-8203.811	251.0964	0.8578988	0.6261577	0.540421	0.459579	7.206745
8736	-7954.905	-8205.847	250.9424	0.8578988	0.517501	0.535228	0.464772	7.377311
8742	-7937.071	-8187.63	250.558	0.8807541	0.517501	0.453699	0.546301	7.57102
8748	-7935.66	-8187.084	251.4238	0.8023655	0.5429895	0.480089	0.519911	7.1269
8754	-7927.637	-8178.161	250.5243	0.7254286	0.5709715	0.491994	0.508006	7.627598
8760	-7929.181	-8180.248	251.0676	0.7639762	0.4863355	0.470372	0.529628	7.388109
8766	-7940.669	-8192.517	251.8484	0.9069653	0.4651388	0.465078	0.534922	6.910969
8772	-7937.102	-8187.402	250.2998	0.740236	0.5575658	0.465078	0.534922	7.750624
8778	-7941.798	-8191.425	249.6261	0.7417423	0.5201915	0.465078	0.534922	8.1406
8784	-7927.983	-8178.123	250.1398	0.7481327	0.5214762	0.465078	0.534922	7.862096
8790	-7931.18	-8181.795	250.6145	0.7700007	0.5627332	0.465078	0.534922	7.562119
8796	-7929.865	-8180.68	250.8149	0.7297054	0.5627332	0.493277	0.506723	7.476365
8802	-7924.243	-8174.172	249.9288	0.8340453	0.5267175	0.493277	0.506723	7.924433
8808	-7934.176	-8184.666	250.4905	0.8035451	0.5805804	0.497056	0.502944	7.596195
8814	-7931.178	-8180.51	249.3319	0.7423548	0.6158048	0.485993	0.514007	8.219872
8820	-7946.99	-8196.643	249.6536	0.7418031	0.5612413	0.487312	0.512688	8.091691
8826	-7941.617	-8192.74	251.1232	0.8281762	0.5612413	0.443493	0.556507	7.259435
8832	-7954.861	-8205.779	250.9184	0.8281762	0.5128863	0.443493	0.556507	7.410132
8838	-7932.823	-8183.63	250.8075	0.8324093	0.517616	0.552495	0.447505	7.46322
8844	-7944.373	-8195.734	251.3603	0.8181178	0.5560778	0.450105	0.549895	7.141648
8850	-7945.953	-8197.813	251.8601	0.8131939	0.6319106	0.450105	0.549895	6.815277
8856	-7948.28	-8199.106	250.8263	0.8131939	0.514306	0.450105	0.549895	7.466314
8862	-7933.142	-8184.169	251.0274	0.8373896	0.5471643	0.474416	0.525584	7.317511
8868	-7937.266	-8188.325	251.0598	0.8221361	0.5607773	0.444989	0.555011	7.297059
8874	-7950.065	-8201.152	251.0867	0.8857451	0.5607773	0.462959	0.537041	7.248478
8880	-7932.779	-8185.574	252.7951	0.8874536	0.5300998	0.503062	0.496938	6.351215
8886	-7934.192	-8185.192	251.0005	0.8173642	0.6200968	0.507005	0.492995	7.284619
8892	-7944.093	-8196.715	252.6225	0.8095696	0.4505733	0.484794	0.515206	6.55928
8898	-7935.051	-8184.909	249.8584	0.761608	0.6052972	0.484794	0.515206	7.937044
8904	-7946.444	-8196.628	250.1841	0.8349013	0.760994	0.439996	0.560004	7.613343
8910	-7942.408	-8194.001	251.5935	0.8349013	0.5277373	0.444022	0.555978	7.031018
8916	-7938.242	-8189.611	251.37	0.8349013	0.6818899	0.529384	0.470616	7.031018
8922	-7928.475	-8178.969	250.4938	0.7639356	0.6286868	0.479298	0.520702	7.578377
8928	-7935.839	-8187.176	251.3367	0.8385557	0.5440297	0.529821	0.470179	7.153392
8934	-7933.548	-8186.507	252.9587	0.9011196	0.5120069	0.554855	0.445145	6.270723
8940	-7937.538	-8188.986	251.4484	0.9011196	0.473755	0.466265	0.533735	7.121445
8946	-7937.92	-8189.077	251.1563	0.7924665	0.5110038	0.534337	0.465663	7.303304
8952	-7931.038	-8181.862	250.8242	0.7924665	0.5110038	0.45152	0.54848	7.481399
8958	-7936.19	-8185.988	249.7978	0.7737675	0.499785	0.45152	0.54848	8.049749
8964	-7938.388	-8189.765	251.377	0.8159764	0.6008279	0.487958	0.512042	7.097896
8970	-7935.286	-8187.954	252.6684	0.8159764	0.5020581	0.487958	0.512042	6.483295
8976	-7929.935	-8181.951	252.016	0.8018721	0.5331546	0.497629	0.502371	6.816502
8982	-7938.215	-8188.055	249.8403	0.7727197	0.5872396	0.474999	0.525001	7.954828
8988	-7935.814	-8186.464	250.6504	0.7689423	0.5123989	0.506353	0.493647	7.585844
8994	-7933.003	-8184.067	251.0646	0.7849143	0.5212854	0.492101	0.507899	7.347628
9000	-7924.3	-8175.057	250.7565	0.7458667	0.5361409	0.456588	0.543412	7.521083
9006	-7957.015	-8206.09	249.0751	0.8276332	0.44123	0.447546	0.552454	8.459558
9012	-7929.971	-8179.245	249.2748	0.6808236	0.5077351	0.456588	0.543412	8.370737
9018	-7940.24	-8190.405	250.1648	0.8122189	0.5662041	0.450806	0.549194	7.777251
9024	-7939.078	-8188.993	249.9158	0.7237772	0.5169553	0.455758	0.544242	7.998526
9030	-7942.107	-8194.548	252.4414	0.8795204	0.4766149	0.427763	0.572237	6.594896
9036	-7951.06	-8202.142	251.0813	0.8550415	0.4991942	0.540524	0.459476	7.320377
9042	-7955.329	-8207.755	252.4258	0.8934683	0.5433366	0.456119	0.543881	6.536838
9048	-7950.002	-8200.664	250.6619	0.7834116	0.4907216	0.461827	0.538173	7.591104
9054	-7948.035	-8199.787	251.752	0.7834116	0.6313219	0.461827	0.538173	6.890084
9060	-7947.378	-8198.619	251.2416	0.8311524	0.4954274	0.472423	0.527577	7.250489
9066	-7937.974	-8188.11	250.1355	0.8073345	0.4560583	0.50596	0.49404	7.891512
9072	-7932.145	-8181.995	249.8494	0.7752586	0.5311441	0.446763	0.553237	7.994359
9078	-7942.587	-8193.009	250.4222	0.8113813	0.5738828	0.504006	0.495994	7.633889
9084	-7945.946	-8194.93	248.9844	0.8199922	0.5693735	0.463338	0.536662	8.399703
9090	-7952.175	-8201.932	249.7574	0.7728821	0.5549614	0.463338	0.536662	8.024888
9096	-7944.017	-8195.911	251.8945	0.7866622	0.6303613	0.463338	0.536662	6.812181
9102	-7971.627	-8224.407	252.7803	0.8555956	0.5602966	0.440736	0.559264	6.351021
9108	-7967.654	-8218.523	250.8688	0.7763163	0.5590487	0.427315	0.572685	7.425553
9114	-7935.571	-8185.72	250.1493	0.7696139	0.588433	0.462043	0.537957	7.790546
9120	-7946.234	-8195.564	249.3304	0.8090621	0.4878564	0.47005	0.52995	8.29048
9126	-7952.401	-8203.706	251.3047	0.8454578	0.531492	0.43897	0.56103	7.177485
9132	-7938.412	-8189.534	251.1225	0.7715799	0.4724623	0.555543	0.444457	7.36727
9138	-7941.925	-8191.918	249.9925	0.7431342	0.5480893	0.468799	0.531201	7.920992
9144	-7936.097	-8187.773	251.6766	0.8044513	0.4978098	0.47626	0.52374	7.028856
9150	-7948.629	-8199.707	251.0782	0.847977	0.6118519	0.435883	0.564117	7.232753
9156	-7934.563	-8185.906	251.3433	0.8250999	0.5751471	0.465032	0.534968	7.131487
9162	-7944.8	-8195.587	250.7872	0.8473497	0.4670266	0.492348	0.507652	7.511397
9168	-7943.495	-8194.464	250.9693	0.7852872	0.5236659	0.492348	0.507652	7.396527
9174	-7945.865	-8195.81	249.9446	0.7852872	0.5059882	0.456628	0.543372	7.959877
9180	-7941.081	-8192.169	251.0886	0.8144282	0.601065	0.482039	0.517961	7.253545
9186	-7935.785	-8186.775	250.9909	0.7961077	0.6400732	0.482039	0.517961	7.286155
9192	-7953.224	-8204.074	250.8496	0.7302725	0.5091368	0.488967	0.511033	7.502732
9198	-7933.24	-8184.051	250.8112	0.7251895	0.6080337	0.459955	0.540045	7.444848
9204	-7930.927	-8181.225	250.2983	0.7430583	0.4929817	0.442069	0.557931	7.805073
9210	-7930.347	-8180.498	250.1502	0.7430583	0.587393	0.467325	0.532675	7.805073
9216	-7937.239	-8186.341	249.1025	0.7461497	0.4958482	0.528658	0.471342	8.438017
9222	-7946.306	-8198.372	252.0661	0.8335221	0.6083785	0.542563	0.457437	6.7111
9228	-7941.281	-8192.338	251.0571	0.8273748	0.5846506	0.542563	0.457437	7.276443
9234	-7937.303	-8188.567	251.2649	0.8345299	0.540773	0.435464	0.564536	7.196842
9240	-7946.739	-8197.525	250.7858	0.7527856	0.5494876	0.487794	0.512206	7.490518
9246	-7938.122	-8190.225	252.1033	0.8726177	0.4880886	0.422623	0.577377	6.770841
9252	-7937.683	-8188.521	250.8376	0.8801822	0.4810605	0.422623	0.577377	7.453882
9258	-7953.026	-8203.484	250.4581	0.7734549	0.5892149	0.422623	0.577377	7.622813
9264	-7944.663	-8196.201	251.5375	0.7670157	0.5063606	0.506406	0.493594	7.11622
9270	-7958.613	-8207.587	248.9742	0.6877652	0.4916984	0.484021	0.515979	8.540904
9276	-7968.829	-8219.101	250.2719	0.7230968	0.6554553	0.472136	0.527864	7.699093
9282	-7963.065	-8212.311	249.2465	0.7461423	0.4678847	0.506082	0.493918	8.386735
9288	-7965.751	-8216.121	250.3705	0.8891955	0.5596501	0.48733	0.51267	7.63148
9294	-7952.423	-8203.839	251.4162	0.8989787	0.5842893	0.467853	0.532147	7.045213
9300	-7946.381	-8197.72	251.3388	0.7791722	0.6210712	0.460705	0.539295	7.122606
9306	-7936.631	-8187.228	250.5968	0.7791722	0.5129854	0.493358	0.506642	7.608574
9312	-7944.901	-8195.537	250.6365	0.7366435	0.5688695	0.482085	0.517915	7.563245
9318	-7947.501	-8198.833	251.3324	0.8891859	0.5688695	0.482085	0.517915	7.108006
9324	-7951.2	-8202.544	251.3438	0.8202004	0.5458719	0.482085	0.517915	7.157886
9330	-7955.869	-8207.13	251.2612	0.7480048	0.5580309	0.525315	0.474685	7.230999
9336	-7949.971	-8199.727	249.7569	0.7915356	0.5977318	0.502624	0.497376	7.981094
9342	-7936.176	-8188.945	252.7686	0.8914715	0.5917981	0.467719	0.532281	6.312303
9348	-7937.125	-8189.298	252.1729	0.8914715	0.6063988	0.523994	0.476006	6.623615
9354	-7933.889	-8184.915	251.0262	0.7936839	0.5522782	0.461969	0.538031	7.33737
9360	-7948.86	-8200.663	251.8025	0.856048	0.5571978	0.477023	0.522977	6.88223
9366	-7939.659	-8191.282	251.6236	0.8139967	0.568353	0.401751	0.598249	6.992144
9372	-7944.857	-8196.461	251.604	0.9646651	0.4816089	0.454889	0.545111	6.996296
9378	-7947.503	-8198.012	250.5092	0.8167144	0.571007	0.454889	0.545111	7.586796
9384	-7942.116	-8192.741	250.6257	0.8387915	0.5370591	0.509543	0.490457	7.540596
9390	-7940.396	-8190.561	250.1648	0.7815984	0.5729679	0.47116	0.52884	7.78818
9396	-7931.606	-8181.322	249.7163	0.7815984	0.5133969	0.455325	0.544675	8.077162
9402	-7925.417	-8175.737	250.3197	0.8073101	0.488028	0.503845	0.496155	7.76376
9408	-7931.456	-8181.755	250.2991	0.7685207	0.5242292	0.503845	0.496155	7.76376
9414	-7932.405	-8181.767	249.3622	0.7074651	0.5242292	0.471324	0.528676	8.295869
9420	-7934.253	-8184.188	249.9344	0.7741219	0.4706564	0.445995	0.554005	8.002984
9426	-7933.409	-8183.932	250.523	0.7221708	0.5461701	0.462455	0.537545	7.650342
9432	-7936.519	-8187.182	250.6629	0.7435129	0.49314	0.452317	0.547683	7.609755
9438	-7950.744	-8199.55	248.8061	0.7049919	0.5476101	0.423993	0.576007	8.57319
9444	-7943.771	-8194.512	250.7406	0.8209648	0.499702	0.450322	0.549678	7.520867
9450	-7944.901	-8195.544	250.6433	0.918274	0.499702	0.45655	0.54345	7.520867
9456	-7950.746	-8201.889	251.1435	0.8099299	0.5749981	0.481252	0.518748	7.247157
9462	-7942.125	-8192.197	250.0722	0.7840045	0.5296002	0.481252	0.518748	7.872135
9468	-7944.345	-8194.477	250.1322	0.8711382	0.6591879	0.461527	0.538473	7.691959
9474	-7930.065	-8180.557	250.4918	0.7531792	0.5759765	0.520501	0.479499	7.626104
9480	-7945.421	-8195.262	249.841	0.8380828	0.5698116	0.44143	0.55857	7.933459
9486	-7928.437	-8179.738	251.3017	0.8167571	0.511847	0.44143	0.55857	7.211458
9492	-7931.316	-8181.806	250.4908	0.7971537	0.4870584	0.44143	0.55857	7.678607
9498	-7935.375	-8185.891	250.5155	0.7765864	0.5627501	0.506449	0.493551	7.611589
9504	-7932.341	-8182.456	250.1154	0.7765864	0.4923517	0.452507	0.547493	7.885421
9510	-7939.784	-8189.712	249.928	0.7352913	0.4860635	0.452507	0.547493	8.013058
9516	-7936.309	-8187.831	251.5217	0.7213173	0.5702512	0.51475	0.48525	7.095357
9522	-7931.317	-8182.348	251.0314	0.7232853	0.4921333	0.462753	0.537247	7.424118
9528	-7941.367	-8192.246	250.8792	0.7526076	0.5695642	0.462753	0.537247	7.424118
9534	-7929.434	-8179.526	250.0925	0.7685945	0.5622693	0.469234	0.530766	7.842382
9540	-7926.338	-8177.384	251.0467	0.8187608	0.4637327	0.469234	0.530766	7.390678
9546	-7934.681	-8185.636	250.9554	0.7857321	0.5390427	0.469234	0.530766	7.390678
9552	-7930.973	-8180.667	249.6934	0.7719792	0.5310406	0.543095	0.456905	8.079379
9558	-7949.185	-8199.07	249.8857	0.6767261	0.4722897	0.493135	0.506865	8.079379
9564	-7934.783	-8183.885	249.102	0.7708777	0.5114145	0.505057	0.494943	8.411539
9570	-7951.26	-8200.457	249.1965	0.7487265	0.4683123	0.505057	0.494943	8.411539
9576	-7943.554	-8193.791	250.2372	0.8523789	0.5193614	0.471507	0.528493	7.7562
9582	-7950.789	-8199.938	249.1488	0.7203471	0.5866691	0.483709	0.516291	8.351506
9588	-7959.744	-8211.962	252.2178	0.8868083	0.618389	0.476959	0.523041	6.59255
9594	-7935.469	-8186.455	250.9863	0.8246175	0.4989472	0.46106	0.53894	7.387886
9600	-7931.084	-8183.317	252.2331	0.8968741	0.5915692	0.475102	0.524898	6.599797
9606	-7947.318	-8199.876	252.558	0.8216694	0.4871305	0.463093	0.536907	6.553456
9612	-7940.034	-8190.935	250.9008	0.8227928	0.5313339	0.463093	0.536907	7.406604
9618	-7951.297	-8202.94	251.6427	0.7922879	0.5179853	0.583327	0.416673	7.035902
9624	-7944.023	-8195.793	251.7693	0.8040315	0.4745061	0.583327	0.416673	7.000317
9630	-7953.156	-8202.871	249.7159	0.755465	0.5618194	0.582665	0.417335	8.050719
9636	-7947.465	-8199.667	252.2019	0.8470086	0.5692944	0.418585	0.581415	6.661592
9642	-7962.276	-8212.518	250.2416	0.8197211	0.5015117	0.428435	0.571565	7.786833
9648	-7930.691	-8181.412	250.7208	0.7748965	0.6321269	0.508233	0.491767	7.448319
9654	-7934.89	-8185.824	250.9338	0.8155803	0.5338068	0.508233	0.491767	7.390654
9660	-7950.968	-8200.778	249.8095	0.8669865	0.5571053	0.519618	0.480382	7.945157
9666	-7940.479	-8192.591	252.1121	0.8136494	0.5467827	0.476902	0.523098	6.746748
9672	-7926.028	-8176.446	250.418	0.6942181	0.641107	0.561113	0.438887	7.646979
9678	-7931.482	-8181.711	250.2291	0.7712717	0.4732073	0.461689	0.538311	7.844877
9684	-7934.746	-8184.81	250.0638	0.7725585	0.5755614	0.491893	0.508107	7.844877
9690	-7931.952	-8182.174	250.222	0.8082933	0.4559911	0.485919	0.514081	7.844877
9696	-7929.44	-8179.719	250.2784	0.6844406	0.4819164	0.487807	0.512193	7.856948
9702	-7926.21	-8176.195	249.9847	0.7384554	0.5914183	0.487807	0.512193	7.892782
9708	-7938.442	-8190.356	251.9137	0.8433595	0.5756639	0.468493	0.531507	6.814011
9714	-7949.153	-8201.088	251.9356	0.8557797	0.5530937	0.468493	0.531507	6.814011
9720	-7942.727	-8193.911	251.1839	0.7142748	0.5534076	0.459821	0.540179	7.294403
9726	-7938.755	-8188.476	249.7207	0.8168297	0.6044202	0.504457	0.495543	7.98171
9732	-7935.419	-8188.17	252.751	0.8607163	0.6044202	0.519943	0.480057	6.328587
9738	-7948.078	-8200.337	252.2589	0.7973676	0.5902176	0.416236	0.583764	6.640714
9744	-7946.135	-8196.126	249.9909	0.858488	0.5902176	0.521116	0.478884	7.826302
9750	-7950.633	-8201.423	250.7899	0.8256224	0.7034174	0.479694	0.520306	7.332552
9756	-7937.085	-8188.748	251.6633	0.9260145	0.5452835	0.432128	0.567872	6.929465
9762	-7940.402	-8191.167	250.765	0.7851496	0.5240487	0.500141	0.499859	7.505764
9768	-7948.2	-8198.983	250.7825	0.805183	0.5009522	0.500141	0.499859	7.505764
9774	-7933.566	-8184.745	251.1787	0.8398031	0.5064683	0.488683	0.511317	7.269849
9780	-7938.682	-8189.02	250.3376	0.9199969	0.422724	0.465586	0.534414	7.75557
9786	-7938.741	-8190.061	251.3193	0.830125	0.5939374	0.443251	0.556749	7.126723
9792	-7932.103	-8183.354	251.2506	0.8750087	0.6103558	0.443251	0.556749	7.126723
9798	-7929.537	-8181.365	251.8286	0.8065617	0.5131408	0.386805	0.613195	6.932277
9804	-7932.507	-8185.119	252.6112	0.8065617	0.5500427	0.52027	0.47973	6.477842
9810	-7948.649	-8200.076	251.427	0.75801	0.5246756	0.453351	0.546649	7.164543
9816	-7948.873	-8199.985	251.1125	0.7897101	0.4751097	0.508343	0.491657	7.360472
9822	-7947.91	-8198	250.0899	0.6666171	0.5768127	0.476925	0.523075	7.886491
9828	-7935.075	-8185.177	250.1026	0.7776487	0.5568197	0.478909	0.521091	7.836629
9834	-7935.306	-8186.484	251.1774	0.733884	0.6256811	0.47813	0.52187	7.230208
9840	-7961.055	-8210.692	249.6372	0.733884	0.5054869	0.451466	0.548534	8.151573
9846	-7933.636	-8184.215	250.5789	0.8451075	0.494605	0.506387	0.493613	7.599038
9852	-7938.972	-8190.328	251.3566	0.8110843	0.5168695	0.477728	0.522272	7.180611
9858	-7934.132	-8183.879	249.7466	0.7522001	0.5134065	0.478918	0.521082	8.07668
9864	-7948.723	-8198.995	250.272	0.7522001	0.5027576	0.457425	0.542575	7.805616
9870	-7930.995	-8181.679	250.6835	0.810976	0.6116583	0.45612	0.54388	7.464527
9876	-7926.21	-8177.268	251.0583	0.7771296	0.5182316	0.575123	0.424877	7.357805
9882	-7941.979	-8193.028	251.0496	0.7858555	0.5182316	0.530888	0.469112	7.357805
9888	-7936.213	-8187.218	251.0054	0.7759638	0.5951305	0.563857	0.436143	7.323503
9894	-7942.129	-8193.259	251.1303	0.7882012	0.5064681	0.537169	0.462831	7.323503
9900	-7942.732	-8194.656	251.9237	0.9752097	0.567497	0.495655	0.504345	6.744075
9906	-7928.808	-8181.742	252.9336	0.9752097	0.4586811	0.544515	0.455485	6.293064
9912	-7933.707	-8186.539	252.8322	0.9752097	0.5981332	0.507588	0.492412	6.227243
9918	-7933.019	-8185.905	252.8865	0.8827617	0.6246991	0.445606	0.554394	6.227243
9924	-7937.981	-8189.43	251.4491	0.7960872	0.5684592	0.391335	0.608665	7.095645
9930	-7931.294	-8181.077	249.7829	0.7504137	0.5183549	0.440735	0.559265	8.054001
9936	-7928.328	-8179.239	250.9104	0.7584035	0.583198	0.440735	0.559265	7.393357
9942	-7935.186	-8186.116	250.9304	0.8113349	0.5354322	0.440735	0.559265	7.393357
9948	-7921.764	-8173.156	251.3921	0.8104823	0.5165313	0.480722	0.519278	7.16217
9954	-7925.972	-8176.87	250.8976	0.7564023	0.5419074	0.501027	0.498973	7.434985
9960	-7933.017	-8183.671	250.6545	0.8436345	0.6046128	0.420027	0.579973	7.467998
9966	-7928.764	-8179.437	250.6734	0.7156334	0.4981458	0.453232	0.546768	7.614604
9972	-7934.422	-8183.297	248.8752	0.7156334	0.5835292	0.548014	0.451986	8.501903
9978	-7936.923	-8186.963	250.04	0.7560903	0.5339628	0.548014	0.451986	7.900542
9984	-7926.691	-8176.854	250.1632	0.7344231	0.5841015	0.441821	0.558179	7.805384
9990	-7940.756	-8190.431	249.6748	0.7344231	0.5644042	0.474422	0.525578	8.081745
9996	-7937.396	-8188.331	250.9348	0.7515877	0.5997932	0.485175	0.514825	7.370813
10002	-7935.869	-8186.537	250.6685	0.7711618	0.4803854	0.53179	0.46821	7.603446
10008	-7942.759	-8193.111	250.3523	0.8177272	0.5713284	0.53609	0.46391	7.669928
10014	-7938.91	-8189.877	250.9672	0.8177272	0.4830568	0.444291	0.555709	7.416098
10020	-7949.264	-8201.07	251.8063	0.8359851	0.6215602	0.424656	0.575344	6.839883
10026	-7940.628	-8191.497	250.8689	0.782449	0.5873187	0.45105	0.54895	7.399408
10032	-7939.338	-8190.506	251.1674	0.782449	0.4905778	0.518933	0.481067	7.320844
10038	-7955.054	-8206.439	251.3855	0.782449	0.5079528	0.518933	0.481067	7.188242
10044	-7961.038	-8211.511	250.4728	0.782449	0.5350426	0.428443	0.571557	7.654244
10050	-7949.338	-8200.279	250.9405	0.8153943	0.5547847	0.428443	0.571557	7.369635
10056	-7946.962	-8197.008	250.0463	0.7794189	0.5556654	0.554759	0.445241	7.866681
10062	-7952.74	-8203.813	251.0724	0.7794189	0.4872304	0.497763	0.502237	7.376424
10068	-7944.284	-8194.422	250.1378	0.8256445	0.4872304	0.460015	0.539985	7.851829
10074	-7949.651	-8199.1	249.4488	0.7874476	0.5680795	0.460015	0.539985	8.170931
10080	-7941.186	-8190.286	249.1003	0.7384906	0.5680795	0.460015	0.539985	8.38243
10086	-7948.075	-8199.41	251.335	0.8030413	0.5938757	0.541599	0.458401	7.132895
10092	-7934.296	-8184.419	250.1228	0.7875502	0.5997765	0.550459	0.449541	7.786278
10098	-7933.41	-8184.151	250.7412	0.8218655	0.60542	0.483589	0.516411	7.432586
10104	-7936.942	-8187.635	250.6926	0.866047	0.5450098	0.484793	0.515207	7.483464
10110	-7928.028	-8178.645	250.6172	0.7589994	0.50351	0.473632	0.526368	7.616747
10116	-7923.394	-8175.644	252.2507	0.8455223	0.5981269	0.457281	0.542719	6.612888
10122	-7939.973	-8190.548	250.5751	0.8224093	0.5519515	0.457281	0.542719	7.564035
10128	-7942.584	-8193.093	250.5088	0.8224093	0.5961353	0.540349	0.459651	7.564035
10134	-7950.494	-8201.524	251.0295	0.7117465	0.5844243	0.410422	0.589578	7.353477
10140	-7932.624	-8184.231	251.6072	0.8622841	0.5844243	0.505961	0.494039	6.962023
10146	-7943.624	-8195.7	252.076	0.8622841	0.5674011	0.494464	0.505536	6.722887
10152	-7932.632	-8183.317	250.6852	0.8129446	0.5406674	0.494464	0.505536	7.519538
10158	-7934.846	-8185.342	250.4967	0.7882744	0.5764597	0.444165	0.555835	7.604352
10164	-7932.361	-8184.144	251.783	0.7811306	0.5655837	0.491219	0.508781	6.926236
10170	-7943.568	-8194.822	251.2547	0.7452157	0.5975113	0.486696	0.513304	7.204281
10176	-7950.64	-8202.274	251.6346	0.8290045	0.6065198	0.522918	0.477082	6.947782
10182	-7939.416	-8190.55	251.1338	0.8290045	0.547615	0.482551	0.517449	7.26451
10188	-7957.248	-8207.468	250.2195	0.8450846	0.547615	0.482551	0.517449	7.745721
10194	-7959.459	-8210.742	251.2826	0.825262	0.5193328	0.442708	0.557292	7.210601
10200	-7955.662	-8207.913	252.2514	0.8493285	0.5737142	0.509319	0.490681	6.629966
10206	-7951.113	-8202.21	251.0974	0.8270369	0.5215699	0.509319	0.490681	7.307177
10212	-7944.006	-8193.838	249.8323	0.8270369	0.5481982	0.509319	0.490681	7.961647
10218	-7937.303	-8189.393	252.09	0.8270369	0.550214	0.464631	0.535369	6.748543
10224	-7951.499	-8201.185	249.6869	0.7938391	0.5154899	0.440325	0.559675	8.084502
10230	-7942.862	-8192.368	249.5061	0.7079604	0.5433888	0.436048	0.563952	8.202906
10236	-7950.762	-8199.583	248.8216	0.651448	0.527375	0.445121	0.554879	8.610295
10242	-7949.371	-8197.972	248.6012	0.7711792	0.5912466	0.450192	0.549808	8.611871
10248	-7938.812	-8188.217	249.4054	0.7457625	0.5147551	0.494913	0.505087	8.260659
10254	-7937.302	-8188.068	250.7654	0.7366751	0.5566941	0.474777	0.525223	7.504091
10260	-7952.558	-8203.06	250.5014	0.7982297	0.5832343	0.434072	0.565928	7.591085
10266	-7951.856	-8203.073	251.2169	0.7529242	0.5527456	0.468596	0.531404	7.256487
10272	-7939.158	-8188.637	249.479	0.7648177	0.5415579	0.431376	0.568624	8.188584
10278	-7933.339	-8183.403	250.0645	0.7571271	0.5508154	0.431376	0.568624	7.872872
10284	-7941.04	-8191.939	250.8985	0.7852796	0.5966539	0.441849	0.558151	7.374705
10290	-7930.491	-8181.146	250.6558	0.7931517	0.5339556	0.415313	0.584687	7.551534
10296	-7944.521	-8195.269	250.7478	0.6923189	0.5395638	0.416401	0.583599	7.551534
10302	-7943.928	-8194.512	250.5843	0.8105016	0.5690357	0.400975	0.599025	7.551534
10308	-7942.436	-8192.43	249.9939	0.7331671	0.6104926	0.447528	0.552472	7.875913
10314	-7961.253	-8211.192	249.9382	0.7825722	0.5285643	0.572606	0.427394	7.945285
10320	-7942.736	-8194.953	252.2175	0.9319106	0.5449774	0.457663	0.542337	6.627374
10326	-7952.575	-8203.843	251.2686	0.9130168	0.5449774	0.474348	0.525652	7.149164
10332	-7925.409	-8176.358	250.9486	0.7971521	0.4777794	0.487728	0.512272	7.441908
10338	-7934.13	-8185.115	250.9847	0.7971521	0.5436216	0.487728	0.512272	7.364967
10344	-7929.229	-8180.866	251.6367	0.7971521	0.5029422	0.46213	0.53787	7.049707
10350	-7930.063	-8182.724	252.6618	0.8497351	0.5533557	0.539145	0.460855	6.424247
10356	-7925.494	-8176.443	250.9495	0.8518358	0.4892563	0.52528	0.47472	7.401694
10362	-7921.713	-8173.581	251.8686	0.8963671	0.640359	0.52528	0.47472	6.759431
10368	-7932.145	-8183.667	251.522	0.8480112	0.5613419	0.451878	0.548122	7.034278
10374	-7934.733	-8185.67	250.9376	0.8176558	0.5550228	0.535753	0.464247	7.369782
10380	-7955.602	-8207.216	251.6131	0.8408102	0.5082371	0.411166	0.588834	7.034236
10386	-7941.645	-8193.243	251.5978	0.8568243	0.5082371	0.456547	0.543453	7.033809
10392	-7935.698	-8187.775	252.0768	0.8869548	0.5827966	0.366122	0.633878	6.696654
10398	-7940.284	-8192.684	252.4005	0.8514369	0.5413134	0.366122	0.633878	6.575018
10404	-7937.337	-8188.251	250.9141	0.8245953	0.5413134	0.505654	0.494346	7.390059
10410	-7937.193	-8188.916	251.7234	0.8541408	0.5188354	0.46177	0.53823	6.958381
10416	-7968.05	-8220.039	251.9896	0.8859932	0.4965319	0.492925	0.507075	6.817364
10422	-7933.985	-8184.844	250.8591	0.8687755	0.514849	0.474744	0.525256	7.418452
10428	-7926.85	-8178.218	251.3677	0.7550322	0.4785791	0.460314	0.539686	7.238916
10434	-7925.824	-8176.738	250.9135	0.8682399	0.471914	0.429736	0.570264	7.427985
10440	-7933.83	-8183.966	250.1356	0.7670723	0.5498142	0.432979	0.567021	7.830413
10446	-7921.239	-8171.997	250.7589	0.7875051	0.5818991	0.440365	0.559635	7.459993
10452	-7947.518	-8198.023	250.5056	0.7875051	0.6327897	0.433726	0.566274	7.556386
10458	-7940.474	-8190.696	250.2218	0.6764135	0.5705294	0.509799	0.490201	7.815868
10464	-7926.409	-8177.468	251.0591	0.8214111	0.5779974	0.438079	0.561921	7.283907
10470	-7929.751	-8181.212	251.4606	0.8269477	0.5779974	0.501724	0.498276	7.065105
10476	-7948.034	-8198.674	250.6397	0.8946306	0.5056328	0.5004	0.4996	7.530231
10482	-7938.371	-8189.029	250.658	0.7710867	0.5726732	0.515518	0.484482	7.530231
10488	-7930.118	-8180.94	250.8217	0.7737559	0.5852529	0.458507	0.541493	7.431011
10494	-7931.426	-8182.065	250.6394	0.7633167	0.5397868	0.454869	0.545131	7.571357
10500	-7935.27	-8185.864	250.5945	0.7588301	0.5719439	0.454869	0.545131	7.571357
10506	-7946.715	-8197.86	251.1444	0.7588301	0.5684993	0.50035	0.49965	7.279349
10512	-7946.858	-8197.547	250.6894	0.8100489	0.5545413	0.564588	0.435412	7.507311
10518	-7935.075	-8186.34	251.2647	0.7941819	0.5545413	0.564588	0.435412	7.207194
10524	-7927.432	-8178.532	251.0994	0.7458287	0.5134175	0.553022	0.446978	7.356737
10530	-7942.883	-8194.655	251.7722	0.8349735	0.6004603	0.545132	0.454868	6.875119
10536	-7937.218	-8188.436	251.2178	0.8329477	0.5061816	0.577009	0.422991	7.252776
10542	-7949.986	-8200.958	250.9725	0.7939427	0.6014954	0.502482	0.497518	7.326576
10548	-7957.339	-8205.828	248.4892	0.7191888	0.5163712	0.459906	0.540094	8.760049
10554	-7941.898	-8194.055	252.1568	0.8489238	0.5568688	0.440341	0.559659	6.695115
10560	-7948.992	-8199.809	250.8168	0.7794506	0.5568688	0.466613	0.533387	7.453528
10566	-7939.441	-8189.669	250.2275	0.7448918	0.5112678	0.542796	0.457204	7.825826
10572	-7923.753	-8174.461	250.7075	0.8067951	0.5283442	0.472604	0.527396	7.521297
10578	-7939.682	-8191.644	251.9627	0.8067951	0.591111	0.417406	0.582594	6.794969
10584	-7924.623	-8176.251	251.6276	0.8948621	0.5680265	0.454753	0.545247	6.946683
10590	-7952.21	-8203.691	251.4802	0.6932306	0.5270282	0.492792	0.507208	7.168775
10596	-7957.516	-8207.983	250.467	0.7181275	0.5549365	0.507941	0.492059	7.675229
10602	-7922.966	-8173.836	250.8699	0.7911445	0.4966794	0.54021	0.45979	7.470238
10608	-7924.928	-8176.64	251.7117	0.8418383	0.5285134	0.451101	0.548899	6.96294
10614	-7932.36	-8183.611	251.2511	0.8418383	0.4419145	0.521112	0.478888	7.289367
10620	-7938.221	-8189.419	251.1972	0.7888426	0.5157415	0.473723	0.526277	7.279162
10626	-7937.545	-8189.189	251.6449	0.8194892	0.5411563	0.519494	0.480506	7.000228
10632	-7937.84	-8189.065	251.225	0.8429532	0.6228451	0.498179	0.501821	7.148176
10638	-7931.34	-8182.069	250.7283	0.7758993	0.5249567	0.405805	0.594195	7.529565
10644	-7932.084	-8180.816	248.7314	0.7417754	0.5087956	0.496602	0.503398	8.626112
10650	-7926.705	-8177.705	250.9996	0.7842932	0.5043669	0.475513	0.524487	7.397558
10656	-7937.438	-8188.346	250.9076	0.8206806	0.5029741	0.475513	0.524487	7.428634
10662	-7940.906	-8192.183	251.2774	0.7864692	0.578189	0.530389	0.469611	7.185255
10668	-7952.11	-8203.234	251.1243	0.7943581	0.6814932	0.428178	0.571822	7.185255
10674	-7945.053	-8195.144	250.091	0.7184279	0.5631524	0.458826	0.541174	7.869268
10680	-7956.908	-8207.393	250.4842	0.7371549	0.5631524	0.466678	0.533322	7.649102
10686	-7933.101	-8183.937	250.836	0.7236661	0.5222544	0.476456	0.523544	7.502203
10692	-7933.665	-8184.418	250.7528	0.868422	0.4848475	0.473486	0.526514	7.502203
10698	-7934.419	-8186.191	251.7724	0.8061516	0.6283481	0.473486	0.526514	6.869065
10704	-7936.075	-8187.241	251.1659	0.8662596	0.5838636	0.398587	0.601413	7.197737
10710	-7939.512	-8190.436	250.9233	0.8083398	0.5315839	0.480882	0.519118	7.402058
10716	-7924.204	-8174.352	250.1482	0.8047577	0.5895132	0.480882	0.519118	7.771531
10722	-7933.377	-8185.3	251.923	0.8459713	0.5492905	0.480882	0.519118	6.829263
10728	-7941.733	-8192.745	251.0125	0.8523965	0.5663923	0.480882	0.519118	7.301634
10734	-7949.721	-8200.086	250.3649	0.8523965	0.5519409	0.497648	0.502352	7.660455
10740	-7935.571	-8186.479	250.9083	0.7939861	0.5394887	0.495225	0.504775	7.411096
10746	-7952.947	-8202.941	249.994	0.7974562	0.5559903	0.408006	0.591994	7.884699
10752	-7935.929	-8187.116	251.1879	0.8913063	0.5128314	0.493535	0.506465	7.231651
10758	-7938.413	-8188.481	250.0679	0.8686432	0.5968896	0.45639	0.54361	7.774504
10764	-7945.912	-8196.588	250.6762	0.771136	0.4939144	0.463184	0.536816	7.587149
10770	-7942.112	-8191.554	249.4422	0.7087336	0.5879086	0.531458	0.468542	8.200619
10776	-7935.815	-8188.248	252.4329	0.9101755	0.6124745	0.38615	0.61385	6.467991
10782	-7927.48	-8179.38	251.8997	0.8835669	0.5686691	0.490714	0.509286	6.805528
10788	-7933.96	-8185.974	252.0136	0.847053	0.5686691	0.448511	0.551489	6.763776
10794	-7936.773	-8187.48	250.7065	0.7721017	0.5027074	0.448511	0.551489	7.56264
10800	-7947.225	-8198.891	251.6659	0.8395826	0.5354308	0.499472	0.500528	6.982924
10806	-7932.923	-8184.886	251.9628	0.8314522	0.5070667	0.481554	0.518446	6.851881
10812	-7936.777	-8188.512	251.7351	0.9176054	0.5278166	0.437335	0.562665	6.9101
10818	-7936.614	-8188.779	252.1642	0.8935513	0.4758997	0.466291	0.533709	6.737826
10824	-7928.824	-8180.416	251.592	0.8544392	0.4948191	0.453601	0.546399	7.050129
10830	-7941.015	-8192.376	251.3607	0.8058038	0.5162302	0.509707	0.490293	7.181828
10836	-7937.778	-8188.54	250.7621	0.8429372	0.4488537	0.466498	0.533502	7.544283
10842	-7938.112	-8190.119	252.0072	0.8378835	0.5747459	0.514965	0.485035	6.767239
10848	-7949.394	-8200.747	251.353	0.85009	0.5680427	0.457019	0.542981	7.118615
10854	-7920.453	-8171.839	251.3858	0.7929135	0.5680427	0.543862	0.456138	7.131719
10860	-7933.445	-8184.667	251.222	0.8928989	0.6230914	0.480815	0.519185	7.122767
10866	-7916.329	-8169.2	252.8705	0.8814494	0.5383899	0.487359	0.512641	6.306421
10872	-7927.394	-8179.491	252.0965	0.8282962	0.4965464	0.467181	0.532819	6.7908
10878	-7921.386	-8172.757	251.3707	0.8405006	0.5004792	0.467181	0.532819	7.171605
10884	-7922.331	-8172.54	250.209	0.7756602	0.6100668	0.445014	0.554986	7.73863
10890	-7922.522	-8174.025	251.503	0.7591583	0.5895172	0.556278	0.443722	7.069573
10896	-7939.057	-8189.346	250.2881	0.7595914	0.5758057	0.527595	0.472405	7.731781
10902	-7926.703	-8175.66	248.9564	0.7686671	0.6050593	0.533524	0.466476	8.413866
10908	-7934.533	-8185.152	250.6193	0.8315473	0.4403477	0.480801	0.519199	7.635008
10914	-7933.191	-8184.078	250.8874	0.7637418	0.5479412	0.480801	0.519199	7.431456
10920	-7930.821	-8181.287	250.4664	0.8394455	0.5251455	0.449678	0.550322	7.635625
10926	-7928.262	-8179.718	251.456	0.8230029	0.5073192	0.477377	0.522623	7.129112
10932	-7933.915	-8187.333	253.4184	0.9754083	0.4563276	0.470646	0.529354	6.03139
10938	-7942.671	-8194.941	252.2705	0.8667093	0.5304784	0.491896	0.508104	6.646315
10944	-7962.478	-8212.208	249.7299	0.7504313	0.5133122	0.522977	0.477023	8.086584
10950	-7956.467	-8206.31	249.8431	0.7659111	0.5133122	0.44587	0.55413	8.017968
10956	-7942.664	-8193.577	250.9129	0.8382061	0.5297759	0.453972	0.546028	7.393154
10962	-7943.292	-8194.685	251.3925	0.8382061	0.510829	0.459301	0.540699	7.152001
10968	-7951.475	-8202.253	250.7777	0.8382061	0.510829	0.459301	0.540699	7.48196
10974	-7947.231	-8196.894	249.6635	0.6511806	0.5229183	0.52151	0.47849	8.166578
10980	-7936.17	-8185.698	249.5286	0.6986276	0.5795102	0.478746	0.521254	8.166578
10986	-7950.198	-8201.37	251.172	0.8664951	0.4833933	0.396518	0.603482	7.279739
10992	-7953.616	-8204.033	250.4174	0.851697	0.4033923	0.396518	0.603482	7.768956
10998	-7962.026	-8214.239	252.2135	0.7722996	0.5260513	0.490833	0.509167	6.731927
11004	-7953.077	-8205.049	251.9721	0.9185209	0.4889622	0.497807	0.502193	6.816061
11010	-7943.754	-8195.766	252.0113	0.8154515	0.5324475	0.434161	0.565839	6.812278
11016	-7945.127	-8196.114	250.9867	0.9048842	0.605419	0.448137	0.551863	7.256332
11022	-7943.596	-8195.282	251.686	0.8392179	0.605419	0.486145	0.513855	6.915434
11028	-7929.616	-8180.734	251.1177	0.8738612	0.5840628	0.468613	0.531387	7.219395
11034	-7943.381	-8194.317	250.9356	0.8059587	0.5635926	0.484834	0.515166	7.370119
11040	-7937.44	-8188.357	250.9176	0.8297124	0.3908299	0.476916	0.523084	7.526122
11046	-7929.565	-8182.088	252.5223	0.8798085	0.5837695	0.47802	0.52198	6.458672
11052	-7932.264	-8184.273	252.0092	0.9058175	0.4846394	0.511476	0.488524	6.80682
11058	-7940.68	-8192.577	251.8969	0.8198335	0.5859957	0.489525	0.510475	6.827459
11064	-7948.282	-8198.605	250.3229	0.797643	0.6014911	0.508361	0.491639	7.672561
11070	-7947.128	-8198.215	251.0873	0.8305147	0.5093323	0.448491	0.551509	7.32138
11076	-7947.499	-8197.524	250.0255	0.7485814	0.5093323	0.438216	0.561784	7.933392
11082	-7951.866	-8201.337	249.4707	0.7485814	0.5454346	0.540094	0.459906	8.198447
11088	-7950.06	-8199.459	249.3995	0.7546592	0.525618	0.550441	0.449559	8.249749
11094	-7941.466	-8192.163	250.6965	0.7314516	0.525618	0.550441	0.449559	7.569867
11100	-7933.435	-8184.427	250.9917	0.7823427	0.5833135	0.550441	0.449559	7.336763
11106	-7931.941	-8183.817	251.8762	0.8751745	0.4954244	0.523215	0.476785	6.885349
11112	-7928.602	-8179.84	251.2372	0.8287025	0.5711476	0.486692	0.513308	7.189815
11118	-7935.674	-8185.998	250.3234	0.806028	0.5935916	0.498481	0.501519	7.674012
11124	-7935.852	-8186.3	250.4475	0.7958004	0.5935916	0.468124	0.531876	7.613087
11130	-7927.911	-8177.404	249.4932	0.7688988	0.4301835	0.468124	0.531876	8.2791
11136	-7923.017	-8173.652	250.6352	0.741833	0.4640918	0.535909	0.464091	7.651995
11142	-7941.97	-8193.002	251.0318	0.7031646	0.5240013	0.470542	0.529458	7.406758
11148	-7932.944	-8184.74	251.7962	0.8464032	0.6025914	0.470542	0.529458	6.854372
11154	-7928.475	-8180.381	251.9068	0.7815152	0.5716619	0.521928	0.478072	6.854372
11160	-7928.233	-8178.679	250.4464	0.7436947	0.5337521	0.430398	0.569602	7.690213
11166	-7928.134	-8180.53	252.396	0.8809081	0.5337521	0.531245	0.468755	6.567937
11172	-7927.761	-8179.759	251.9986	0.7613017	0.5769241	0.523987	0.476013	6.811473
11178	-7933.439	-8183.059	249.6199	0.6923676	0.5775609	0.479493	0.520507	8.122826
11184	-7933.664	-8183.6	249.9354	0.7660835	0.5482154	0.495428	0.504572	7.939127
11190	-7951.13	-8200.736	249.6052	0.7660835	0.6221917	0.500663	0.499337	8.056796
11196	-7957.511	-8207.155	249.6432	0.8410256	0.6093784	0.43494	0.56506	8.006321
11202	-7947.432	-8197.579	250.1472	0.850141	0.6282317	0.502846	0.497154	7.718053
11208	-7937.6	-8187.966	250.3664	0.8067935	0.5118235	0.472125	0.527875	7.718053
11214	-7954.817	-8206.398	251.5811	0.8844969	0.5274406	0.420977	0.579023	7.011248
11220	-7940.202	-8191.913	251.7116	0.8319422	0.4800429	0.529015	0.470985	7.011248
11226	-7933.755	-8184.288	250.5325	0.8152465	0.5242835	0.479127	0.520873	7.613932
11232	-7937.242	-8188.875	251.633	0.8125254	0.4868891	0.508898	0.491102	7.057791
11238	-7936.36	-8187.79	251.4301	0.7981174	0.4606698	0.508898	0.491102	7.198827
11244	-7931.983	-8182.956	250.9726	0.7981174	0.6195619	0.433313	0.566687	7.310311
11250	-7936.025	-8187.532	251.5064	0.8184868	0.5948824	0.479065	0.520935	7.031578
11256	-7939.507	-8190.764	251.2571	0.9019218	0.550244	0.479065	0.520935	7.156947
11262	-7949.069	-8200.436	251.3668	0.8688441	0.5891509	0.458168	0.541832	7.084129
11268	-7945.993	-8197.895	251.902	0.7873493	0.5698079	0.410597	0.589403	6.855272
11274	-7938.822	-8191.431	252.6087	0.8129915	0.473349	0.551191	0.448809	6.543364
11280	-7924.988	-8177.037	252.0489	0.8913759	0.5371826	0.526489	0.473511	6.746991
11286	-7931.059	-8182.124	251.0651	0.8408104	0.6525277	0.482504	0.517496	7.213056
11292	-7936.913	-8187.106	250.1929	0.8229555	0.446918	0.482504	0.517496	7.861211
11298	-7947.709	-8197.797	250.0877	0.7824152	0.6849417	0.454581	0.545419	7.744696
11304	-7942.383	-8194.009	251.6267	0.7824152	0.5796891	0.437865	0.562135	6.998303
11310	-7946.803	-8198.455	251.6528	0.8149893	0.5412803	0.515436	0.484564	6.998303
11316	-7946.875	-8198.523	251.6475	0.7777155	0.4973514	0.528796	0.471204	7.059284
11322	-7945.352	-8196.249	250.8968	0.7004646	0.5159178	0.458716	0.541284	7.487511
11328	-7935.685	-8186.217	250.532	0.7004646	0.5331927	0.481822	0.518178	7.668042
11334	-7928.241	-8178.6	250.3584	0.7302694	0.6297323	0.481822	0.518178	7.668042
11340	-7923.647	-8175.296	251.6485	0.823518	0.5893046	0.437682	0.562318	6.956789
11346	-7942.536	-8194.209	251.673	0.8190004	0.622299	0.505844	0.494156	6.920345
11352	-7934.296	-8185.728	251.4312	0.8201038	0.5960234	0.505844	0.494156	7.070325
11358	-7953.353	-8202.916	249.563	0.7843327	0.5645109	0.456171	0.543829	8.11462
11364	-7943.939	-8193.376	249.4368	0.747455	0.5226825	0.506384	0.493616	8.236203
11370	-7947.664	-8197.481	249.8167	0.7109292	0.6859258	0.476887	0.523113	7.926938
11376	-7944.396	-8194.672	250.2764	0.7815444	0.658316	0.476887	0.523113	7.663384
11382	-7944.041	-8195.086	251.0453	0.7491782	0.5663206	0.486783	0.513217	7.339491
11388	-7945.425	-8194.614	249.1894	0.7564495	0.6246436	0.486783	0.513217	8.281553
11394	-7942.168	-8192.399	250.2312	0.8168605	0.5405829	0.532336	0.467664	7.76041
11400	-7935.98	-8187.245	251.2649	0.7616109	0.5405829	0.453373	0.546627	7.236218
11406	-7937.114	-8188.593	251.4784	0.7823087	0.4862021	0.497098	0.502902	7.157794
11412	-7934.327	-8185.07	250.7437	0.7823087	0.665992	0.516139	0.483861	7.407114
11418	-7931.777	-8182.688	250.9112	0.8641022	0.49882	0.516343	0.483657	7.407114
11424	-7935.967	-8187.228	251.261	0.8641022	0.4737502	0.484493	0.515507	7.242037
11430	-7930.957	-8180.795	249.8386	0.8042651	0.6209727	0.488228	0.511772	7.912855
11436	-7940.11	-8191.135	251.0245	0.8049681	0.5733355	0.459273	0.540727	7.315056
11442	-7934.806	-8185.604	250.798	0.8049681	0.517849	0.446582	0.553418	7.48281
11448	-7948.357	-8199.759	251.4016	0.8049681	0.592814	0.537158	0.462842	7.096909
11454	-7956.624	-8207.388	250.7647	0.8042937	0.5167483	0.468569	0.531431	7.501969
11460	-7954.416	-8203.693	249.2775	0.7112293	0.5281126	0.493098	0.506902	8.33563
11466	-7946.832	-8196.692	249.8602	0.7635308	0.6039903	0.497373	0.502627	7.936081
11472	-7943.671	-8193.984	250.313	0.711353	0.5198398	0.509851	0.490149	7.79065
11478	-7935.134	-8186.012	250.8778	0.7468847	0.5769121	0.509851	0.490149	7.422008
11484	-7925.958	-8176.087	250.1295	0.6832635	0.5340195	0.496076	0.503924	7.891588
11490	-7939.525	-8188.795	249.2696	0.6228877	0.5108687	0.515931	0.484069	8.401607
11496	-7943.186	-8193.506	250.3203	0.6791248	0.5402925	0.515931	0.484069	7.786637
11502	-7934.374	-8184.426	250.052	0.6862078	0.5488998	0.434873	0.565127	7.918963
11508	-7935.862	-8186.824	250.9622	0.7855226	0.5488998	0.503134	0.496866	7.378874
11514	-7927.803	-8179.137	251.3335	0.7899292	0.5341798	0.503134	0.496866	7.189543
11520	-7935.289	-8185.945	250.6559	0.8348431	0.5337519	0.503134	0.496866	7.529314
11526	-7938.182	-8189.252	251.0698	0.8389341	0.5418343	0.489866	0.510134	7.298411
11532	-7949.921	-8201.052	251.1315	0.7772059	0.5418343	0.489866	0.510134	7.298411
11538	-7936.902	-8187.587	250.6846	0.7269838	0.5418343	0.506958	0.493042	7.564916
11544	-7917.36	-8167.999	250.6393	0.8202796	0.6142597	0.436552	0.563448	7.481219
11550	-7925.089	-8175.062	249.9728	0.7665976	0.5965543	0.482034	0.517966	7.880075
11556	-7943.134	-8194.279	251.145	0.9080851	0.5493423	0.461005	0.538995	7.214614
11562	-7929.89	-8181.254	251.3639	0.793025	0.582186	0.45532	0.54468	7.132052
11568	-7942.357	-8193.627	251.2691	0.7347422	0.582186	0.521482	0.478518	7.214311
11574	-7952.372	-8203.008	250.6356	0.7369458	0.4995439	0.481755	0.518245	7.622161
11580	-7935.797	-8186.696	250.899	0.7621713	0.5398446	0.460165	0.539835	7.432831
11586	-7939.345	-8189.093	249.7484	0.7621713	0.5398446	0.510541	0.489459	8.047891
11592	-7928.251	-8178.025	249.7744	0.7225409	0.5486403	0.501312	0.498688	8.047891
11598	-7938.498	-8188.168	249.6698	0.7225409	0.6191484	0.546655	0.453345	8.047891
11604	-7950.907	-8199.809	248.902	0.717068	0.4580863	0.489224	0.510776	8.594264
11610	-7935.892	-8186.337	250.4449	0.7685668	0.5915774	0.443632	0.556368	7.630588
11616	-7942.148	-8190.552	248.4044	0.7144511	0.5588266	0.526816	0.473184	8.772138
11622	-7937.626	-8187.325	249.6994	0.734579	0.5380041	0.571035	0.428965	8.090251
11628	-7937.684	-8186.529	248.8449	0.7328661	0.4936072	0.457695	0.542305	8.583918
11634	-7940.97	-8190.313	249.3431	0.7256474	0.5189416	0.494375	0.505625	8.300878
11640	-7943.275	-8194.758	251.4825	0.8472678	0.5189416	0.469382	0.530618	7.091661
11646	-7935.251	-8186.373	251.1218	0.8291297	0.6011638	0.518794	0.481206	7.227787
11652	-7941.595	-8192.287	250.692	0.8837131	0.5256	0.518794	0.481206	7.490732
11658	-7940.056	-8189.953	249.8967	0.7226212	0.5270178	0.495265	0.504735	8.000713
11664	-7939.775	-8190.336	250.5602	0.7226212	0.5549573	0.558506	0.441494	7.622925
11670	-7937.908	-8188.126	250.2177	0.7894081	0.5496974	0.469402	0.530598	7.774719
11676	-7936.152	-8188.375	252.2224	0.8727765	0.5347205	0.417871	0.582129	6.665399
11682	-7929.813	-8180.923	251.1101	0.8727765	0.5618181	0.480754	0.519246	7.242042
11688	-7932.5	-8182.631	250.1308	0.7178056	0.5768117	0.493111	0.506889	7.837323
11694	-7937.306	-8188.473	251.1671	0.8091039	0.5085572	0.493111	0.506889	7.290734
11700	-7932.18	-8183.504	251.3236	0.8091039	0.5094995	0.48838	0.51162	7.205828
11706	-7955.102	-8205.641	250.5393	0.8910693	0.5756964	0.48838	0.51162	7.527088
11712	-7945.801	-8196.377	250.5756	0.8152639	0.5756964	0.48838	0.51162	7.548278
11718	-7937.431	-8188.953	251.5215	0.9755081	0.4317393	0.48838	0.51162	7.082156
11724	-7924.81	-8176.296	251.4861	0.8310582	0.5380013	0.439134	0.560866	7.082156
11730	-7932.778	-8183.52	250.7417	0.7831126	0.582397	0.495668	0.504332	7.471145
11736	-7930.777	-8180.899	250.122	0.8788396	0.424391	0.479574	0.520426	7.89111
11742	-7935.651	-8185.473	249.8211	0.7759418	0.5530292	0.489316	0.510684	7.990859
11748	-7943.956	-8193.836	249.8803	0.7972718	0.5024579	0.441239	0.558761	7.990859
11754	-7929.769	-8179.719	249.9502	0.7402206	0.4947126	0.421782	0.578218	7.990859
11760	-7933.955	-8183.62	249.6645	0.8475711	0.443957	0.502747	0.497253	8.132703
11766	-7936.28	-8188.032	251.7522	0.9850329	0.4821591	0.455902	0.544098	6.905002
11772	-7938.969	-8190.138	251.1689	0.887739	0.4828469	0.490322	0.509678	7.270507
11778	-7939.102	-8190.68	251.5785	0.9354631	0.5042592	0.475877	0.524123	7.00542
11784	-7936.05	-8187.497	251.4471	0.8469396	0.5414051	0.432011	0.567989	7.091703
11790	-7939.153	-8191.124	251.9706	0.9087279	0.5640554	0.539274	0.460726	6.757454
11796	-7937.862	-8188.848	250.9862	0.8114893	0.5640554	0.484832	0.515168	7.339595
11802	-7952.728	-8203.368	250.6392	0.8018972	0.5966148	0.530547	0.469453	7.504797
11808	-7938.778	-8190.646	251.8682	0.8066154	0.5160257	0.49315	0.50685	6.90838
11814	-7946.875	-8198.48	251.6049	0.8066154	0.5569964	0.517741	0.482259	7.015514
11820	-7935.758	-8186.126	250.3676	0.8491989	0.5569964	0.454301	0.545699	7.656559
11826	-7947.799	-8198.1	250.3013	0.8183701	0.6230183	0.480727	0.519273	7.656559
11832	-7947.633	-8200.857	253.2243	0.8951524	0.5109192	0.554379	0.445621	6.130483
11838	-7936.86	-8187.927	251.0666	0.7976943	0.4988828	0.503445	0.496555	7.359294
11844	-7936.74	-8186.954	250.2141	0.7815525	0.5759724	0.503445	0.496555	7.759456
11850	-7924.813	-8176.122	251.3092	0.7873098	0.5768907	0.522904	0.477096	7.168759
11856	-7945.23	-8197.858	252.6281	0.9497072	0.507403	0.481337	0.518663	6.427874
11862	-7947.163	-8198.873	251.7094	0.8726995	0.5631414	0.494758	0.505242	6.918555
11868	-7957.66	-8209.265	251.6048	0.8726995	0.5631414	0.420469	0.579531	6.974909
11874	-7940.603	-8191.505	250.902	0.8726995	0.6872526	0.542233	0.457767	7.258449
11880	-7934.542	-8185.98	251.438	0.7862193	0.5239244	0.46567	0.53433	7.144152
11886	-7930.858	-8182.358	251.4993	0.8935694	0.4388848	0.518787	0.481213	7.131154
11892	-7952.033	-8203.477	251.444	0.8434712	0.4998751	0.547413	0.452587	7.131154
11898	-7934.558	-8184.828	250.2701	0.7763794	0.5823013	0.499042	0.500958	7.72722
11904	-7931.298	-8181.697	250.3992	0.698361	0.5650042	0.517901	0.482099	7.713832
11910	-7933.376	-8183.147	249.7718	0.7243932	0.5821876	0.550204	0.449796	8.021134
11916	-7938.841	-8190.116	251.2752	0.7458719	0.5821876	0.550204	0.449796	7.205057
11922	-7935.607	-8187.646	252.0397	0.8859287	0.611018	0.550204	0.449796	6.695038
11928	-7943.395	-8195.815	252.4196	0.8938858	0.4878738	0.550204	0.449796	6.588588
11934	-7931.573	-8182.026	250.4528	0.7800918	0.5726887	0.40239	0.59761	7.635254
11940	-7960.955	-8213.279	252.3239	0.833958	0.5381014	0.568999	0.431001	6.628611
11946	-7939.697	-8192.402	252.7058	0.9129417	0.5381014	0.453831	0.546169	6.378988
11952	-7933.048	-8184.914	251.8659	0.8907479	0.5218456	0.453831	0.546169	6.85923
11958	-7932.739	-8184.806	252.0671	0.865107	0.6431774	0.462073	0.537927	6.666962
11964	-7952.628	-8203.479	250.8516	0.855038	0.5293516	0.40049	0.59951	7.41737
11970	-7949.341	-8200.059	250.7181	0.8003755	0.6574926	0.4967	0.5033	7.41737
11976	-7945.229	-8195.848	250.6192	0.8003755	0.6229618	0.575316	0.424684	7.496041
11982	-7972.065	-8224.087	252.0225	0.8978344	0.4700758	0.476253	0.523747	6.817398
11988	-7959.227	-8210.535	251.3076	0.8461833	0.5298284	0.476253	0.523747	7.176909
11994	-7949.466	-8200.286	250.82	0.8461833	0.5470894	0.476392	0.523608	7.424091
12000	-7947.094	-8196.855	249.7615	0.7812731	0.5150308	0.476392	0.523608	8.051785
12006	-7942.594	-8193.1	250.5061	0.8267732	0.4998368	0.431254	0.568746	7.643154
12012	-7951.07	-8201.322	250.2522	0.7531756	0.5288753	0.472465	0.527535	7.793057
12018	-7938.498	-8188.972	250.4739	0.7523117	0.5288753	0.519975	0.480025	7.675036
12024	-7942.522	-8193.255	250.7335	0.8376	0.5879353	0.547359	0.452641	7.441957
12030	-7940.099	-8190.728	250.6284	0.7420039	0.6195301	0.40918	0.59082	7.524989
12036	-7929.885	-8181.008	251.1223	0.8430322	0.5902917	0.494765	0.505235	7.228554
12042	-7934.282	-8184.858	250.5766	0.8001754	0.4983687	0.475966	0.524034	7.62096
12048	-7952.078	-8202.054	249.9761	0.7319131	0.64699	0.536718	0.463282	7.858641
12054	-7943.693	-8194.302	250.609	0.7828329	0.5419936	0.499815	0.500185	7.575354
12060	-7941.899	-8192.123	250.2241	0.8000088	0.5419936	0.453698	0.546302	7.77203
12066	-7935.23	-8187.879	252.6494	0.8802279	0.5962183	0.453698	0.546302	6.379578
12072	-7931.7	-8184.395	252.695	0.9130753	0.5863706	0.460135	0.539865	6.344908
12078	-7936.605	-8188.664	252.0582	0.8590306	0.5863706	0.460135	0.539865	6.718956
12084	-7929.227	-8181.436	252.2084	0.8720362	0.4830558	0.38982	0.61018	6.718956
12090	-7932.293	-8183.532	251.2395	0.9215566	0.4700601	0.502776	0.497224	7.226174
12096	-7942.932	-8195.694	252.7619	0.8759606	0.4700601	0.508303	0.491697	6.429347
12102	-7954.371	-8206.257	251.8859	0.8708283	0.6535313	0.535784	0.464216	6.754106
12108	-7942.664	-8194.785	252.1204	0.8305651	0.5949647	0.485665	0.514335	6.69387
12114	-7938.027	-8188.95	250.9228	0.8305651	0.597748	0.495515	0.504485	7.336488
12120	-7936.925	-8187.978	251.0529	0.7666601	0.5535632	0.455323	0.544677	7.336488
12126	-7937.466	-8188.56	251.0947	0.7941413	0.5098287	0.394223	0.605777	7.336488
12132	-7925.845	-8176.82	250.9753	0.8096667	0.5763421	0.497481	0.502519	7.336488
12138	-7922.04	-8172.39	250.3503	0.7504978	0.5305554	0.479625	0.520375	7.740659
12144	-7926.352	-8176.615	250.2636	0.7405828	0.5681013	0.417955	0.582045	7.761241
12150	-7933.249	-8184.987	251.7375	0.823043	0.5067605	0.417955	0.582045	6.978076
12156	-7929.094	-8180.79	251.6965	0.8121449	0.539181	0.450273	0.549727	6.978076
12162	-7939.606	-8189.058	249.4521	0.7917348	0.504805	0.566847	0.433153	8.219969
12168	-7929.313	-8178.949	249.6362	0.7530486	0.504805	0.536752	0.463248	8.142508
12174	-7929.668	-8179.927	250.2594	0.7530486	0.5496003	0.515679	0.484321	7.771921
12180	-7929.675	-8179.834	250.1584	0.7530486	0.6176957	0.515679	0.484321	7.771921
12186	-7937	-8187.922	250.9221	0.8814423	0.5092261	0.481671	0.518329	7.382763
12192	-7968.737	-8219.071	250.3339	0.8018513	0.660399	0.481671	0.518329	7.620223
12198	-7943.27	-8194.367	251.0972	0.9075108	0.5650998	0.471792	0.528208	7.227595
12204	-7934.889	-8188.434	253.545	1.000003	0.4289643	0.471792	0.528208	5.975775
12210	-7945.285	-8198.235	252.9507	0.9389209	0.4289643	0.471792	0.528208	6.332457
12216	-7948.939	-8201.579	252.6402	0.9535785	0.6119192	0.471792	0.528208	6.332457
12222	-7950.165	-8201.545	251.3791	0.9302974	0.6260472	0.468118	0.531882	7.015832
12228	-7954.227	-8206.337	252.1099	0.9302974	0.5443221	0.428863	0.571137	6.686948
12234	-7927.761	-8180.075	252.3139	0.9067339	0.4851645	0.498918	0.501082	6.641271
12240	-7924.391	-8176.589	252.1982	0.8501022	0.5469188	0.498326	0.501674	6.680393
12246	-7950	-8201.156	251.1556	0.7920478	0.4375003	0.442005	0.557995	7.371632
12252	-7958.303	-8209.316	251.0128	0.8325209	0.6324993	0.485355	0.514645	7.260506
12258	-7946.523	-8197.411	250.8874	0.7472083	0.5228097	0.456098	0.543902	7.461587
12264	-7933.007	-8183.036	250.0291	0.7825258	0.5374444	0.494892	0.505108	7.889298
12270	-7940.903	-8191.618	250.7149	0.8415007	0.7265426	0.471699	0.528301	7.348391
12276	-7951.98	-8203.523	251.5429	0.8559851	0.6349747	0.511027	0.488973	6.960919
12282	-7935.261	-8186.762	251.5008	0.8714365	0.5003503	0.511027	0.488973	7.085113
12288	-7956.484	-8206.831	250.3473	0.767599	0.6564954	0.462254	0.537746	7.634224
12294	-7949.68	-8200.869	251.1892	0.8538175	0.4813986	0.503731	0.496269	7.27911
12300	-7944.046	-8195.528	251.4824	0.8164204	0.5189365	0.497552	0.502448	7.108297
12306	-7961.246	-8213.07	251.8241	0.8816493	0.5781074	0.486963	0.513037	6.839728
12312	-7946.456	-8198.221	251.7655	0.8537704	0.501431	0.486125	0.513875	6.951196
12318	-7949.682	-8201.31	251.6282	0.8296806	0.606118	0.523988	0.476012	6.951196
12324	-7949.676	-8201.12	251.4443	0.8209575	0.5746206	0.50367	0.49633	7.079836
12330	-7944.239	-8195.076	250.8373	0.8639939	0.4872931	0.514558	0.485442	7.45707
12336	-7945.052	-8196.077	251.0249	0.8639939	0.5805733	0.512579	0.487421	7.277324
12342	-7944.329	-8195.15	250.821	0.8252487	0.5615916	0.512579	0.487421	7.422821
12348	-7944.848	-8195.924	251.0753	0.8106254	0.5568591	0.459471	0.540529	7.298139
12354	-7950.772	-8201.266	250.4943	0.8131944	0.4428911	0.452763	0.547237	7.709214
12360	-7964.871	-8215.752	250.8807	0.7371809	0.556144	0.452763	0.547237	7.44253
12366	-7948.699	-8199.544	250.8449	0.783278	0.4691421	0.452763	0.547237	7.512851
12372	-7952.553	-8203.508	250.9551	0.7886394	0.6367866	0.47881	0.52119	7.311781
12378	-7945.906	-8197.586	251.6802	0.784491	0.5164422	0.47881	0.52119	7.021249
12384	-7932.091	-8183.781	251.6908	0.7646257	0.5681992	0.451191	0.548809	6.982698
12390	-7934.466	-8186.065	251.5988	0.7759077	0.6233698	0.51099	0.48901	6.982698
12396	-7930.615	-8182.791	252.176	0.8132053	0.5056454	0.477316	0.522684	6.747889
12402	-7929.909	-8180.855	250.9459	0.8132053	0.573474	0.52917	0.47083	7.352666
12408	-7937.466	-8188.251	250.7855	0.8132053	0.5752611	0.550339	0.449661	7.437244
12414	-7919.348	-8170.304	250.9559	0.7595336	0.553277	0.440404	0.559596	7.392602
12420	-7938.861	-8189.138	250.2762	0.7868372	0.5150676	0.476981	0.523019	7.774076
12426	-7951.096	-8203.224	252.1276	0.8022126	0.5382239	0.476981	0.523019	6.751779
12432	-7949.053	-8198.858	249.8047	0.7234024	0.591512	0.492135	0.507865	7.996785
12438	-7944.427	-8194.24	249.8131	0.7210656	0.5873553	0.492135	0.507865	7.996785
12444	-7935.941	-8187.019	251.0773	0.8239029	0.5486448	0.492135	0.507865	7.296717
12450	-7946.136	-8197.384	251.2483	0.79815	0.4558575	0.525245	0.474755	7.301002
12456	-7951.635	-8202.717	251.0819	0.7818614	0.5736473	0.518365	0.481635	7.296363
12462	-7942.242	-8193.386	251.1436	0.7650128	0.5443476	0.446562	0.553438	7.296363
12468	-7935.411	-8186.194	250.7832	0.7407247	0.4986277	0.500661	0.499339	7.54196
12474	-7932.791	-8184.327	251.536	0.7550374	0.5050057	0.430983	0.569017	7.124677
12480	-7930.582	-8182.132	251.5499	0.6925762	0.535202	0.493014	0.506986	7.124677
12486	-7927.838	-8178.747	250.9092	0.7477734	0.5642976	0.507286	0.492714	7.414868
12492	-7932.433	-8183.206	250.7733	0.8188437	0.5292112	0.492661	0.507339	7.478819
12498	-7928.353	-8179.801	251.4481	0.8188437	0.5292112	0.492661	0.507339	7.116594
12504	-7920.272	-8172.223	251.9514	0.8346892	0.5615717	0.464766	0.535234	6.809851
12510	-7929.721	-8181.503	251.7819	0.7890788	0.5326496	0.470503	0.529497	6.95004
12516	-7942.924	-8195.738	252.8131	0.8761667	0.5326496	0.479254	0.520746	6.345359
12522	-7950.625	-8201.856	251.2304	0.8638747	0.6738185	0.498442	0.501558	7.096308
12528	-7937.658	-8189.562	251.9036	0.8292353	0.5736739	0.4354	0.5646	6.828694
12534	-7933.693	-8185.33	251.6364	0.7894784	0.554858	0.425648	0.574352	7.009555
12540	-7924.501	-8177.04	252.5391	0.8912271	0.6289905	0.558593	0.441407	6.407978
12546	-7926.668	-8178.206	251.5381	0.8167957	0.5775118	0.487896	0.512104	7.029282
12552	-7942.295	-8191.797	249.5022	0.738041	0.617378	0.507542	0.492458	8.130275
12558	-7938.355	-8188.147	249.7921	0.7579806	0.5078578	0.43573	0.56427	8.054132
12564	-7950.322	-8199.906	249.5839	0.7077465	0.6102643	0.43573	0.56427	8.108287
12570	-7934.683	-8185.944	251.261	0.8582861	0.4936785	0.399101	0.600899	7.227087
12576	-7946.662	-8196.313	249.6509	0.7801168	0.6199388	0.473449	0.526551	8.026636
12582	-7954.407	-8204.477	250.0693	0.6821557	0.6169512	0.466712	0.533288	7.857914
12588	-7943.854	-8192.986	249.1329	0.8113511	0.5447871	0.466712	0.533288	8.345356
12594	-7929.405	-8180.718	251.3126	0.7728177	0.511009	0.466712	0.533288	7.229947
12600	-7944.107	-8193.363	249.2556	0.7541808	0.5307799	0.466712	0.533288	8.322219
12606	-7957.432	-8207.109	249.6768	0.7050743	0.5787939	0.439629	0.560371	8.084752
12612	-7946.936	-8196.591	249.6549	0.7996951	0.5315011	0.439629	0.560371	8.084752
12618	-7945.36	-8195.58	250.2196	0.7399076	0.5315011	0.464913	0.535087	7.815366
12624	-7948.438	-8199.224	250.7857	0.8691615	0.5844966	0.464647	0.535353	7.399752
12630	-7952.928	-8203.932	251.0042	0.7731991	0.6204556	0.419169	0.580831	7.306043
12636	-7937.812	-8187.228	249.4161	0.7992192	0.477845	0.529789	0.470211	8.259135
12642	-7944.291	-8195.142	250.8513	0.886362	0.4787428	0.48559	0.51441	7.44537
12648	-7925.849	-8175.576	249.727	0.736238	0.565153	0.477348	0.522652	8.052355
12654	-7934.025	-8183.343	249.3174	0.7652038	0.518672	0.506587	0.493413	8.293747
12660	-7931.083	-8180.217	249.1341	0.6654549	0.5197078	0.506587	0.493413	8.443377
12666	-7930.736	-8180.89	250.1533	0.7275645	0.5947113	0.478341	0.521659	7.805953
12672	-7925.219	-8177.08	251.8609	0.7956049	0.6433996	0.469887	0.530113	6.815694
12678	-7930.45	-8181.768	251.3183	0.8115381	0.490172	0.523437	0.476563	7.224538
12684	-7944.018	-8195.768	251.7503	0.8578596	0.4338482	0.523437	0.476563	7.02025
12690	-7928.749	-8179.181	250.4316	0.7390309	0.5457021	0.525062	0.474938	7.690574
12696	-7932.477	-8183.725	251.2481	0.7893718	0.578342	0.525062	0.474938	7.19933
12702	-7932.871	-8184.127	251.2559	0.8105899	0.5590798	0.515936	0.484064	7.19933
12708	-7936.777	-8186.612	249.8344	0.8085625	0.4566274	0.508069	0.491931	8.050941
12714	-7927.394	-8177.723	250.3288	0.792145	0.5959687	0.442751	0.557249	7.676678
12720	-7951.718	-8203.118	251.4003	0.8332443	0.4960209	0.490509	0.509491	7.163579
12726	-7949.774	-8201.767	251.9923	0.8037065	0.5088076	0.534672	0.465328	6.849411
12732	-7944.526	-8194.263	249.7375	0.745318	0.5640965	0.534672	0.465328	8.042773
12738	-7937.327	-8187.315	249.9883	0.745318	0.5602406	0.506112	0.493888	7.912128
12744	-7937.893	-8188.069	250.1763	0.7238384	0.5031124	0.506112	0.493888	7.871559
12750	-7941.435	-8192.938	251.503	0.8066481	0.5248413	0.545155	0.454845	7.097371
12756	-7951.523	-8202.051	250.5283	0.7783734	0.5248413	0.453182	0.546818	7.635422
12762	-7965.115	-8214.666	249.5512	0.8395352	0.5015979	0.453182	0.546818	8.144555
12768	-7950.235	-8200.061	249.8258	0.7584661	0.5626259	0.453182	0.546818	7.989834
12774	-7949.484	-8200.435	250.9506	0.8417131	0.4894335	0.482185	0.517815	7.406342
12780	-7940.506	-8191.495	250.9891	0.8417131	0.5805286	0.488373	0.511627	7.30855
12786	-7935.345	-8184.786	249.4412	0.7756566	0.5103722	0.488373	0.511627	8.229458
12792	-7930.541	-8181.339	250.798	0.7231808	0.651883	0.488373	0.511627	7.420015
12798	-7931.565	-8182.39	250.8258	0.7310729	0.6261962	0.540286	0.459714	7.420015
12804	-7944.245	-8195.819	251.5743	0.837109	0.4926044	0.413744	0.586256	7.070974
12810	-7949.092	-8200.696	251.6039	0.8447221	0.5245893	0.414628	0.585372	7.022849
12816	-7941.728	-8192.981	251.2536	0.8057694	0.5277707	0.436094	0.563906	7.229392
12822	-7930.614	-8181.945	251.3306	0.8057694	0.5277707	0.508682	0.491318	7.188042
12828	-7948.543	-8198.774	250.2307	0.7652937	0.4991855	0.501698	0.498302	7.823819
12834	-7950.197	-8200.676	250.4789	0.7903971	0.6202433	0.465787	0.534213	7.578568
12840	-7937.258	-8187.76	250.5016	0.7797169	0.5516011	0.47643	0.52357	7.626493
12846	-7942.561	-8192.856	250.2946	0.7593932	0.4544107	0.46521	0.53479	7.833695
12852	-7937.935	-8187.963	250.0276	0.7125493	0.6674264	0.481274	0.518726	7.826636
12858	-7943.715	-8193.371	249.6563	0.7317588	0.6293482	0.496475	0.503525	8.042482
12864	-7934.552	-8186.171	251.6188	0.8095591	0.5813195	0.452152	0.547848	6.986646
12870	-7946.822	-8197.996	251.1749	0.885217	0.6159541	0.458979	0.541021	7.157641
12876	-7936.45	-8188.632	252.1818	0.885217	0.5660382	0.459358	0.540642	6.654425
12882	-7933.562	-8184.663	251.1005	0.702253	0.5660382	0.518225	0.481775	7.335287
12888	-7936.049	-8186.029	249.9803	0.7870834	0.5602395	0.493808	0.506192	7.894058
12894	-7941.486	-8192.391	250.9052	0.7870834	0.5671964	0.445073	0.554927	7.393612
12900	-7928.764	-8180.284	251.5196	0.8685693	0.5058554	0.444076	0.555924	7.071665
12906	-7934.411	-8185.3	250.8888	0.8685693	0.6146073	0.500634	0.499366	7.321281
12912	-7939.845	-8190.87	251.0247	0.7627758	0.5190476	0.477087	0.522913	7.382866
12918	-7957.465	-8208.401	250.9362	0.7119517	0.5173451	0.473185	0.526815	7.459008
12924	-7943.778	-8193.083	249.3051	0.7166111	0.507092	0.522299	0.477701	8.336147
12930	-7920.034	-8169.739	249.7052	0.7376516	0.6302596	0.528184	0.471816	8.01257
12936	-7918.867	-8170.034	251.1671	0.8407994	0.5926394	0.491765	0.508235	7.203858
12942	-7927.335	-8177.63	250.2952	0.718774	0.5528305	0.40844	0.59156	7.768429
12948	-7937.228	-8186.472	249.244	0.7089423	0.5675582	0.55895	0.44105	8.322138
12954	-7943.002	-8192.486	249.4843	0.6838007	0.61254	0.475095	0.524905	8.172364
12960	-7940.69	-8191.179	250.4892	0.8088444	0.4676334	0.517463	0.482537	7.690947
12966	-7947.162	-8197.218	250.0557	0.755666	0.4979835	0.455183	0.544817	7.92347
12972	-7957.617	-8207.987	250.3706	0.7571677	0.606298	0.453469	0.546531	7.664981
12978	-7948.738	-8200.373	251.6351	0.7818307	0.5847608	0.493791	0.506209	6.990039
12984	-7939.135	-8190.296	251.1613	0.7516487	0.6287957	0.493791	0.506209	7.226958
12990	-7945.389	-8197.789	252.3998	0.7516487	0.6064129	0.476812	0.523188	6.576469
12996	-7939.309	-8191.228	251.9193	0.8409144	0.6340022	0.421472	0.578528	6.766802
13002	-7930.187	-8180.758	250.5705	0.7281475	0.6283821	0.49316	0.50684	7.55673
13008	-7937.49	-8189.849	252.3592	0.905892	0.466387	0.468755	0.531245	6.634599
13014	-7930.361	-8182.447	252.0858	0.8435624	0.6896665	0.464132	0.535868	6.634599
13020	-7929.737	-8181.797	252.0606	0.8435624	0.5602619	0.495255	0.504745	6.747206
13026	-7925.945	-8178.577	252.6327	0.8471253	0.4701972	0.383477	0.616523	6.514856
13032	-7930.821	-8182.651	251.8299	0.843713	0.638834	0.491681	0.508319	6.8099
13038	-7936.467	-8186.96	250.4925	0.8591972	0.6616401	0.42507	0.57493	7.503707
13044	-7950.651	-8200.661	250.0101	0.8393358	0.5638998	0.420772	0.579228	7.847297
13050	-7948.282	-8199.277	250.9954	0.7885955	0.5446807	0.463154	0.536846	7.362967
13056	-7938.444	-8188.859	250.4151	0.7885955	0.6362574	0.475245	0.524755	7.601636
13062	-7935.804	-8187.605	251.8012	0.8231587	0.4929505	0.462089	0.537911	6.95605
13068	-7947.624	-8198.594	250.9704	0.7783259	0.4776321	0.531105	0.468895	7.440422
13074	-7932.814	-8183.348	250.5332	0.767078	0.5466557	0.491899	0.508101	7.620474
13080	-7941.085	-8191.7	250.6153	0.8404349	0.5205057	0.491899	0.508101	7.55934
13086	-7955.689	-8206.089	250.4001	0.7752658	0.6197164	0.430158	0.569842	7.62924
13092	-7951.824	-8201.596	249.7716	0.7422923	0.4879227	0.466631	0.533369	8.091076
13098	-7940.198	-8190.817	250.619	0.7786274	0.5879667	0.492866	0.507134	7.534858
13104	-7932.962	-8183.804	250.8428	0.7786274	0.6456553	0.508132	0.491868	7.370851
13110	-7934.389	-8185.034	250.645	0.8417469	0.4477177	0.460057	0.539943	7.608736
13116	-7929.771	-8180.821	251.0494	0.8218089	0.4943496	0.460057	0.539943	7.359627
13122	-7935.622	-8186.662	251.0401	0.7935929	0.5172194	0.475346	0.524654	7.359627
13128	-7945.113	-8195.415	250.3017	0.7935929	0.5889032	0.464387	0.535613	7.695912
13134	-7941.811	-8193.258	251.4478	0.7511732	0.5519148	0.453411	0.546589	7.134073
13140	-7947.435	-8198.914	251.4792	0.7625404	0.5579545	0.408428	0.591572	7.106069
13146	-7935.298	-8186.408	251.1102	0.8246905	0.523969	0.448085	0.551915	7.299518
13152	-7933.457	-8184.304	250.8464	0.7628759	0.5249833	0.461389	0.538611	7.47327
13158	-7929.914	-8179.915	250.001	0.8082549	0.5483639	0.430522	0.569478	7.881459
13164	-7919.781	-8170.084	250.3032	0.8212108	0.5390525	0.449087	0.550913	7.720844
13170	-7934.994	-8185.761	250.7673	0.8212108	0.5123152	0.526741	0.473259	7.49535
13176	-7923.257	-8174.321	251.064	0.7554956	0.5983311	0.505262	0.494738	7.300526
13182	-7936.179	-8188.086	251.9066	0.8092542	0.6133124	0.456447	0.543553	6.80654
13188	-7936.357	-8187.104	250.7471	0.8202897	0.5146261	0.456447	0.543553	7.504653
13194	-7929.375	-8180.105	250.7307	0.7886401	0.5448771	0.456447	0.543553	7.504653
13200	-7938.6	-8188.64	250.0395	0.6991063	0.5876465	0.505048	0.494952	7.887476
13206	-7942.045	-8191.121	249.0766	0.7243656	0.5487457	0.547651	0.452349	8.418296
13212	-7935.845	-8186.842	250.9968	0.84148	0.6251846	0.423818	0.576182	7.269799
13218	-7943.147	-8193.113	249.9667	0.7290505	0.5212974	0.550527	0.449473	7.964839
13224	-7946.405	-8197.191	250.7857	0.7979808	0.5632448	0.516576	0.483424	7.455036
13230	-7978.419	-8229.326	250.9069	0.7299831	0.5285155	0.575801	0.424199	7.455475
13236	-7963.414	-8212.463	249.0491	0.7060199	0.5724112	0.541255	0.458745	8.42345
13242	-7955.28	-8207.634	252.3535	0.9501367	0.4577883	0.47158	0.52842	6.62187
13248	-7955.551	-8208.637	253.0854	0.9885757	0.5514076	0.504518	0.495482	6.120304
13254	-7943.875	-8196.622	252.7467	0.8657339	0.4909191	0.442784	0.557216	6.423903
13260	-7953.134	-8204.867	251.7329	0.8495681	0.5543827	0.444124	0.555876	6.925568
13266	-7948.214	-8199.417	251.2031	0.7910073	0.6511468	0.458533	0.541467	7.166661
13272	-7941.893	-8192.906	251.0126	0.8589829	0.4507474	0.45939	0.54061	7.399644
13278	-7944.866	-8197.534	252.6686	0.8856333	0.5765486	0.494268	0.505732	6.382033
13284	-7953.344	-8205.464	252.12	0.8202575	0.556067	0.455378	0.544622	6.731128
13290	-7942.438	-8194.084	251.6458	0.8202575	0.5301162	0.489387	0.510613	7.008712
13296	-7938.046	-8188.847	250.8017	0.827908	0.6210188	0.489387	0.510613	7.384928
13302	-7949.942	-8201.983	252.0412	0.8645668	0.5205022	0.456141	0.543859	6.779942
13308	-7940.736	-8191.111	250.3756	0.771312	0.5790433	0.50095	0.49905	7.67613
13314	-7944.333	-8194.814	250.4809	0.771312	0.5848976	0.465161	0.534839	7.615141
13320	-7939.611	-8190.157	250.546	0.7668346	0.5266213	0.525465	0.474535	7.630622
13326	-7933.992	-8184.491	250.4989	0.7668346	0.5567212	0.523429	0.476571	7.630622
13332	-7937.562	-8189.011	251.4489	0.7804919	0.5560323	0.518548	0.481452	7.114311
13338	-7948.351	-8198.199	249.8479	0.7804919	0.6320317	0.505512	0.494488	7.912255
13344	-7950.645	-8201.196	250.5508	0.7804919	0.5704014	0.505512	0.494488	7.584427
13350	-7938.89	-8189.579	250.6885	0.8293658	0.5980938	0.500775	0.499225	7.46249
13356	-7931.155	-8181.585	250.4301	0.7076035	0.5020089	0.450629	0.549371	7.745579
13362	-7935.983	-8188.078	252.0945	0.7240817	0.6371243	0.450629	0.549371	6.732923
13368	-7939.244	-8191.727	252.483	0.8056617	0.5541563	0.450629	0.549371	6.544349
13374	-7938.416	-8188.708	250.2924	0.8717255	0.4615365	0.385381	0.614619	7.76818
13380	-7941.833	-8192.303	250.4704	0.8410485	0.6237959	0.420055	0.579945	7.553333
13386	-7956.991	-8207.07	250.0789	0.8305078	0.5681032	0.456921	0.543079	7.811844
13392	-7941.597	-8192.611	251.0138	0.8054467	0.5681032	0.456921	0.543079	7.324744
13398	-7941.505	-8191.939	250.4339	0.8070961	0.5757973	0.459429	0.540571	7.628392
13404	-7949.061	-8200.367	251.3062	0.8254148	0.5757973	0.487827	0.512173	7.150777
13410	-7943.572	-8194.659	251.0867	0.8254148	0.5431389	0.458519	0.541481	7.295489
13416	-7966.794	-8217.018	250.2244	0.7787908	0.5734255	0.443203	0.556797	7.757484
13422	-7934.64	-8184.359	249.7191	0.7805591	0.6557532	0.482522	0.517478	7.963468
13428	-7931.825	-8180.663	248.8379	0.83458	0.5635953	0.482522	0.517478	8.474427
13434	-7942.316	-8191.894	249.5781	0.7087657	0.5513336	0.506908	0.493092	8.157617
13440	-7945.074	-8196.514	251.4394	0.8159987	0.5623628	0.548562	0.451438	7.095083
13446	-7939.1	-8189.632	250.532	0.7120512	0.5266569	0.548562	0.451438	7.66735
13452	-7938.821	-8189.27	250.4486	0.790301	0.5634	0.465903	0.534097	7.639537
13458	-7940.199	-8189.771	249.5717	0.7637483	0.5145751	0.45939	0.54061	8.162663
13464	-7939.096	-8188.953	249.8573	0.70479	0.6217782	0.470998	0.529002	7.955366
13470	-7939.518	-8189.379	249.8609	0.7081325	0.5900911	0.475231	0.524769	7.976065
13476	-7930.341	-8180.283	249.9416	0.7109281	0.6156621	0.51954	0.48046	7.911757
13482	-7929.33	-8179.197	249.8665	0.7109281	0.6698498	0.51954	0.48046	7.911757
13488	-7932.011	-8182.033	250.0217	0.7361926	0.6092393	0.495238	0.504762	7.860383
13494	-7935.744	-8186.239	250.4954	0.7413854	0.5136403	0.449323	0.550677	7.68246
13500	-7923.397	-8173.795	250.3976	0.7834389	0.5488021	0.456944	0.543056	7.68246
13506	-7931.003	-8182.684	251.681	0.7834389	0.5455824	0.456944	0.543056	6.996473
13512	-7964.868	-8214.125	249.2563	0.678281	0.5768634	0.512975	0.487025	8.324474
13518	-7958.112	-8207.313	249.2015	0.678281	0.6143635	0.512975	0.487025	8.324474
13524	-7948.271	-8198.076	249.805	0.777492	0.4975705	0.493074	0.506926	8.045891
13530	-7936.957	-8188.419	251.4619	0.8521277	0.5479646	0.502331	0.497669	7.075487
13536	-7937.656	-8187.991	250.3344	0.8049207	0.515253	0.50499	0.49501	7.733187
13542	-7947.951	-8198.172	250.2203	0.7604697	0.6199018	0.473873	0.526127	7.733187
13548	-7927.366	-8177.967	250.6006	0.7793398	0.5696595	0.473873	0.526127	7.558953
13554	-7926.109	-8177.834	251.7251	0.8469389	0.4791969	0.473873	0.526127	6.996724
13560	-7927.961	-8180.056	252.0954	0.8469389	0.5343121	0.471071	0.528929	6.748289
13566	-7951.814	-8203.291	251.4779	0.7694975	0.5212022	0.472775	0.527225	7.134004
13572	-7961.611	-8210.404	248.7926	0.760926	0.6148669	0.442839	0.557161	8.497526
13578	-7948.512	-8198.728	250.2158	0.6660509	0.537021	0.482398	0.517602	7.852159
13584	-7950.858	-8201.189	250.3308	0.7262512	0.5613246	0.467653	0.532347	7.738446
13590	-7953.758	-8204.588	250.83	0.7225721	0.6313004	0.488904	0.511096	7.418488
13596	-7951.049	-8201.515	250.4661	0.7225721	0.5996546	0.429842	0.570158	7.637577
13602	-7954.641	-8206.144	251.5036	0.7338996	0.5961076	0.515409	0.484591	7.077654
13608	-7943.74	-8193.638	249.8979	0.7650058	0.586712	0.496687	0.503313	7.92865
13614	-7942.51	-8192.703	250.1927	0.7836906	0.5000847	0.450872	0.549128	7.833489
13620	-7936.202	-8186.406	250.2033	0.7836906	0.5266379	0.450872	0.549128	7.804815
13626	-7943.169	-8194.916	251.7471	0.8054776	0.5179131	0.4386	0.5614	6.972619
13632	-7937.298	-8187.53	250.2322	0.7525637	0.6231756	0.4386	0.5614	7.728575
13638	-7940.697	-8190.124	249.4271	0.7063816	0.6015842	0.525826	0.474174	8.19924
13644	-7959.046	-8207.883	248.8369	0.760647	0.6093386	0.449703	0.550297	8.478363
13650	-7950.861	-8200.04	249.1794	0.7473073	0.5484798	0.511934	0.488066	8.351619
13656	-7946.319	-8195.513	249.1944	0.6724947	0.5881038	0.476681	0.523319	8.351619
13662	-7934.229	-8184.088	249.8583	0.7586208	0.53423	0.506723	0.493277	7.995912
13668	-7935.56	-8184.876	249.3154	0.7161609	0.4466646	0.44518	0.55482	8.385872
13674	-7938.837	-8189.376	250.5394	0.7371841	0.6471389	0.460127	0.539873	7.554525
13680	-7934.455	-8185.005	250.5498	0.7461421	0.6331847	0.520039	0.479961	7.554525
13686	-7921.415	-8172.913	251.4977	0.8060344	0.6296786	0.497942	0.502058	7.016143
13692	-7916.367	-8166.915	250.5479	0.7286236	0.5347026	0.487793	0.512207	7.64315
13698	-7919.922	-8171.61	251.6883	0.8136195	0.5758216	0.48877	0.51123	6.951467
13704	-7944.715	-8196.906	252.1915	0.8827117	0.5247836	0.496825	0.503175	6.685251
13710	-7932.154	-8183.169	251.015	0.8173458	0.5171778	0.478242	0.521758	7.360405
13716	-7925.76	-8176.677	250.9169	0.8173458	0.5223115	0.478242	0.521758	7.408561
13722	-7936.562	-8186.852	250.2904	0.7642587	0.4837952	0.508119	0.491881	7.806234
13728	-7936.157	-8186.014	249.8567	0.7432579	0.4813911	0.508119	0.491881	8.051053
13734	-7955.509	-8206.032	250.5235	0.7432579	0.4985615	0.56864	0.43136	7.679631
13740	-7949.663	-8200.218	250.555	0.7776465	0.4598885	0.56864	0.43136	7.679631
13746	-7957.537	-8208.459	250.9224	0.752145	0.4803676	0.502426	0.497574	7.47772
13752	-7945.222	-8194.094	248.8721	0.752145	0.5770812	0.502426	0.497574	8.489291
13758	-7942.44	-8193.051	250.6113	0.7602873	0.654522	0.502426	0.497574	7.498245
13764	-7949.564	-8199.661	250.0979	0.8187265	0.654522	0.533493	0.466507	7.741693
13770	-7958.221	-8209.378	251.157	0.7294957	0.5279699	0.533493	0.466507	7.32207
13776	-7927.52	-8178.474	250.9541	0.773167	0.4805366	0.533493	0.466507	7.449296
13782	-7922.813	-8172.69	249.8769	0.7542673	0.5707322	0.453342	0.546658	7.958277
13788	-7926.549	-8177.095	250.5464	0.7412646	0.5337444	0.529061	0.470939	7.638011
13794	-7929.831	-8180.844	251.0135	0.8122179	0.5337444	0.499476	0.500524	7.349751
13800	-7956.95	-8205.918	248.9674	0.7658863	0.4890073	0.447937	0.552063	8.505414
13806	-7949.899	-8198.943	249.0444	0.6748915	0.4973858	0.459052	0.540948	8.505414
13812	-7953.142	-8203.405	250.2628	0.8022099	0.5113606	0.524995	0.475005	7.776276
13818	-7951.517	-8202.626	251.1093	0.7751977	0.5113606	0.524995	0.475005	7.337478
13824	-7944.489	-8195.091	250.6023	0.7326393	0.5938337	0.445337	0.554663	7.563835
13830	-7939.417	-8190.846	251.4285	0.7464665	0.5809532	0.491309	0.508691	7.123336
13836	-7952.413	-8203.402	250.9889	0.8234202	0.4509054	0.460552	0.539448	7.431281
13842	-7938.447	-8189.664	251.2169	0.8234202	0.5166957	0.458588	0.541412	7.249177
13848	-7925.788	-8177.293	251.5054	0.8234202	0.508466	0.458588	0.541412	7.101334
13854	-7942.961	-8194.573	251.6124	0.8905053	0.5077078	0.422847	0.577153	7.008309
13860	-7945.812	-8197.115	251.303	0.8227735	0.529024	0.529057	0.470943	7.192693
13866	-7942.487	-8191.784	249.2979	0.7781379	0.6084009	0.485316	0.514684	8.224581
13872	-7955.922	-8206.794	250.8711	0.7781379	0.640877	0.485316	0.514684	7.359443
13878	-7953.081	-8203.743	250.6621	0.8600474	0.4678209	0.472528	0.527472	7.57085
13884	-7941.392	-8192.851	251.4591	0.8080659	0.5197838	0.471393	0.528607	7.124621
13890	-7932.532	-8184.1	251.5679	0.776861	0.5348451	0.529532	0.470468	7.069952
13896	-7926.233	-8178.005	251.7712	0.8226478	0.5278826	0.459686	0.540314	6.941805
13902	-7943.333	-8194.839	251.5059	0.7800988	0.4655465	0.459686	0.540314	7.163245
13908	-7923.158	-8175.463	252.3045	0.9172114	0.4965248	0.494333	0.505667	6.63041
13914	-7937.941	-8187.858	249.9167	0.8667346	0.4001341	0.507191	0.492809	8.031513
13920	-7939.371	-8190.832	251.4607	0.8254277	0.5303557	0.507191	0.492809	7.105313
13926	-7929.499	-8180.614	251.1148	0.7987637	0.52632	0.481379	0.518621	7.308919
13932	-7931.388	-8183.186	251.7981	0.8049327	0.4575361	0.487196	0.512804	7.000209
13938	-7921.416	-8173.255	251.8383	0.8355407	0.5936435	0.508385	0.491615	6.844534
13944	-7937.194	-8189.809	252.6144	0.9343436	0.5991267	0.475982	0.524018	6.366909
13950	-7943.634	-8195.616	251.9824	0.8447204	0.4876192	0.475982	0.524018	6.851571
13956	-7942.791	-8193.13	250.3385	0.7851337	0.5984473	0.475982	0.524018	7.673306
13962	-7946.27	-8197.06	250.7905	0.7967466	0.5338015	0.454599	0.545401	7.477578
13968	-7948.258	-8199.238	250.9798	0.8041561	0.536494	0.509007	0.490993	7.369838
13974	-7933.666	-8183.442	249.7762	0.7365953	0.573806	0.485822	0.514178	8.018967
13980	-7931.948	-8182.116	250.1684	0.7365953	0.5159365	0.486571	0.513429	7.85777
13986	-7937.133	-8188.258	251.125	0.8308904	0.5879159	0.486571	0.513429	7.235492
13992	-7946.204	-8198.794	252.5895	0.879902	0.5481553	0.478599	0.521401	6.451448
13998	-7938.889	-8191.148	252.2597	0.9149225	0.5481553	0.416434	0.583566	6.611085
14004	-7943.497	-8195.028	251.5316	0.7904056	0.6005396	0.514981	0.485019	7.028705
14010	-7947.89	-8200.393	252.5037	0.8824915	0.6199315	0.514981	0.485019	6.438883
14016	-7944.12	-8194.601	250.4814	0.7715691	0.6387619	0.49017	0.50983	7.573404
14022	-7945.761	-8196.334	250.5736	0.8386337	0.5027362	0.489708	0.510292	7.598147
14028	-7947.608	-8197.791	250.1822	0.7090154	0.6330373	0.489708	0.510292	7.771144
14034	-7944.335	-8195.905	251.5696	0.8475414	0.6381356	0.474719	0.525281	6.948688
14040	-7947.559	-8199.237	251.6781	0.7977605	0.5280111	0.562712	0.437288	7.005225
14046	-7945.373	-8197.461	252.0879	0.7629404	0.5995241	0.475467	0.524533	6.744388
14052	-7934.026	-8185.053	251.0272	0.8149232	0.6729974	0.476536	0.523464	7.232449
14058	-7932.961	-8184.11	251.1487	0.8336534	0.5082195	0.476536	0.523464	7.287696
14064	-7923.495	-8174.728	251.2329	0.8288098	0.5167342	0.543896	0.456104	7.237682
14070	-7928.107	-8179.891	251.7837	0.8368365	0.438183	0.43757	0.56243	7.009366
14076	-7931.196	-8182.573	251.3766	0.9158199	0.4276242	0.493168	0.506832	7.196217
14082	-7936.144	-8189.714	253.5701	0.9599513	0.4888475	0.459609	0.540391	5.926507
14088	-7931.089	-8184.751	253.6624	0.9737187	0.5212123	0.48895	0.51105	5.839551
14094	-7934.927	-8187.441	252.5142	0.7891	0.5886017	0.470743	0.529257	6.508342
14100	-7944.339	-8196.771	252.4316	0.8417596	0.6091791	0.409698	0.590302	6.508342
14106	-7950.544	-8203.025	252.4815	0.8424078	0.6091791	0.490154	0.509846	6.480929
14112	-7950.094	-8202.774	252.68	0.8972156	0.4503422	0.490154	0.509846	6.480929
14118	-7937.893	-8190.322	252.4294	0.8972156	0.6072987	0.500041	0.499959	6.480929
14124	-7940.973	-8192.396	251.423	0.9095003	0.524757	0.431104	0.568896	7.085157
14130	-7945.558	-8196.218	250.6597	0.7643436	0.5159117	0.396581	0.603419	7.580279
14136	-7940.317	-8190.936	250.6198	0.7547619	0.5471712	0.43763	0.56237	7.580279
14142	-7944.443	-8196.113	251.6697	0.7547619	0.5320488	0.480399	0.519601	7.029445
14148	-7955.855	-8207.135	251.2808	0.717463	0.4960574	0.479584	0.520416	7.289949
14154	-7949.325	-8198.944	249.6191	0.6569626	0.5981508	0.481419	0.518581	8.125955
14160	-7941.91	-8193.55	251.6401	0.7719439	0.5904439	0.486353	0.513647	6.988154
14166	-7930.518	-8181.509	250.99	0.7673817	0.5956831	0.447508	0.552492	7.335943
14172	-7934.908	-8185.847	250.9385	0.8702487	0.6093985	0.553421	0.446579	7.297723
14178	-7942.114	-8191.714	249.6002	0.795979	0.523854	0.427293	0.572707	8.122385
14184	-7948.139	-8199.653	251.5135	0.7938967	0.5147701	0.503077	0.496923	7.107307
14190	-7938.8	-8190.468	251.6677	0.7892645	0.6425429	0.521222	0.478778	6.923971
14196	-7941.209	-8190.682	249.4738	0.7654054	0.6489801	0.457215	0.542785	8.107283
14202	-7942.036	-8192.246	250.2103	0.7823749	0.6076801	0.491256	0.508744	7.73616
14208	-7928.157	-8179.1	250.9427	0.7951583	0.5319323	0.491256	0.508744	7.398427
14214	-7951.106	-8202.768	251.6618	0.7951583	0.5319323	0.465797	0.534203	7.012054
14220	-7939.084	-8190.699	251.6152	0.7649924	0.6168901	0.465595	0.534405	6.984697
14226	-7945.724	-8196.691	250.9671	0.7946951	0.5107482	0.467133	0.532867	7.403814
14232	-7951.693	-8202.481	250.7881	0.7465272	0.6200488	0.426284	0.573716	7.43662
14238	-7945.651	-8196.813	251.1622	0.7719629	0.5072039	0.446372	0.553628	7.314455
14244	-7948.361	-8199.804	251.4433	0.7719629	0.4833751	0.446372	0.553628	7.184808
14250	-7951.165	-8200.202	249.0368	0.7738218	0.4833751	0.446372	0.553628	8.469373
14256	-7936.739	-8186.75	250.0104	0.732217	0.5204277	0.502337	0.497663	7.940562
14262	-7934.115	-8185.434	251.3197	0.732217	0.5251837	0.461715	0.538285	7.235636
14268	-7920.226	-8170.952	250.7256	0.7677903	0.6649021	0.465302	0.534698	7.425402
14274	-7939.019	-8191.801	252.7817	0.8924637	0.5272969	0.501139	0.498861	6.358183
14280	-7938.92	-8189.875	250.9547	0.8387841	0.5432724	0.417739	0.582261	7.35903
14286	-7951.618	-8204.01	252.3917	0.9240527	0.636014	0.445174	0.554826	6.464764
14292	-7946.751	-8198.906	252.1557	0.8565872	0.5225313	0.529445	0.470555	6.720659
14298	-7956.89	-8208.367	251.4762	0.7540257	0.5225313	0.473437	0.526563	7.142117
14304	-7955.034	-8206.527	251.4924	0.8289008	0.4898748	0.509643	0.490357	7.121889
14310	-7954.281	-8204.625	250.3433	0.8396196	0.5467741	0.47917	0.52083	7.68311
14316	-7942.989	-8193.173	250.1843	0.8396196	0.6273047	0.506526	0.493474	7.704521
14322	-7955.917	-8206.958	251.0405	0.7946929	0.5807039	0.448961	0.551039	7.30607
14328	-7956.401	-8207.821	251.4205	0.7881022	0.5690445	0.563943	0.436057	7.114825
14334	-7942.105	-8191.356	249.2506	0.7360969	0.6057287	0.49778	0.50222	8.274182
14340	-7937.652	-8188.241	250.5885	0.7654001	0.5183361	0.449527	0.550473	7.615726
14346	-7953.573	-8204.321	250.7484	0.8271978	0.5199457	0.489278	0.510722	7.495626
14352	-7932.459	-8184.857	252.3973	0.8530251	0.6010977	0.505736	0.494264	6.527125
14358	-7934.08	-8184.994	250.9145	0.8498321	0.4852278	0.503875	0.496125	7.42518
14364	-7934.258	-8184.496	250.2376	0.7042161	0.6024959	0.478059	0.521941	7.767339
14370	-7936.244	-8187.105	250.8614	0.8331544	0.542966	0.503748	0.496252	7.412329
14376	-7944.251	-8195.597	251.3459	0.8140708	0.4770543	0.50365	0.49635	7.220283
14382	-7947.553	-8198.308	250.7548	0.8683165	0.4808973	0.590015	0.409985	7.504788
14388	-7947.76	-8199.151	251.3905	0.9082135	0.4668633	0.445005	0.554995	7.155149
14394	-7952.07	-8204.533	252.4634	0.8268283	0.5499207	0.504313	0.495687	6.547019
14400	-7939.953	-8192.357	252.4034	0.8148063	0.5978953	0.504313	0.495687	6.547019
14406	-7943.376	-8194.344	250.9681	0.7634261	0.5478444	0.48321	0.51679	7.388443
14412	-7937.172	-8187.37	250.1981	0.7418731	0.6026191	0.515465	0.484535	7.768231
14418	-7934.489	-8185.783	251.2947	0.7849445	0.5993848	0.404539	0.595461	7.159959
14424	-7938.349	-8190.155	251.8054	0.8710795	0.5215878	0.486067	0.513933	6.902654
14430	-7950.428	-8203.442	253.0137	0.9488714	0.5976424	0.423876	0.576124	6.143218
14436	-7956.461	-8209.397	252.9354	0.9258973	0.5109337	0.516607	0.483393	6.270872
14442	-7961.973	-8214.88	252.9073	0.9037439	0.6656408	0.481546	0.518454	6.173793
14448	-7941.247	-8193.362	252.1149	0.9046008	0.4892275	0.506758	0.493242	6.746265
14454	-7939.798	-8191.88	252.0825	0.8370178	0.4892275	0.506794	0.493206	6.800253
14460	-7935.624	-8187.05	251.4269	0.8407741	0.4493006	0.417786	0.582214	7.188451
14466	-7931.758	-8183.464	251.7058	0.8415414	0.5742999	0.484034	0.515966	6.928217
14472	-7922.002	-8172.662	250.6603	0.8050493	0.5218373	0.509904	0.490096	7.553074
14478	-7941.826	-8194.654	252.8279	0.9570454	0.6123321	0.468304	0.531696	6.22826
14484	-7930.626	-8183.349	252.7232	0.8461803	0.6204479	0.468304	0.531696	6.339073
14490	-7936.642	-8187.085	250.4434	0.8330175	0.6208548	0.471064	0.528936	7.574304
14496	-7938.77	-8189.942	251.1719	0.8701636	0.4869106	0.448338	0.551662	7.274614
14502	-7945.731	-8197.839	252.108	0.8701636	0.5909881	0.515028	0.484972	6.682369
14508	-7948.081	-8199.874	251.7932	0.8877826	0.6112734	0.537779	0.462221	6.826914
14514	-7935.339	-8187.253	251.914	0.8073227	0.49928	0.4789	0.5211	6.898127
14520	-7942	-8191.883	249.883	0.816493	0.49928	0.566688	0.433312	7.981985
14526	-7932.383	-8183.622	251.2392	0.8306473	0.5629625	0.44404	0.55596	7.194381
14532	-7944.683	-8196.82	252.1361	0.8741809	0.5327484	0.529915	0.470085	6.712942
14538	-7950.384	-8201.252	250.8675	0.8007524	0.6561784	0.480618	0.519382	7.337964
14544	-7950.78	-8202.048	251.2684	0.7753987	0.6150006	0.561006	0.438994	7.167175
14550	-7939.934	-8191.306	251.3719	0.7529085	0.534802	0.451017	0.548983	7.188294
14556	-7930.932	-8182.087	251.1546	0.7782412	0.5696142	0.451017	0.548983	7.262537
14562	-7933.489	-8184.942	251.453	0.7688527	0.5241904	0.497788	0.502212	7.145195
14568	-7920.876	-8171.636	250.7605	0.794947	0.5990847	0.497788	0.502212	7.441601
14574	-7929.824	-8180.701	250.8774	0.7804735	0.5588521	0.43152	0.56848	7.418877
14580	-7930.359	-8180.781	250.4214	0.7804735	0.5344312	0.493139	0.506861	7.683334
14586	-7931.917	-8182.494	250.5775	0.7960813	0.5310669	0.509009	0.490991	7.594328
14592	-7935.806	-8187.753	251.9473	0.7570639	0.543379	0.509009	0.490991	6.869076
14598	-7927.161	-8177.125	249.9643	0.7642844	0.5475445	0.44068	0.55932	7.925243
14604	-7950.174	-8200.812	250.6386	0.8586829	0.4901012	0.39946	0.60054	7.563839
14610	-7937.286	-8188.29	251.0039	0.7943378	0.5920688	0.439688	0.560312	7.316884
14616	-7938.462	-8189.038	250.5761	0.8374375	0.6146883	0.506308	0.493692	7.505555
14622	-7950.569	-8200.489	249.9202	0.7356025	0.4826348	0.506308	0.493692	8.020136
14628	-7957.178	-8207.7	250.5227	0.7404012	0.4861935	0.505402	0.494598	7.692633
14634	-7935.942	-8185.937	249.9951	0.7496024	0.5517763	0.502871	0.497129	7.913141
14640	-7937.629	-8186.874	249.2442	0.7743452	0.5199293	0.489242	0.510758	8.326738
14646	-7934.524	-8185.448	250.9237	0.7812424	0.5204904	0.553374	0.446626	7.425851
14652	-7943.393	-8195.233	251.8393	0.905105	0.5340593	0.535949	0.464051	6.85536
14658	-7945.992	-8196.477	250.4855	0.7542755	0.5961463	0.527476	0.472524	7.61297
14664	-7932.465	-8182.86	250.3943	0.7542755	0.5961463	0.46783	0.53217	7.661724
14670	-7954.053	-8205.292	251.2389	0.7280137	0.4988211	0.515894	0.484106	7.304272
14676	-7969.387	-8220.11	250.7227	0.8985172	0.4988211	0.563168	0.436832	7.489655
14682	-7951.945	-8202.69	250.7452	0.824567	0.6318173	0.46197	0.53803	7.408852
14688	-7943.732	-8195.014	251.2819	0.8345133	0.4611595	0.46197	0.53803	7.258415
14694	-7937.062	-8189.046	251.9843	0.8345133	0.6326747	0.493329	0.506671	6.736157
14700	-7927.258	-8178.018	250.76	0.7445422	0.5777727	0.493329	0.506671	7.485696
14706	-7930.421	-8181.184	250.7629	0.7822863	0.5215232	0.460192	0.539808	7.510568
14712	-7949.559	-8201.362	251.8026	0.9023736	0.4827136	0.460192	0.539808	6.921873
14718	-7953.899	-8204.46	250.5601	0.7887026	0.5037841	0.465884	0.534116	7.631139
14724	-7939.747	-8190.269	250.5226	0.8045117	0.5171264	0.465884	0.534116	7.631139
14730	-7938.826	-8190.18	251.3534	0.7924237	0.6015465	0.500113	0.499887	7.122701
14736	-7943.033	-8193.835	250.8015	0.7256106	0.5351208	0.433839	0.566161	7.50867
14742	-7932.047	-8181.635	249.5883	0.7180216	0.5468967	0.491137	0.508863	8.150865
14748	-7951.801	-8201.33	249.5284	0.7630523	0.6406512	0.491137	0.508863	8.085574
14754	-7943.073	-8194.186	251.1127	0.7697103	0.5780208	0.528943	0.471057	7.282872
14760	-7940.774	-8191.88	251.1056	0.7791336	0.5764612	0.47738	0.52262	7.282872
14766	-7943.411	-8194.666	251.2545	0.7863938	0.5975414	0.454317	0.545683	7.182275
14772	-7951.662	-8203.969	252.3068	0.8776017	0.5975414	0.454317	0.545683	6.565626
14778	-7941.098	-8191.859	250.7614	0.7762044	0.5895348	0.487689	0.512311	7.458629
14784	-7932.291	-8183.484	251.1928	0.7734357	0.5895348	0.486471	0.513529	7.22867
14790	-7933.315	-8184.601	251.2856	0.8510603	0.4930219	0.486471	0.513529	7.21831
14796	-7946.754	-8198.286	251.5319	0.8510603	0.5889449	0.546737	0.453263	7.005023
14802	-7948.045	-8198.911	250.8663	0.8437199	0.5893703	0.487205	0.512795	7.366317
14808	-7941.542	-8193.551	252.0093	0.8416462	0.5065611	0.41185	0.58815	6.821741
14814	-7950.835	-8202.766	251.9311	0.8631164	0.5020481	0.499729	0.500271	6.856313
14820	-7955.146	-8207.176	252.0302	0.8589991	0.5709744	0.41185	0.58815	6.746471
14826	-7947.551	-8198.904	251.3536	0.8589991	0.4336688	0.452524	0.547476	7.233162
14832	-7934.92	-8184.603	249.6824	0.7658433	0.6250596	0.452524	0.547476	8.013595
14838	-7936.455	-8186.216	249.7613	0.7908459	0.5545512	0.452524	0.547476	8.013595
14844	-7951.267	-8200.635	249.3686	0.7703443	0.6176145	0.490399	0.509601	8.184049
14850	-7955.917	-8207.236	251.3186	0.8240409	0.4729846	0.49125	0.50875	7.233347
14856	-7952.359	-8201.196	248.8377	0.8067307	0.6275909	0.499288	0.500712	8.4396
14862	-7952.934	-8203.745	250.8111	0.7604813	0.5524966	0.468329	0.531671	7.470322
14868	-7941.587	-8193.049	251.4626	0.809474	0.5517539	0.468329	0.531671	7.094869
14874	-7947.595	-8197.921	250.3265	0.640308	0.5383333	0.523418	0.476582	7.805704
14880	-7944.911	-8196.512	251.6006	0.8225282	0.4857998	0.397915	0.602085	7.070825
14886	-7945.566	-8197.136	251.5707	0.7956939	0.520261	0.466585	0.533415	7.070825
14892	-7938.273	-8189.511	251.2378	0.7376801	0.520261	0.47037	0.52963	7.280937
14898	-7943.552	-8194.195	250.6431	0.8293566	0.5948008	0.47037	0.52963	7.489395
14904	-7932.682	-8183.218	250.536	0.8234329	0.4346445	0.470043	0.529957	7.689445
14910	-7954.87	-8205.718	250.8477	0.7894178	0.5796794	0.428085	0.571915	7.413132
14916	-7949.871	-8199.958	250.0871	0.8032212	0.5848373	0.449886	0.550114	7.808694
14922	-7949.779	-8200.63	250.8511	0.7333386	0.5862202	0.480753	0.519247	7.436168
14928	-7933.305	-8183.511	250.2068	0.7716278	0.6082855	0.489175	0.510825	7.743288
14934	-7929.214	-8178.981	249.7677	0.7855834	0.4626942	0.51677	0.48323	8.093094
14940	-7943.627	-8192.977	249.3494	0.699229	0.5392011	0.399583	0.600417	8.29447
14946	-7942.143	-8191.737	249.594	0.699229	0.5392011	0.507849	0.492151	8.164258
14952	-7941.808	-8191.149	249.341	0.7807705	0.5093056	0.533842	0.466158	8.280994
14958	-7944.383	-8195.15	250.7663	0.8080234	0.6056087	0.50249	0.49751	7.426384
14964	-7923.443	-8175.115	251.6719	0.8363479	0.6592423	0.412822	0.587178	6.883962
14970	-7924.715	-8175.66	250.945	0.8118187	0.5577379	0.527382	0.472618	7.366718
14976	-7932.88	-8183.98	251.1001	0.8161309	0.5262938	0.433709	0.566291	7.307561
14982	-7936.257	-8187.653	251.3955	0.8418773	0.473313	0.552591	0.447409	7.182144
14988	-7935.154	-8186.017	250.8629	0.7486139	0.5727301	0.45361	0.54639	7.432448
14994	-7939.33	-8189.049	249.7195	0.7621065	0.6122375	0.475929	0.524071	8.005557
15000	-7941.447	-8192.609	251.1614	0.860749	0.4989767	0.511242	0.488758	7.274515
15006	-7950.918	-8201.999	251.0817	0.8770447	0.4962575	0.511242	0.488758	7.31099
15012	-7933.967	-8184.483	250.5161	0.7912312	0.4628114	0.511242	0.488758	7.69045
15018	-7939.103	-8189.826	250.7234	0.893025	0.5650732	0.485322	0.514678	7.435967
15024	-7919.891	-8171.059	251.1684	0.8177399	0.5990564	0.484075	0.515925	7.210512
15030	-7934.889	-8186.003	251.1139	0.8314412	0.5380899	0.500728	0.499272	7.281874
15036	-7921.655	-8172.887	251.2327	0.8314412	0.5123851	0.52	0.48	7.240137
15042	-7941.896	-8193.916	252.0202	0.8314412	0.6209608	0.508205	0.491795	6.727315
15048	-7943.774	-8195.794	252.0193	0.9290962	0.4747921	0.46815	0.53185	6.797884
15054	-7942.01	-8193.5	251.4904	0.9290962	0.5452004	0.515759	0.484241	7.021035
15060	-7945.106	-8195.994	250.8886	0.7683303	0.5731087	0.475807	0.524193	7.407798
15066	-7936.487	-8186.793	250.306	0.7626474	0.5667048	0.466725	0.533275	7.727882
15072	-7942.539	-8193.766	251.2266	0.8023731	0.6334185	0.500972	0.499028	7.161155
15078	-7941.518	-8192.291	250.7726	0.7763878	0.5336946	0.500972	0.499028	7.49818
15084	-7939.193	-8190.106	250.9129	0.7759717	0.5851436	0.584727	0.415273	7.381021
15090	-7947.176	-8197.502	250.3257	0.8938356	0.5687823	0.566907	0.433093	7.645529
15096	-7931.733	-8183.166	251.4336	0.8938356	0.4914264	0.566907	0.433093	7.11724
15102	-7929.401	-8181.563	252.1624	0.8302625	0.475803	0.517352	0.482648	6.773023
15108	-7917.487	-8169.661	252.1744	0.8403909	0.4985888	0.486081	0.513919	6.740364
15114	-7925.562	-8176.387	250.8255	0.7958895	0.5419712	0.48157	0.51843	7.452418
15120	-7943.322	-8194.773	251.4512	0.8377188	0.6013733	0.401253	0.598747	7.045856
15126	-7936.621	-8188.93	252.3084	0.8662642	0.5667469	0.470422	0.529578	6.595656
15132	-7929.86	-8181.95	252.0904	0.8615056	0.507156	0.401819	0.598181	6.766717
15138	-7939.565	-8190.876	251.311	0.7833933	0.5616288	0.401819	0.598181	7.182294
15144	-7941.029	-8191.778	250.7482	0.7833933	0.5918653	0.388571	0.611429	7.460015
15150	-7935.23	-8186.453	251.2227	0.7944366	0.5844835	0.454401	0.545599	7.205314
15156	-7941.476	-8192.523	251.0469	0.7921105	0.6012072	0.446469	0.553531	7.287843
15162	-7929.968	-8180.817	250.8482	0.7921105	0.5618161	0.470675	0.529325	7.42583
15168	-7940.277	-8190.794	250.517	0.8379218	0.4588731	0.486262	0.513738	7.668663
15174	-7957.487	-8208.66	251.1728	0.8740633	0.5185484	0.519369	0.480631	7.244068
15180	-7941.7	-8193.748	252.0481	0.8519099	0.5185484	0.457788	0.542212	6.784715
15186	-7948.445	-8199.669	251.2235	0.8637235	0.6278591	0.522551	0.477449	7.133984
15192	-7953.383	-8204.186	250.8025	0.7543553	0.593358	0.394185	0.605815	7.445295
15198	-7959.613	-8210.276	250.6631	0.7153313	0.5642323	0.443512	0.556488	7.564179
15204	-7939.36	-8190.552	251.1918	0.8592708	0.5346553	0.548339	0.451661	7.228034
15210	-7934.083	-8184.563	250.4798	0.763365	0.5346553	0.448762	0.551238	7.661044
15216	-7941.614	-8193.101	251.4876	0.7646907	0.5346553	0.556228	0.443772	7.119843
15222	-7940.692	-8193.111	252.4195	0.8012216	0.4859654	0.439568	0.560432	6.640477
15228	-7934.124	-8186.195	252.0703	0.8906551	0.5195934	0.453231	0.546769	6.750912
15234	-7946.333	-8197.139	250.8067	0.8846763	0.4781939	0.518717	0.481283	7.470636
15240	-7952.771	-8203.293	250.5222	0.8234954	0.4911272	0.505576	0.494424	7.644026
15246	-7945.43	-8195.768	250.338	0.7606991	0.5377689	0.481857	0.518143	7.735695
15252	-7938.034	-8188.248	250.2136	0.7632417	0.6193338	0.447121	0.552879	7.735695
15258	-7932.703	-8183.686	250.9824	0.7373542	0.5610559	0.455574	0.544426	7.38387
15264	-7932.408	-8182.428	250.0207	0.8217927	0.4831353	0.474697	0.525303	7.920089
15270	-7921.231	-8171.848	250.6172	0.7691839	0.5218751	0.474697	0.525303	7.59533
15276	-7934.673	-8185.276	250.6034	0.8436547	0.5218751	0.441739	0.558261	7.562818
15282	-7936.567	-8188.161	251.5937	0.802112	0.6557121	0.46967	0.53033	6.947157
15288	-7947.411	-8199.438	252.027	0.8460368	0.6358649	0.46967	0.53033	6.70442
15294	-7944.981	-8197.14	252.1583	0.8431337	0.5484949	0.46967	0.53033	6.70442
15300	-7948.259	-8199.624	251.3649	0.7873265	0.4754775	0.46967	0.53033	7.225895
15306	-7942.048	-8192.138	250.0898	0.7850745	0.5346748	0.518813	0.481187	7.857872
15312	-7957.625	-8208.326	250.701	0.8708914	0.5346748	0.524888	0.475112	7.485047
15318	-7951.846	-8202.133	250.287	0.8708914	0.4565416	0.454027	0.545973	7.77623
15324	-7935.917	-8186.484	250.5665	0.8067086	0.5977516	0.454027	0.545973	7.540292
15330	-7931.506	-8181.975	250.4695	0.7924632	0.5114726	0.488624	0.511376	7.670876
15336	-7940.774	-8191.142	250.3682	0.7676887	0.5931527	0.488624	0.511376	7.670876
15342	-7946.1	-8196.364	250.2636	0.7042896	0.54311	0.494707	0.505293	7.801113
15348	-7938.943	-8188.884	249.9415	0.7042896	0.47932	0.48569	0.51431	8.028476
15354	-7934.604	-8185.376	250.7721	0.7225569	0.6080186	0.474868	0.525132	7.467245
15360	-7945.977	-8195.866	249.8888	0.7155956	0.5667724	0.474868	0.525132	7.975751
15366	-7943.462	-8193.946	250.484	0.6870243	0.5401294	0.474868	0.525132	7.695062
15372	-7939.765	-8191.007	251.242	0.7877369	0.6150452	0.470525	0.529475	7.17466
15378	-7950.595	-8200.942	250.3462	0.8449297	0.5036576	0.55886	0.44114	7.715574
15384	-7931.594	-8181.559	249.965	0.7213253	0.5569416	0.571015	0.428985	7.940038
15390	-7956.448	-8206.116	249.6679	0.7502876	0.4987458	0.467298	0.532702	8.1324
15396	-7948.262	-8198.968	250.706	0.8805613	0.5803612	0.488304	0.511696	7.439695
15402	-7931.404	-8181.174	249.7703	0.7789709	0.5593937	0.516686	0.483314	8.011156
15408	-7932.726	-8183.619	250.8927	0.7789709	0.5593937	0.440642	0.559358	7.410993
15414	-7933.434	-8186.067	252.6328	0.879347	0.4559253	0.449957	0.550043	6.510829
15420	-7939.221	-8191.843	252.6215	0.879347	0.5092147	0.502753	0.497247	6.468007
15426	-7957.029	-8208.873	251.844	0.897252	0.6687728	0.528964	0.471036	6.751284
15432	-7940.346	-8193.145	252.7989	0.8656471	0.5777766	0.528964	0.471036	6.321168
15438	-7936.234	-8188.413	252.1792	0.8680208	0.5511343	0.528964	0.471036	6.67748
15444	-7932.3	-8184.539	252.2381	0.8680208	0.5139049	0.484498	0.515502	6.67748
15450	-7935.504	-8188.024	252.5193	0.8932631	0.5270087	0.484498	0.515502	6.500244
15456	-7941.684	-8192.407	250.7231	0.844825	0.5855576	0.496243	0.503757	7.445548
15462	-7940.266	-8192.304	252.0381	0.8415179	0.504312	0.543538	0.456462	6.808257
15468	-7934.294	-8185.799	251.5056	0.8370696	0.4584488	0.536328	0.463672	7.139405
15474	-7958.816	-8208.819	250.0029	0.8355735	0.5125319	0.461187	0.538813	7.896242
15480	-7954.917	-8203.68	248.7636	0.7251763	0.4611783	0.421269	0.578731	8.660572
15486	-7935.68	-8187.803	252.1226	0.8642948	0.5656426	0.496791	0.503209	6.698047
15492	-7939.797	-8190.108	250.3108	0.8021707	0.5523529	0.496791	0.503209	7.715917
15498	-7934.726	-8183.533	248.8078	0.7822078	0.6083389	0.452569	0.547431	8.483091
15504	-7947.213	-8196.342	249.1292	0.6802876	0.468951	0.523538	0.476462	8.483091
15510	-7947.695	-8196.784	249.0897	0.6872217	0.4880299	0.43093	0.56907	8.483091
15516	-7942.323	-8192.82	250.4966	0.8154066	0.557524	0.531067	0.468933	7.605187
15522	-7944.133	-8193.925	249.7917	0.7416028	0.557524	0.463308	0.536692	8.021192
15528	-7939.088	-8189.1	250.0118	0.7803833	0.5262484	0.453461	0.546539	7.909131
15534	-7933.309	-8183.669	250.3603	0.8061876	0.5825499	0.503775	0.496225	7.6629
15540	-7948.178	-8198.155	249.9769	0.7814889	0.6173701	0.434147	0.565853	7.85393
15546	-7948.947	-8198.187	249.2401	0.74457	0.5557085	0.468901	0.531099	8.314876
15552	-7939.566	-8190.03	250.4636	0.7622724	0.5830757	0.468901	0.531099	7.630713
15558	-7929.533	-8180.009	250.4761	0.7812063	0.5415185	0.490776	0.509224	7.647744
15564	-7944.491	-8195.11	250.6188	0.7883189	0.5708287	0.511218	0.488782	7.543452
15570	-7945.6	-8196.736	251.1365	0.7569446	0.5708287	0.486091	0.513909	7.282695
15576	-7958.565	-8210.338	251.7737	0.9364296	0.4456507	0.520977	0.479023	6.953845
15582	-7941.784	-8193.257	251.4735	0.7694172	0.6257875	0.491942	0.508058	7.051839
15588	-7928.579	-8178.056	249.4779	0.8292155	0.5299826	0.477939	0.522061	8.164603
15594	-7928.529	-8180.31	251.7811	0.9019096	0.5121545	0.457037	0.542963	6.90739
15600	-7929.668	-8181.906	252.2389	0.8964738	0.5814523	0.502544	0.497456	6.604969
15606	-7933.439	-8185.73	252.2911	0.8722553	0.5242983	0.450205	0.549795	6.637491
15612	-7929.458	-8180.205	250.7475	0.8722553	0.617997	0.474548	0.525452	7.392497
15618	-7925.443	-8175.372	249.9288	0.8008567	0.5109439	0.489467	0.510533	7.955696
15624	-7933.932	-8184.954	251.022	0.8463611	0.6149389	0.40786	0.59214	7.261454
15630	-7944.388	-8194.243	249.8549	0.7357871	0.6486773	0.40786	0.59214	7.920082
15636	-7932.364	-8182.758	250.3932	0.7543493	0.6182113	0.486791	0.513209	7.645279
15642	-7938.027	-8187.089	249.0623	0.7486613	0.544443	0.551978	0.448022	8.416489
15648	-7945.187	-8195.124	249.9369	0.8573267	0.544443	0.449367	0.550633	7.892756
15654	-7938.911	-8188.702	249.7905	0.7906435	0.5448122	0.456129	0.543871	8.006144
15660	-7945.743	-8196.465	250.7225	0.788701	0.4701975	0.504453	0.495547	7.574493
15666	-7937.313	-8189.244	251.9308	0.7578256	0.4925491	0.417527	0.582473	6.921741
15672	-7943.879	-8197.161	253.2821	0.8547859	0.5784898	0.464765	0.535235	6.063664
15678	-7951.057	-8201.247	250.1901	0.911375	0.6279032	0.449559	0.550441	7.662608
15684	-7941.358	-8192.558	251.1999	0.911375	0.5675182	0.445442	0.554558	7.168411
15690	-7955.423	-8205.678	250.2548	0.7280156	0.643644	0.53847	0.46153	7.714302
15696	-7923.837	-8174.487	250.65	0.7933349	0.5651817	0.475914	0.524086	7.52867
15702	-7919.734	-8170.508	250.7742	0.7842797	0.5555986	0.514323	0.485677	7.474804
15708	-7921.402	-8171.223	249.8208	0.6862527	0.5188239	0.502132	0.497868	8.067574
15714	-7925.002	-8175.373	250.3708	0.7857831	0.481943	0.52637	0.47363	7.753419
15720	-7937.83	-8189.288	251.458	0.8453037	0.5629157	0.52637	0.47363	7.068867
15726	-7949.457	-8201.195	251.7372	0.8260142	0.588781	0.482693	0.517307	6.908038
15732	-7935.084	-8186.057	250.9729	0.8166616	0.6232964	0.483318	0.516682	7.297404
15738	-7944.599	-8194.957	250.3588	0.8170748	0.6232964	0.483318	0.516682	7.626266
15744	-7945.032	-8196.382	251.35	0.8170748	0.5300641	0.506753	0.493247	7.169591
15750	-7930.956	-8181.653	250.6969	0.8202528	0.5300641	0.407346	0.592654	7.518295
15756	-7943.567	-8194.499	250.9323	0.7702347	0.5265462	0.424944	0.575056	7.421946
15762	-7944.044	-8194.983	250.9384	0.7702347	0.5227474	0.424944	0.575056	7.421946
15768	-7937.122	-8187.818	250.6961	0.7702347	0.5688299	0.475889	0.524111	7.513385
15774	-7923.48	-8174.241	250.7612	0.7802834	0.5205785	0.47105	0.52895	7.513385
15780	-7936.126	-8187.205	251.0788	0.8191761	0.548563	0.468634	0.531366	7.298557
15786	-7929.815	-8181.999	252.1845	0.7998125	0.6220616	0.443086	0.556914	6.65478
15792	-7925.216	-8176.428	251.2121	0.7407619	0.5491582	0.443086	0.556914	7.268567
15798	-7939.909	-8189.459	249.5497	0.7548524	0.5374783	0.45369	0.54631	8.159656
15804	-7931.464	-8182.253	250.7884	0.7540497	0.5323143	0.44542	0.55458	7.502852
15810	-7933.182	-8183.351	250.1686	0.7788733	0.5749988	0.428581	0.571419	7.785972
15816	-7950.511	-8200.81	250.2987	0.8424216	0.5710761	0.476588	0.523412	7.685602
15822	-7944.208	-8195.515	251.3061	0.8424216	0.6485555	0.556709	0.443291	7.085531
15828	-7939.938	-8189.496	249.5574	0.7680487	0.4741653	0.522512	0.477488	8.203882
15834	-7938.856	-8189.063	250.2078	0.8531371	0.5998006	0.566354	0.433646	7.705773
15840	-7955.037	-8204.637	249.5998	0.7709408	0.5288927	0.546814	0.453186	8.131659
15846	-7963.601	-8213.537	249.936	0.6764493	0.5068814	0.480175	0.519825	8.021737
15852	-7943.324	-8194.244	250.9196	0.8063686	0.5756333	0.501311	0.498689	7.368737
15858	-7938.566	-8189.51	250.9439	0.7727166	0.5756333	0.519228	0.480772	7.37374
15864	-7949.309	-8200.542	251.2336	0.7922235	0.5227175	0.475323	0.524677	7.251775
15870	-7943.421	-8195.62	252.1993	0.832249	0.5993361	0.466212	0.533788	6.646883
15876	-7947.12	-8198.731	251.6114	0.7645104	0.5398346	0.451855	0.548145	7.048987
15882	-7949.048	-8199.551	250.5025	0.7123767	0.5447788	0.542701	0.457299	7.66768
15888	-7927.021	-8177.423	250.402	0.745476	0.5995949	0.542701	0.457299	7.659645
15894	-7942.73	-8193.245	250.5148	0.8120564	0.5108338	0.446889	0.553111	7.636702
15900	-7943.523	-8194.462	250.939	0.8728396	0.5108338	0.478728	0.521272	7.376934
15906	-7941.332	-8193.652	252.3204	0.8463851	0.5496912	0.422306	0.577694	6.614019
15912	-7940.249	-8190.659	250.4103	0.8298222	0.5554982	0.49576	0.50424	7.64535
15918	-7934.349	-8184.977	250.6283	0.7791565	0.5147496	0.520654	0.479346	7.590175
15924	-7931.978	-8182.132	250.1538	0.6590667	0.5749798	0.524125	0.475875	7.857914
15930	-7943.79	-8194.031	250.2411	0.8228455	0.5566841	0.438305	0.561695	7.73858
15936	-7932.382	-8182.686	250.3048	0.6946366	0.5825636	0.539319	0.460681	7.752201
15942	-7929.924	-8180.255	250.3311	0.7352491	0.5193778	0.438973	0.561027	7.768637
15948	-7937.506	-8188.722	251.2167	0.7833453	0.5385809	0.466233	0.533767	7.252097
15954	-7931.371	-8182.216	250.8449	0.7912631	0.5665838	0.4202	0.5798	7.424207
15960	-7928.892	-8180.286	251.3941	0.893909	0.4973022	0.416757	0.583243	7.133146
15966	-7936.413	-8189.02	252.6075	0.8753634	0.5025515	0.449101	0.550899	6.483636
15972	-7950.784	-8203.068	252.2838	0.8728704	0.4886355	0.524079	0.475921	6.672675
15978	-7955.75	-8207.027	251.2767	0.7646637	0.5651495	0.446852	0.553148	7.207865
15984	-7943.836	-8193.27	249.4344	0.728642	0.5580059	0.446852	0.553148	8.218064
15990	-7946.193	-8196.5	250.3068	0.6818348	0.4982607	0.493079	0.506921	7.828558
15996	-7947.823	-8199.49	251.6674	0.8126003	0.5773791	0.493079	0.506921	6.96202
16002	-7942.555	-8192.952	250.3967	0.7825614	0.506955	0.451695	0.548305	7.71906
16008	-7947.638	-8199.631	251.9933	0.8377561	0.506955	0.451695	0.548305	6.832131
16014	-7940.304	-8192.027	251.7237	0.8154042	0.559746	0.452683	0.547317	6.944527
16020	-7927.555	-8179.27	251.7154	0.806206	0.5712541	0.520237	0.479763	6.944527
16026	-7928.675	-8180.234	251.5588	0.806206	0.5195535	0.510385	0.489615	7.072187
16032	-7934.753	-8185.164	250.411	0.809907	0.5356969	0.406445	0.593555	7.672095
16038	-7932.025	-8182.186	250.1615	0.7916131	0.5250935	0.453667	0.546333	7.824223
16044	-7926.434	-8177.139	250.7058	0.7524579	0.5250935	0.473339	0.526661	7.554075
16050	-7941.545	-8193.675	252.1296	0.8407018	0.5414304	0.485039	0.514961	6.727171
16056	-7932.793	-8182.262	249.4691	0.756362	0.5873414	0.460323	0.539677	8.161373
16062	-7940.378	-8189.925	249.5472	0.7167847	0.5616453	0.460323	0.539677	8.161373
16068	-7934.08	-8182.874	248.7945	0.7167847	0.5373768	0.460323	0.539677	8.581578
16074	-7933.283	-8183.801	250.5181	0.7527727	0.5818325	0.468132	0.531868	7.607598
16080	-7945.615	-8196.55	250.935	0.8164395	0.5227811	0.468132	0.531868	7.39893
16086	-7924.97	-8176.817	251.8468	0.8268292	0.6261458	0.500534	0.499466	6.819446
16092	-7932.185	-8183.986	251.8016	0.860762	0.6342334	0.526917	0.473083	6.819446
16098	-7925.877	-8176.887	251.0099	0.8201047	0.5305884	0.447584	0.552416	7.35013
16104	-7934.592	-8186.693	252.1019	0.8195606	0.6035666	0.411369	0.588631	6.703094
16110	-7943.023	-8194.641	251.6177	0.829123	0.5195507	0.525818	0.474182	7.028137
16116	-7965.754	-8217.15	251.3958	0.7409785	0.506734	0.486117	0.513883	7.206098
16122	-7953.606	-8204.256	250.6494	0.8468563	0.4790672	0.484085	0.515915	7.574346
16128	-7940.102	-8192.538	252.436	0.907785	0.4834199	0.447472	0.552528	6.57625
16134	-7935.495	-8186.093	250.5977	0.7482522	0.4913564	0.445949	0.554051	7.643713
16140	-7945.766	-8196.905	251.1387	0.8627807	0.4782858	0.445949	0.554051	7.30428
16146	-7938.859	-8189.408	250.5488	0.7517527	0.4883659	0.520463	0.479537	7.670681
16152	-7937.403	-8187.993	250.5904	0.7472679	0.5787554	0.520463	0.479537	7.574295
16158	-7944.099	-8193.876	249.7765	0.7741004	0.5125296	0.529128	0.470872	8.049802
16164	-7952.859	-8205.302	252.4427	0.8504614	0.6151101	0.398728	0.601272	6.493018
16170	-7952.439	-8202	249.5606	0.6932204	0.5718805	0.398728	0.601272	8.158521
16176	-7946.222	-8197.036	250.8132	0.7937279	0.5257339	0.431126	0.568874	7.473869
16182	-7932.749	-8183.056	250.3076	0.823501	0.4341379	0.488714	0.511286	7.811962
16188	-7943.203	-8193.083	249.8803	0.7864024	0.4677682	0.443033	0.556967	8.0279
16194	-7938.698	-8187.84	249.1426	0.7772684	0.46368	0.493974	0.506026	8.429303
16200	-7932.55	-8183.703	251.1524	0.8067872	0.5259942	0.497386	0.502614	7.28472
16206	-7934.441	-8184.606	250.1651	0.7756834	0.5374148	0.500148	0.499852	7.820352
16212	-7940.065	-8191.527	251.462	0.7982026	0.5374148	0.514725	0.485275	7.113295
16218	-7933.327	-8185.091	251.764	0.8698099	0.6141822	0.486139	0.513861	6.850103
16224	-7925.413	-8176.353	250.9395	0.8114324	0.4409869	0.521227	0.478773	7.47371
16230	-7942.002	-8193.244	251.2417	0.7935962	0.5504966	0.494305	0.505695	7.223198
16236	-7939.533	-8191.446	251.913	0.8232463	0.5867751	0.5422	0.4578	6.816331
16242	-7937.373	-8189.621	252.2481	0.8932375	0.562435	0.465912	0.534088	6.617188
16248	-7933.519	-8183.74	250.2213	0.813059	0.5859524	0.465912	0.534088	7.730833
16254	-7921.3	-8171.952	250.6523	0.7786336	0.5570903	0.465912	0.534088	7.541906
16260	-7923.531	-8174	250.4689	0.8190735	0.6560573	0.465912	0.534088	7.541906
16266	-7924.887	-8176.938	252.0512	0.8977834	0.5205748	0.465912	0.534088	6.756564
16272	-7933.384	-8184.234	250.8492	0.7844013	0.5190424	0.465912	0.534088	7.465344
16278	-7948.396	-8200.115	251.7189	0.9012233	0.5329111	0.461977	0.538023	6.923349
16284	-7941.224	-8191.596	250.3717	0.8771198	0.6094141	0.45681	0.54319	7.597832
16290	-7941.124	-8192.166	251.0416	0.7923647	0.4731095	0.46354	0.53646	7.398891
16296	-7936.597	-8187.528	250.9316	0.7445718	0.5713266	0.46354	0.53646	7.398891
16302	-7936.327	-8187.593	251.266	0.7466908	0.5555197	0.46354	0.53646	7.231163
16308	-7948.747	-8199.358	250.611	0.7063852	0.4998409	0.463474	0.536526	7.651448
16314	-7948.006	-8198.366	250.3592	0.7320883	0.4996373	0.463474	0.536526	7.772497
16320	-7946.086	-8195.89	249.8033	0.7372408	0.5505024	0.463474	0.536526	8.023062
16326	-7951.557	-8202.293	250.7351	0.7795302	0.5510048	0.463474	0.536526	7.502056
16332	-7950.634	-8201.961	251.3276	0.7746655	0.4569987	0.472349	0.527651	7.269954
16338	-7936.474	-8185.281	248.8071	0.6704786	0.5763038	0.474015	0.525985	8.567804
16344	-7939.389	-8188.368	248.979	0.6687627	0.5565975	0.472163	0.527837	8.493259
16350	-7947.103	-8196.163	249.0599	0.7128717	0.5694975	0.448001	0.551999	8.416374
16356	-7946.283	-8196.876	250.593	0.6955795	0.5529553	0.486326	0.513674	7.621478
16362	-7946.507	-8197.18	250.6731	0.740584	0.4758566	0.477337	0.522663	7.621478
16368	-7936.321	-8186.672	250.3511	0.8202148	0.489151	0.41899	0.58101	7.739046
16374	-7937.824	-8188.663	250.839	0.8250218	0.6497243	0.45557	0.54443	7.34497
16380	-7936.59	-8186.485	249.8946	0.7410347	0.5946979	0.542388	0.457612	7.936916
16386	-7938.902	-8189.306	250.4038	0.7854246	0.5450564	0.467917	0.532083	7.68117
16392	-7940.527	-8191.384	250.8572	0.7727135	0.5285355	0.467917	0.532083	7.45918
16398	-7955.531	-8205.477	249.9454	0.7647653	0.5248689	0.482495	0.517505	7.954092
16404	-7936.711	-8189.092	252.3806	0.9007822	0.5633537	0.496945	0.503055	6.54068
16410	-7941.077	-8191.077	250.0001	0.7930659	0.452386	0.490556	0.509444	7.974876
16416	-7945.546	-8195.522	249.9762	0.7093074	0.5159918	0.466525	0.533475	7.974876
16422	-7942.302	-8192.328	250.0261	0.7347047	0.5055112	0.505764	0.494236	7.943784
16428	-7953.197	-8203.925	250.7271	0.7278686	0.5257542	0.459053	0.540947	7.555252
16434	-7951.149	-8201.349	250.1999	0.7815732	0.5257542	0.493165	0.506835	7.808478
16440	-7947.769	-8197.456	249.6875	0.7803556	0.5535762	0.487098	0.512902	8.059312
16446	-7940.012	-8191.111	251.0983	0.8223658	0.4767088	0.412982	0.587018	7.349099
16452	-7952.588	-8202.745	250.1574	0.7720511	0.5746383	0.423396	0.576604	7.795896
16458	-7943.658	-8194.886	251.2282	0.7909045	0.4971812	0.43088	0.56912	7.277765
16464	-7951.88	-8203.024	251.1439	0.8679932	0.5015041	0.513971	0.486029	7.277765
16470	-7945.878	-8196.914	251.0363	0.799965	0.6035459	0.530803	0.469197	7.287457
16476	-7941.346	-8191.376	250.0307	0.7208502	0.5504374	0.436225	0.563775	7.910572
16482	-7932.751	-8184.267	251.5165	0.7968582	0.5631462	0.489283	0.510717	7.063287
16488	-7941.684	-8193.263	251.5781	0.8369954	0.4989669	0.489283	0.510717	7.063287
16494	-7943.698	-8195.47	251.7717	0.8235437	0.5674351	0.452102	0.547898	6.907949
16500	-7940.526	-8191.528	251.0025	0.845076	0.6114492	0.438692	0.561308	7.275313
16506	-7950.338	-8202.736	252.3983	0.8652367	0.4596896	0.486142	0.513858	6.641766
16512	-7941.257	-8192.545	251.2877	0.7593145	0.4688909	0.48841	0.51159	7.288477
16518	-7936.72	-8187.699	250.9786	0.8629694	0.5506875	0.48841	0.51159	7.32706
16524	-7942.194	-8193.313	251.1184	0.8102384	0.5199838	0.48841	0.51159	7.306278
16530	-7943.415	-8194.451	251.036	0.814186	0.57042	0.465601	0.534399	7.306278
16536	-7942.559	-8193.577	251.0174	0.8366069	0.57042	0.436186	0.563814	7.304199
16542	-7943.176	-8194.234	251.0584	0.7972079	0.5884662	0.447877	0.552123	7.288937
16548	-7956.07	-8206.307	250.2371	0.740551	0.5317746	0.564241	0.435759	7.805437
16554	-7949.312	-8200.027	250.7148	0.7057313	0.558775	0.522446	0.477554	7.546079
16560	-7954.939	-8204.21	249.2704	0.7057313	0.5110051	0.489951	0.510049	8.357005
16566	-7940.18	-8190.943	250.7633	0.8103632	0.489639	0.489951	0.510049	7.523363
16572	-7947.744	-8198.293	250.5495	0.7438807	0.6471667	0.489951	0.510049	7.545528
16578	-7938.463	-8189.463	250.9999	0.8165093	0.5098355	0.475393	0.524607	7.375346
16584	-7939.916	-8189.987	250.0709	0.7508338	0.5760557	0.530968	0.469032	7.852284
16590	-7945.78	-8197.055	251.2748	0.7608403	0.5632587	0.474791	0.525209	7.212505
16596	-7926.89	-8178.146	251.2562	0.8690995	0.4606307	0.474791	0.525209	7.254168
16602	-7928.824	-8180.251	251.427	0.8518922	0.628595	0.505326	0.494674	7.030358
16608	-7932.862	-8184.546	251.6837	0.8026973	0.4834188	0.484285	0.515715	7.038936
16614	-7948.436	-8199.379	250.9433	0.782661	0.6144549	0.530583	0.469417	7.338259
16620	-7937.751	-8188.792	251.0407	0.782661	0.6186195	0.4646	0.5354	7.282781
16626	-7950.283	-8199.663	249.3805	0.7909102	0.5105825	0.418133	0.581867	8.253449
16632	-7944.247	-8196.125	251.8786	0.9446821	0.5505067	0.418133	0.581867	6.798929
16638	-7944.517	-8194.646	250.1286	0.8342865	0.5951805	0.405975	0.594025	7.761786
16644	-7934.556	-8186.373	251.8173	0.8211575	0.514895	0.495246	0.504754	6.928984
16650	-7935.872	-8186.571	250.699	0.8211575	0.6100655	0.495246	0.504754	7.451982
16656	-7940.124	-8190.699	250.575	0.748033	0.5076132	0.448978	0.551022	7.641573
16662	-7929.984	-8180.881	250.8969	0.787926	0.5163108	0.463407	0.536593	7.44024
16668	-7921.326	-8173.661	252.3352	0.80718	0.6150736	0.465122	0.534878	6.57467
16674	-7927.841	-8177.699	249.8585	0.7233764	0.5929533	0.486541	0.513459	7.966987
16680	-7926.458	-8176.414	249.9556	0.7182459	0.5349563	0.477186	0.522814	7.964939
16686	-7925.102	-8174.538	249.4356	0.734187	0.5974575	0.477186	0.522814	8.183102
16692	-7940.284	-8189.513	249.229	0.7248703	0.5677379	0.499216	0.500784	8.321499
16698	-7932.658	-8183.086	250.4282	0.7216887	0.4887636	0.506064	0.493936	7.750862
16704	-7930.727	-8180.962	250.2353	0.7423678	0.4962962	0.512944	0.487056	7.836141
16710	-7936.509	-8186.988	250.4791	0.7874704	0.637647	0.44047	0.55953	7.566935
16716	-7929.209	-8179.901	250.6922	0.791839	0.4945323	0.474589	0.525411	7.566935
16722	-7945.915	-8196.071	250.1567	0.7723643	0.5588026	0.454874	0.545126	7.808889
16728	-7942.698	-8192.735	250.0364	0.7844011	0.5149664	0.466836	0.533164	7.903549
16734	-7930.664	-8181.69	251.0266	0.8003934	0.5149664	0.456482	0.543518	7.365211
16740	-7924.613	-8174.782	250.1683	0.7350823	0.5149664	0.528305	0.471695	7.859496
16746	-7952.895	-8203.372	250.4771	0.8571697	0.5149664	0.447857	0.552143	7.629155
16752	-7947.53	-8198.294	250.7636	0.8232124	0.5149664	0.508544	0.491456	7.49396
16758	-7948.518	-8198.753	250.2356	0.7855875	0.5217921	0.513536	0.486464	7.790661
16764	-7942.536	-8193.722	251.1858	0.8711821	0.5102728	0.454305	0.545695	7.245849
16770	-7954.05	-8205.201	251.1505	0.8711821	0.5455784	0.454305	0.545695	7.234583
16776	-7943.123	-8194.34	251.2171	0.8821917	0.5455784	0.496105	0.503895	7.192939
16782	-7942.783	-8194.18	251.3967	0.79909	0.5239212	0.496105	0.503895	7.159436
16788	-7940.816	-8192.651	251.8354	0.7911461	0.5873455	0.473267	0.526733	6.875051
16794	-7935.179	-8186.83	251.6504	0.7911461	0.6056299	0.473267	0.526733	6.960371
16800	-7927.529	-8178.141	250.6121	0.7911461	0.5096466	0.489819	0.510181	7.59687
16806	-7932.737	-8183.339	250.6025	0.8137997	0.5017116	0.542527	0.457473	7.59687
16812	-7933.473	-8183.436	249.9634	0.7243395	0.4827163	0.519113	0.480887	8.003039
16818	-7930.31	-8181.668	251.3579	0.7851213	0.5320234	0.464349	0.535651	7.180816
16824	-7923.996	-8175.795	251.7995	0.8137798	0.5087763	0.404693	0.595307	6.947897
16830	-7937.74	-8189.358	251.6183	0.8374383	0.5304326	0.572482	0.427518	7.014008
16836	-7930.24	-8180.684	250.4445	0.8547748	0.4661039	0.433412	0.566588	7.691715
16842	-7934.898	-8186.852	251.9545	0.8100117	0.5187251	0.433412	0.566588	6.857683
16848	-7933.352	-8185.361	252.0083	0.8536671	0.5129678	0.472147	0.527853	6.810159
16854	-7937.535	-8188.702	251.1669	0.7821656	0.5678323	0.476849	0.523151	7.255279
16860	-7933.656	-8185.01	251.3543	0.7821656	0.4963079	0.484311	0.515689	7.215477
16866	-7934.028	-8185.788	251.7591	0.858704	0.5278801	0.484311	0.515689	6.928885
16872	-7932.88	-8184.95	252.0699	0.8375935	0.6627045	0.490473	0.509527	6.665911
16878	-7946.806	-8197.447	250.641	0.7419096	0.5572907	0.512308	0.487692	7.567455
16884	-7950.855	-8200.831	249.9753	0.8853746	0.4808402	0.534501	0.465499	7.912495
16890	-7944.777	-8196.058	251.2816	0.7712411	0.5204105	0.49648	0.50352	7.239252
16896	-7922.375	-8173.671	251.2959	0.8613331	0.5956424	0.544349	0.455651	7.121178
16902	-7925.713	-8177.272	251.5586	0.8565965	0.5773502	0.459164	0.540836	6.996919
16908	-7941.769	-8192.699	250.9303	0.8407518	0.447869	0.459164	0.540836	7.456297
16914	-7921.922	-8172.771	250.8486	0.8484177	0.5182874	0.510985	0.489015	7.432005
16920	-7925.132	-8176.594	251.462	0.8993759	0.5477845	0.532045	0.467955	7.05014
16926	-7927.033	-8178.897	251.8644	0.8871696	0.4971334	0.495271	0.504729	6.88371
16932	-7934.859	-8185.989	251.1297	0.8145671	0.5597253	0.468078	0.531922	7.264462
16938	-7938.032	-8189.598	251.5667	0.8270027	0.5597253	0.468078	0.531922	7.022868
16944	-7934.832	-8186.969	252.137	0.8270027	0.6539937	0.468078	0.531922	6.641745
16950	-7926.043	-8177.153	251.1099	0.7901952	0.5400262	0.49652	0.50348	7.304538
16956	-7946.306	-8197.542	251.2355	0.7930693	0.5431078	0.49255	0.50745	7.232966
16962	-7946.846	-8199.015	252.1688	0.8771219	0.6120006	0.479214	0.520786	6.6292
16968	-7945.872	-8194.743	248.8712	0.7782993	0.5167275	0.56158	0.43842	8.525659
16974	-7934.362	-8184.787	250.4247	0.7299189	0.4708976	0.514089	0.485911	7.764565
16980	-7926.788	-8176.545	249.7578	0.7177509	0.5274008	0.510149	0.489851	8.077067
16986	-7925.544	-8176.54	250.9957	0.6895218	0.550228	0.532789	0.467211	7.411303
16992	-7928.169	-8179.03	250.8609	0.8293289	0.5469821	0.496441	0.503559	7.411303
16998	-7930.352	-8182.396	252.0432	0.8293289	0.550801	0.546223	0.453777	6.772105
17004	-7926.945	-8177.042	250.0969	0.7987278	0.5413996	0.481055	0.518945	7.841124
17010	-7924.529	-8175.812	251.2835	0.7987278	0.5707231	0.460235	0.539765	7.181389
17016	-7941.139	-8192.945	251.8058	0.8581263	0.5141441	0.449845	0.550155	6.915937
17022	-7956.929	-8208.126	251.1968	0.8100981	0.5548144	0.460817	0.539183	7.234863
17028	-7955.8	-8205.79	249.9899	0.7356544	0.5913718	0.432336	0.567664	7.891544
17034	-7945.506	-8195.537	250.0318	0.8132526	0.5596572	0.483794	0.516206	7.853071
17040	-7949.195	-8199.304	250.1085	0.7046129	0.5808621	0.451089	0.548911	7.853071
17046	-7933.502	-8183.23	249.7274	0.7293599	0.5490115	0.404675	0.595325	8.068984
17052	-7932.97	-8183.799	250.829	0.7391106	0.4598575	0.462131	0.537869	7.553641
17058	-7932.606	-8183.324	250.7173	0.8267231	0.4737738	0.545249	0.454751	7.553641
17064	-7934.448	-8185.699	251.2515	0.8676235	0.6237606	0.487622	0.512378	7.119962
17070	-7933.721	-8185.33	251.6083	0.8676235	0.5092904	0.487622	0.512378	7.021452
17076	-7940.497	-8191.094	250.5965	0.870158	0.5554704	0.52134	0.47866	7.52407
17082	-7943.307	-8193.919	250.612	0.8499385	0.5585583	0.502105	0.497895	7.52407
17088	-7945.593	-8196.319	250.7259	0.821826	0.5044564	0.449693	0.550307	7.52407
17094	-7939.036	-8190.096	251.0606	0.7276198	0.5368299	0.475776	0.524224	7.367261
17100	-7949.375	-8200.253	250.8771	0.7376866	0.6062856	0.532198	0.467802	7.404163
17106	-7942.767	-8193.516	250.7482	0.8144558	0.4898828	0.456658	0.543342	7.52903
17112	-7949.428	-8200.87	251.4422	0.8310232	0.5340979	0.456658	0.543342	7.109068
17118	-7936.403	-8187.871	251.4683	0.8299239	0.5184637	0.530091	0.469909	7.109068
17124	-7948.43	-8199.66	251.2292	0.8067473	0.7000192	0.432053	0.567947	7.109068
17130	-7933.977	-8185.387	251.4103	0.9184625	0.4680261	0.432053	0.567947	7.137926
17136	-7920.539	-8171.884	251.3446	0.7964399	0.5981714	0.503791	0.496209	7.127932
17142	-7936.086	-8185.854	249.7686	0.7084081	0.5397965	0.503791	0.496209	8.065822
17148	-7939.244	-8189.408	250.1638	0.7553978	0.6098235	0.488129	0.511871	7.773789
17154	-7943.979	-8193.142	249.1631	0.7502723	0.584496	0.450867	0.549133	8.329727
17160	-7938.686	-8188.012	249.3264	0.7689689	0.5054203	0.467158	0.532842	8.298422
17166	-7921.152	-8172.313	251.1603	0.857273	0.5054203	0.441541	0.558459	7.271235
17172	-7917.988	-8169.46	251.4723	0.8310878	0.5070305	0.458159	0.541841	7.116244
17178	-7927.121	-8178.905	251.7849	0.8117656	0.5070305	0.463355	0.536645	6.958421
17184	-7934.962	-8186.058	251.0964	0.7884706	0.5675356	0.521179	0.478821	7.289965
17190	-7930.901	-8181.908	251.0064	0.8353221	0.5965863	0.496137	0.503863	7.289965
17196	-7931.714	-8182.63	250.9157	0.7911638	0.557461	0.496137	0.503863	7.393699
17202	-7941.951	-8194.191	252.2398	0.8238792	0.5939489	0.468591	0.531409	6.633778
17208	-7935.065	-8187.405	252.34	0.8238792	0.5282552	0.522438	0.477562	6.633778
17214	-7927.609	-8179.071	251.4628	0.8175894	0.5282552	0.517197	0.482803	7.110231
17220	-7935.523	-8186.397	250.8734	0.8249487	0.5421695	0.517197	0.482803	7.410965
17226	-7932.858	-8182.837	249.9792	0.8344598	0.5619271	0.477726	0.522274	7.86801
17232	-7943.262	-8193.442	250.1809	0.8344598	0.6119146	0.45684	0.54316	7.720758
17238	-7937.383	-8187.821	250.4379	0.7631044	0.5744797	0.47058	0.52942	7.650848
17244	-7944.89	-8194.319	249.4295	0.7363169	0.5906275	0.491636	0.508364	8.190551
17250	-7950.268	-8200.391	250.1229	0.8544577	0.5227606	0.523002	0.476998	7.813239
17256	-7930.961	-8183.022	252.0606	0.8139161	0.624216	0.499231	0.500769	6.71248
17262	-7945.342	-8197.938	252.5954	0.9188254	0.5602418	0.452243	0.547757	6.417094
17268	-7945.777	-8197.887	252.1105	0.8832189	0.6104633	0.412133	0.587867	6.658646
17274	-7950.17	-8201.295	251.125	0.8510636	0.4833583	0.412133	0.587867	7.313278
17280	-7932.297	-8183.438	251.1412	0.8249028	0.4833583	0.484177	0.515823	7.318638
17286	-7941.323	-8192.524	251.2008	0.915167	0.5975263	0.484177	0.515823	7.141898
17292	-7939.508	-8191.081	251.5732	0.8270512	0.4816011	0.484177	0.515823	7.086945
17298	-7946.407	-8197.832	251.4251	0.9029662	0.5501735	0.484177	0.515823	7.066092
17304	-7942.296	-8193.404	251.1081	0.8334202	0.5887218	0.478558	0.521442	7.242594
17310	-7941.297	-8192.436	251.1399	0.8261157	0.5450663	0.473333	0.526667	7.264943
17316	-7943.264	-8193.873	250.6082	0.8598588	0.6225097	0.473333	0.526667	7.470384
17322	-7950.185	-8200.424	250.239	0.806383	0.5863815	0.462849	0.537151	7.724586
17328	-7941.259	-8191.839	250.5799	0.7577147	0.5887832	0.515373	0.484627	7.566385
17334	-7947.619	-8198.331	250.7123	0.7899744	0.5099659	0.50381	0.49619	7.543585
17340	-7967.867	-8218.028	250.1606	0.7030698	0.5687042	0.495621	0.504379	7.835821
17346	-7956.128	-8206.096	249.9686	0.75446	0.6630429	0.5433	0.4567	7.838952
17352	-7965.87	-8218.3	252.4301	0.8403356	0.6630429	0.500365	0.499635	6.46923
17358	-7948.817	-8200.526	251.7092	0.7855143	0.5972514	0.511044	0.488956	6.938299
17364	-7938.792	-8189.38	250.5883	0.7300121	0.5201484	0.495667	0.504333	7.633205
17370	-7931.162	-8182.738	251.5764	0.8502776	0.4671879	0.447023	0.552977	7.086043
17376	-7945.625	-8197.722	252.0968	0.9139321	0.4519599	0.447023	0.552977	6.785682
17382	-7939.842	-8192.986	253.1433	0.9341784	0.6396333	0.456024	0.543976	6.048064
17388	-7943.886	-8194.884	250.9984	0.7912156	0.4606268	0.456024	0.543976	7.43427
17394	-7954.594	-8205.279	250.6854	0.8501836	0.6224051	0.456024	0.543976	7.43427
17400	-7938.391	-8189.764	251.3726	0.8501836	0.6224051	0.46063	0.53937	7.065251
17406	-7946.261	-8197.833	251.5721	0.9020668	0.6098248	0.500357	0.499643	6.939558
17412	-7931.804	-8184.015	252.2111	0.8468033	0.5047057	0.461051	0.538949	6.711635
17418	-7932.627	-8184.362	251.7349	0.8054295	0.5923553	0.461051	0.538949	6.917569
17424	-7925.603	-8177.934	252.3313	0.8392749	0.6163681	0.527688	0.472312	6.558402
17430	-7926.053	-8178.432	252.3783	0.8334132	0.6180771	0.437457	0.562543	6.53484
17436	-7930.297	-8181.352	251.055	0.7852127	0.5249829	0.454609	0.545391	7.349433
17442	-7928.511	-8179.115	250.6039	0.7852127	0.5769257	0.439779	0.560221	7.548217
17448	-7921.68	-8172.3	250.6203	0.686686	0.5213618	0.478492	0.521508	7.638214
17454	-7937.073	-8186.208	249.1352	0.7104838	0.5116233	0.496951	0.503049	8.425808
17460	-7929.128	-8178.51	249.3825	0.7159417	0.5116233	0.496951	0.503049	8.291415
17466	-7929.295	-8178.706	249.4111	0.6631119	0.5266555	0.527777	0.472223	8.291415
17472	-7938.01	-8188.533	250.5233	0.802483	0.5478555	0.541901	0.458099	7.605787
17478	-7932.736	-8184.612	251.8759	0.8056841	0.4717749	0.479403	0.520597	6.944563
17484	-7935.43	-8186.231	250.801	0.8116389	0.4717749	0.476116	0.523884	7.518727
17490	-7961.21	-8211.92	250.7101	0.7354022	0.4984409	0.462375	0.537625	7.584115
17496	-7955.953	-8206.72	250.766	0.7981905	0.4984409	0.462375	0.537625	7.520549
17502	-7935.908	-8186.962	251.0541	0.7331865	0.5379998	0.490469	0.509531	7.366786
17508	-7941.699	-8193.036	251.3368	0.8603341	0.5655633	0.490469	0.509531	7.123848
17514	-7937.473	-8188.75	251.2778	0.8157957	0.6168209	0.471837	0.528163	7.138977
17520	-7942.512	-8191.979	249.4671	0.7185963	0.4916905	0.471837	0.528163	8.262452
17526	-7943.32	-8192.552	249.2314	0.6883747	0.6087947	0.514415	0.485585	8.307457
17532	-7944.329	-8194.383	250.0533	0.6791745	0.5546911	0.515136	0.484864	7.917263
17538	-7948.825	-8200.587	251.7613	0.9120022	0.4884332	0.515648	0.484352	6.933741
17544	-7955.112	-8206.135	251.0233	0.7389192	0.5350098	0.512998	0.487002	7.382733
17550	-7934.751	-8185.359	250.6077	0.833812	0.5451628	0.546577	0.453423	7.546108
17556	-7936.466	-8188.242	251.7758	0.833812	0.5440244	0.446346	0.553654	6.919577
17562	-7936.603	-8187.911	251.3085	0.8246894	0.5771022	0.452722	0.547278	7.148873
17568	-7944.151	-8195.405	251.2539	0.8044902	0.6279356	0.4247	0.5753	7.149457
17574	-7938.428	-8188.67	250.2421	0.8044902	0.5778547	0.454219	0.545781	7.730745
17580	-7942.63	-8193.18	250.5495	0.7851578	0.6367295	0.454219	0.545781	7.531188
17586	-7945.456	-8196.641	251.1849	0.7851578	0.6367295	0.520955	0.479045	7.190322
17592	-7950.271	-8200.066	249.7951	0.8200439	0.482826	0.528626	0.471374	8.041672
17598	-7942.782	-8193.577	250.7951	0.8225428	0.4636949	0.562954	0.437046	7.523568
17604	-7952.556	-8204.04	251.484	0.7484568	0.5533579	0.537851	0.462149	7.114834
17610	-7933.612	-8184.318	250.7057	0.7357347	0.5640596	0.537851	0.462149	7.530592
17616	-7932.495	-8183.622	251.1267	0.7563443	0.5706419	0.537851	0.462149	7.288463
17622	-7920.045	-8171.31	251.2647	0.8140601	0.5706419	0.53539	0.46461	7.183315
17628	-7934.373	-8185.879	251.5057	0.7969414	0.6090018	0.556306	0.443694	7.032565
17634	-7943.942	-8194.571	250.6296	0.7776996	0.4716376	0.494848	0.505152	7.628796
17640	-7936.029	-8187.458	251.4293	0.7776996	0.4991325	0.485427	0.514573	7.175061
17646	-7939.285	-8189.691	250.4059	0.7908298	0.5670846	0.492025	0.507975	7.659102
17652	-7948.527	-8199.449	250.9219	0.7594455	0.5328412	0.492025	0.507975	7.427927
17658	-7955.672	-8206.594	250.9219	0.7594455	0.5328412	0.492025	0.507975	7.427927
17664	-7947.024	-8197.842	250.8185	0.7696955	0.5289792	0.473148	0.526852	7.481149
17670	-7946.999	-8197.581	250.5814	0.7343251	0.5289792	0.473148	0.526852	7.627044
17676	-7945.597	-8194.77	249.1728	0.7609889	0.5606061	0.540352	0.459648	8.337932
17682	-7942.215	-8193.007	250.7919	0.7716163	0.5488125	0.459638	0.540362	7.47773
17688	-7939.013	-8189.773	250.7604	0.7717069	0.5693248	0.472469	0.527531	7.47773
17694	-7944.587	-8195.339	250.7524	0.7072608	0.4684589	0.455831	0.544169	7.603713
17700	-7943.438	-8193.018	249.5795	0.8362869	0.4985701	0.455139	0.544861	8.133864
17706	-7939.866	-8190.779	250.913	0.7778443	0.5289642	0.43066	0.56934	7.426139
17712	-7958.519	-8209.453	250.934	0.8398723	0.6074227	0.54002	0.45998	7.317951
17718	-7952.109	-8201.741	249.6316	0.657862	0.6357381	0.463689	0.536311	8.090274
17724	-7934.518	-8184.743	250.2253	0.7272023	0.5651548	0.474024	0.525976	7.791224
17730	-7931.37	-8182.678	251.3079	0.7572324	0.5915946	0.454285	0.545715	7.173909
17736	-7950.363	-8202.192	251.8295	0.8655875	0.5779182	0.454285	0.545715	6.845647
17742	-7936.339	-8189.121	252.7823	0.8652828	0.5847636	0.464041	0.535959	6.324739
17748	-7931.019	-8183.022	252.0029	0.8934172	0.5437871	0.475796	0.524204	6.765129
17754	-7941.769	-8193.1	251.331	0.8934172	0.5893776	0.475796	0.524204	7.089985
17760	-7943.018	-8195.774	252.7566	0.8934172	0.6157889	0.484759	0.515241	6.298939
17766	-7939.691	-8191.024	251.3334	0.8075338	0.6157889	0.568136	0.431864	7.114307
17772	-7936.109	-8187.258	251.1488	0.7663535	0.5814877	0.525729	0.474271	7.262512
17778	-7941.92	-8192.691	250.7705	0.7819003	0.5178359	0.461578	0.538422	7.509866
17784	-7943.704	-8195.193	251.4889	0.8629776	0.4655107	0.462198	0.537802	7.127847
17790	-7957.852	-8209.092	251.2397	0.7607297	0.5799438	0.465086	0.534914	7.217913
17796	-7940.187	-8191.448	251.2606	0.7193605	0.5549671	0.455764	0.544236	7.249215
17802	-7933.211	-8184.365	251.1538	0.8704087	0.5214284	0.459085	0.540915	7.253751
17808	-7928.026	-8179.484	251.4583	0.8292396	0.4774681	0.523824	0.476176	7.151371
17814	-7939.314	-8190.231	250.9162	0.8292396	0.5352996	0.5219	0.4781	7.391514
17820	-7932.857	-8183.428	250.5715	0.8833842	0.5352996	0.5219	0.4781	7.547224
17826	-7944.66	-8196.467	251.8072	0.7542231	0.5393019	0.473484	0.526516	6.94955
17832	-7936.316	-8186.697	250.381	0.7855002	0.443187	0.485369	0.514631	7.784323
17838	-7929.822	-8180.603	250.7813	0.8023279	0.443187	0.489536	0.510464	7.561214
17844	-7933.645	-8184.877	251.2315	0.8337855	0.5209705	0.481186	0.518814	7.232064
17850	-7939.348	-8189.893	250.5455	0.7738534	0.4564406	0.460956	0.539044	7.689965
17856	-7935.822	-8185.944	250.1215	0.8493441	0.6258377	0.460956	0.539044	7.733988
17862	-7934.035	-8184.308	250.2731	0.8149245	0.5466503	0.461784	0.538216	7.733988
17868	-7926.7	-8178.309	251.6089	0.7443094	0.4769378	0.47015	0.52985	7.116557
17874	-7931.061	-8182.023	250.9618	0.8215965	0.5659817	0.496764	0.503236	7.345708
17880	-7924.868	-8176.827	251.9596	0.8186163	0.5168572	0.496764	0.503236	6.851936
17886	-7935.264	-8185.777	250.5127	0.7326468	0.4782514	0.492776	0.507224	7.709332
17892	-7940.121	-8191.009	250.888	0.7220328	0.5391306	0.492776	0.507224	7.460842
17898	-7939.468	-8190.303	250.835	0.8588747	0.4875584	0.456866	0.543134	7.460842
17904	-7951.553	-8201.983	250.43	0.8189485	0.4620659	0.538888	0.461112	7.722381
17910	-7948.099	-8198.881	250.7828	0.8131622	0.5685487	0.432111	0.567889	7.444163
17916	-7950.5	-8202.306	251.8058	0.8408573	0.5691238	0.450139	0.549861	6.878864
17922	-7944.819	-8196.274	251.4542	0.8198173	0.5753704	0.466221	0.533779	7.074541
17928	-7933.076	-8183.139	250.0627	0.8674786	0.5474433	0.429971	0.570029	7.817649
17934	-7940.284	-8190.862	250.5775	0.7910931	0.5473747	0.526943	0.473057	7.583267
17940	-7941.281	-8192.024	250.7433	0.7910931	0.5787563	0.430695	0.569305	7.468931
17946	-7946.729	-8197.24	250.5118	0.8154615	0.5787563	0.438628	0.561372	7.579884
17952	-7932.318	-8183.207	250.8891	0.7632394	0.5695856	0.483385	0.516615	7.413059
17958	-7932.652	-8183.84	251.1875	0.7513821	0.6163165	0.502645	0.497355	7.222536
17964	-7930.361	-8180.847	250.4853	0.7521982	0.6049046	0.502645	0.497355	7.607339
17970	-7936.824	-8188.105	251.2807	0.7521982	0.5752149	0.497923	0.502077	7.204272
17976	-7929.785	-8179.386	249.6009	0.7823965	0.5492281	0.463737	0.536263	8.10798
17982	-7943.502	-8194.358	250.8557	0.723811	0.6086273	0.463737	0.536263	7.421284
17988	-7944.868	-8195.304	250.4366	0.8760941	0.55446	0.44557	0.55443	7.607358
17994	-7945.082	-8195.786	250.7038	0.8017782	0.5516777	0.495803	0.504197	7.50638
18000	-7945.638	-8197.24	251.6023	0.7998198	0.5799335	0.514513	0.485487	7.001891
18006	-7949.037	-8200.757	251.7197	0.8520905	0.4737226	0.46375	0.53625	7.001891
18012	-7946.766	-8199.114	252.3473	0.8615364	0.4787512	0.492052	0.507948	6.653517
18018	-7945.716	-8197.8	252.0836	0.8131887	0.4657504	0.515681	0.484319	6.834159
18024	-7939.407	-8189.604	250.1977	0.8022937	0.5332137	0.569636	0.430364	7.79226
18030	-7939.931	-8191.372	251.4405	0.829281	0.6011262	0.51995	0.48005	7.056362
18036	-7937.819	-8188.373	250.5534	0.7510073	0.4776646	0.520761	0.479239	7.67829
18042	-7936.18	-8187.035	250.855	0.7811592	0.5968178	0.46916	0.53084	7.400106
18048	-7938.41	-8190.314	251.9033	0.8958321	0.5344362	0.526558	0.473442	6.825489
18054	-7943.247	-8195.064	251.8172	0.8958321	0.595244	0.449896	0.550104	6.822129
18060	-7956.648	-8208.36	251.7128	0.9002271	0.482901	0.549677	0.450323	6.971244
18066	-7947.661	-8197.999	250.3374	0.7987984	0.5388811	0.499973	0.500027	7.714704
18072	-7939.599	-8189.566	249.967	0.7987984	0.5933178	0.476594	0.523406	7.868506
18078	-7934.222	-8184.212	249.99	0.7468628	0.6133274	0.480433	0.519567	7.868506
18084	-7933.639	-8183.625	249.9866	0.750238	0.6133274	0.50127	0.49873	7.868506
18090	-7946.226	-8196.074	249.8472	0.7726382	0.549389	0.426189	0.573811	7.981715
18096	-7938.229	-8188.102	249.8728	0.7759158	0.5209456	0.501823	0.498177	7.990211
18102	-7933.771	-8183.667	249.8959	0.7440326	0.5209456	0.501823	0.498177	7.994919
18108	-7933.697	-8185.895	252.1974	0.8882802	0.4858585	0.497914	0.502086	6.713557
18114	-7945.042	-8196.261	251.2196	0.8858353	0.6091801	0.497914	0.502086	7.138496
18120	-7936.448	-8188.376	251.9285	0.8803125	0.4707627	0.497914	0.502086	6.876903
18126	-7946.46	-8197.574	251.1139	0.8494293	0.6276802	0.475691	0.524309	7.200723
18132	-7944.074	-8195.369	251.2951	0.8832634	0.4979547	0.488775	0.511225	7.191531
18138	-7941.099	-8192.628	251.5284	0.7962104	0.5474723	0.523036	0.476964	7.070156
18144	-7935.584	-8187.459	251.8757	0.823971	0.6391185	0.475959	0.524041	6.795597
18150	-7936.537	-8187.61	251.073	0.9666205	0.6274238	0.547746	0.452254	7.159935
18156	-7937.66	-8190.566	252.905	0.8976289	0.4237152	0.402869	0.597131	6.384893
18162	-7927.901	-8180.021	252.1204	0.9432017	0.4832539	0.471997	0.528003	6.727869
18168	-7951.901	-8204.46	252.5588	0.9612276	0.5564609	0.471997	0.528003	6.417095
18174	-7938.72	-8189.655	250.9353	0.8255525	0.531704	0.498239	0.501761	7.386285
18180	-7928.313	-8179.235	250.922	0.7684954	0.5774273	0.48593	0.51407	7.386285
18186	-7939.809	-8190.603	250.7938	0.7790562	0.6425132	0.48593	0.51407	7.399197
18192	-7942.467	-8192.806	250.3387	0.7801141	0.5540109	0.527681	0.472319	7.711455
18198	-7943.222	-8194.008	250.7864	0.8420536	0.5517807	0.521189	0.478811	7.440447
18204	-7937.425	-8188.516	251.0909	0.7798946	0.5402184	0.428334	0.571666	7.320129
18210	-7931.63	-8183.355	251.7248	0.8961827	0.5402184	0.428334	0.571666	6.916687
18216	-7930.965	-8182.1	251.1343	0.8362885	0.5750208	0.503948	0.496052	7.237903
18222	-7942.119	-8192.072	249.9529	0.8416415	0.4696412	0.474761	0.525239	7.957991
18228	-7950.685	-8201.524	250.8393	0.8264201	0.53046	0.474761	0.525239	7.438371
18234	-7953.198	-8203.894	250.6959	0.8595514	0.7222762	0.497211	0.502789	7.351796
18240	-7953.695	-8204.987	251.2927	0.8515608	0.4587068	0.461151	0.538849	7.245794
18246	-7940.768	-8191.613	250.8448	0.8468322	0.6011086	0.458196	0.541804	7.366977
18252	-7930.198	-8181.437	251.239	0.7884172	0.6197453	0.493738	0.506262	7.172348
18258	-7928.331	-8179.24	250.9081	0.8021396	0.4210696	0.463829	0.536171	7.515066
18264	-7942.111	-8191.063	248.9517	0.7715546	0.4660667	0.547386	0.452614	8.531569
18270	-7961.343	-8213.048	251.7052	0.8413862	0.5017898	0.487391	0.512609	6.990026
18276	-7944.707	-8196.611	251.9036	0.8701058	0.5133501	0.415033	0.584967	6.857415
18282	-7948.479	-8199.399	250.9201	0.7245404	0.5895871	0.524745	0.475255	7.401228
18288	-7949.334	-8200.069	250.7345	0.7800808	0.5639243	0.469177	0.530823	7.491515
18294	-7933.356	-8184.185	250.8291	0.8312642	0.4739127	0.446831	0.553169	7.491217
18300	-7941.079	-8193.61	252.5318	0.8905595	0.5628817	0.432248	0.567752	6.464719
18306	-7942.026	-8194.007	251.9816	0.9052549	0.602293	0.450686	0.549314	6.722772
18312	-7941.524	-8193.016	251.4923	0.9280463	0.4867538	0.470969	0.529031	7.071462
18318	-7950.713	-8200.439	249.7264	0.9001645	0.580688	0.479672	0.520328	7.952772
18324	-7935.705	-8186.204	250.4991	0.8018222	0.6193709	0.491392	0.508608	7.562288
18330	-7930.149	-8181.174	251.0252	0.7992709	0.5459717	0.463079	0.536921	7.34013
18336	-7937.801	-8189.189	251.3884	0.8283651	0.602943	0.47175	0.52825	7.083481
18342	-7929.108	-8178.173	249.065	0.720304	0.5393969	0.451373	0.548627	8.434358
18348	-7940.043	-8191.235	251.1919	0.7934615	0.4949725	0.523006	0.476994	7.297799
18354	-7935.015	-8187.136	252.1209	0.8471576	0.5295875	0.448719	0.551281	6.738462
18360	-7929.697	-8181.145	251.4478	0.836907	0.574943	0.519845	0.480155	7.06912
18366	-7942.236	-8194.238	252.002	0.8542416	0.574943	0.519845	0.480155	6.76105
18372	-7931.627	-8183.367	251.7403	0.8542416	0.5999294	0.448883	0.551117	6.882349
18378	-7946.369	-8198.477	252.1086	0.9523964	0.5259432	0.508235	0.491765	6.691389
18384	-7943.162	-8194.718	251.5562	0.8646037	0.5093568	0.408251	0.591749	7.051042
18390	-7938.023	-8188.59	250.5665	0.8209659	0.4987449	0.408251	0.591749	7.614894
18396	-7930.464	-8182.266	251.802	0.8590489	0.5232808	0.512591	0.487409	6.909553
18402	-7935.814	-8186.972	251.158	0.7512652	0.5122629	0.481597	0.518403	7.323393
18408	-7920.027	-8170.388	250.361	0.7707342	0.5289544	0.488866	0.511134	7.725485
18414	-7926.699	-8178.451	251.7521	0.7571987	0.5405081	0.46591	0.53409	6.976583
18420	-7937.15	-8187.922	250.7718	0.7829192	0.5761073	0.518479	0.481521	7.460156
18426	-7931.55	-8182.483	250.933	0.8515308	0.57748	0.504872	0.495128	7.335827
18432	-7931.739	-8182.897	251.1579	0.8515308	0.4596579	0.457735	0.542265	7.317291
18438	-7929.186	-8180.955	251.7693	0.7903748	0.5737091	0.469028	0.530972	6.922065
18444	-7946.633	-8195.605	248.9721	0.7559244	0.6186468	0.469028	0.530972	8.401923
18450	-7932.98	-8183.081	250.1005	0.7634443	0.5328777	0.544714	0.455286	7.86524
18456	-7938.486	-8189.115	250.629	0.7237201	0.5051642	0.502124	0.497876	7.627817
18462	-7937.09	-8187.845	250.7557	0.7595905	0.512567	0.502124	0.497876	7.534348
18468	-7920.788	-8171.859	251.0717	0.7595905	0.5760947	0.497864	0.502136	7.311841
18474	-7936.176	-8186.781	250.6055	0.7999572	0.5760947	0.437772	0.562228	7.540117
18480	-7941.955	-8193.842	251.8869	0.7999572	0.6995052	0.501496	0.498504	6.758694
18486	-7940.748	-8192.897	252.1498	0.7130551	0.5734699	0.501496	0.498504	6.758694
18492	-7927.011	-8176.851	249.8394	0.7366979	0.5635407	0.473848	0.526152	7.993452
18498	-7936.273	-8186.207	249.9343	0.7374043	0.5381328	0.518595	0.481405	7.963415
18504	-7951.588	-8203.052	251.464	0.8478219	0.7002148	0.518595	0.481405	6.960482
18510	-7928.626	-8179.893	251.2672	0.8350967	0.6194268	0.406829	0.593171	7.132308
18516	-7934.222	-8183.32	249.0981	0.7572091	0.5952969	0.489183	0.510817	8.352132
18522	-7940.164	-8190.828	250.6639	0.8354657	0.4901219	0.458912	0.541088	7.562697
18528	-7947.3	-8198.55	251.2506	0.8354657	0.4341202	0.458912	0.541088	7.300649
18534	-7938.773	-8190.186	251.4138	0.7654639	0.5071517	0.458912	0.541088	7.18289
18540	-7940.591	-8192.207	251.6164	0.8021786	0.5915937	0.458912	0.541088	6.98376
18546	-7930.896	-8181.138	250.2425	0.8041155	0.538764	0.458912	0.541088	7.762714
18552	-7936.75	-8186.813	250.0634	0.7480983	0.5761717	0.458912	0.541088	7.857658
18558	-7949.775	-8200.753	250.9779	0.8236041	0.5389693	0.507326	0.492674	7.358319
18564	-7940.549	-8190.157	249.6078	0.7918323	0.4810071	0.514388	0.485612	8.158147
18570	-7954.295	-8205.21	250.9148	0.7971737	0.5891975	0.492266	0.507734	7.365428
18576	-7956.122	-8207.269	251.1468	0.8278141	0.5346874	0.454101	0.545899	7.269053
18582	-7939.84	-8191.136	251.2953	0.8832684	0.5303906	0.49641	0.50359	7.163126
18588	-7949.044	-8199.957	250.9127	0.8832684	0.6555826	0.49641	0.50359	7.269839
18594	-7944.319	-8195.186	250.8671	0.7737906	0.5672716	0.49641	0.50359	7.421105
18600	-7943.485	-8194.706	251.221	0.7425006	0.6381444	0.496517	0.503483	7.192778
18606	-7934.85	-8185.817	250.9668	0.8025422	0.5306639	0.482264	0.517736	7.382611
18612	-7937.315	-8188.967	251.6512	0.7697031	0.5306639	0.44803	0.55197	7.032546
18618	-7945.359	-8194.917	249.5573	0.6869677	0.5306639	0.472967	0.527033	8.197505
18624	-7947.081	-8197.858	250.7766	0.6869677	0.5625729	0.464474	0.535526	7.519934
18630	-7945.5	-8196.683	251.1829	0.7903615	0.61274	0.461187	0.538813	7.206803
18636	-7932.391	-8182.528	250.1371	0.7903615	0.4713719	0.457917	0.542083	7.885486
18642	-7937.973	-8189.709	251.7367	0.7508185	0.5671968	0.522602	0.477398	6.96622
18648	-7940.002	-8190.784	250.7813	0.7927377	0.5671968	0.522602	0.477398	7.456983
18654	-7950.147	-8202.066	251.9188	0.8388724	0.4996442	0.512169	0.487831	6.878165
18660	-7928.616	-8179.701	251.0846	0.7625923	0.5719849	0.411683	0.588317	7.306587
18666	-7933.734	-8185.047	251.3135	0.8491434	0.68333	0.473133	0.526867	7.052701
18672	-7951.604	-8201.85	250.2453	0.786746	0.6749025	0.507523	0.492477	7.66526
18678	-7944.316	-8195.153	250.8366	0.8363278	0.5834004	0.553071	0.446929	7.390943
18684	-7945.391	-8196.068	250.677	0.7684182	0.5194562	0.443687	0.556313	7.565795
18690	-7940.142	-8191.044	250.9025	0.7535636	0.6053781	0.502709	0.497291	7.38275
18696	-7952.099	-8203.053	250.9534	0.7535636	0.4533842	0.470185	0.529815	7.485396
18702	-7934.86	-8185.728	250.8676	0.7494985	0.5061542	0.466768	0.533232	7.485396
18708	-7928.629	-8179.2	250.5711	0.7472633	0.6271454	0.466768	0.533232	7.547102
18714	-7928.895	-8179.891	250.9956	0.7472633	0.6010606	0.454143	0.545857	7.339565
18720	-7919.987	-8171.187	251.1994	0.8006451	0.5897182	0.454143	0.545857	7.210347
18726	-7951.393	-8199.831	248.4385	0.6645062	0.5738753	0.519157	0.480843	8.768477
18732	-7945.279	-8195.571	250.2924	0.6495375	0.5354796	0.475125	0.524875	7.821404
18738	-7935.488	-8185.321	249.8329	0.7882026	0.5912695	0.513418	0.486582	7.947364
18744	-7920.685	-8171.716	251.0315	0.7984913	0.5093823	0.492849	0.507151	7.368469
18750	-7922.19	-8172.028	249.8387	0.7584458	0.5619648	0.491356	0.508644	7.983503
18756	-7932.626	-8183.02	250.3944	0.7978101	0.5909632	0.532541	0.467459	7.642472
18762	-7945.632	-8197.293	251.6604	0.7755092	0.4843709	0.508361	0.491639	7.065234
18768	-7937.422	-8187.696	250.2737	0.8069283	0.6819176	0.501065	0.498935	7.634285
18774	-7944.059	-8192.229	248.1704	0.7198003	0.6272856	0.501065	0.498935	8.840131
18780	-7939.513	-8190.346	250.8331	0.771697	0.5717846	0.52653	0.47347	7.43677
18786	-7929.727	-8178.965	249.2376	0.7189146	0.5484574	0.52653	0.47347	8.335815
18792	-7935.896	-8185.234	249.3377	0.7293773	0.5451555	0.52653	0.47347	8.279702
18798	-7940.437	-8192.413	251.976	0.9602635	0.5670204	0.543609	0.456391	6.724277
18804	-7928.024	-8178.877	250.8531	0.8284934	0.5880719	0.450256	0.549744	7.382593
18810	-7930.461	-8181.282	250.8214	0.7454124	0.5880719	0.420863	0.579137	7.444123
18816	-7929.487	-8179.232	249.7457	0.7454124	0.5670585	0.517664	0.482336	8.035961
18822	-7945.253	-8195.609	250.3554	0.7185246	0.5300953	0.373514	0.626486	7.755395
18828	-7929.894	-8180.837	250.9431	0.7771363	0.6420086	0.47923	0.52077	7.320554
18834	-7934.078	-8185.538	251.46	0.791186	0.5074854	0.506813	0.493187	7.143927
18840	-7939.227	-8190.586	251.3597	0.8187737	0.5097172	0.466473	0.533527	7.181027
18846	-7940.822	-8190.881	250.0588	0.7897442	0.4920056	0.471462	0.528538	7.908891
18852	-7948.834	-8198.519	249.6856	0.7469863	0.5804893	0.475995	0.524005	8.056415
18858	-7938.482	-8189.03	250.5479	0.7537252	0.5872873	0.471719	0.528281	7.586823
18864	-7961.696	-8212.18	250.4834	0.818206	0.5872873	0.493935	0.506065	7.586823
18870	-7948.085	-8198.933	250.8479	0.7924332	0.5872873	0.493935	0.506065	7.405341
18876	-7956.993	-8208.523	251.5295	0.7924332	0.4562022	0.515513	0.484487	7.152703
18882	-7957.352	-8208.659	251.3072	0.889525	0.5819532	0.462541	0.537459	7.110803
18888	-7954.619	-8205.977	251.3586	0.815897	0.4992555	0.51485	0.48515	7.192452
18894	-7956.411	-8207.108	250.6973	0.8227801	0.4481319	0.46963	0.53037	7.590475
18900	-7959.68	-8209.875	250.1949	0.8123837	0.4994686	0.459212	0.540788	7.817543
18906	-7944.614	-8196.08	251.4661	0.7954159	0.528045	0.50856	0.49144	7.120527
18912	-7958.378	-8209.302	250.9245	0.7902479	0.5031247	0.481226	0.518774	7.435756
18918	-7953.124	-8204.124	251.0008	0.7601543	0.6956182	0.481226	0.518774	7.259951
18924	-7950.789	-8202.411	251.622	0.7311079	0.545578	0.488241	0.511759	7.056451
18930	-7953.504	-8204.839	251.3352	0.7503237	0.6035554	0.472939	0.527061	7.153559
18936	-7958.109	-8207.93	249.8211	0.8063286	0.5474999	0.506949	0.493051	7.979248
18942	-7937.368	-8188.207	250.839	0.8013433	0.5474999	0.428184	0.571816	7.437632
18948	-7939.834	-8190.487	250.6528	0.7941736	0.5486669	0.482328	0.517672	7.540232
18954	-7926.037	-8176.447	250.4105	0.7899762	0.5278042	0.511968	0.488032	7.689694
18960	-7933.286	-8184.333	251.0474	0.7294353	0.6038124	0.511968	0.488032	7.319159
18966	-7930.116	-8179.944	249.8279	0.6887309	0.5466802	0.428641	0.571359	8.039
18972	-7933.456	-8183.727	250.2712	0.7184515	0.5466802	0.42919	0.57081	7.786536
18978	-7946.558	-8198.968	252.4094	0.9290913	0.5281028	0.481831	0.518169	6.539463
18984	-7933.674	-8184.984	251.3106	0.8129375	0.5319637	0.512545	0.487455	7.191347
18990	-7927.16	-8178.299	251.1396	0.8129375	0.5770681	0.523782	0.476218	7.245987
18996	-7940.505	-8190.511	250.0065	0.6920451	0.4643557	0.47536	0.52464	8.01408
19002	-7935.357	-8184.532	249.1754	0.8537739	0.5284029	0.530196	0.469804	8.313903
19008	-7933.297	-8184.5	251.2035	0.8743552	0.5025232	0.528462	0.471538	7.241442
19014	-7933.296	-8185.507	252.2104	0.8142117	0.5295062	0.49486	0.50514	6.707989
19020	-7933.021	-8182.547	249.526	0.7780357	0.4924288	0.519646	0.480354	8.198805
19026	-7941.187	-8191.235	250.0487	0.7850396	0.4467145	0.442475	0.557525	7.958567
19032	-7946.576	-8198.168	251.5919	0.8882718	0.4880687	0.538448	0.461552	7.038077
19038	-7944.829	-8194.117	249.2878	0.7353473	0.4747659	0.492168	0.507832	8.364201
19044	-7940.737	-8191.314	250.5767	0.9042726	0.5777308	0.492168	0.507832	7.498359
19050	-7937.259	-8188.117	250.8575	0.9015651	0.5777308	0.48944	0.51056	7.349308
19056	-7927.26	-8178.349	251.0887	0.8752614	0.5088638	0.48944	0.51056	7.297
19062	-7946.743	-8198.696	251.9533	0.916582	0.4910123	0.531327	0.468673	6.82542
19068	-7942.236	-8194.578	252.342	0.9054259	0.5441944	0.497667	0.502333	6.575025
19074	-7940.695	-8191.615	250.9201	0.8073338	0.5756098	0.455323	0.544677	7.367931
19080	-7927.895	-8178.272	250.3763	0.763268	0.5115288	0.455323	0.544677	7.73626
19086	-7920.578	-8171.59	251.0121	0.7959	0.5242612	0.465274	0.534726	7.367359
19092	-7923.764	-8175.082	251.3179	0.8211437	0.5574054	0.465274	0.534726	7.16174
19098	-7921.751	-8173.986	252.235	0.8013897	0.5428129	0.493425	0.506575	6.690308
19104	-7914.622	-8164.948	250.3259	0.7912427	0.5741793	0.494568	0.505432	7.695956
19110	-7926.864	-8177.126	250.262	0.7909446	0.5741793	0.494568	0.505432	7.73027
19116	-7930.251	-8180.451	250.1998	0.7161411	0.5133094	0.494568	0.505432	7.854221
19122	-7925.586	-8176.23	250.6445	0.7795185	0.4674142	0.494568	0.505432	7.623771
19128	-7950.463	-8200.403	249.9405	0.7486057	0.4674142	0.456051	0.543949	8.016322
19134	-7946.856	-8198.857	252.0014	0.8319364	0.5798818	0.439625	0.560375	6.769471
19140	-7941.275	-8192.309	251.0342	0.8319364	0.5394157	0.458758	0.541242	7.323293
19146	-7941	-8192.69	251.6899	0.8797846	0.4686129	0.509296	0.490704	7.00775
19152	-7956.715	-8208.665	251.9497	0.8443267	0.572483	0.483543	0.516457	6.796647
19158	-7948.545	-8198.78	250.2344	0.7745897	0.5708029	0.483543	0.516457	7.756455
19164	-7941.879	-8191.878	249.9982	0.7953402	0.5970368	0.483543	0.516457	7.850813
19170	-7943.528	-8194.088	250.5599	0.7953402	0.5531162	0.510174	0.489826	7.585669
19176	-7943.004	-8192.223	249.2195	0.7816558	0.5572697	0.478825	0.521175	8.304811
19182	-7935.466	-8185.429	249.9628	0.7764393	0.6317526	0.504294	0.495706	7.853284
19188	-7930.855	-8182.501	251.6452	0.8497906	0.661484	0.472747	0.527253	6.889468
19194	-7941.378	-8191.915	250.5374	0.8208898	0.661484	0.472747	0.527253	7.500304
19200	-7928.387	-8178.332	249.9443	0.729763	0.5828103	0.472747	0.527253	7.925749
19206	-7930.84	-8181.188	250.3478	0.8650612	0.5891311	0.495182	0.504818	7.632841
19212	-7930.043	-8180.541	250.4983	0.790077	0.6298515	0.51003	0.48997	7.561122
19218	-7951.913	-8202.555	250.642	0.7624865	0.4793209	0.541839	0.458161	7.623255
19224	-7938.667	-8189.382	250.7149	0.7624865	0.4578069	0.537998	0.462002	7.60416
19230	-7931.023	-8181.08	250.0577	0.6989996	0.5149456	0.449965	0.550035	7.937794
19236	-7932.505	-8183.793	251.2876	0.7383714	0.5686113	0.449965	0.550035	7.213338
19242	-7935.49	-8184.722	249.2315	0.7385224	0.5055211	0.508308	0.491692	8.365016
19248	-7932.337	-8181.683	249.3462	0.7280928	0.5817382	0.487858	0.512142	8.24624
19254	-7936.078	-8187.196	251.1174	0.8399586	0.5654594	0.440045	0.559955	7.252735
19260	-7934.082	-8186.523	252.4412	0.8552386	0.5654594	0.440045	0.559955	6.530796
19266	-7930.85	-8182.153	251.3034	0.8021099	0.5432203	0.50499	0.49501	7.191551
19272	-7923.293	-8174.757	251.4634	0.7786582	0.5217678	0.489195	0.510805	7.136416
19278	-7945.174	-8197.16	251.9863	0.9137199	0.5217678	0.478062	0.521938	6.781928
19284	-7942.554	-8194.548	251.9937	0.9191063	0.5540851	0.478062	0.521938	6.747606
19290	-7945.707	-8198.002	252.2951	0.887229	0.5540851	0.498934	0.501066	6.601945
19296	-7939.855	-8191.274	251.4187	0.8014768	0.5540851	0.411627	0.588373	7.120875
19302	-7940.02	-8189.97	249.9508	0.8016927	0.5424987	0.492501	0.507499	7.916654
19308	-7941.757	-8192.224	250.4671	0.750655	0.5424987	0.519872	0.480128	7.66805
19314	-7931.22	-8181.495	250.2744	0.729785	0.6196942	0.470905	0.529095	7.720807
19320	-7944.133	-8195.275	251.1423	0.8250482	0.5361731	0.439799	0.560201	7.27168
19326	-7946.843	-8196.79	249.9468	0.7880871	0.5726239	0.464616	0.535384	7.901424
19332	-7944.698	-8195.004	250.3062	0.8598191	0.5510553	0.606821	0.393179	7.688645
19338	-7945.608	-8197.586	251.9778	0.9952391	0.4856568	0.473023	0.526977	6.774574
19344	-7951.413	-8203.662	252.249	0.9400361	0.6610128	0.422509	0.577491	6.514791
19350	-7942.485	-8195.047	252.5612	0.8651162	0.5019735	0.473768	0.526232	6.514791
19356	-7937.474	-8188.096	250.6222	0.8651162	0.6257146	0.500823	0.499177	7.457638
19362	-7922.311	-8175.091	252.78	0.8770198	0.4835291	0.477918	0.522082	6.406445
19368	-7942.191	-8193.003	250.8116	0.8896342	0.5144471	0.548061	0.451939	7.433051
19374	-7942.515	-8193.681	251.1655	0.7984383	0.5144471	0.535603	0.464397	7.292136
19380	-7947.354	-8198.571	251.2175	0.8765078	0.5128388	0.467057	0.532943	7.223692
19386	-7941.856	-8192.697	250.8406	0.7946581	0.5238832	0.467057	0.532943	7.460316
19392	-7945.104	-8195.753	250.649	0.7754005	0.5729284	0.462334	0.537666	7.532517
19398	-7952.719	-8204.934	252.2153	0.8361773	0.5729284	0.395576	0.604424	6.657195
19404	-7958.5	-8209.406	250.905	0.8154126	0.5211018	0.433505	0.566495	7.417023
19410	-7944.542	-8194.387	249.8453	0.7324832	0.4695121	0.453701	0.546299	8.073706
19416	-7948.174	-8197.812	249.6379	0.7904815	0.5617314	0.484031	0.515969	8.073706
19422	-7941.841	-8191.351	249.5097	0.750413	0.4658518	0.514157	0.485843	8.246277
19428	-7930.581	-8180.724	250.1438	0.800043	0.5348591	0.488686	0.511314	7.82089
19434	-7943.554	-8196.162	252.6084	0.8533407	0.4999639	0.502825	0.497175	6.497406
19440	-7931.816	-8184.452	252.6363	0.8254313	0.4999639	0.502825	0.497175	6.497406
19446	-7939.959	-8190.803	250.8432	0.8382632	0.4999639	0.460658	0.539342	7.45637
19452	-7935.202	-8186.299	251.0966	0.8382632	0.4999639	0.468013	0.531987	7.320503
19458	-7929.391	-8180.979	251.5876	0.8154189	0.467032	0.529743	0.470257	7.09893
19464	-7936.116	-8188.189	252.0721	0.853777	0.467032	0.447057	0.552943	6.817228
19470	-7947.818	-8199.545	251.7274	0.8269766	0.5035906	0.483311	0.516689	6.98424
19476	-7943.809	-8195.51	251.7004	0.7884676	0.5820093	0.483311	0.516689	6.953537
19482	-7958.201	-8209.63	251.4294	0.8003202	0.6019129	0.501393	0.498607	7.077328
19488	-7946.482	-8195.995	249.5126	0.6865094	0.6165916	0.501393	0.498607	8.152781
19494	-7953.68	-8205.218	251.5382	0.8161867	0.4479863	0.560311	0.439689	7.143063
19500	-7940.356	-8191.631	251.2759	0.8658053	0.5481175	0.466169	0.533831	7.168019
19506	-7960.276	-8211.498	251.222	0.8295365	0.6085102	0.485815	0.514185	7.168019
19512	-7935.996	-8187.579	251.5832	0.8561416	0.549309	0.445826	0.554174	7.006888
19518	-7946.65	-8198.385	251.7347	0.8238103	0.4764264	0.450424	0.549576	7.00655
19524	-7938.592	-8190.327	251.7347	0.8238103	0.4764264	0.450424	0.549576	7.00655
19530	-7944.193	-8195.746	251.5532	0.8238103	0.5388072	0.448216	0.551784	7.049262
19536	-7949.491	-8200.71	251.2189	0.9253286	0.5644136	0.489683	0.510317	7.15322
19542	-7956.557	-8207.325	250.7684	0.7820591	0.5699722	0.474147	0.525853	7.467386
19548	-7965.078	-8214.346	249.2681	0.8018527	0.540466	0.469558	0.530442	8.282093
19554	-7949.538	-8201.301	251.7639	0.9018323	0.5191925	0.432662	0.567338	6.910572
19560	-7953.77	-8205.369	251.599	0.8381157	0.6306955	0.466117	0.533883	6.943554
19566	-7947.594	-8199.353	251.7593	0.8430532	0.5920579	0.50446	0.49554	6.884335
19572	-7937.339	-8189.196	251.8564	0.8430532	0.5284856	0.547797	0.452203	6.884335
19578	-7938.328	-8190.771	252.4432	0.8770766	0.4977423	0.450043	0.549957	6.57597
19584	-7935.184	-8186.172	250.9876	0.7992997	0.4977423	0.496336	0.503664	7.401811
19590	-7940.042	-8190.815	250.7728	0.9045084	0.4927562	0.479536	0.520464	7.465039
19596	-7936.336	-8187.319	250.9833	0.7998538	0.4927562	0.479536	0.520464	7.408285
19602	-7929.188	-8180.283	251.0954	0.8447873	0.6218355	0.479536	0.520464	7.217603
19608	-7933.574	-8184.731	251.1574	0.8675912	0.4658632	0.471182	0.528818	7.303095
19614	-7936.845	-8188.381	251.5363	0.876106	0.5165806	0.483755	0.516245	7.049253
19620	-7945.193	-8196.004	250.811	0.8594684	0.4400993	0.483755	0.516245	7.517675
19626	-7938.678	-8188.43	249.7527	0.7857186	0.5285197	0.483755	0.516245	8.042607
19632	-7952.946	-8204.277	251.3317	0.8208149	0.5953322	0.483755	0.516245	7.123989
19638	-7950.439	-8200.727	250.2885	0.829792	0.4863959	0.483755	0.516245	7.769902
19644	-7956.484	-8206.674	250.1894	0.7288067	0.5883347	0.466439	0.533561	7.791029
19650	-7960.155	-8210.344	250.1895	0.7301224	0.5883347	0.424473	0.575527	7.790294
19656	-7939.049	-8189.103	250.0541	0.7807282	0.5867943	0.495524	0.504476	7.836796
19662	-7933.545	-8183.602	250.0571	0.7776703	0.5867943	0.495524	0.504476	7.836796
19668	-7939.713	-8191.5	251.7873	0.8295157	0.5602683	0.502817	0.497183	6.902193
19674	-7952.217	-8204.175	251.9579	0.8725835	0.5477887	0.446461	0.553539	6.797304
19680	-7950.86	-8202.729	251.869	0.8224612	0.7056354	0.446461	0.553539	6.751942
19686	-7940.497	-8192.256	251.759	0.8257385	0.7916387	0.509451	0.490549	6.751942
19692	-7933.382	-8185.376	251.9939	0.7948063	0.5225423	0.411316	0.588684	6.841335
19698	-7931.469	-8183.429	251.9599	0.8643563	0.5503829	0.501709	0.498291	6.798499
19704	-7934.177	-8185.624	251.4466	0.8643563	0.5053657	0.523936	0.476064	7.113684
19710	-7942.767	-8194.014	251.2475	0.8479508	0.493909	0.404727	0.595273	7.239678
19716	-7939.851	-8190.867	251.016	0.86984	0.6312503	0.499132	0.500868	7.239678
19722	-7928.294	-8178.354	250.0602	0.747229	0.6483681	0.471793	0.528207	7.804538
19728	-7929.67	-8182.493	252.8227	0.9256779	0.6252125	0.475574	0.524426	6.23818
19734	-7930.599	-8181.192	250.5935	0.8022465	0.5195299	0.475574	0.524426	7.592333
19740	-7920.015	-8170.624	250.6084	0.7986271	0.4593185	0.45744	0.54256	7.640391
19746	-7935.554	-8186.505	250.9514	0.7767594	0.4867642	0.46666	0.53334	7.44317
19752	-7935.067	-8185.974	250.9078	0.823817	0.5353539	0.46666	0.53334	7.398893
19758	-7941.569	-8195.557	253.9875	0.9898268	0.5453995	0.442112	0.557888	5.631684
19764	-7944.46	-8197.677	253.2163	0.877641	0.5917565	0.450005	0.549995	6.076343
19770	-7945.535	-8196.636	251.1007	0.7955614	0.4834819	0.494246	0.505754	7.355976
19776	-7940.537	-8192.168	251.6312	0.7879478	0.5148912	0.511033	0.488967	7.047085
19782	-7932.601	-8183.478	250.8766	0.7675441	0.5148912	0.511033	0.488967	7.463276
19788	-7938.963	-8190.221	251.2574	0.8725622	0.5804431	0.511033	0.488967	7.147927
19794	-7936.518	-8188.285	251.7671	0.8145423	0.5170301	0.573306	0.426694	6.957743
19800	-7951.653	-8201.594	249.9409	0.7142507	0.5170301	0.408385	0.591615	7.990164
19806	-7944.561	-8195.187	250.6255	0.7748295	0.5867576	0.473683	0.526317	7.534376
19812	-7936.288	-8186.87	250.5819	0.7749174	0.5965263	0.473683	0.526317	7.549987
19818	-7947.976	-8199.085	251.1094	0.7885771	0.6065794	0.482823	0.517177	7.251968
19824	-7955.57	-8206.003	250.4331	0.7937868	0.5152682	0.503774	0.496226	7.686336
19830	-7960.136	-8211.017	250.8812	0.7604102	0.576794	0.431003	0.568997	7.41305
19836	-7942.535	-8192.515	249.9802	0.7852794	0.5388867	0.524077	0.475923	7.912717
19842	-7950.356	-8202.363	252.0071	0.937595	0.5850749	0.502268	0.497732	6.705136
19848	-7961.592	-8214.193	252.6011	0.8555587	0.4702251	0.502268	0.497732	6.527345
19854	-7960.551	-8211.857	251.306	0.8555587	0.5627693	0.502268	0.497732	7.145255
19860	-7952.114	-8203.659	251.5448	0.8655252	0.5683332	0.460018	0.539982	7.006833
19866	-7952.772	-8203.192	250.4201	0.8655252	0.4383372	0.460018	0.539982	7.72531
19872	-7940.998	-8191.908	250.9101	0.8552233	0.3963249	0.527907	0.472093	7.510749
19878	-7950.223	-8202.222	251.9997	0.9430165	0.5066291	0.527907	0.472093	6.77214
19884	-7954.379	-8205.327	250.9474	0.792623	0.5294425	0.424974	0.575026	7.399397
19890	-7931.282	-8182.21	250.9276	0.8124047	0.5294425	0.424974	0.575026	7.399397
19896	-7924.328	-8174.251	249.9233	0.8124047	0.4603444	0.542824	0.457176	7.99803
19902	-7928.629	-8180.345	251.7154	0.8474459	0.6165048	0.526888	0.473112	6.886604
19908	-7935.251	-8186.979	251.7279	0.8831196	0.5228078	0.526888	0.473112	6.936894
19914	-7942.977	-8192.763	249.7865	0.7889281	0.6411367	0.44587	0.55413	7.933755
19920	-7929.309	-8179.214	249.9051	0.7889281	0.5596187	0.465556	0.534444	7.933755
19926	-7942.231	-8193.554	251.3226	0.7889281	0.4997395	0.465556	0.534444	7.225847
19932	-7949.385	-8199.257	249.8718	0.8511306	0.7119314	0.449838	0.550162	7.804587
19938	-7952.735	-8201.213	248.4782	0.7151979	0.6079325	0.449009	0.550991	8.693992
19944	-7944.925	-8194.409	249.4842	0.8113	0.5130442	0.489853	0.510147	8.18529
19950	-7953.901	-8204.434	250.5336	0.869575	0.5785221	0.505864	0.494136	7.539431
19956	-7961.738	-8212.115	250.3777	0.869575	0.5812412	0.512833	0.487167	7.620715
19962	-7958.662	-8208.822	250.1606	0.7779215	0.599738	0.510612	0.489388	7.771268
19968	-7962.803	-8213.215	250.4122	0.7837717	0.599738	0.467602	0.532398	7.633606
19974	-7954.653	-8205.695	251.0412	0.8368284	0.4198545	0.457292	0.542708	7.426345
19980	-7952.128	-8202.409	250.2809	0.7727897	0.4916249	0.457292	0.542708	7.799721
19986	-7940.705	-8190.652	249.9476	0.7994351	0.6137732	0.545598	0.454402	7.862724
19992	-7941.651	-8192.075	250.424	0.8283509	0.5531641	0.534098	0.465902	7.64071
19998	-7945.109	-8194.409	249.3001	0.7236788	0.5622748	0.52358	0.47642	8.288729
20004	-7963.283	-8213.779	250.4957	0.6779787	0.5144037	0.435856	0.564144	7.715551
20010	-7948.146	-8197.878	249.7313	0.7581265	0.5381524	0.500306	0.499694	8.060592
20016	-7952.396	-8202.033	249.6374	0.8520084	0.5381524	0.510561	0.489439	8.060592
20022	-7959.283	-8209.979	250.6959	0.8520084	0.4874533	0.510561	0.489439	7.539091
20028	-7958.053	-8208.388	250.3348	0.8033711	0.5460957	0.47361	0.52639	7.707652
20034	-7947.954	-8197.542	249.5887	0.7730984	0.4998615	0.47361	0.52639	8.161473
20040	-7958.274	-8207.142	248.8674	0.8198743	0.4825436	0.456075	0.543925	8.535629
20046	-7957.881	-8208.244	250.3627	0.8280317	0.462756	0.45499	0.54501	7.752834
20052	-7962.77	-8213.479	250.7089	0.8329672	0.5688137	0.45499	0.54501	7.472921
20058	-7944.714	-8196.711	251.9966	0.8851808	0.474903	0.518723	0.481277	6.833703
20064	-7940.376	-8192.071	251.6956	0.8116049	0.6147208	0.425543	0.574457	6.917948
20070	-7945.52	-8195.852	250.3322	0.7797677	0.5737544	0.562813	0.437187	7.699049
20076	-7943.133	-8194.19	251.0571	0.815688	0.4736034	0.511799	0.488201	7.377635
20082	-7942.217	-8192.926	250.7094	0.7788456	0.6057054	0.429986	0.570014	7.472435
20088	-7950.685	-8199.659	248.9744	0.5927454	0.5972837	0.566517	0.433483	8.503741
20094	-7939.233	-8189.869	250.6355	0.7647063	0.6158177	0.480621	0.519379	7.511873
20100	-7945.007	-8196.56	251.5529	0.7977077	0.550889	0.460906	0.539094	7.053351
20106	-7941.037	-8191.697	250.6597	0.8647594	0.5974638	0.507019	0.492981	7.459475
20112	-7945.097	-8197.033	251.936	0.8874798	0.5023491	0.505292	0.494708	6.840271
20118	-7937.038	-8188.774	251.7362	0.7946424	0.5321869	0.488524	0.511476	6.972075
20124	-7947.575	-8197.209	249.6338	0.7854748	0.5584798	0.461637	0.538363	8.081187
20130	-7944.253	-8195.003	250.7492	0.8038215	0.4675039	0.455597	0.544403	7.554592
20136	-7935.012	-8186.467	251.4541	0.8870889	0.486842	0.501909	0.498091	7.113966
20142	-7928.842	-8180.305	251.4635	0.8687683	0.4921297	0.463833	0.536167	7.113966
20148	-7921.931	-8173.003	251.0719	0.8012074	0.6264137	0.465599	0.534401	7.250175
20154	-7930.425	-8182.188	251.763	0.875461	0.4845095	0.479083	0.520917	6.956078
20160	-7943.223	-8193.963	250.7398	0.8633879	0.5332931	0.476633	0.523367	7.469456
20166	-7940.09	-8190.84	250.7504	0.7878004	0.5755462	0.512258	0.487742	7.469456
20172	-7956.119	-8206.544	250.4253	0.7878004	0.5388666	0.406254	0.593746	7.673607
20178	-7944.449	-8194.251	249.8019	0.8410808	0.5427283	0.452825	0.547175	7.974885
20184	-7944.93	-8196.524	251.594	0.8119859	0.5250055	0.444776	0.555224	7.045446
20190	-7932.376	-8184.124	251.7477	0.8119859	0.5034069	0.473629	0.526371	6.981544
20196	-7940.236	-8191.991	251.7544	0.9351238	0.5381835	0.408095	0.591905	6.881452
20202	-7942.923	-8195.158	252.2345	0.7969376	0.5654416	0.490263	0.509737	6.674151
20208	-7935.162	-8186.832	251.6698	0.9354864	0.5111358	0.46548	0.53452	6.950144
20214	-7932.145	-8183.052	250.9069	0.856913	0.5451176	0.474868	0.525132	7.373428
20220	-7927.639	-8178.509	250.8692	0.7619069	0.4923332	0.474868	0.525132	7.490181
20226	-7942.623	-8193.479	250.8553	0.863039	0.6122491	0.522664	0.477336	7.34406
20232	-7936.177	-8186.597	250.4207	0.8895181	0.5028405	0.494155	0.505845	7.652621
20238	-7939.638	-8191.793	252.1555	0.8482964	0.5877415	0.494155	0.505845	6.671068
20244	-7929.925	-8180.441	250.516	0.7817368	0.4908186	0.479168	0.520832	7.66998
20250	-7931.44	-8182.267	250.827	0.7673452	0.4488687	0.465522	0.534478	7.550026
20256	-7934.169	-8184.789	250.6205	0.7673452	0.5084734	0.465218	0.534782	7.606141
20262	-7946.465	-8197.578	251.1123	0.7988956	0.641994	0.465218	0.534782	7.218012
20268	-7952.924	-8204.037	251.1133	0.7734154	0.6598479	0.490938	0.509062	7.218012
20274	-7946.7	-8198.677	251.9766	0.9324098	0.5717898	0.469241	0.530759	6.735114
20280	-7947.681	-8199.267	251.5865	0.8632266	0.5644979	0.507861	0.492139	6.988745
20286	-7945.365	-8195.648	250.2834	0.8632266	0.4684017	0.507861	0.492139	7.771185
20292	-7955.334	-8204.566	249.2327	0.8729035	0.5317564	0.481277	0.518723	8.270404
20298	-7952.918	-8202.519	249.601	0.7915018	0.5925924	0.514319	0.485681	8.068249
20304	-7941.999	-8192.26	250.2609	0.839539	0.4941016	0.475711	0.524289	7.77253
20310	-7934.592	-8186.836	252.2438	0.8587084	0.5664898	0.43937	0.56063	6.634904
20316	-7938.593	-8188.926	250.3329	0.8241748	0.4732373	0.485502	0.514498	7.761099
20322	-7939.749	-8190.636	250.887	0.8088194	0.641582	0.517954	0.482046	7.333961
20328	-7933.807	-8185.823	252.0163	0.8088194	0.553762	0.4917	0.5083	6.795246
20334	-7926.644	-8176.631	249.9873	0.8296268	0.4946809	0.539267	0.460733	7.923432
20340	-7933.318	-8183.558	250.2396	0.7981472	0.6698543	0.489161	0.510839	7.66584
20346	-7920.103	-8169.98	249.877	0.7918609	0.5313696	0.475563	0.524437	7.970629
20352	-7936.826	-8189.21	252.3846	0.8687603	0.5313696	0.475563	0.524437	6.582683
20358	-7938.334	-8189.247	250.9126	0.8723826	0.5548747	0.467587	0.532413	7.353968
20364	-7942.868	-8192.024	249.1564	0.7004828	0.4973589	0.450537	0.549463	8.432334
20370	-7937.275	-8186.425	249.15	0.7135192	0.4933833	0.448099	0.551901	8.432334
20376	-7937.679	-8189.377	251.6989	0.7948638	0.4933833	0.40056	0.59944	7.02595
20382	-7946.354	-8199.43	253.0762	0.9561659	0.5022007	0.461493	0.538507	6.185647
20388	-7953.574	-8206.539	252.965	0.8961575	0.6138376	0.47487	0.52513	6.185647
20394	-7939.082	-8190.505	251.4231	0.9343808	0.548112	0.496221	0.503779	7.051938
20400	-7946.542	-8198.891	252.3487	0.846138	0.4838193	0.480632	0.519368	6.656452
20406	-7941.654	-8192.075	250.4215	0.7315089	0.5128634	0.480632	0.519368	7.727907
20412	-7948.268	-8199.729	251.4614	0.8624896	0.6418644	0.527556	0.472444	6.996117
20418	-7948.619	-8199.324	250.7058	0.8624896	0.4714473	0.477551	0.522449	7.542766
20424	-7938.542	-8190.38	251.8371	0.8492918	0.561454	0.477551	0.522449	6.863711
20430	-7934.097	-8184.997	250.8995	0.8302253	0.5660141	0.424994	0.575006	7.374455
20436	-7938.796	-8188.899	250.1028	0.683896	0.4791446	0.495535	0.504465	7.953491
20442	-7933.83	-8185.955	252.1253	0.8979619	0.5729045	0.495535	0.504465	6.672514
20448	-7934.281	-8185.789	251.5088	0.8142472	0.5067953	0.467577	0.532423	7.10589
20454	-7929.131	-8181.509	252.3783	0.904321	0.6166395	0.532287	0.467713	6.497553
20460	-7927.206	-8178.44	251.2343	0.7487999	0.5836566	0.526657	0.473343	7.224286
20466	-7938.645	-8188.433	249.7879	0.7946414	0.5471466	0.464525	0.535475	8.003448
20472	-7934.172	-8184.959	250.7873	0.8429149	0.4518146	0.524364	0.475636	7.527998
20478	-7935.997	-8185.508	249.5111	0.6951477	0.6197447	0.524364	0.475636	8.14661
20484	-7943.089	-8193.869	250.7795	0.7284768	0.5625808	0.47515	0.52485	7.496127
20490	-7936.19	-8186.915	250.7251	0.8342234	0.5295939	0.491943	0.508057	7.496127
20496	-7950.329	-8201.399	251.0708	0.8642897	0.5164694	0.491943	0.508057	7.305872
20502	-7943.074	-8192.615	249.541	0.7868537	0.5582184	0.491943	0.508057	8.130136
20508	-7946.072	-8196.25	250.1779	0.734579	0.5582184	0.528885	0.471115	7.818235
20514	-7942.476	-8193.688	251.2117	0.8847175	0.5738892	0.485755	0.514245	7.171207
20520	-7940.31	-8192.27	251.9597	0.820209	0.4784036	0.50595	0.49405	6.885416
20526	-7928.946	-8180.326	251.3794	0.7633855	0.5783794	0.50595	0.49405	7.142693
20532	-7931.905	-8182.549	250.6439	0.7633855	0.7190261	0.50595	0.49405	7.433458
20538	-7941.04	-8191.121	250.0804	0.7764198	0.704248	0.50595	0.49405	7.738299
20544	-7929.912	-8181.336	251.4237	0.8569135	0.695356	0.496118	0.503882	6.980669
20550	-7929.368	-8180.818	251.4493	0.7731626	0.695356	0.506729	0.493271	7.012023
20556	-7932.327	-8183.849	251.5221	0.8166572	0.5890967	0.444172	0.555828	7.028695
20562	-7931.228	-8182.567	251.3391	0.8563731	0.493153	0.444172	0.555828	7.186624
20568	-7952.405	-8203.539	251.1347	0.8112288	0.6592845	0.558271	0.441729	7.186624
20574	-7956.698	-8206.818	250.1196	0.834197	0.6367815	0.439519	0.560481	7.734913
20580	-7954.667	-8205.059	250.3927	0.7391056	0.4973807	0.48611	0.51389	7.75286
20586	-7960.405	-8210.943	250.5379	0.8308248	0.5405721	0.48611	0.51389	7.588883
20592	-7950.002	-8200.75	250.7482	0.7731693	0.4836178	0.472878	0.527122	7.556787
20598	-7944.695	-8196.078	251.3827	0.8141567	0.5467835	0.51899	0.48101	7.139452
20604	-7942.759	-8193.656	250.8964	0.7986646	0.5260887	0.508892	0.491108	7.42633
20610	-7955.619	-8207.748	252.1288	0.8602908	0.6064258	0.431898	0.568102	6.664293
20616	-7946.274	-8197.336	251.0619	0.8221871	0.5610765	0.549989	0.450011	7.295692
20622	-7943.969	-8193.712	249.7434	0.7865625	0.6037848	0.555139	0.444861	7.986259
20628	-7950.812	-8200.841	250.0287	0.8357994	0.563966	0.558154	0.441846	7.83922
20634	-7951.176	-8202.568	251.3927	0.8494999	0.4604025	0.478696	0.521304	7.191596
20640	-7936.352	-8188.075	251.7224	0.8158669	0.6063797	0.512355	0.487645	6.907657
20646	-7940.297	-8192.132	251.8358	0.8520716	0.5152463	0.490839	0.509161	6.902034
20652	-7934.545	-8185.535	250.9901	0.8520716	0.5842416	0.490839	0.509161	7.299498
20658	-7937.821	-8189.832	252.0104	0.8520716	0.5005799	0.465011	0.534989	6.820799
20664	-7953.913	-8205.347	251.434	0.7985076	0.6138658	0.500361	0.499639	7.066563
20670	-7952.654	-8204.385	251.7311	0.9133271	0.5071666	0.467028	0.532972	6.932542
20676	-7941.214	-8191.821	250.6066	0.7658407	0.6483674	0.492467	0.507533	7.502322
20682	-7944.914	-8194.315	249.4013	0.6917432	0.5599179	0.554246	0.445754	8.253764
20688	-7946.895	-8195.835	248.9398	0.6767376	0.5402693	0.446025	0.553975	8.523305
20694	-7938.783	-8187.733	248.9505	0.6486157	0.5514833	0.479857	0.520143	8.523305
20700	-7933.688	-8184.648	250.9597	0.78762	0.5220828	0.553436	0.446564	7.401771
20706	-7941.922	-8193.854	251.9316	0.8640492	0.5235886	0.45797	0.54203	6.836698
20712	-7940.956	-8194.153	253.1974	1.021362	0.4768616	0.454977	0.545023	6.107364
20718	-7943.223	-8193.911	250.6887	0.8669746	0.4996112	0.454977	0.545023	7.524104
20724	-7955.437	-8203.812	248.3749	0.714618	0.4852645	0.382944	0.617056	8.850303
20730	-7964.729	-8215.35	250.6219	0.6937128	0.521647	0.513531	0.486469	7.633374
20736	-7945.227	-8195.64	250.4129	0.7238318	0.5308457	0.454728	0.545272	7.72122
20742	-7937.375	-8185.983	248.6082	0.6921549	0.608631	0.470615	0.529385	8.636674
20748	-7937.022	-8185.484	248.4624	0.7269424	0.5977886	0.446106	0.553894	8.703933
20754	-7933.936	-8183.853	249.9165	0.7175504	0.6752027	0.419125	0.580875	7.877707
20760	-7945.442	-8195.577	250.1349	0.7356173	0.561963	0.555559	0.444441	7.837629
20766	-7951.447	-8203.078	251.6311	0.7772268	0.5661436	0.414571	0.585429	7.009708
20772	-7944.217	-8193.616	249.3993	0.721916	0.532916	0.492633	0.507367	8.261125
20778	-7939.369	-8190.206	250.8371	0.8352163	0.6270999	0.492633	0.507367	7.35739
20784	-7936.921	-8186.443	249.5224	0.8041855	0.5547927	0.494231	0.505769	8.133613
20790	-7940.903	-8191.444	250.5407	0.7534274	0.4803667	0.469034	0.530966	7.681356
20796	-7935.019	-8186.525	251.5061	0.8664557	0.4803667	0.540903	0.459097	7.102973
20802	-7935.183	-8185.89	250.7067	0.8933379	0.4936237	0.48642	0.51358	7.505665
20808	-7932.918	-8184.306	251.3878	0.8353096	0.666803	0.48642	0.51358	7.032029
20814	-7942.887	-8193.596	250.7094	0.7940576	0.5916169	0.527326	0.472674	7.475297
20820	-7938.023	-8188.872	250.8493	0.7515533	0.5278698	0.481261	0.518739	7.475297
20826	-7937.494	-8189.651	252.1571	0.8169259	0.5660764	0.481261	0.518739	6.704641
20832	-7941.616	-8192.478	250.862	0.8439899	0.5913409	0.38999	0.61001	7.366939
20838	-7940.643	-8190.373	249.7301	0.7025251	0.5558255	0.475426	0.524574	8.076271
20844	-7927.847	-8178.249	250.4025	0.8154228	0.6462652	0.509283	0.490717	7.586586
20850	-7928.237	-8178.099	249.8622	0.7383239	0.5890879	0.443716	0.556284	7.960071
20856	-7942.984	-8192.929	249.9447	0.8627694	0.5512401	0.443285	0.556715	7.880057
20862	-7938.217	-8189.926	251.7082	0.8627694	0.6217117	0.464147	0.535853	6.878216
20868	-7940.747	-8193.285	252.5385	0.7933282	0.6166905	0.519616	0.480384	6.47084
20874	-7936.017	-8187.239	251.2215	0.7573773	0.5156763	0.519616	0.480384	7.283062
20880	-7939.322	-8191.167	251.8453	0.816443	0.6321558	0.488941	0.511059	6.821327
20886	-7928.531	-8179.807	251.2761	0.816443	0.6659013	0.488941	0.511059	7.102967
20892	-7938.965	-8191.108	252.1428	0.8351387	0.6179973	0.498518	0.501482	6.661358
20898	-7941.674	-8191.975	250.301	0.7532704	0.6558701	0.496479	0.503521	7.667133
20904	-7945.218	-8196.1	250.8826	0.8079613	0.562629	0.499116	0.500884	7.398212
20910	-7932.405	-8183.964	251.5581	0.7695442	0.5943148	0.546778	0.453222	7.030539
20916	-7933.42	-8183.622	250.2019	0.7352703	0.5142128	0.50411	0.49589	7.842072
20922	-7939.737	-8191.563	251.8262	0.7522652	0.5798437	0.532429	0.467571	6.90698
20928	-7943.071	-8194.445	251.3738	0.8064413	0.5452491	0.532429	0.467571	7.149685
20934	-7940.199	-8191.205	251.0065	0.8064413	0.6791757	0.532429	0.467571	7.24366
20940	-7946.023	-8196.221	250.1978	0.8845967	0.5571318	0.47438	0.52562	7.728365
20946	-7940.542	-8191.953	251.4106	0.8690972	0.5544084	0.509171	0.490829	7.08859
20952	-7953.919	-8205.894	251.975	0.8507956	0.6065103	0.512844	0.487156	6.752467
20958	-7967.225	-8219.79	252.5658	0.924095	0.5127343	0.512844	0.487156	6.470833
20964	-7935.889	-8186.876	250.9871	0.7726408	0.5116955	0.437014	0.562986	7.404087
20970	-7936.236	-8187.761	251.5252	0.7399493	0.5116955	0.487986	0.512014	7.132742
20976	-7937.681	-8188.912	251.2311	0.8304766	0.5147078	0.468618	0.531382	7.239472
20982	-7933.451	-8184.593	251.1414	0.877261	0.5416829	0.474922	0.525078	7.239472
20988	-7931.398	-8183.034	251.6357	0.7990151	0.6664246	0.474922	0.525078	6.918352
20994	-7929.735	-8180.766	251.0317	0.8738276	0.6664246	0.484471	0.515529	7.203132
21000	-7919.916	-8171.271	251.3552	0.8091546	0.4867437	0.484471	0.515529	7.209131
21006	-7924.464	-8176.23	251.7667	0.763029	0.5311234	0.49178	0.50822	6.973545
21012	-7936.113	-8189.25	253.1372	0.9318486	0.4772739	0.49178	0.50822	6.188482
21018	-7928.657	-8180.242	251.5845	0.8413339	0.5046576	0.594225	0.405775	7.052492
21024	-7921.723	-8171.578	249.855	0.743184	0.5562702	0.546612	0.453388	7.987633
21030	-7930.088	-8181.601	251.5126	0.7406743	0.6408172	0.471152	0.528848	7.034933
21036	-7949.554	-8202.136	252.5814	0.929733	0.5368911	0.516838	0.483162	6.438357
21042	-7933.902	-8186.646	252.7445	0.929733	0.4815815	0.488684	0.511316	6.398935
21048	-7946.452	-8198.019	251.5671	0.9219805	0.4198784	0.488684	0.511316	7.098195
21054	-7942.502	-8193.96	251.4579	0.8094605	0.5741146	0.464135	0.535865	7.079137
21060	-7943.523	-8193.338	249.8158	0.7578127	0.5335486	0.464135	0.535865	8.019567
21066	-7937.7	-8187.976	250.2757	0.7891504	0.638537	0.562765	0.437235	7.674208
21072	-7940.984	-8191.664	250.6797	0.8390053	0.4657104	0.462221	0.537779	7.574667
21078	-7953.27	-8202.933	249.6637	0.7645879	0.5128459	0.42239	0.57761	8.114697
21084	-7939.282	-8190.382	251.0996	0.865108	0.5441633	0.551017	0.448983	7.266409
21090	-7930.665	-8181.176	250.5109	0.8201366	0.5625801	0.510663	0.489337	7.590888
21096	-7932.995	-8184.777	251.7815	0.8108127	0.5625801	0.438325	0.561675	6.913539
21102	-7930.789	-8182.181	251.3918	0.7468066	0.5625801	0.417493	0.582507	7.157705
21108	-7930.404	-8181.663	251.259	0.7882452	0.5579145	0.53243	0.46757	7.210628
21114	-7933.628	-8184.461	250.8325	0.7805618	0.5579145	0.460574	0.539426	7.443623
21120	-7948.251	-8201.967	253.7165	0.861447	0.6133827	0.481022	0.518978	5.794966
21126	-7930.754	-8184.022	253.2677	0.9081641	0.5591093	0.537866	0.462134	6.058346
21132	-7935.319	-8188.509	253.19	0.9145271	0.5786907	0.540817	0.459183	6.081141
21138	-7925.548	-8178.565	253.0174	0.8937357	0.5882124	0.537263	0.462737	6.178726
21144	-7935.81	-8187.499	251.6891	0.8513922	0.5977819	0.422264	0.577736	6.913186
21150	-7937.001	-8188.653	251.6524	0.8556603	0.6203645	0.480907	0.519093	6.913186
21156	-7938.306	-8190.065	251.7586	0.8138327	0.4452815	0.487107	0.512893	7.028359
21162	-7942.179	-8193.843	251.6635	0.8138327	0.498705	0.455681	0.544319	7.030048
21168	-7936.117	-8186.275	250.158	0.801182	0.4989962	0.455681	0.544319	7.843622
21174	-7948.88	-8198.621	249.7405	0.7370287	0.4914183	0.455681	0.544319	8.107285
21180	-7945.485	-8195.705	250.2199	0.6674722	0.4486903	0.49298	0.50702	7.928081
21186	-7935.86	-8185.826	249.9658	0.7771839	0.5348957	0.473842	0.526158	7.928081
21192	-7938.392	-8189.105	250.713	0.7631321	0.5438864	0.435751	0.564249	7.52863
21198	-7925.524	-8176.473	250.9494	0.8449843	0.5812245	0.494069	0.505931	7.327544
21204	-7928.675	-8179.914	251.2388	0.8054299	0.549472	0.494069	0.505931	7.219242
21210	-7917.974	-8168.021	250.0472	0.8054299	0.6019646	0.41377	0.58623	7.815439
21216	-7931.468	-8181.7	250.2315	0.7522105	0.5162757	0.401396	0.598604	7.815439
21222	-7935.188	-8185.011	249.8236	0.7522105	0.5514356	0.401396	0.598604	8.003507
21228	-7924.396	-8174.496	250.1001	0.763495	0.6076154	0.491475	0.508525	7.805205
21234	-7935.23	-8185.939	250.7094	0.8856578	0.5189247	0.516761	0.483239	7.486075
21240	-7932.285	-8181.733	249.448	0.8090247	0.5189247	0.474809	0.525191	8.200699
21246	-7929.776	-8180.463	250.6876	0.7472692	0.5889849	0.474809	0.525191	7.514125
21252	-7924.488	-8175.227	250.7396	0.7839273	0.5309196	0.504545	0.495455	7.514125
21258	-7930.219	-8180.046	249.8275	0.715879	0.5205388	0.482547	0.517453	8.046732
21264	-7926.2	-8176.159	249.9591	0.7751368	0.6026595	0.469431	0.530569	7.878074
21270	-7935.004	-8187.939	252.9352	0.8716495	0.7422932	0.495348	0.504652	6.121995
21276	-7933.204	-8186.396	253.1926	0.9864949	0.5429257	0.495348	0.504652	6.07022
21282	-7938.464	-8189.811	251.3467	0.9169899	0.5166661	0.467646	0.532354	7.129158
21288	-7953.753	-8204.87	251.1168	0.7487129	0.5709016	0.508077	0.491923	7.297667
21294	-7945.53	-8196.293	250.7635	0.7885573	0.5106311	0.508077	0.491923	7.516325
21300	-7940.875	-8190.364	249.4891	0.7400761	0.5509712	0.448235	0.551765	8.188623
21306	-7948.517	-8198.853	250.3358	0.7852858	0.6006495	0.550736	0.449264	7.672956
21312	-7946.115	-8196.602	250.4871	0.7546814	0.5215283	0.550736	0.449264	7.672956
21318	-7954.138	-8204.197	250.0587	0.799425	0.522972	0.473068	0.526932	7.87676
21324	-7948.757	-8199.581	250.8239	0.834016	0.5328154	0.495847	0.504153	7.440541
21330	-7938.55	-8190.674	252.1242	0.8224756	0.6284969	0.431913	0.568087	6.670205
21336	-7933.667	-8184.859	251.1923	0.833743	0.5776327	0.472648	0.527352	7.206028
21342	-7929.264	-8180.83	251.5655	0.8045405	0.5160683	0.405639	0.594361	7.072504
21348	-7947.727	-8199.25	251.5227	0.8284963	0.5278323	0.493956	0.506044	7.072504
21354	-7939.804	-8191.556	251.7519	0.9753625	0.487393	0.493956	0.506044	6.90558
21360	-7934.736	-8186.18	251.4437	0.8859004	0.5723846	0.493956	0.506044	7.047023
21366	-7939.447	-8191.367	251.9199	0.9194475	0.6363175	0.483247	0.516753	6.722313
21372	-7930.322	-8180.113	249.7913	0.7698853	0.5279333	0.517592	0.482408	8.030965
21378	-7937.195	-8187.025	249.8296	0.7652943	0.5033884	0.44655	0.55345	8.034146
21384	-7937.762	-8189.835	252.073	0.856573	0.6147422	0.47535	0.52465	6.690021
21390	-7932.743	-8183.582	250.8394	0.8837659	0.5762834	0.524574	0.475426	7.369709
21396	-7934.82	-8185.222	250.4025	0.7571085	0.6043034	0.398063	0.601937	7.649488
21402	-7934.38	-8183.855	249.4752	0.7359637	0.5454214	0.460104	0.539896	8.202764
21408	-7932.595	-8182.307	249.7117	0.7347836	0.5432779	0.460104	0.539896	8.079212
21414	-7946.205	-8195.005	248.7999	0.7639745	0.5520397	0.48483	0.51517	8.541546
21420	-7941.885	-8192.215	250.3301	0.703767	0.5507735	0.540439	0.459561	7.759511
21426	-7943.289	-8193.71	250.4207	0.7500086	0.5624116	0.482352	0.517648	7.676806
21432	-7943.159	-8193.675	250.5165	0.7770893	0.4704138	0.457227	0.542773	7.690756
21438	-7936.825	-8187.065	250.2397	0.7770893	0.5080247	0.508636	0.491364	7.804922
21444	-7942.4	-8192.765	250.3651	0.8097335	0.5337581	0.459283	0.540717	7.698348
21450	-7924.129	-8175.335	251.2059	0.7941684	0.5940045	0.459283	0.540717	7.20699
21456	-7932.602	-8183.782	251.1798	0.7808882	0.6213141	0.488071	0.511929	7.20699
21462	-7946.771	-8198.232	251.4609	0.7808882	0.5498863	0.441133	0.558867	7.112707
21468	-7936.27	-8186.191	249.9204	0.7816271	0.4839624	0.521399	0.478601	7.994295
21474	-7930.868	-8181.823	250.955	0.7816271	0.6477204	0.561149	0.438851	7.307497
21480	-7933.772	-8184.729	250.9569	0.7940441	0.6374029	0.492664	0.507336	7.307497
21486	-7929.534	-8180.446	250.9125	0.7251827	0.5692632	0.493234	0.506766	7.421196
21492	-7935.335	-8186.978	251.6427	0.8054861	0.4803446	0.451029	0.548971	7.062292
21498	-7936.042	-8187.203	251.1613	0.749779	0.5914991	0.447793	0.552207	7.256765
21504	-7939.024	-8190.238	251.214	0.8230662	0.497226	0.471377	0.528623	7.268037
21510	-7931	-8183.475	252.4743	0.88316	0.5666387	0.46005	0.53995	6.496775
21516	-7934.366	-8186.652	252.2859	0.8437499	0.6463883	0.494115	0.505885	6.557799
21522	-7941.514	-8193.961	252.4475	0.9607032	0.5937154	0.408339	0.591661	6.447418
21528	-7950.734	-8201.964	251.2299	0.7991528	0.7142212	0.498276	0.501724	7.102916
21534	-7938.186	-8189.456	251.2702	0.7991528	0.6821436	0.447077	0.552923	7.103726
21540	-7929.774	-8180.525	250.7509	0.7769788	0.5985381	0.447077	0.552923	7.456777
21546	-7931.03	-8180.886	249.8558	0.7486806	0.5879917	0.43583	0.56417	7.9588
21552	-7940.919	-8190.878	249.9586	0.6919348	0.5573266	0.515408	0.484592	7.9588
21558	-7938.158	-8189.745	251.5863	0.7390701	0.4650812	0.46428	0.53572	7.142497
21564	-7939.508	-8190.271	250.7632	0.8209839	0.677922	0.46428	0.53572	7.367346
21570	-7947.176	-8198.055	250.8799	0.8490152	0.5753837	0.473608	0.526392	7.367346
21576	-7945.143	-8195.553	250.4106	0.8216114	0.6135951	0.494353	0.505647	7.603499
21582	-7936.218	-8188.035	251.8165	0.8304473	0.4638519	0.494353	0.505647	6.970593
21588	-7929.896	-8180.737	250.841	0.8445891	0.5134821	0.552086	0.447914	7.44231
21594	-7925.64	-8176.539	250.8987	0.8370321	0.4831938	0.415473	0.584527	7.44231
21600	-7937.252	-8188.226	250.9742	0.8479268	0.4340527	0.456609	0.543391	7.44231
21606	-7935.414	-8186.359	250.9451	0.7464431	0.6068681	0.456609	0.543391	7.362551
21612	-7938.945	-8189.915	250.9703	0.7647111	0.5856534	0.519932	0.480068	7.355847
21618	-7946.303	-8197.189	250.8863	0.7408599	0.6619198	0.519993	0.480007	7.355847
21624	-7939.937	-8190.93	250.9927	0.8108673	0.592145	0.519993	0.480007	7.313953
21630	-7933.151	-8184.536	251.3846	0.8044543	0.5051361	0.475695	0.524305	7.17939
21636	-7942.128	-8193.371	251.2429	0.7917369	0.6055601	0.482441	0.517559	7.17939
21642	-7932.266	-8182.49	250.224	0.7601354	0.6022262	0.457717	0.542283	7.744918
21648	-7920.455	-8170.555	250.0997	0.7643772	0.5778832	0.457717	0.542283	7.82825
21654	-7944.17	-8194.817	250.647	0.6784349	0.568997	0.457717	0.542283	7.588667
21660	-7921.343	-8170.799	249.4553	0.6784349	0.568997	0.457645	0.542355	8.224776
21666	-7938.246	-8188.012	249.7662	0.7212891	0.5480144	0.498911	0.501089	8.053418
21672	-7937.301	-8187.345	250.0446	0.7212891	0.5726951	0.504034	0.495966	7.884796
21678	-7924.954	-8174.244	249.2899	0.6996871	0.5726951	0.504034	0.495966	8.298553
21684	-7925.046	-8175.816	250.7701	0.7131545	0.5726951	0.470409	0.529591	7.501213
21690	-7935.535	-8186.345	250.8102	0.8251282	0.5479546	0.470409	0.529591	7.439923
21696	-7928.597	-8178.383	249.7866	0.7450912	0.6000655	0.470409	0.529591	7.988184
21702	-7924.159	-8173.728	249.5691	0.748391	0.6675807	0.470409	0.529591	8.052058
21708	-7930.305	-8179.34	249.0343	0.7352245	0.5893468	0.433502	0.566498	8.402377
21714	-7932.501	-8182.811	250.3106	0.7492474	0.5893468	0.548569	0.451431	7.71455
21720	-7922.915	-8173.534	250.6187	0.7492474	0.5524641	0.485855	0.514145	7.579421
21726	-7941.739	-8192.805	251.0665	0.744179	0.6302567	0.448704	0.551296	7.280761
21732	-7937.084	-8187.933	250.8492	0.7143841	0.5595643	0.524836	0.475164	7.468817
21738	-7945.209	-8194.973	249.764	0.7143841	0.5813161	0.472034	0.527966	8.031345
21744	-7939.163	-8191.08	251.9166	0.8677675	0.5493278	0.468478	0.531522	6.820893
21750	-7945.74	-8196.335	250.5956	0.776701	0.6031813	0.574232	0.425768	7.536536
21756	-7950.322	-8203.341	253.0192	0.9301928	0.5103818	0.489924	0.510076	6.223484
21762	-7929.636	-8182.386	252.7496	0.9301928	0.5103818	0.466574	0.533426	6.369906
21768	-7933.072	-8183.846	250.7735	0.8189012	0.6143215	0.44286	0.55714	7.410007
21774	-7937.119	-8187.493	250.3738	0.7769551	0.5838063	0.44286	0.55714	7.670266
21780	-7932.626	-8183.159	250.5336	0.8115536	0.5838063	0.497455	0.502545	7.566266
21786	-7945.438	-8197.753	252.3153	0.8269437	0.5665577	0.487702	0.512298	6.613315
21792	-7936.435	-8188.474	252.0393	0.8481462	0.6825934	0.525541	0.474459	6.662344
21798	-7943.859	-8194.636	250.7762	0.8391231	0.5414705	0.503977	0.496023	7.456059
21804	-7944.923	-8196.114	251.1907	0.8391231	0.4929173	0.512094	0.487906	7.275787
21810	-7943.24	-8193.958	250.7188	0.7674309	0.5432095	0.508918	0.491082	7.523794
21816	-7946.212	-8198.392	252.1803	0.8025238	0.5717337	0.45083	0.54917	6.695289
21822	-7936.039	-8187.663	251.6248	0.8758187	0.5488836	0.5429	0.4571	6.974223
21828	-7933.531	-8185.447	251.9161	0.8033216	0.5396798	0.543682	0.456318	6.864034
21834	-7923.4	-8174.378	250.9778	0.7394474	0.5601392	0.500187	0.499813	7.385973
21840	-7933.694	-8185.46	251.7663	0.8990859	0.4549404	0.52163	0.47837	6.969087
21846	-7938.996	-8190.533	251.537	0.8481846	0.5734364	0.465108	0.534892	7.016256
21852	-7949.738	-8200.197	250.4592	0.7940377	0.5734364	0.465108	0.534892	7.623744
21858	-7933.195	-8183.88	250.6852	0.7338808	0.4815675	0.465108	0.534892	7.613412
21864	-7941.793	-8192.697	250.9037	0.7786455	0.4558586	0.531192	0.468808	7.496222
21870	-7929.875	-8181.722	251.8462	0.8792558	0.4772205	0.535436	0.464564	6.91588
21876	-7926.168	-8177.639	251.4717	0.7963773	0.5187149	0.446424	0.553576	7.125066
21882	-7938.647	-8189.61	250.9633	0.7990992	0.5296603	0.469295	0.530705	7.38717
21888	-7937.288	-8187.334	250.0459	0.7992589	0.534994	0.476977	0.523023	7.873464
21894	-7940.674	-8190.386	249.7114	0.7366835	0.5655017	0.443103	0.556897	8.060143
21900	-7943.767	-8195.273	251.506	0.7366835	0.5490751	0.51162	0.48838	7.112918
21906	-7949.225	-8199.88	250.6551	0.8262615	0.5490751	0.447389	0.552611	7.521493
21912	-7943.398	-8196.279	252.881	0.8692102	0.5723703	0.473131	0.526869	6.279012
21918	-7943.775	-8195.98	252.2053	0.8527754	0.5639934	0.528486	0.471514	6.660929
21924	-7939.213	-8190.537	251.3235	0.8077164	0.5639934	0.517354	0.482646	7.160543
21930	-7939.658	-8190.546	250.8882	0.8077164	0.6506674	0.517354	0.482646	7.32718
21936	-7937.549	-8189.645	252.0962	0.8472542	0.6683577	0.517354	0.482646	6.642343
21942	-7934.679	-8186.587	251.9079	0.8582571	0.5096726	0.475075	0.524925	6.86474
21948	-7942.952	-8194.711	251.7599	0.8185094	0.5598582	0.422632	0.577368	6.923264
21954	-7935.604	-8187.294	251.6904	0.7961243	0.5739001	0.479775	0.520225	6.961312
21960	-7940.544	-8191.033	250.4884	0.8276585	0.5796726	0.479775	0.520225	7.585149
21966	-7943.742	-8195.726	251.9833	0.7859065	0.5618961	0.509766	0.490234	6.818668
21972	-7930.771	-8181.594	250.8237	0.7188323	0.6035896	0.531703	0.468297	7.445011
21978	-7945.252	-8195.454	250.2018	0.7805065	0.5270777	0.518275	0.481725	7.806942
21984	-7926.319	-8176.949	250.6295	0.8359363	0.5765946	0.518275	0.481725	7.507593
21990	-7923.039	-8174.225	251.186	0.7850901	0.5235494	0.451837	0.548163	7.280446
21996	-7928.272	-8180.568	252.2961	0.9234741	0.5038632	0.417416	0.582584	6.624984
22002	-7929.992	-8181.189	251.1976	0.7869302	0.553854	0.514786	0.485214	7.247667
22008	-7936.071	-8187.513	251.4419	0.9067789	0.584941	0.511774	0.488226	7.02665
22014	-7943.889	-8195.266	251.3765	0.7762407	0.4849735	0.470201	0.529799	7.216972
22020	-7941.491	-8191.906	250.4149	0.7876004	0.5938359	0.500126	0.499874	7.634706
22026	-7930.927	-8183.106	252.1794	0.8343073	0.5030126	0.497497	0.502503	6.737042
22032	-7924.981	-8177.053	252.0724	0.911191	0.576433	0.497497	0.502503	6.691083
22038	-7928.333	-8179.461	251.1283	0.8549743	0.576433	0.497497	0.502503	7.229952
22044	-7927.836	-8179.358	251.5212	0.8549743	0.5314759	0.547885	0.452115	7.055904
22050	-7933.743	-8184.897	251.154	0.7992853	0.5256782	0.492692	0.507308	7.288191
22056	-7942.071	-8193.334	251.2626	0.7757255	0.5328882	0.470598	0.529402	7.236381
22062	-7934.806	-8186.78	251.9745	0.8680728	0.5328882	0.466639	0.533361	6.803359
22068	-7930.881	-8182.08	251.1988	0.839696	0.5374668	0.466639	0.533361	7.232395
22074	-7911.388	-8162.661	251.2723	0.8572464	0.5000619	0.501389	0.498611	7.215843
22080	-7921.943	-8173.119	251.1764	0.8300802	0.5809402	0.436051	0.563949	7.213859
22086	-7929.692	-8180.816	251.1236	0.8214265	0.5620896	0.515431	0.484569	7.262105
22092	-7940.85	-8193.02	252.1698	0.7596659	0.5440935	0.515431	0.484569	6.746976
22098	-7938.894	-8190.93	252.0362	0.8136203	0.5688201	0.515431	0.484569	6.769521
22104	-7939.621	-8190.728	251.1067	0.8872177	0.5779932	0.455624	0.544376	7.222982
22110	-7931.154	-8182.66	251.5067	0.82176	0.5270275	0.528102	0.471898	7.085416
22116	-7918.236	-8169.639	251.4034	0.7389538	0.6033191	0.456664	0.543336	7.123206
22122	-7940.299	-8190.668	250.3696	0.8101006	0.6164271	0.456664	0.543336	7.629457
22128	-7938.325	-8188.143	249.8177	0.8164263	0.5198036	0.49768	0.50232	7.999016
22134	-7936.259	-8186.1	249.8411	0.7575064	0.5422028	0.474036	0.525964	7.999016
22140	-7948.193	-8199.464	251.2707	0.7858319	0.5086994	0.464005	0.535995	7.247449
22146	-7951.355	-8202.669	251.3144	0.7776362	0.565273	0.464005	0.535995	7.180538
22152	-7944.147	-8195.283	251.136	0.8726757	0.7173715	0.464005	0.535995	7.111744
22158	-7947.479	-8198.381	250.9019	0.7788024	0.6484237	0.464005	0.535995	7.336979
22164	-7944.759	-8195.745	250.9862	0.8264124	0.509038	0.504716	0.495284	7.378066
22170	-7950.606	-8201.087	250.4812	0.7272997	0.5889959	0.495758	0.504242	7.635312
22176	-7949.76	-8199.56	249.7999	0.7473776	0.5351811	0.509908	0.490092	8.03222
22182	-7933.763	-8182.904	249.1413	0.6831614	0.5111637	0.485408	0.514592	8.437517
22188	-7937.093	-8187.115	250.0214	0.7666724	0.5215624	0.503887	0.496113	7.91533
22194	-7957.255	-8206.609	249.3536	0.7954009	0.5712818	0.465068	0.534932	8.214825
22200	-7937.674	-8188.469	250.7947	0.866123	0.528162	0.455628	0.544372	7.442904
22206	-7939.719	-8192.097	252.378	0.9081313	0.5919026	0.484752	0.515248	6.515
22212	-7924.762	-8177.728	252.9656	0.9081313	0.5066951	0.477964	0.522036	6.267882
22218	-7929.056	-8181.912	252.8561	0.8562143	0.5407812	0.481647	0.518353	6.32591
22224	-7932.488	-8184.842	252.3543	0.7966049	0.5690517	0.476196	0.523804	6.606626
22230	-7928.805	-8179.594	250.7892	0.7966049	0.5718705	0.476196	0.523804	7.446894
22236	-7940.639	-8191.463	250.8234	0.7519473	0.4812625	0.481487	0.518513	7.530042
22242	-7936.427	-8188.16	251.7331	0.7647957	0.5114108	0.530185	0.469815	7.007773
22248	-7930.81	-8181.862	251.0519	0.8344085	0.5454809	0.516264	0.483736	7.307399
22254	-7939.146	-8190.274	251.1283	0.7994868	0.5192144	0.45383	0.54617	7.307399
22260	-7947.662	-8200.284	252.6217	0.9828886	0.631215	0.474548	0.525452	6.31174
22266	-7943.417	-8197.269	253.8516	0.9828886	0.5106617	0.474548	0.525452	5.740298
22272	-7926.853	-8178.76	251.9064	0.8375131	0.5925874	0.440524	0.559476	6.807571
22278	-7932.741	-8184.401	251.6594	0.8763727	0.5628162	0.440524	0.559476	6.943782
22284	-7923.306	-8175.041	251.7347	0.8489638	0.5115801	0.440524	0.559476	6.961431
22290	-7947.356	-8199.494	252.1378	0.9435633	0.5274263	0.511973	0.488027	6.679117
22296	-7934.807	-8186.746	251.9398	0.8618265	0.5105489	0.484666	0.515334	6.844821
22302	-7944.805	-8195.025	250.22	0.7987758	0.5928501	0.520448	0.479552	7.733716
22308	-7930.103	-8180.95	250.8475	0.742093	0.5240973	0.520448	0.479552	7.484557
22314	-7932.022	-8182.864	250.8421	0.8351129	0.4713048	0.37377	0.62623	7.484557
22320	-7938.064	-8188.932	250.8679	0.737866	0.5608743	0.467716	0.532284	7.445152
22326	-7942.606	-8194.357	251.7514	0.8002485	0.5968769	0.529903	0.470097	6.907879
22332	-7946.586	-8197.22	250.6344	0.7966592	0.486166	0.5305	0.4695	7.602815
22338	-7932.657	-8185.384	252.7273	0.9113177	0.4921156	0.5305	0.4695	6.408629
22344	-7928.556	-8179.304	250.7481	0.9365965	0.4921156	0.463906	0.536094	7.461647
22350	-7947.361	-8197.439	250.0785	0.8233051	0.5510463	0.486575	0.513425	7.82985
22356	-7941.492	-8191.018	249.5255	0.7925527	0.4592498	0.480702	0.519298	8.221576
22362	-7930.64	-8180.111	249.4711	0.7758656	0.5010645	0.480702	0.519298	8.221576
22368	-7932.222	-8181.816	249.5944	0.7500317	0.5424069	0.473303	0.526697	8.134332
22374	-7919.947	-8169.082	249.1352	0.7586267	0.5060307	0.527812	0.472188	8.405077
22380	-7932.368	-8183.007	250.6388	0.7886106	0.5530866	0.47937	0.52063	7.547064
22386	-7948.552	-8200.83	252.2782	1.019766	0.5530866	0.501179	0.498821	6.54019
22392	-7953.549	-8204.995	251.4457	0.8330722	0.5337686	0.482727	0.517273	7.10637
22398	-7955.843	-8205.62	249.7762	0.8119099	0.57872	0.482727	0.517273	7.974882
22404	-7952.41	-8204.012	251.6015	0.8299605	0.5320518	0.464982	0.535018	7.025654
22410	-7931.464	-8183.077	251.6129	0.8605776	0.6118976	0.497169	0.502831	6.938306
22416	-7939.447	-8191.267	251.8202	0.8534685	0.5590405	0.537861	0.462139	6.872566
22422	-7944.018	-8195.138	251.1199	0.7885356	0.6028172	0.500454	0.499546	7.249279
22428	-7954.888	-8205.38	250.4919	0.7622163	0.6702983	0.4769	0.5231	7.549693
22434	-7942.843	-8192.699	249.8559	0.7702946	0.4997454	0.519004	0.480996	8.020664
22440	-7937.842	-8187.591	249.749	0.7665543	0.6055205	0.519004	0.480996	7.992594
22446	-7931.332	-8181.484	250.1524	0.7915656	0.4831821	0.525364	0.474636	7.865922
22452	-7940.959	-8190.905	249.9466	0.7889817	0.6175915	0.529345	0.470655	7.865922
22458	-7940.415	-8191.98	251.5645	0.7697896	0.5446576	0.526789	0.473211	7.067298
22464	-7947.216	-8198.791	251.5754	0.8156352	0.5090978	0.499189	0.500811	7.067298
22470	-7949.524	-8199.833	250.3092	0.6925683	0.5137216	0.517616	0.482384	7.808016
22476	-7955.548	-8205.871	250.3224	0.7805393	0.5234699	0.507686	0.492314	7.745534
22482	-7942.702	-8194.238	251.5367	0.9096362	0.4965166	0.49021	0.50979	7.048712
22488	-7934.937	-8187.481	252.5441	0.9096362	0.5059146	0.495553	0.504447	6.496418
22494	-7930.985	-8182.441	251.4557	0.7492533	0.5059146	0.495553	0.504447	7.170181
22500	-7935.341	-8185.594	250.2528	0.7176491	0.6221698	0.525705	0.474295	7.736968
22506	-7945.412	-8195.903	250.4913	0.7286391	0.4630215	0.495029	0.504971	7.736968
22512	-7935.951	-8186.543	250.5921	0.7201194	0.5673696	0.467265	0.532735	7.597069
22518	-7940.994	-8193.256	252.2622	0.8909995	0.6377621	0.501591	0.498409	6.551524
22524	-7929.394	-8181.681	252.287	0.7246496	0.6077377	0.487613	0.512387	6.651061
22530	-7925.318	-8177.63	252.312	0.8762237	0.5921135	0.487613	0.512387	6.567845
22536	-7945.853	-8196.04	250.1871	0.742153	0.5788879	0.487613	0.512387	7.792602
22542	-7941.32	-8190.855	249.5348	0.756335	0.5926779	0.488212	0.511788	8.122169
22548	-7939.433	-8189.389	249.9566	0.6985074	0.5707289	0.519656	0.480344	7.945537
22554	-7943.496	-8194.476	250.9802	0.790657	0.6238276	0.515326	0.484674	7.307013
22560	-7945.163	-8196.092	250.9296	0.8340335	0.6289384	0.4471	0.5529	7.307013
22566	-7929.186	-8180.745	251.5588	0.7550887	0.5717201	0.481038	0.518962	7.05603
22572	-7938.101	-8188.865	250.7633	0.7742377	0.5796986	0.481038	0.518962	7.466487
22578	-7942.589	-8192.203	249.6137	0.761624	0.5097162	0.406679	0.593321	8.145628
22584	-7945.894	-8195.456	249.5619	0.6977795	0.5841441	0.420252	0.579748	8.145628
22590	-7940.125	-8190.479	250.3547	0.8452909	0.544135	0.538197	0.461803	7.67619
22596	-7943.522	-8194.867	251.3457	0.8497359	0.544135	0.545733	0.454267	7.142434
22602	-7937.819	-8187.973	250.1541	0.7795998	0.5468344	0.453021	0.546979	7.816314
22608	-7933.826	-8183.755	249.9298	0.7901684	0.4665654	0.453021	0.546979	8.000615
22614	-7921.928	-8172.233	250.305	0.7515508	0.5808104	0.472381	0.527619	7.723022
22620	-7929.783	-8180.921	251.1378	0.8290846	0.4797982	0.472381	0.527619	7.321448
22626	-7933.05	-8184.987	251.9372	0.7849474	0.4771486	0.472381	0.527619	6.917734
22632	-7941.878	-8191.273	249.3949	0.7849474	0.5478414	0.511135	0.488865	8.21748
22638	-7938.266	-8189.288	251.0224	0.7478118	0.6418523	0.511135	0.488865	7.293816
22644	-7924.748	-8175.506	250.7588	0.8350364	0.5419538	0.511135	0.488865	7.467171
22650	-7923.962	-8174.268	250.3059	0.7226838	0.5465527	0.561979	0.438021	7.765851
22656	-7949.172	-8199.595	250.4231	0.8020097	0.5819623	0.561979	0.438021	7.631961
22662	-7950.709	-8202.031	251.322	0.8065275	0.4785894	0.535665	0.464335	7.235788
22668	-7938.215	-8190.199	251.9837	0.8078293	0.4830185	0.437529	0.562471	6.874927
22674	-7936.301	-8189.296	252.995	0.9076244	0.4176198	0.475195	0.524805	6.33682
22680	-7933.299	-8184.955	251.6559	0.8843476	0.5265122	0.463626	0.536374	6.971837
22686	-7941.117	-8192.769	251.6519	0.7706906	0.587327	0.518344	0.481656	6.984948
22692	-7944.88	-8196.026	251.1457	0.88544	0.5817162	0.490819	0.509181	7.200007
22698	-7946.004	-8198.575	252.5707	0.8400019	0.513547	0.495224	0.504776	6.513023
22704	-7937.244	-8187.416	250.1725	0.8001494	0.475881	0.49098	0.50902	7.857217
22710	-7938.383	-8188.054	249.6708	0.7323726	0.5192845	0.460718	0.539282	8.122527
22716	-7939.628	-8190.148	250.5197	0.7561548	0.5192845	0.555211	0.444789	7.656673
22722	-7936.033	-8187.637	251.6038	0.8094968	0.6013458	0.431118	0.568882	6.978946
22728	-7942.676	-8193.925	251.2493	0.7919572	0.4647515	0.431118	0.568882	7.295434
22734	-7932.175	-8184.408	252.2335	0.8751019	0.574008	0.431118	0.568882	6.625444
22740	-7937.94	-8189.982	252.0423	0.878143	0.6346208	0.449712	0.550288	6.679772
22746	-7935.519	-8185.796	250.2772	0.7637754	0.6314728	0.449712	0.550288	7.692247
22752	-7938.85	-8189.972	251.1229	0.8113813	0.5494937	0.509538	0.490462	7.278298
22758	-7962.864	-8212.456	249.5922	0.7235695	0.5814924	0.475433	0.524567	8.117855
22764	-7958.904	-8208.19	249.2858	0.8124128	0.5103531	0.475433	0.524567	8.292619
22770	-7937.795	-8188.72	250.9257	0.7642658	0.5344527	0.485305	0.514695	7.421944
22776	-7929.83	-8181.925	252.0944	0.8326221	0.6153021	0.485305	0.514695	6.69093
22782	-7924.33	-8175.278	250.9473	0.8320905	0.5548561	0.473278	0.526722	7.35697
22788	-7920.493	-8170.883	250.39	0.7598868	0.539737	0.422655	0.577345	7.706654
22794	-7917.434	-8169.394	251.9603	0.8601963	0.567484	0.506979	0.493021	6.786452
22800	-7913.944	-8164.844	250.8996	0.8601963	0.5339599	0.495669	0.504331	7.384926
22806	-7924.478	-8176.602	252.1247	0.866644	0.5201633	0.501652	0.498348	6.734041
22812	-7936.741	-8187.085	250.3443	0.8530046	0.4728003	0.500765	0.499235	7.740011
22818	-7939.7	-8191.728	252.0282	0.8176409	0.5100423	0.450234	0.549766	6.821427
22824	-7943.322	-8193.724	250.4019	0.8959234	0.6658741	0.499028	0.500972	7.529502
22830	-7938.309	-8189.345	251.0356	0.8841235	0.4534823	0.499028	0.500972	7.371232
22836	-7948.731	-8200.161	251.4304	0.8664853	0.5088181	0.43785	0.56215	7.118205
22842	-7933.253	-8183.028	249.7756	0.8093684	0.5090628	0.446641	0.553359	8.034508
22848	-7926.45	-8178.035	251.585	0.8093684	0.4725517	0.480133	0.519867	7.098455
22854	-7931.828	-8183.463	251.6346	0.8476581	0.5748035	0.499068	0.500932	6.962886
22860	-7928.911	-8180.817	251.9065	0.8729411	0.521334	0.499068	0.500932	6.847374
22866	-7931.18	-8181.676	250.4957	0.8718472	0.521334	0.520274	0.479726	7.60587
22872	-7932.878	-8184.972	252.0948	0.8565096	0.521334	0.520274	0.479726	6.754627
22878	-7937.785	-8188.829	251.0441	0.9070769	0.5337948	0.520274	0.479726	7.282359
22884	-7925.831	-8176.13	250.2986	0.7867523	0.5542911	0.487221	0.512779	7.729081
22890	-7935.059	-8186.728	251.6687	0.7908887	0.5583972	0.483124	0.516876	6.988487
22896	-7945.339	-8196.873	251.534	0.8515937	0.5326497	0.483124	0.516876	7.04983
22902	-7945.382	-8198.1	252.7183	0.8806782	0.5326497	0.581723	0.418277	6.394375
22908	-7933.528	-8185.2	251.6716	0.8443711	0.5092285	0.43876	0.56124	6.999953
22914	-7932.524	-8183.977	251.453	0.8080531	0.6619894	0.43876	0.56124	7.015131
22920	-7949.032	-8200.843	251.8104	0.857286	0.573967	0.48264	0.51736	6.863622
22926	-7945.356	-8197.235	251.8791	0.8276457	0.6398027	0.49472	0.50528	6.79127
22932	-7940.38	-8191.795	251.4154	0.8542717	0.5821651	0.52084	0.47916	7.071419
22938	-7942.203	-8193.072	250.8698	0.8354111	0.4422275	0.520218	0.479782	7.496987
22944	-7943.825	-8194.941	251.1163	0.8630314	0.4645718	0.458877	0.541123	7.328845
22950	-7950.975	-8200.767	249.7922	0.8373949	0.5720882	0.458877	0.541123	7.958019
22956	-7948.21	-8199.693	251.4833	0.7737822	0.5926251	0.451138	0.548862	7.069855
22962	-7947.58	-8197.205	249.6252	0.6682644	0.5429593	0.555295	0.444705	8.160994
22968	-7948.731	-8198.363	249.6313	0.6622067	0.5429593	0.513269	0.486731	8.160994
22974	-7942.336	-8191.677	249.3406	0.6852758	0.5052989	0.513269	0.486731	8.335522
22980	-7949.397	-8198.731	249.3342	0.7941487	0.5640151	0.466259	0.533741	8.231684
22986	-7947.737	-8197.092	249.3555	0.7631424	0.5498106	0.466259	0.533741	8.248418
22992	-7930.925	-8181.503	250.5772	0.7464339	0.5531277	0.468829	0.531171	7.602603
22998	-7935.984	-8186.618	250.6339	0.7368985	0.5505347	0.491906	0.508094	7.579497
23004	-7934.856	-8185.441	250.5856	0.8016904	0.5399402	0.491614	0.508386	7.579497
23010	-7951.302	-8202.852	251.5504	0.7961525	0.6355542	0.48739	0.51261	6.988634
23016	-7944.053	-8196.024	251.9713	0.8747148	0.6934935	0.549144	0.450856	6.676934
23022	-7949.711	-8200.169	250.4588	0.8754148	0.4762497	0.527304	0.472696	7.663663
23028	-7949.592	-8200.654	251.0615	0.8821048	0.539408	0.450174	0.549826	7.281725
23034	-7948.346	-8198.167	249.8214	0.7737175	0.5583843	0.499588	0.500412	7.987505
23040	-7938.047	-8189.018	250.9711	0.7737175	0.5512934	0.499588	0.500412	7.37843
23046	-7930.01	-8180.22	250.2099	0.7512664	0.509907	0.448053	0.551947	7.833029
23052	-7933.176	-8182.68	249.5045	0.8348318	0.431099	0.493956	0.506044	8.237113
23058	-7934.042	-8185.666	251.6247	0.823835	0.6394948	0.564164	0.435836	6.930775
23064	-7935.512	-8186.417	250.9048	0.7551016	0.5164031	0.50586	0.49414	7.45354
23070	-7931.681	-8182.447	250.7657	0.8603952	0.5177365	0.50586	0.49414	7.470518
23076	-7935.482	-8186.125	250.6425	0.8603952	0.567266	0.496908	0.503092	7.495026
23082	-7928.758	-8179.567	250.8089	0.7917667	0.5430889	0.510346	0.489654	7.462561
23088	-7946.239	-8196.897	250.6589	0.7897704	0.5419303	0.510359	0.489641	7.544977
23094	-7951.859	-8203.625	251.7657	0.7585296	0.5843872	0.486376	0.513624	6.932558
23100	-7943.61	-8194.198	250.5876	0.7884409	0.5829353	0.486376	0.513624	7.550406
23106	-7932.642	-8182.539	249.8972	0.786163	0.6813006	0.541769	0.458231	7.84708
23112	-7939.777	-8191.423	251.6458	0.8118996	0.5207776	0.526745	0.473255	7.021233
23118	-7939.47	-8189.851	250.3813	0.7484714	0.5530632	0.551698	0.448302	7.706353
23124	-7958.482	-8208.327	249.8456	0.8496202	0.601231	0.414876	0.585124	7.900022
23130	-7939.193	-8191.698	252.5052	0.8793639	0.5271318	0.477035	0.522965	6.515344
23136	-7942.816	-8194.964	252.1483	0.8526862	0.5271318	0.422716	0.577284	6.722778
23142	-7927.636	-8178.998	251.3622	0.7878186	0.5749769	0.544583	0.455417	7.141515
23148	-7925.819	-8177.961	252.1423	0.9083172	0.5327362	0.444852	0.555148	6.691178
23154	-7931.288	-8182.053	250.7645	0.8084878	0.472671	0.432128	0.567872	7.53917
23160	-7931.134	-8180.574	249.4397	0.7199666	0.4928912	0.497256	0.502744	8.275239
23166	-7926.321	-8178.814	252.4931	0.8578558	0.4928912	0.471406	0.528594	6.563756
23172	-7935.667	-8187.442	251.7754	0.8185026	0.5608893	0.481157	0.518843	6.914047
23178	-7945.126	-8195.809	250.6832	0.8185026	0.6356307	0.551957	0.448043	7.442514
23184	-7939.723	-8190.931	251.2085	0.8185026	0.6356307	0.491119	0.508881	7.160514
23190	-7927.37	-8177.859	250.4887	0.7924548	0.5407214	0.491119	0.508881	7.635616
23196	-7931.026	-8181.213	250.1868	0.7148386	0.6273689	0.490661	0.509339	7.769843
23202	-7925.932	-8177.013	251.0805	0.7873482	0.5878347	0.537764	0.462236	7.282826
23208	-7917.042	-8169.003	251.9612	0.8409401	0.5906131	0.474142	0.525858	6.777708
23214	-7917.921	-8169.538	251.6176	0.9113762	0.495549	0.501091	0.498909	7.005059
23220	-7924.978	-8176.606	251.6273	0.8259314	0.5832572	0.501091	0.498909	6.971716
23226	-7940.282	-8191.994	251.7121	0.8376931	0.5627133	0.416723	0.583277	6.936302
23232	-7951.49	-8200.607	249.1174	0.7597989	0.5056839	0.430178	0.569822	8.414241
23238	-7945.479	-8194.565	249.0859	0.7264574	0.5462712	0.483212	0.516788	8.414241
23244	-7939.367	-8188.37	249.0032	0.7264574	0.5462712	0.483212	0.516788	8.458231
23250	-7925.124	-8178.089	252.9648	0.9012522	0.533628	0.483212	0.516788	6.248537
23256	-7935.145	-8186.817	251.6719	0.9017679	0.5659888	0.50746	0.49254	6.920801
23262	-7936.317	-8187.17	250.8533	0.7443452	0.5659888	0.44837	0.55163	7.445295
23268	-7935.315	-8186.147	250.8324	0.7443452	0.5798995	0.416853	0.583147	7.445295
23274	-7954.597	-8206.042	251.4455	0.768013	0.5597634	0.514937	0.485063	7.119743
23280	-7947.762	-8199.046	251.2841	0.8741453	0.5597634	0.504754	0.495246	7.149464
23286	-7939.059	-8191.777	252.7174	0.8130784	0.5452133	0.428557	0.571443	6.420808
23292	-7943.479	-8196.038	252.5596	0.8984886	0.5931558	0.501235	0.498765	6.420808
23298	-7951.654	-8202.944	251.2903	0.7733613	0.6103608	0.501235	0.498765	7.160024
23304	-7935.218	-8184.8	249.5816	0.7689431	0.5464774	0.517911	0.482089	8.127652
23310	-7939.478	-8190.041	250.5632	0.8574962	0.5464774	0.49288	0.50712	7.556125
23316	-7937.947	-8189.064	251.1169	0.8278677	0.5948873	0.443673	0.556327	7.236008
23322	-7950.746	-8201.265	250.5188	0.8278677	0.5660861	0.496435	0.503565	7.57967
23328	-7953.002	-8203.115	250.1126	0.7537857	0.5791486	0.496435	0.503565	7.82596
23334	-7944.682	-8196.026	251.344	0.7669011	0.5870384	0.498513	0.501487	7.152925
23340	-7929.739	-8181.392	251.6526	0.8934499	0.6185549	0.524879	0.475121	6.894073
23346	-7927.31	-8178.78	251.4699	0.8738878	0.4796943	0.496507	0.503493	7.119048
23352	-7921.417	-8173.532	252.1154	0.7521317	0.529843	0.507852	0.492148	6.792492
23358	-7922.653	-8174.458	251.8055	0.8517565	0.4823153	0.502356	0.497644	6.947931
23364	-7917.647	-8169.922	252.2752	0.8497033	0.4823153	0.451513	0.548487	6.695633
23370	-7929.437	-8180.083	250.6468	0.8737314	0.4923677	0.451513	0.548487	7.549363
23376	-7927.625	-8179.066	251.4409	0.8330284	0.5425573	0.546617	0.453383	7.101532
23382	-7931.918	-8182.708	250.7906	0.7544884	0.5425573	0.440297	0.559703	7.49281
23388	-7942.725	-8194.192	251.4666	0.8509635	0.5391315	0.440297	0.559703	7.08096
23394	-7932.516	-8184.356	251.8397	0.868429	0.5391315	0.457487	0.542513	6.870603
23400	-7944.113	-8195.207	251.0945	0.7287323	0.5139419	0.533619	0.466381	7.368115
23406	-7931.071	-8182.098	251.0271	0.821914	0.5494562	0.482201	0.517799	7.324072
23412	-7924.833	-8175.589	250.7558	0.821914	0.5835075	0.482201	0.517799	7.441942
23418	-7937.977	-8188.744	250.767	0.8095619	0.5835075	0.447268	0.552732	7.442512
23424	-7935.75	-8186.95	251.2007	0.805891	0.5526956	0.510611	0.489389	7.236819
23430	-7930.162	-8179.467	249.3052	0.6815386	0.6051187	0.515703	0.484297	8.274597
23436	-7934.063	-8183.443	249.3799	0.7311745	0.5233438	0.512667	0.487333	8.274597
23442	-7932.576	-8183.88	251.3045	0.7569673	0.5894429	0.513964	0.486036	7.177592
23448	-7938.162	-8189.928	251.7658	0.812971	0.490687	0.495438	0.504562	6.9826
23454	-7940.984	-8190.017	249.0329	0.7211737	0.5353116	0.495438	0.504562	8.454342
23460	-7942.495	-8193.252	250.7572	0.8188704	0.5959497	0.482785	0.517215	7.433008
23466	-7963.409	-8215.928	252.5194	0.9270346	0.5185748	0.482785	0.517215	6.489251
23472	-7957.083	-8208.198	251.1143	0.850842	0.6153781	0.467341	0.532659	7.209122
23478	-7945.249	-8196.227	250.9787	0.8488017	0.4764858	0.511348	0.488652	7.399242
23484	-7930.418	-8181.542	251.1235	0.8488017	0.4944499	0.543165	0.456835	7.305287
23490	-7934.31	-8184.997	250.6869	0.7615098	0.4944499	0.437129	0.562871	7.586126
23496	-7946.906	-8196.992	250.0867	0.763213	0.5026188	0.421059	0.578941	7.89878
23502	-7944.168	-8194.851	250.6825	0.7179096	0.5303176	0.507274	0.492726	7.580583
23508	-7939.027	-8188.535	249.5085	0.704589	0.5846099	0.507274	0.492726	8.170117
23514	-7946.192	-8197.112	250.9205	0.8646849	0.4864786	0.507522	0.492478	7.412874
23520	-7936.985	-8188.414	251.4292	0.8271253	0.5849134	0.449146	0.550854	7.076409
23526	-7931.258	-8182.155	250.8973	0.8238401	0.5971701	0.457258	0.542742	7.354213
23532	-7936.307	-8186.794	250.4868	0.8218821	0.480684	0.457258	0.542742	7.67325
23538	-7936.255	-8186.448	250.1931	0.859548	0.4805066	0.515657	0.484343	7.810284
23544	-7935.004	-8184.838	249.8342	0.7853415	0.5364256	0.500634	0.499366	7.992676
23550	-7935.034	-8184.852	249.8172	0.8300086	0.5190064	0.526698	0.473302	7.992676
23556	-7942.203	-8192.559	250.3555	0.8526339	0.4883877	0.472494	0.527506	7.720051
23562	-7944.052	-8194.642	250.5901	0.8047482	0.4883877	0.499111	0.500889	7.620202
23568	-7947.012	-8196.744	249.7321	0.7069898	0.576602	0.514796	0.485204	8.056035
23574	-7933.02	-8182.987	249.9677	0.7355821	0.488008	0.464262	0.535738	7.989998
23580	-7935.298	-8186.303	251.0044	0.7946664	0.5465865	0.464262	0.535738	7.353251
23586	-7949.537	-8200.146	250.6086	0.7153533	0.5465865	0.442658	0.557342	7.607854
23592	-7937.12	-8187.569	250.4494	0.7834827	0.5136869	0.502497	0.497503	7.684474
23598	-7932.206	-8183.624	251.4183	0.7924758	0.4819652	0.472013	0.527987	7.188485
23604	-7943.117	-8193.847	250.7307	0.7413937	0.5230687	0.451877	0.548123	7.548396
23610	-7947.797	-8198.592	250.7946	0.7375154	0.486527	0.508756	0.491244	7.548396
23616	-7936.841	-8186.843	250.0025	0.7843555	0.5428581	0.494846	0.505154	7.898006
23622	-7948.398	-8197.622	249.2245	0.7197893	0.5428581	0.43369	0.56631	8.346935
23628	-7943.833	-8194.774	250.9407	0.8461212	0.5536639	0.519916	0.480084	7.353947
23634	-7935.947	-8186.679	250.7321	0.717732	0.5710679	0.475401	0.524599	7.520419
23640	-7944.069	-8194.584	250.5143	0.7879569	0.5021778	0.412977	0.587023	7.657444
23646	-7944.086	-8193.613	249.527	0.8576105	0.5692832	0.562471	0.437529	8.090928
23652	-7946.272	-8197.896	251.6239	0.8576105	0.6272941	0.527266	0.472734	6.922207
23658	-7958.41	-8209.345	250.9345	0.7871322	0.5956192	0.472104	0.527896	7.35521
23664	-7950.203	-8202.197	251.9939	0.8529573	0.5871845	0.441621	0.558379	6.756292
23670	-7942.471	-8194.911	252.4397	0.9079589	0.4525211	0.44154	0.55846	6.603086
23676	-7951.423	-8203.431	252.0079	0.9079589	0.4963779	0.473148	0.526852	6.795744
23682	-7951.662	-8201.875	250.2139	0.81963	0.4963779	0.485939	0.514061	7.806253
23688	-7934.852	-8186.343	251.4912	0.9108201	0.4963779	0.485939	0.514061	7.072632
23694	-7956.229	-8209.202	252.9733	0.9108201	0.4963779	0.458144	0.541856	6.271514
23700	-7939.321	-8191.192	251.8711	0.9674656	0.5327385	0.506388	0.493612	6.805698
23706	-7936.866	-8188.88	252.0144	0.8604434	0.5587025	0.506388	0.493612	6.764275
23712	-7952.969	-8201.85	248.8805	0.7185188	0.5406997	0.503305	0.496695	8.532213
23718	-7946.071	-8194.597	248.5269	0.7185188	0.5406997	0.503305	0.496695	8.719909
23724	-7946.945	-8197.649	250.7039	0.9026657	0.486643	0.503305	0.496695	7.508418
23730	-7933.456	-8183.822	250.3656	0.7548583	0.4979289	0.443439	0.556561	7.758446
23736	-7951.093	-8202.19	251.0973	0.7957346	0.5647779	0.480156	0.519844	7.287874
23742	-7944.193	-8196.001	251.8087	0.8761077	0.6064824	0.446968	0.553032	6.82859
23748	-7949.043	-8200.792	251.749	0.8562088	0.5506022	0.446968	0.553032	6.916465
23754	-7930.823	-8180.838	250.0148	0.7697813	0.5463351	0.446968	0.553032	7.896348
23760	-7929.737	-8180.132	250.3948	0.7647989	0.5086629	0.470777	0.529223	7.728076
23766	-7929.804	-8180.996	251.1918	0.7472515	0.5156662	0.428578	0.571422	7.304456
23772	-7926.466	-8176.357	249.8906	0.6676699	0.607335	0.428578	0.571422	7.968414
23778	-7928.287	-8178.899	250.6117	0.6950445	0.5785527	0.460425	0.539575	7.591015
23784	-7925.146	-8177.005	251.8593	0.7772419	0.6554744	0.460425	0.539575	6.817508
23790	-7932.142	-8182.38	250.2375	0.8250573	0.6078403	0.460425	0.539575	7.698653
23796	-7944.151	-8195.029	250.8779	0.7932875	0.5994247	0.460425	0.539575	7.379255
23802	-7936.563	-8187.917	251.3539	0.7932875	0.5843047	0.515924	0.484076	7.135585
23808	-7927.835	-8178.034	250.1988	0.7625938	0.5406186	0.515924	0.484076	7.806677
23814	-7916.739	-8167.575	250.8358	0.7625938	0.6002636	0.537507	0.462493	7.417651
23820	-7936.41	-8185.667	249.2571	0.7143979	0.4457847	0.533621	0.466379	8.418615
23826	-7943.801	-8193.057	249.2556	0.7173683	0.5499715	0.500831	0.499169	8.325817
23832	-7951.644	-8201.362	249.7175	0.7173683	0.5057641	0.500831	0.499169	8.117359
23838	-7944.52	-8195.701	251.1817	0.7541606	0.5107196	0.479061	0.520939	7.310476
23844	-7944.132	-8195.591	251.4589	0.8221543	0.5908658	0.479425	0.520575	7.058359
23850	-7939.002	-8189.258	250.2558	0.7671601	0.5010105	0.500495	0.499505	7.807812
23856	-7927.232	-8178	250.7678	0.7863274	0.5240428	0.500495	0.499505	7.503634
23862	-7930.737	-8181.087	250.3501	0.7843625	0.5270441	0.506582	0.493418	7.725652
23868	-7940.391	-8191.964	251.5722	0.8207681	0.6557963	0.515146	0.484854	6.948603
23874	-7945.194	-8195.477	250.2829	0.6903586	0.4648426	0.54223	0.45777	7.867068
23880	-7928.006	-8177.649	249.643	0.6671247	0.4500372	0.462145	0.537855	8.234452
23886	-7927.778	-8178.251	250.473	0.6937607	0.5845681	0.54361	0.45639	7.661124
23892	-7934.549	-8184.905	250.3558	0.8863541	0.5352165	0.452929	0.547071	7.661124
23898	-7934.131	-8186.343	252.2124	0.8815211	0.5307802	0.440404	0.559596	6.669463
23904	-7933.685	-8186.174	252.4891	0.9132729	0.5854268	0.508235	0.491765	6.457197
23910	-7955.821	-8206.708	250.8863	0.8036976	0.5297589	0.496925	0.503075	7.425907
23916	-7935.787	-8186.958	251.1706	0.8702014	0.5011686	0.496925	0.503075	7.262534
23922	-7939.216	-8189.912	250.6957	0.8702014	0.5678932	0.467657	0.532343	7.460759
23928	-7936.682	-8187.79	251.1073	0.8155044	0.4725451	0.467657	0.532343	7.351735
23934	-7950.385	-8202.52	252.1347	0.8383236	0.4686678	0.538242	0.461758	6.790257
23940	-7938.722	-8190.121	251.3993	0.8409481	0.6015143	0.524326	0.475674	7.071968
23946	-7930.565	-8182	251.4347	0.7771146	0.6074164	0.508173	0.491827	7.082654
23952	-7931.439	-8182.455	251.0158	0.7154103	0.5520682	0.48801	0.51199	7.385091
23958	-7937.383	-8188.453	251.0707	0.7714071	0.550582	0.484814	0.515186	7.32685
23964	-7931.132	-8182.009	250.8767	0.8765095	0.550582	0.484814	0.515186	7.37453
23970	-7936.301	-8188.038	251.7372	0.8339091	0.5321993	0.495275	0.504725	6.950336
23976	-7927.647	-8179.473	251.8255	0.8461243	0.4713065	0.551285	0.448715	6.950336
23982	-7913.286	-8165.901	252.6146	0.8461243	0.5714664	0.484896	0.515104	6.436862
23988	-7928.159	-8179.407	251.2477	0.7768399	0.5598894	0.47288	0.52712	7.221235
23994	-7933.428	-8183.572	250.1441	0.7768399	0.5355329	0.540813	0.459187	7.832555
24000	-7930.886	-8181.507	250.6215	0.7190658	0.6091106	0.540813	0.459187	7.548929
24006	-7940.079	-8190.844	250.7651	0.7925046	0.5550563	0.447845	0.552155	7.475702
24012	-7938.084	-8187.932	249.8482	0.6493109	0.5550563	0.46501	0.53499	8.042272
24018	-7930.237	-8180.191	249.9539	0.6803861	0.5833989	0.419745	0.580255	7.946505
24024	-7938.708	-8189.061	250.3529	0.9459778	0.5274922	0.42935	0.57065	7.637324
24030	-7944.511	-8194.976	250.4651	0.7773642	0.5637736	0.493931	0.506069	7.637324
24036	-7939.875	-8191.416	251.5416	0.8281521	0.625593	0.493931	0.506069	6.983668
24042	-7937.463	-8188.189	250.7263	0.8300313	0.559237	0.449124	0.550876	7.472942
24048	-7933.316	-8185.342	252.0261	0.8292146	0.559237	0.492103	0.507897	6.77441
24054	-7932.03	-8183.415	251.3847	0.8302538	0.4701041	0.470771	0.529229	7.197165
24060	-7942.726	-8193.741	251.015	0.8302538	0.456828	0.470771	0.529229	7.408035
24066	-7927.959	-8179.375	251.4163	0.8331243	0.5302106	0.470771	0.529229	7.125189
24072	-7935.58	-8186.836	251.2563	0.853893	0.4647929	0.470771	0.529229	7.258376
24078	-7921.606	-8171.799	250.1926	0.7620767	0.5763542	0.470771	0.529229	7.78105
24084	-7921.217	-8171.666	250.4484	0.7620692	0.5830379	0.507769	0.492231	7.638939
24090	-7928.931	-8179.35	250.4186	0.8493621	0.5487433	0.483494	0.516506	7.636023
24096	-7934.056	-8185.593	251.5368	0.8028949	0.5111012	0.483494	0.516506	7.093136
24102	-7935.704	-8187.864	252.1605	0.903364	0.5392039	0.473796	0.526204	6.678487
24108	-7939.071	-8190.105	251.0341	0.8990731	0.5144145	0.473796	0.526204	7.30872
24114	-7957.112	-8208.564	251.4525	0.7617834	0.5484154	0.500906	0.499094	7.128757
24120	-7950.803	-8201.72	250.9176	0.8560156	0.529424	0.482735	0.517265	7.381355
24126	-7945.876	-8196.795	250.9187	0.7886645	0.5723417	0.471214	0.528786	7.381355
24132	-7953.8	-8204.216	250.416	0.8230126	0.5058951	0.471214	0.528786	7.687996
24138	-7954.561	-8205.052	250.4902	0.7663242	0.4953173	0.52724	0.47276	7.687996
24144	-7959.559	-8208.805	249.2453	0.7390709	0.4547135	0.517218	0.482782	8.403335
24150	-7957.813	-8207.027	249.2142	0.7390709	0.4725744	0.457508	0.542492	8.403335
24156	-7936.47	-8188.374	251.9043	0.9115399	0.5399735	0.457508	0.542492	6.811794
24162	-7928.288	-8180.706	252.4182	0.8474757	0.5010411	0.457508	0.542492	6.602595
24168	-7939.068	-8190.982	251.9141	0.8410367	0.5293785	0.457508	0.542492	6.85357
24174	-7940.026	-8192.064	252.0379	0.9568714	0.5140889	0.458644	0.541356	6.73747
24180	-7948.285	-8199.534	251.2491	0.8507546	0.5679686	0.481392	0.518608	7.174143
24186	-7951.854	-8201.501	249.6478	0.7622313	0.5523126	0.481392	0.518608	8.091175
24192	-7943.752	-8194.723	250.9712	0.81606	0.5640482	0.481392	0.518608	7.345223
24198	-7947.931	-8199.431	251.5006	0.7650409	0.5640482	0.44731	0.55269	7.088194
24204	-7949.526	-8200.657	251.1318	0.8221519	0.6477119	0.492963	0.507037	7.190812
24210	-7939.65	-8190.468	250.8187	0.8447213	0.4924963	0.492963	0.507037	7.472677
24216	-7942.652	-8193.484	250.8316	0.8447213	0.4848739	0.495225	0.504775	7.472677
24222	-7943.579	-8194.858	251.2793	0.8425427	0.5843242	0.482418	0.517582	7.149165
24228	-7945.42	-8195.624	250.2036	0.8038718	0.4841626	0.536364	0.463636	7.831103
24234	-7939.04	-8189.008	249.9683	0.8115474	0.5665369	0.536364	0.463636	7.88232
24240	-7948.154	-8199.254	251.1001	0.7822732	0.4409911	0.420614	0.579386	7.403229
24246	-7944.195	-8194.972	250.7775	0.8358895	0.5276015	0.49099	0.50901	7.468811
24252	-7926.009	-8176.957	250.948	0.8366244	0.617576	0.473951	0.526049	7.30438
24258	-7934.39	-8183.429	249.039	0.7194573	0.5516642	0.473951	0.526049	8.438479
24264	-7930.21	-8179.261	249.0503	0.7036605	0.5545609	0.494103	0.505897	8.438479
24270	-7949.995	-8200.721	250.7255	0.7388953	0.5716581	0.519625	0.480375	7.512123
24276	-7941.44	-8192.324	250.8837	0.7525562	0.5082194	0.563908	0.436092	7.473309
24282	-7936.013	-8187.466	251.4529	0.7249387	0.5113334	0.549026	0.450974	7.179974
24288	-7938.691	-8188.978	250.2873	0.757589	0.5491763	0.470654	0.529346	7.754959
24294	-7942.585	-8193.834	251.2497	0.7926267	0.4874495	0.470206	0.529794	7.274016
24300	-7945.566	-8197.916	252.3502	0.8250143	0.5718839	0.470206	0.529794	6.591173
24306	-7941.245	-8192.818	251.5736	0.8072	0.6141805	0.519489	0.480511	6.986459
24312	-7947.218	-8197.737	250.5198	0.796544	0.538824	0.499927	0.500073	7.618378
24318	-7942.084	-8192.163	250.0789	0.7680793	0.490295	0.499927	0.500073	7.911259
24324	-7951.121	-8200.419	249.2984	0.754903	0.6210716	0.499927	0.500073	8.227024
24330	-7950.889	-8200.395	249.5054	0.8173649	0.4806267	0.501684	0.498316	8.199416
24336	-7936.267	-8186.787	250.5194	0.8028944	0.5704707	0.513685	0.486315	7.589182
24342	-7934.329	-8184.876	250.5468	0.7235152	0.5251164	0.485157	0.514843	7.654655
24348	-7943.615	-8195.13	251.5148	0.7767887	0.6229991	0.467496	0.532504	7.027763
24354	-7939.21	-8190.56	251.3493	0.7535463	0.5721249	0.469168	0.530832	7.169189
24360	-7940.525	-8190.623	250.0971	0.7835645	0.5415938	0.470673	0.529327	7.848957
24366	-7937.768	-8189.217	251.4489	0.7729364	0.4915384	0.470673	0.529327	7.17388
24372	-7943.493	-8194.465	250.9724	0.7710432	0.5346206	0.470673	0.529327	7.39315
24378	-7943.447	-8195.277	251.8291	0.8735579	0.5346206	0.470673	0.529327	6.877362
24384	-7945.619	-8197.84	252.2205	0.822354	0.5757239	0.507436	0.492564	6.659637
24390	-7939.439	-8189.926	250.4867	0.7500121	0.64424	0.460548	0.539452	7.578034
24396	-7943.477	-8195.543	252.0656	0.8252295	0.5763702	0.460548	0.539452	6.741238
24402	-7948.95	-8200.825	251.8754	0.8252295	0.5319862	0.544307	0.455693	6.880735
24408	-7941.255	-8192.136	250.8814	0.8001609	0.5382363	0.507934	0.492066	7.423274
24414	-7948.905	-8199.856	250.9518	0.7977938	0.49615	0.461259	0.538741	7.423274
24420	-7933.27	-8184.947	251.6775	0.7977938	0.5391321	0.461259	0.538741	6.996081
24426	-7953.016	-8205.851	252.8353	0.9334302	0.5253745	0.484843	0.515157	6.308527
24432	-7949.218	-8200.524	251.306	0.9163205	0.5608151	0.441481	0.558519	7.114173
24438	-7951.347	-8204.163	252.816	0.9163205	0.4853713	0.418569	0.581431	6.363905
24444	-7955.646	-8204.553	248.9074	0.7630557	0.5694392	0.525949	0.474051	8.470844
24450	-7953.98	-8204.682	250.7015	0.8610872	0.6111878	0.50875	0.49125	7.428372
24456	-7960.891	-8213.007	252.1157	0.9214244	0.4790757	0.50875	0.49125	6.745998
24462	-7963.31	-8214.644	251.3348	0.8521047	0.6161309	0.465565	0.534435	7.089359
24468	-7973.579	-8223.894	250.3157	0.8521047	0.6772133	0.465565	0.534435	7.590986
24474	-7953.06	-8202.821	249.7608	0.7745228	0.5484837	0.45684	0.54316	8.027536
24480	-7951.857	-8203.075	251.2185	0.7697227	0.6743383	0.445746	0.554254	7.152981
24486	-7944.385	-8196.063	251.6776	0.8312557	0.508367	0.445746	0.554254	7.004503
24492	-7933.995	-8186.363	252.3679	0.8379467	0.5059737	0.424579	0.575421	6.630524
24498	-7934.305	-8186.347	252.0427	0.7845839	0.5919987	0.54141	0.45859	6.763019
24504	-7934.451	-8185.035	250.5843	0.7845839	0.5413748	0.432082	0.567918	7.588141
24510	-7950.102	-8200.158	250.0551	0.7876035	0.6106693	0.486235	0.513765	7.813981
24516	-7943.764	-8195.006	251.2419	0.8190656	0.6173059	0.505441	0.494559	7.156168
24522	-7945.177	-8197.276	252.0989	0.8190656	0.6454875	0.536165	0.463835	6.672972
24528	-7941.625	-8192.332	250.7068	0.8039394	0.5810409	0.564306	0.435694	7.479777
24534	-7934.71	-8186.249	251.5395	0.8221745	0.5216415	0.53003	0.46997	7.072189
24540	-7939.443	-8190.43	250.9873	0.83813	0.6221287	0.504325	0.495675	7.279023
24546	-7919.081	-8170.156	251.0759	0.827077	0.5690879	0.504325	0.495675	7.279023
24552	-7924.555	-8175.781	251.2258	0.7898287	0.5668524	0.463664	0.536336	7.2203
24558	-7934.323	-8185.578	251.2542	0.8889947	0.4869156	0.514601	0.485399	7.2203
24564	-7925.72	-8176.703	250.9831	0.7793844	0.564301	0.514601	0.485399	7.3583
24570	-7932.007	-8183.641	251.634	0.8679632	0.6250862	0.424359	0.575641	6.912836
24576	-7930.51	-8179.962	249.4516	0.7463936	0.5367844	0.467764	0.532236	8.216992
24582	-7934.674	-8185.613	250.9399	0.7740468	0.4996458	0.509384	0.490616	7.439258
24588	-7934.919	-8185.868	250.9496	0.7643098	0.4996458	0.509384	0.490616	7.439258
24594	-7936.925	-8187.666	250.7405	0.8383286	0.565728	0.450223	0.549777	7.455621
24600	-7929.013	-8179.614	250.6007	0.7811843	0.6267807	0.492691	0.507309	7.513317
24606	-7919.197	-8169.896	250.6988	0.7039415	0.6121512	0.499615	0.500385	7.513317
24612	-7926.665	-8178.882	252.2169	0.7654929	0.5554087	0.443395	0.556605	6.708922
24618	-7939.314	-8191.104	251.79	0.8896419	0.7789594	0.458436	0.541564	6.708922
24624	-7939.596	-8191.76	252.1647	0.7986109	0.5679417	0.466511	0.533489	6.708922
24630	-7925.671	-8176.203	250.5328	0.8041926	0.5679417	0.482736	0.517264	7.583328
24636	-7934.702	-8183.849	249.1472	0.7193572	0.5679417	0.535551	0.464449	8.367767
24642	-7932.695	-8183.893	251.198	0.8065598	0.5372237	0.431226	0.568774	7.250806
24648	-7934.352	-8185.52	251.1675	0.8054748	0.6281651	0.472461	0.527539	7.19516
24654	-7956.532	-8207.789	251.2571	0.8241346	0.5442371	0.514098	0.485902	7.203734
24660	-7946.395	-8197.621	251.2261	0.7796121	0.5284612	0.539718	0.460282	7.257664
24666	-7943.442	-8193.704	250.2616	0.7437087	0.635661	0.50015	0.49985	7.708222
24672	-7927.191	-8177.79	250.5993	0.768604	0.5392569	0.522807	0.477193	7.590456
24678	-7932.529	-8182.736	250.2071	0.7307404	0.526055	0.522807	0.477193	7.83156
24684	-7947.117	-8197.164	250.0467	0.7692049	0.6064728	0.444141	0.555859	7.83156
24690	-7945.959	-8195.526	249.567	0.7436643	0.5394235	0.444141	0.555859	8.154799
24696	-7946.468	-8197.085	250.617	0.7384592	0.609525	0.5269	0.4731	7.540627
24702	-7941.896	-8192.508	250.6115	0.720141	0.4901279	0.484236	0.515764	7.652448
24708	-7944.043	-8191.996	247.9529	0.6873498	0.5081972	0.504888	0.495112	9.068054
24714	-7932.276	-8183.186	250.9097	0.890205	0.5433378	0.491369	0.508631	7.35554
24720	-7941.714	-8192.122	250.4077	0.7039103	0.5678135	0.499143	0.500857	7.704025
24726	-7957.869	-8207.009	249.1398	0.7672063	0.6007947	0.499143	0.500857	8.320396
24732	-7951.034	-8201.356	250.3219	0.7553846	0.6038223	0.511851	0.488149	7.693893
24738	-7934.122	-8184.4	250.2778	0.7700328	0.5385149	0.512197	0.487803	7.762229
24744	-7938.954	-8190.704	251.75	0.8220073	0.579196	0.483662	0.516338	6.910948
24750	-7928.786	-8180.39	251.6035	0.8259669	0.6713493	0.422934	0.577066	6.917613
24756	-7933.863	-8183.656	249.7927	0.6893593	0.5934991	0.456677	0.543323	8.019755
24762	-7944.686	-8195.02	250.3336	0.7395783	0.5861758	0.488804	0.511196	7.70988
24768	-7942.972	-8194.305	251.333	0.8195256	0.5861758	0.4936	0.5064	7.131212
24774	-7936.244	-8187.564	251.3198	0.8142094	0.5369053	0.485549	0.514451	7.181529
24780	-7943.447	-8195.023	251.5761	0.8236725	0.5953037	0.453619	0.546381	6.990958
24786	-7955.456	-8206.783	251.3265	0.7554823	0.5556488	0.444667	0.555333	7.193865
24792	-7943.505	-8193.465	249.9607	0.711427	0.4724705	0.458538	0.541462	8.020706
24798	-7937.583	-8187.329	249.746	0.7395943	0.58987	0.458538	0.541462	8.020706
24804	-7942.863	-8193.393	250.5298	0.7395943	0.4894691	0.463407	0.536593	7.686329
24810	-7945.239	-8196.939	251.7006	0.7459606	0.5163717	0.463407	0.536593	7.031045
24816	-7938.243	-8189.312	251.0686	0.8606129	0.5163717	0.42121	0.57879	7.30911
24822	-7959.452	-8210.476	251.0248	0.8389953	0.6420673	0.470046	0.529954	7.243416
24828	-7944.829	-8195.359	250.5305	0.8566193	0.4889412	0.515502	0.484498	7.623857
24834	-7940.839	-8192.689	251.8505	0.8576205	0.443945	0.483888	0.516112	6.956576
24840	-7950.798	-8202.479	251.681	0.8313692	0.4410385	0.522948	0.477052	7.064801
24846	-7944.039	-8193.528	249.4894	0.7023465	0.5608585	0.482273	0.517727	8.200461
24852	-7946.895	-8196.977	250.0825	0.7644952	0.6174547	0.482273	0.517727	7.806551
24858	-7935.155	-8185.04	249.8843	0.7644952	0.6174547	0.537686	0.462314	7.912347
24864	-7957.056	-8207.472	250.416	0.7057317	0.5792727	0.421264	0.578736	7.689396
24870	-7951.736	-8203.192	251.4559	0.7624217	0.5792727	0.421264	0.578736	7.10134
24876	-7964.374	-8213.826	249.4521	0.6635073	0.5131339	0.488921	0.511079	8.28099
24882	-7950.353	-8199.849	249.4965	0.7484358	0.4848518	0.515046	0.484954	8.237045
24888	-7954.102	-8205.339	251.2363	0.7675765	0.4848518	0.454103	0.545897	7.296975
24894	-7948.733	-8198.856	250.1229	0.81197	0.490652	0.463371	0.536629	7.864024
24900	-7940.109	-8190.557	250.4486	0.7718734	0.5554173	0.480068	0.519932	7.655899
24906	-7945.35	-8195.126	249.7767	0.7243741	0.5869842	0.500475	0.499525	8.01477
24912	-7929.836	-8179.951	250.1147	0.7979472	0.4891987	0.507375	0.492625	7.877191
24918	-7931.969	-8181.434	249.4654	0.7231137	0.583854	0.507375	0.492625	8.183781
24924	-7937.664	-8188.664	251.0002	0.758667	0.5194687	0.507375	0.492625	7.397847
24930	-7940.384	-8190.295	249.9103	0.758667	0.6689613	0.51459	0.48541	7.863526
24936	-7934.855	-8184.39	249.5351	0.758667	0.5018671	0.490608	0.509392	8.19594
24942	-7945.594	-8196.877	251.2827	0.88069	0.5623599	0.490608	0.509392	7.144585
24948	-7954.133	-8203.221	249.0871	0.7141128	0.5241414	0.484142	0.515858	8.438735
24954	-7951.447	-8202.388	250.9409	0.781667	0.6070353	0.517845	0.482155	7.345807
24960	-7933.72	-8184.758	251.0373	0.8510071	0.5354508	0.514592	0.485408	7.314704
24966	-7928.598	-8179.771	251.1737	0.809095	0.5877778	0.458464	0.541536	7.22116
24972	-7928.34	-8179.835	251.4943	0.824572	0.5571901	0.469551	0.530449	7.065208
24978	-7924.745	-8174.534	249.7888	0.7784818	0.5514573	0.522534	0.477466	8.008035
24984	-7937.127	-8187.036	249.9096	0.7050935	0.5213556	0.508885	0.491115	8.008035
24990	-7931.863	-8184.015	252.1514	0.7703535	0.6801651	0.445213	0.554787	6.645544
24996	-7926.432	-8178.404	251.9721	0.8203338	0.5791199	0.432787	0.567213	6.792163
25002	-7935.792	-8187.414	251.622	0.8915532	0.4423184	0.432787	0.567213	7.062953
25008	-7933.525	-8184.282	250.757	0.7704612	0.5578897	0.459861	0.540139	7.489516
25014	-7942.92	-8193.683	250.7639	0.7966003	0.5371404	0.464251	0.535749	7.489103
25020	-7933.481	-8184.753	251.2723	0.7949953	0.5371404	0.441311	0.558689	7.21722
25026	-7941.958	-8193.093	251.1352	0.7919844	0.5949663	0.463405	0.536595	7.245356
25032	-7944.587	-8195.75	251.1624	0.7648364	0.5949663	0.463405	0.536595	7.245356
25038	-7952.671	-8204.634	251.9634	0.8065654	0.5824431	0.487545	0.512455	6.801605
25044	-7938.574	-8188.599	250.0254	0.7281358	0.7057962	0.454289	0.545711	7.792439
25050	-7927.324	-8178.272	250.9484	0.8186408	0.5385693	0.454289	0.545711	7.377175
25056	-7936.024	-8186.992	250.9684	0.7359666	0.5795604	0.378772	0.621228	7.377175
25062	-7929.356	-8179.79	250.4342	0.7387983	0.5543625	0.435262	0.564738	7.68216
25068	-7914.369	-8164.881	250.5116	0.7581272	0.505966	0.472793	0.527207	7.671508
25074	-7925.492	-8176.288	250.7958	0.7314853	0.5281627	0.519012	0.480988	7.514457
25080	-7921.329	-8171.674	250.345	0.8027463	0.5315539	0.45723	0.54277	7.714689
25086	-7928.587	-8181.215	252.6282	0.9064991	0.4651146	0.458262	0.541738	6.489896
25092	-7928.868	-8180.903	252.035	0.8682953	0.4995082	0.516513	0.483487	6.79975
25098	-7929.984	-8181.992	252.0074	0.871967	0.4962136	0.469279	0.530721	6.815621
25104	-7926.999	-8178.119	251.1193	0.7353509	0.6353892	0.469279	0.530721	7.253303
25110	-7927.394	-8179.561	252.1669	0.7652142	0.5814417	0.473795	0.526205	6.714853
25116	-7925.197	-8176.042	250.8456	0.7939056	0.4739826	0.473795	0.526205	7.502305
25122	-7934.424	-8185.166	250.7419	0.7939056	0.6507081	0.560877	0.439123	7.413
25128	-7941.361	-8194.56	253.199	0.9062307	0.5888368	0.465811	0.534189	6.072528
25134	-7946.539	-8198	251.4613	0.9216739	0.6374335	0.465811	0.534189	6.967634
25140	-7931.472	-8183.152	251.6797	0.759442	0.5817584	0.493791	0.506209	6.980475
25146	-7936.933	-8189.064	252.1305	0.886542	0.5655094	0.45257	0.54743	6.681863
25152	-7933.364	-8184.244	250.8799	0.8100904	0.5629895	0.45257	0.54743	7.398249
25158	-7932.7	-8182.154	249.4547	0.7119615	0.5824885	0.45257	0.54743	8.196515
25164	-7932.009	-8181.472	249.4631	0.7613073	0.4578041	0.482805	0.517195	8.272779
25170	-7933.883	-8184.767	250.884	0.779962	0.5447932	0.469762	0.530238	7.427194
25176	-7937.266	-8187.693	250.4266	0.8460396	0.5633228	0.436968	0.563032	7.621551
25182	-7942.144	-8192.159	250.0153	0.7796119	0.4969916	0.45334	0.54666	7.93309
25188	-7936.568	-8186.247	249.6788	0.7923964	0.7205155	0.483362	0.516638	7.93309
25194	-7940.903	-8191.275	250.3717	0.7508202	0.612464	0.536323	0.463677	7.663058
25200	-7941.433	-8191.877	250.4445	0.8066204	0.612464	0.542337	0.457663	7.594269
25206	-7948.087	-8198.975	250.8884	0.8066204	0.516553	0.603227	0.396773	7.434601
25212	-7947.354	-8198.572	251.2181	0.7583628	0.6071451	0.543462	0.456538	7.209407
25218	-7944.763	-8196.359	251.5964	0.8004444	0.6183292	0.451609	0.548391	6.974631
25224	-7944.586	-8195.279	250.6934	0.8207649	0.5310467	0.451609	0.548391	7.519078
25230	-7958.627	-8209.407	250.7802	0.8049849	0.6122811	0.44401	0.55599	7.415413
25236	-7958.745	-8210.359	251.6143	0.8049849	0.6122811	0.504059	0.495941	6.967221
25242	-7956.031	-8206.006	249.9758	0.8049849	0.5580336	0.486174	0.513826	7.888717
25248	-7966.327	-8217.801	251.474	0.8284091	0.605915	0.486174	0.513826	7.03507
25254	-7957.285	-8208.801	251.5165	0.8284091	0.4879038	0.486174	0.513826	7.110976
25260	-7938.936	-8190.377	251.441	0.8284091	0.5342574	0.524874	0.475126	7.110976
25266	-7950.414	-8201.27	250.8563	0.8108243	0.5570974	0.471588	0.528412	7.415332
25272	-7947.6	-8199.108	251.5081	0.8979389	0.5436226	0.471588	0.528412	7.029587
25278	-7950.987	-8202.714	251.7278	0.8979389	0.5014959	0.48271	0.51729	6.947626
25284	-7943.181	-8194.686	251.5041	0.8979389	0.4407502	0.473503	0.526497	7.124427
25290	-7951.991	-8204.382	252.3909	0.8241129	0.5601327	0.468365	0.531635	6.579234
25296	-7955.3	-8207.064	251.764	0.8241129	0.5022951	0.508935	0.491065	6.967181
25302	-7937.6	-8189.717	252.1167	0.8403878	0.5118421	0.538159	0.461841	6.759768
25308	-7935.434	-8186.849	251.4141	0.8241388	0.6239172	0.475024	0.524976	7.055739
25314	-7938.84	-8190.72	251.8797	0.86858	0.4887597	0.475024	0.524976	6.89301
25320	-7940.244	-8191.614	251.3699	0.8020443	0.5107609	0.475024	0.524976	7.183664
25326	-7953.116	-8203.666	250.55	0.7412499	0.5834825	0.475024	0.524976	7.595401
25332	-7941.301	-8191.027	249.7264	0.7826074	0.5240285	0.475024	0.524976	8.062078
25338	-7922.188	-8173.017	250.8291	0.7826074	0.5378429	0.475024	0.524976	7.461055
25344	-7934.915	-8185.271	250.356	0.7093369	0.5664193	0.465273	0.534727	7.729873
25350	-7937.453	-8189.46	252.0072	0.854795	0.6141399	0.486612	0.513388	6.726963
25356	-7943.877	-8196.373	252.4954	0.8233771	0.5849673	0.538089	0.461911	6.502851
25362	-7938.566	-8190.166	251.6005	0.7685076	0.5849673	0.503218	0.496782	7.015718
25368	-7952.035	-8203.579	251.5441	0.7896972	0.5568693	0.443759	0.556241	7.057461
25374	-7938.101	-8189.298	251.1971	0.7481943	0.5355702	0.497172	0.502828	7.284017
25380	-7937.815	-8189.081	251.2658	0.7615806	0.5982527	0.497172	0.502828	7.188939
25386	-7921.51	-8172.817	251.3069	0.8555176	0.510551	0.51216	0.48784	7.188939
25392	-7918.632	-8168.303	249.6708	0.7113754	0.5441137	0.491858	0.508142	8.112792
25398	-7933.275	-8183.414	250.1391	0.7613208	0.5029754	0.491858	0.508142	7.871515
25404	-7935.589	-8185.622	250.0332	0.8101118	0.5385234	0.498405	0.501595	7.871515
25410	-7923.328	-8174.87	251.542	0.8101118	0.463993	0.52111	0.47889	7.12914
25416	-7927.76	-8178.711	250.9508	0.7544278	0.4935852	0.495205	0.504795	7.449346
25422	-7938.686	-8190.438	251.7524	0.8509307	0.4899347	0.561397	0.438603	6.970092
25428	-7928.314	-8180.167	251.8536	0.8237226	0.525433	0.467422	0.532578	6.898884
25434	-7926.754	-8177.638	250.8839	0.8237226	0.5085067	0.399592	0.600408	7.434845
25440	-7916.509	-8168.758	252.2492	0.8228559	0.4980122	0.520618	0.479382	6.709969
25446	-7921.278	-8172.977	251.699	0.8390337	0.4939978	0.444983	0.555017	7.001593
25452	-7917.78	-8168.499	250.7196	0.9085061	0.4939978	0.473067	0.526933	7.490265
25458	-7923.825	-8174.333	250.5079	0.8079368	0.5612804	0.467568	0.532432	7.600076
25464	-7926.85	-8178.76	251.91	0.8031273	0.5216625	0.495362	0.504638	6.882839
25470	-7929.531	-8181.336	251.8051	0.9115847	0.4848797	0.472866	0.527134	6.913592
25476	-7924.679	-8176.093	251.4145	0.8897486	0.5371476	0.472866	0.527134	7.089784
25482	-7934.489	-8185.577	251.0882	0.7891965	0.6384101	0.463925	0.536075	7.238838
25488	-7939.459	-8190.686	251.2266	0.8276632	0.5391685	0.474381	0.525619	7.222501
25494	-7938.76	-8189.066	250.306	0.7868291	0.5354731	0.407587	0.592413	7.740741
25500	-7929.348	-8179.564	250.2166	0.7868291	0.5546379	0.406947	0.593053	7.772574
25506	-7936.39	-8187.522	251.1313	0.8719288	0.5139088	0.454082	0.545918	7.271523
25512	-7929.782	-8181.005	251.2229	0.8776838	0.5422659	0.535297	0.464703	7.194995
25518	-7928.8	-8180.072	251.2725	0.8776838	0.5039975	0.461965	0.538035	7.201301
25524	-7928.529	-8178.615	250.0857	0.7624136	0.6701798	0.461965	0.538035	7.766964
25530	-7920.077	-8171.662	251.5844	0.8265227	0.5893682	0.473213	0.526787	6.989661
25536	-7927.61	-8178.654	251.0437	0.7766685	0.5676806	0.454844	0.545156	7.324507
25542	-7938.026	-8188.875	250.8492	0.7766685	0.5676806	0.470782	0.529218	7.428836
25548	-7944.117	-8195.244	251.1277	0.7755877	0.5395533	0.490014	0.509986	7.30321
25554	-7938.403	-8189.605	251.2023	0.7604656	0.5225481	0.427197	0.572803	7.285768
25560	-7925.806	-8176.444	250.6386	0.7947941	0.5273057	0.469649	0.530351	7.565502
25566	-7922.521	-8173.486	250.965	0.7823931	0.5188045	0.469649	0.530351	7.404535
25572	-7937.313	-8187.775	250.462	0.8114486	0.619808	0.490325	0.509675	7.57671
25578	-7939.494	-8189.996	250.5015	0.7674105	0.619808	0.44865	0.55135	7.579133
25584	-7935.111	-8186.822	251.7107	0.7788544	0.5218546	0.44865	0.55135	7.003132
25590	-7930.686	-8181.374	250.6888	0.7790014	0.4441411	0.448315	0.551685	7.622278
25596	-7943.626	-8194.337	250.7112	0.7282988	0.6370725	0.530828	0.469172	7.474747
25602	-7937.522	-8188.289	250.7666	0.8057855	0.5466704	0.390523	0.609477	7.474747
25608	-7934.43	-8184.336	249.9051	0.8304075	0.521609	0.471007	0.528993	7.943367
25614	-7940.272	-8190.46	250.1879	0.7341015	0.5180365	0.48591	0.51409	7.846873
25620	-7942.975	-8192.817	249.8416	0.7014192	0.4950074	0.48591	0.51409	8.06921
25626	-7949.44	-8199.49	250.0499	0.8181942	0.5710151	0.48591	0.51409	7.831557
25632	-7934.756	-8186.394	251.6378	0.7914938	0.5090824	0.479863	0.520137	7.046716
25638	-7932.295	-8182.804	250.5092	0.7972407	0.6498223	0.479863	0.520137	7.536587
25644	-7941.214	-8192.595	251.3813	0.8675599	0.5363415	0.516406	0.483594	7.120272
25650	-7947.772	-8199.056	251.2845	0.8256813	0.6296619	0.507872	0.492128	7.120272
25656	-7933.397	-8184.231	250.8332	0.7851263	0.5141903	0.477547	0.522453	7.477744
25662	-7940.947	-8191.377	250.4295	0.858151	0.5141903	0.477547	0.522453	7.654793
25668	-7935.739	-8186.848	251.1088	0.8355044	0.5557627	0.487793	0.512207	7.267713
25674	-7929.203	-8181.054	251.8507	0.8258921	0.5790378	0.51821	0.48179	6.854731
25680	-7944.235	-8194.769	250.534	0.8084081	0.5337112	0.468243	0.531757	7.608775
25686	-7954.222	-8204.191	249.9685	0.7866238	0.56753	0.519008	0.480992	7.894695
25692	-7936.663	-8186.806	250.1433	0.7976041	0.419485	0.472257	0.527743	7.927927
25698	-7924.903	-8175.46	250.5568	0.7538384	0.5220327	0.472257	0.527743	7.635695
25704	-7938.521	-8189.147	250.6261	0.7448209	0.5006996	0.538558	0.461442	7.622028
25710	-7944.357	-8195.082	250.7247	0.7981159	0.5197764	0.538558	0.461442	7.524078
25716	-7937.009	-8188.939	251.9302	0.959027	0.5099411	0.43743	0.56257	6.798091
25722	-7957.315	-8210.275	252.9604	0.94731	0.4690281	0.43743	0.56257	6.283854
25728	-7948.477	-8200.176	251.6997	1.001597	0.5192722	0.462426	0.537574	6.891284
25734	-7927.377	-8179.051	251.6741	0.8662528	0.5791636	0.447208	0.552792	6.928066
25740	-7926.227	-8176.697	250.4695	0.8359095	0.6366038	0.464922	0.535078	7.5469
25746	-7936.053	-8188.675	252.6217	0.8228403	0.5413447	0.45513	0.54487	6.470675
25752	-7940.839	-8191.602	250.7628	0.7920068	0.5250686	0.468402	0.531598	7.502375
25758	-7941.595	-8192.844	251.2489	0.8133773	0.5791939	0.505278	0.494722	7.185288
25764	-7946.389	-8197.179	250.7908	0.7835307	0.4753604	0.481645	0.518355	7.535928
25770	-7935.133	-8185.769	250.6363	0.7835307	0.571766	0.44689	0.55311	7.535928
25776	-7937.72	-8187.847	250.1274	0.7322219	0.5037744	0.492977	0.507023	7.892561
25782	-7940.548	-8190.784	250.2355	0.8254774	0.5135037	0.481844	0.518156	7.776545
25788	-7949.019	-8198.869	249.8506	0.7587458	0.5345892	0.481844	0.518156	7.999625
25794	-7958.062	-8209.23	251.1681	0.7997634	0.537063	0.418453	0.581547	7.270654
25800	-7950.012	-8203.352	253.3398	0.9076457	0.5369475	0.496443	0.503557	6.038084
25806	-7946.154	-8196.933	250.7783	0.7843234	0.5369475	0.518708	0.481292	7.488123
25812	-7950.522	-8202.676	252.154	0.8104998	0.5260026	0.435356	0.564644	6.743446
25818	-7947.299	-8197.363	250.0643	0.7371289	0.543546	0.488227	0.511773	7.889633
25824	-7951.766	-8202.617	250.8513	0.7932046	0.5100594	0.484786	0.515214	7.467296
25830	-7947.052	-8196.319	249.2669	0.7395026	0.4873449	0.531	0.469	8.361728
25836	-7938.979	-8190.334	251.3553	0.7854546	0.5583665	0.452714	0.547286	7.16005
25842	-7944.516	-8195.073	250.5569	0.767063	0.5583665	0.514248	0.485752	7.59811
25848	-7944.644	-8195.596	250.9518	0.8331154	0.6128662	0.486428	0.513572	7.307829
25854	-7939.885	-8190.484	250.5991	0.7781793	0.5235233	0.486428	0.513572	7.598739
25860	-7932.435	-8183.09	250.6555	0.7017162	0.5898964	0.487416	0.512584	7.555007
25866	-7938.596	-8186.783	248.1871	0.7017162	0.598151	0.487416	0.512584	8.862993
25872	-7918.345	-8168.603	250.2575	0.8254748	0.6202106	0.534541	0.465459	7.678276
25878	-7930.017	-8180.311	250.2937	0.8038344	0.573053	0.509437	0.490563	7.707316
25884	-7930.836	-8181.604	250.7682	0.7483576	0.5483535	0.454296	0.545704	7.503259
25890	-7944.376	-8195.206	250.8301	0.8423371	0.5567938	0.471852	0.528148	7.412713
25896	-7943.46	-8194.401	250.9412	0.7694892	0.4853637	0.478917	0.521083	7.453773
25902	-7938.689	-8189.414	250.725	0.7892935	0.5725939	0.478917	0.521083	7.484647
25908	-7948.515	-8197.488	248.9731	0.7348203	0.5946384	0.482514	0.517486	8.431009
25914	-7939.472	-8190.021	250.5486	0.7421039	0.6304691	0.478232	0.521768	7.559389
25920	-7939.067	-8190.531	251.4636	0.8416643	0.5186857	0.478232	0.521768	7.105074
25926	-7942.177	-8193.762	251.5853	0.853108	0.5112848	0.503016	0.496984	7.039868
25932	-7936.055	-8187.747	251.6928	0.7221062	0.5258897	0.503016	0.496984	7.039868
25938	-7934.945	-8186.112	251.1674	0.7978634	0.5336732	0.479764	0.520236	7.274913
25944	-7941.384	-8193.442	252.0581	0.8070224	0.5070633	0.479764	0.520236	6.813653
25950	-7936.463	-8187.997	251.5341	0.8624061	0.4368439	0.52398	0.47602	7.131194
25956	-7929.578	-8180.889	251.3115	0.7616103	0.5999678	0.52398	0.47602	7.163057
25962	-7945.265	-8198.232	252.9671	0.8690328	0.5244391	0.447331	0.552669	6.272698
25968	-7942.529	-8192.901	250.3719	0.8690328	0.6066592	0.529713	0.470287	7.604141
25974	-7942.177	-8194.25	252.0726	0.8329583	0.5838182	0.551446	0.448554	6.727312
25980	-7938.091	-8190.184	252.0922	0.8643691	0.5500998	0.540307	0.459693	6.727312
25986	-7945.867	-8198.36	252.4931	0.8412681	0.5524068	0.578796	0.421204	6.521066
25992	-7955.736	-8208.148	252.4112	0.8826218	0.5557823	0.578796	0.421204	6.54022
25998	-7947.607	-8199.87	252.2628	0.8826218	0.4942267	0.520065	0.479935	6.673717
26004	-7935.386	-8186.564	251.1779	0.8712218	0.4770364	0.520065	0.479935	7.279856
26010	-7922.796	-8173.858	251.0611	0.7748616	0.5660107	0.495441	0.504559	7.317455
26016	-7940.029	-8191.263	251.2342	0.7844958	0.5655241	0.495241	0.504759	7.219746
26022	-7957.415	-8209.102	251.6874	0.773843	0.5722791	0.463528	0.536472	6.976227
26028	-7940.887	-8192.615	251.7275	0.8607138	0.5386081	0.456691	0.543309	6.935679
26034	-7935.746	-8187.242	251.496	0.7851631	0.5386081	0.454899	0.545101	7.101011
26040	-7940.773	-8192.329	251.5558	0.7851631	0.4312285	0.502453	0.497547	7.166586
26046	-7926.057	-8177.345	251.2886	0.8436655	0.5559395	0.475453	0.524547	7.166586
26052	-7937.095	-8188.078	250.9832	0.8196219	0.5433819	0.449403	0.550597	7.353922
26058	-7944.557	-8195.462	250.9056	0.7705717	0.5433819	0.535328	0.464672	7.421833
26064	-7939.801	-8190.888	251.0869	0.8217837	0.5487795	0.441009	0.558991	7.292634
26070	-7943.06	-8194.624	251.5637	0.8136256	0.5685472	0.441009	0.558991	7.024462
26076	-7931.883	-8183.882	251.9983	0.8416983	0.5350446	0.441009	0.558991	6.80295
26082	-7938.828	-8189.838	251.01	0.8416983	0.6950803	0.42798	0.57202	7.211614
26088	-7940.454	-8191.534	251.0805	0.7705493	0.6450682	0.531176	0.468824	7.248056
26094	-7943.83	-8195.381	251.5515	0.7705493	0.6069843	0.441092	0.558908	7.023692
26100	-7940.399	-8190.929	250.5305	0.8632328	0.5748516	0.502601	0.497399	7.547408
26106	-7952.056	-8202.727	250.6711	0.8382721	0.501301	0.51941	0.48059	7.547408
26112	-7935.801	-8186.981	251.1803	0.8382721	0.4625216	0.473273	0.526727	7.309664
26118	-7931.372	-8182.807	251.4347	0.8382721	0.6005295	0.496104	0.503896	7.055111
26124	-7938.555	-8190.462	251.9077	0.8382721	0.5916542	0.475922	0.524078	6.80721
26130	-7936.424	-8189.15	252.7262	0.9156909	0.5906565	0.475922	0.524078	6.323075
26136	-7933.86	-8184.548	250.6881	0.7589238	0.4841124	0.480664	0.519336	7.596157
26142	-7923.05	-8173.029	249.9795	0.8289225	0.5636833	0.494366	0.505634	7.869363
26148	-7917.38	-8167.459	250.0788	0.7813803	0.6156653	0.460412	0.539588	7.800845
26154	-7916.088	-8167.633	251.545	0.7813803	0.5295961	0.505122	0.494878	7.084346
26160	-7921.817	-8172.531	250.7148	0.7326268	0.5748216	0.470794	0.529206	7.518655
26166	-7927.185	-8179.816	252.6307	0.9193494	0.4846538	0.463085	0.536915	6.46342
26172	-7931.165	-8182.124	250.9595	0.903934	0.5587382	0.476746	0.523254	7.308665
26178	-7934.422	-8184.48	250.0584	0.8161496	0.5081335	0.476746	0.523254	7.880789
26184	-7933.404	-8183.785	250.3815	0.8273473	0.4499261	0.459259	0.540741	7.755224
26190	-7934.645	-8183.025	248.3794	0.6919149	0.5749243	0.538989	0.461011	8.784456
26196	-7935.77	-8184.18	248.4102	0.6877132	0.6455561	0.425014	0.574986	8.716489
26202	-7935.014	-8185.358	250.3439	0.7644335	0.5577926	0.501041	0.498959	7.713951
26208	-7929.168	-8179.996	250.8278	0.7093287	0.5782715	0.531701	0.468299	7.467861
26214	-7922.717	-8172.142	249.4258	0.7403741	0.5338393	0.436177	0.563823	8.23643
26220	-7927.976	-8177.369	249.3928	0.7403741	0.5549881	0.471719	0.528281	8.23643
26226	-7937.463	-8188.404	250.9413	0.7579168	0.5618602	0.478569	0.521431	7.394218
26232	-7947.717	-8199.243	251.5262	0.7490031	0.5773837	0.490169	0.509831	7.072284
26238	-7944.619	-8195.668	251.0485	0.865153	0.515041	0.469562	0.530438	7.318636
26244	-7948.874	-8200.016	251.1421	0.9160993	0.515041	0.538729	0.461271	7.241019
26250	-7950.205	-8200.595	250.3899	0.7538401	0.5272764	0.547307	0.452693	7.720458
26256	-7951.232	-8200.529	249.2969	0.7988037	0.5083586	0.48705	0.51295	8.295691
26262	-7951.29	-8202.282	250.9913	0.7919639	0.5316018	0.48705	0.51295	7.37436
26268	-7959.456	-8210.198	250.7425	0.7280819	0.5870772	0.446243	0.553757	7.496496
26274	-7960.116	-8211.335	251.2185	0.8261982	0.5530718	0.446243	0.553757	7.215991
26280	-7936.461	-8187.646	251.1853	0.8254759	0.5754574	0.499331	0.500669	7.215991
26286	-7955.58	-8205.393	249.8128	0.782948	0.5188288	0.544913	0.455087	8.020289
26292	-7951.432	-8202.939	251.5075	0.7476613	0.4808659	0.533309	0.466691	7.165647
26298	-7937.963	-8189.333	251.3698	0.7566307	0.5608875	0.533309	0.466691	7.165647
26304	-7927.203	-8178.105	250.9017	0.7796555	0.5937403	0.513461	0.486539	7.378249
26310	-7934.017	-8185.783	251.766	0.7796555	0.6085876	0.442721	0.557279	6.901985
26316	-7925.215	-8175.261	250.0468	0.7648999	0.5014004	0.554323	0.445677	7.920254
26322	-7928.294	-8179.132	250.838	0.8400196	0.519247	0.485343	0.514657	7.441357
26328	-7938.693	-8188.661	249.9675	0.8370982	0.6422313	0.48173	0.51827	7.810567
26334	-7930.656	-8181.067	250.4109	0.8060213	0.5465012	0.497868	0.502132	7.665167
26340	-7936.148	-8188.419	252.2712	0.8855907	0.5465012	0.497868	0.502132	6.622079
26346	-7942.261	-8194.221	251.9594	0.8591237	0.5465012	0.452028	0.547972	6.804845
26352	-7933.533	-8184.077	250.5447	0.8213733	0.58123	0.569688	0.430312	7.557096
26358	-7945.821	-8197.97	252.1488	0.7593921	0.5856716	0.571501	0.428499	6.724378
26364	-7957.837	-8208.352	250.5155	0.7895495	0.5268509	0.42433	0.57567	7.634584
26370	-7928.581	-8180.231	251.6504	0.806661	0.5607413	0.51359	0.48641	6.987877
26376	-7938.472	-8190.612	252.1399	0.8502988	0.5091247	0.467597	0.532403	6.74432
26382	-7946.506	-8197.197	250.6901	0.8550933	0.5340131	0.458333	0.541667	7.499901
26388	-7945.281	-8195.59	250.3097	0.7267445	0.5913742	0.463483	0.536517	7.725429
26394	-7938.078	-8188.556	250.478	0.6837638	0.5455652	0.49034	0.50966	7.695476
26400	-7927.964	-8178.317	250.3535	0.7802537	0.5411528	0.495212	0.504788	7.714104
26406	-7926.252	-8176.247	249.9953	0.77847	0.6087314	0.403046	0.596954	7.852307
26412	-7941.865	-8192.41	250.5454	0.7912384	0.6069125	0.492512	0.507488	7.552733
26418	-7931.247	-8182.967	251.72	0.7912384	0.4546095	0.491922	0.508078	7.052373
26424	-7937.361	-8189.056	251.6944	0.8385786	0.4188811	0.4899	0.5101	7.075615
26430	-7937.462	-8188.968	251.5057	0.7605798	0.6414262	0.52876	0.47124	7.027476
26436	-7932.891	-8184.736	251.8449	0.8068779	0.553383	0.49943	0.50057	6.889061
26442	-7927.587	-8178.894	251.3074	0.7720115	0.553383	0.493607	0.506393	7.197088
26448	-7924.373	-8175.017	250.6438	0.7423665	0.5608346	0.446774	0.553226	7.562821
26454	-7935.073	-8185.718	250.6449	0.7268625	0.5702997	0.460745	0.539255	7.562821
26460	-7934.75	-8187.24	252.4892	0.9446354	0.5255452	0.507526	0.492474	6.490015
26466	-7931.392	-8183.905	252.5133	0.8620774	0.5308726	0.472862	0.527138	6.51708
26472	-7948.939	-8199.857	250.9175	0.7684356	0.5210566	0.472862	0.527138	7.435566
26478	-7924.8	-8175.348	250.5488	0.7595632	0.5210566	0.421612	0.578388	7.637756
26484	-7933.447	-8184.407	250.9605	0.7411188	0.5210566	0.459149	0.540851	7.427128
26490	-7926.31	-8175.95	249.6396	0.7411188	0.5486031	0.487457	0.512543	8.109869
26496	-7930.207	-8180.547	250.3406	0.7382056	0.5435045	0.487457	0.512543	7.741534
26502	-7931.49	-8182.242	250.7515	0.7878714	0.5019402	0.450147	0.549853	7.530779
26508	-7928.925	-8179.727	250.802	0.800596	0.5483503	0.445416	0.554584	7.457126
26514	-7920.978	-8171.084	250.1062	0.7452463	0.5445844	0.445416	0.554584	7.862096
26520	-7927.675	-8177.89	250.2155	0.7491687	0.4752396	0.454618	0.545382	7.862096
26526	-7930.973	-8180.729	249.7561	0.7485641	0.4921297	0.454618	0.545382	8.092194
26532	-7933.415	-8183.791	250.3759	0.7435303	0.5450981	0.448353	0.551647	7.71847
26538	-7941.128	-8191.021	249.8937	0.7401644	0.452944	0.498311	0.501689	8.059282
26544	-7956.688	-8207.305	250.6163	0.7575105	0.5772553	0.533716	0.466284	7.556144
26550	-7934.75	-8185.206	250.4559	0.7575105	0.5133878	0.533716	0.466284	7.695156
26556	-7963.619	-8214.876	251.2563	0.8131777	0.4934043	0.497528	0.502472	7.254072
26562	-7950.917	-8201.809	250.8917	0.7758552	0.6522172	0.497528	0.502472	7.34124
26568	-7931.04	-8182.42	251.3806	0.774626	0.6561492	0.497528	0.502472	7.076368
26574	-7942.72	-8192.428	249.7081	0.774626	0.6330142	0.497528	0.502472	7.989225
26580	-7936.641	-8186.712	250.0708	0.6979864	0.5068393	0.485323	0.514677	7.938374
26586	-7934.027	-8183.911	249.8847	0.7941006	0.5638875	0.485323	0.514677	7.938374
26592	-7946.54	-8196.015	249.4747	0.8117318	0.5199401	0.485323	0.514677	8.184146
26598	-7937.74	-8187.75	250.0093	0.6764085	0.5270463	0.448484	0.551516	7.965308
26604	-7943.521	-8193.176	249.6543	0.7070195	0.5172974	0.442431	0.557569	8.146565
26610	-7928.138	-8178.525	250.3867	0.6994452	0.5764714	0.442431	0.557569	7.710692
26616	-7939.885	-8190.916	251.0309	0.7021816	0.5034127	0.481235	0.518765	7.425681
26622	-7927.405	-8176.123	248.7176	0.7453917	0.5382699	0.48832	0.51168	8.606507
26628	-7926	-8176.623	250.623	0.7821021	0.5364268	0.496295	0.503705	7.572906
26634	-7934.619	-8184.623	250.0048	0.8100168	0.5331336	0.539091	0.460909	7.891232
26640	-7945.746	-8194.483	248.7364	0.6799588	0.603798	0.540014	0.459986	8.578821
26646	-7941.684	-8192.053	250.3692	0.7212207	0.603798	0.449869	0.550131	7.686913
26652	-7948.653	-8199.046	250.393	0.8754403	0.489395	0.45748	0.54252	7.686913
26658	-7943.02	-8193.567	250.5471	0.8011979	0.5943464	0.465353	0.534647	7.556265
26664	-7940.98	-8189.167	248.1871	0.6568831	0.5621998	0.509452	0.490548	8.915107
26670	-7931.252	-8182.035	250.783	0.789247	0.5256266	0.441855	0.558145	7.492586
26676	-7944.342	-8194.716	250.3738	0.770524	0.4654547	0.474766	0.525234	7.775129
26682	-7939.325	-8189.379	250.0537	0.7272778	0.633928	0.472787	0.527213	7.829355
26688	-7933.844	-8185.351	251.5068	0.7883299	0.5998162	0.472787	0.527213	7.043758
26694	-7931.615	-8182.83	251.2146	0.7786557	0.5998162	0.472787	0.527213	7.206084
26700	-7937.322	-8189.062	251.7403	0.7239713	0.595407	0.512428	0.487572	6.956146
26706	-7938.165	-8188.103	249.9372	0.7011575	0.6221317	0.528423	0.471577	7.914408
26712	-7937.879	-8188.197	250.318	0.7285669	0.5140689	0.553487	0.446513	7.783782
26718	-7941.932	-8192.756	250.8238	0.7399565	0.577489	0.582347	0.417653	7.45421
26724	-7947.112	-8197.866	250.7541	0.7410215	0.544287	0.404815	0.595185	7.518128
26730	-7948.71	-8199.085	250.3756	0.7473953	0.6329758	0.506302	0.493698	7.647285
26736	-7936.548	-8187.392	250.8442	0.7609937	0.5253156	0.507496	0.492504	7.475166
26742	-7953.314	-8205.025	251.7108	0.8603005	0.4868839	0.498715	0.501285	6.990185
26748	-7933.887	-8182.83	248.9431	0.7346434	0.4987321	0.498715	0.501285	8.526296
26754	-7932.102	-8181.629	249.5271	0.6820279	0.6493855	0.498715	0.501285	8.123023
26760	-7935.95	-8186.252	250.302	0.792148	0.5857014	0.521447	0.478553	7.699042
26766	-7938.168	-8189.641	251.4734	0.8074971	0.5542033	0.499937	0.500063	7.088077
26772	-7945.853	-8195.698	249.845	0.8074971	0.5514307	0.468832	0.531168	7.96261
26778	-7931.919	-8184.002	252.0825	0.868855	0.4739642	0.559987	0.440013	6.797038
26784	-7939.075	-8189.192	250.1163	0.7399582	0.5239388	0.559987	0.440013	7.876931
26790	-7935.323	-8185.969	250.6465	0.7464817	0.4880925	0.556245	0.443755	7.621493
26796	-7951.795	-8203.086	251.2915	0.8232107	0.4843822	0.424178	0.575822	7.237928
26802	-7945.839	-8197.919	252.0801	0.825995	0.6160569	0.491534	0.508466	6.701659
26808	-7939.303	-8192.498	253.195	0.9158409	0.5142718	0.503375	0.496625	6.132232
26814	-7948.861	-8199.22	250.359	0.7770523	0.5579716	0.458267	0.541733	7.698952
26820	-7920.286	-8170.246	249.96	0.7770523	0.5344023	0.458267	0.541733	7.931663
26826	-7935.295	-8185.126	249.8311	0.7770523	0.6206114	0.55017	0.44983	7.931663
26832	-7942.354	-8191.885	249.5309	0.7228485	0.6206114	0.459298	0.540702	8.120636
26838	-7931.209	-8181.598	250.3894	0.7922447	0.5064425	0.523052	0.476948	7.71824
26844	-7930.898	-8180.781	249.8837	0.773822	0.4783375	0.452133	0.547867	8.023135
26850	-7938.742	-8189.513	250.7707	0.7854498	0.556057	0.435787	0.564213	7.475667
26856	-7939.858	-8190.705	250.8476	0.8216495	0.4987745	0.485169	0.514831	7.464001
26862	-7935.1	-8186.088	250.9881	0.8216495	0.418803	0.485169	0.514831	7.464001
26868	-7950.944	-8199.996	249.0519	0.7681197	0.418803	0.463438	0.536562	8.525331
26874	-7956.148	-8206.893	250.7449	0.8703429	0.418803	0.463438	0.536562	7.568199
26880	-7951.743	-8202.85	251.1069	0.8789358	0.4941039	0.463438	0.536562	7.298359
26886	-7958.443	-8210.299	251.8558	0.8203129	0.4957278	0.508199	0.491801	6.925625
26892	-7947.578	-8198.679	251.1005	0.8104799	0.5991913	0.484114	0.515886	7.250759
26898	-7939.095	-8190.246	251.1514	0.7907077	0.4870671	0.484114	0.515886	7.328142
26904	-7939.328	-8190.35	251.022	0.7943643	0.6310563	0.484114	0.515886	7.277116
26910	-7945.286	-8196.669	251.3834	0.8308096	0.6058406	0.508225	0.491775	7.082585
26916	-7936.448	-8187.934	251.486	0.8368806	0.5338563	0.47915	0.52085	7.082585
26922	-7935.638	-8187.763	252.1244	0.8282676	0.5919387	0.438267	0.561733	6.695363
26928	-7939.192	-8191.473	252.2814	0.8282676	0.4916636	0.528184	0.471816	6.695363
26934	-7940.39	-8191.512	251.1213	0.8282676	0.5680409	0.522646	0.477354	7.254825
26940	-7933.888	-8185.511	251.6231	0.8523551	0.6307697	0.516356	0.483644	6.922804
26946	-7942.164	-8192.936	250.7721	0.8523551	0.5086671	0.477805	0.522195	7.47925
26952	-7940.36	-8191.971	251.6111	0.836927	0.4902468	0.477805	0.522195	7.053384
26958	-7934.323	-8184.409	250.086	0.7444934	0.6033267	0.511823	0.488177	7.826189
26964	-7931.251	-8182.454	251.2032	0.7974679	0.6157709	0.458498	0.541502	7.189768
26970	-7944.342	-8196.22	251.8777	0.8302594	0.6654307	0.479238	0.520762	6.771677
26976	-7938.841	-8188.839	249.9976	0.7478126	0.5591868	0.508001	0.491999	7.906688
26982	-7938.142	-8188.225	250.083	0.757682	0.4571267	0.447928	0.552072	7.945009
26988	-7944.802	-8194.632	249.8299	0.7464893	0.6253532	0.447928	0.552072	7.945009
26994	-7958.363	-8210.673	252.3102	0.8482659	0.5113735	0.440826	0.559174	6.651415
27000	-7943.323	-8195.37	252.0474	0.7920084	0.5518787	0.490905	0.509095	6.789078
27006	-7950.709	-8203.148	252.4391	0.787843	0.5599818	0.490905	0.509095	6.57293
27012	-7945.575	-8194.227	248.6525	0.7560106	0.5307733	0.440275	0.559725	8.641687
27018	-7949.694	-8200.247	250.5538	0.7542578	0.488211	0.514547	0.485453	7.666805
27024	-7929.409	-8178.73	249.3205	0.7047477	0.5102697	0.408028	0.591972	8.331492
27030	-7932.314	-8181.662	249.3482	0.7079828	0.5675096	0.534862	0.465138	8.267243
27036	-7925.65	-8176.159	250.5089	0.7405133	0.524319	0.466493	0.533507	7.666506
27042	-7938.074	-8188.235	250.1613	0.7520388	0.5289513	0.52204	0.47796	7.842177
27048	-7939.108	-8190.104	250.9963	0.8209423	0.4901179	0.461897	0.538103	7.392383
27054	-7934.348	-8183.857	249.509	0.7324157	0.6045459	0.463643	0.536357	8.13944
27060	-7927.196	-8177.079	249.8832	0.8507963	0.5131476	0.463643	0.536357	7.95145
27066	-7940.686	-8190.595	249.909	0.7106535	0.5870638	0.462077	0.537923	7.95145
27072	-7931.148	-8181.568	250.4194	0.7581629	0.5500628	0.415099	0.584901	7.683283
27078	-7928.258	-8179.585	251.3265	0.8369409	0.600315	0.478501	0.521499	7.114207
27084	-7935.465	-8186.943	251.4782	0.793609	0.5642457	0.456849	0.543151	7.084715
27090	-7933.675	-8183.969	250.2936	0.7897353	0.5575515	0.420363	0.579637	7.727496
27096	-7935.438	-8185.73	250.292	0.7112018	0.6280736	0.420363	0.579637	7.71502
27102	-7931.714	-8182.145	250.4303	0.8154429	0.5075909	0.532248	0.467752	7.682949
27108	-7934.725	-8185.087	250.3624	0.8524801	0.4730818	0.532248	0.467752	7.730367
27114	-7931.188	-8182.413	251.2246	0.8499577	0.5124176	0.472733	0.527267	7.234519
27120	-7946	-8197.701	251.7004	0.8690808	0.5646717	0.454391	0.545609	6.924126
27126	-7942.638	-8194.047	251.4088	0.8282995	0.5646717	0.497113	0.502887	7.103065
27132	-7937.73	-8188.947	251.2174	0.8438763	0.5992692	0.441951	0.558049	7.169945
27138	-7937.895	-8189.395	251.4999	0.7864708	0.458175	0.502499	0.497501	7.169945
27144	-7950.07	-8199.362	249.2921	0.738907	0.5526812	0.483326	0.516674	8.29271
27150	-7963.74	-8215.689	251.949	0.8260387	0.4777609	0.453035	0.546965	6.888634
27156	-7960.53	-8212.296	251.7661	0.8298935	0.5909684	0.43585	0.56415	6.888634
27162	-7957.272	-8209.086	251.8138	0.8298935	0.5591741	0.492283	0.507717	6.888634
27168	-7950.68	-8202.349	251.6694	0.8765281	0.4978036	0.488945	0.511055	6.993913
27174	-7944.683	-8196.788	252.1051	0.7968147	0.5590523	0.430142	0.569858	6.749373
27180	-7940.275	-8191.039	250.7645	0.8312635	0.4755042	0.430142	0.569858	7.524356
27186	-7943.566	-8194.269	250.7035	0.738831	0.5130007	0.452311	0.547689	7.573019
27192	-7932.137	-8183.003	250.866	0.788507	0.5504026	0.452311	0.547689	7.427641
27198	-7940.493	-8190.564	250.0712	0.788507	0.4581667	0.520421	0.479579	7.933913
27204	-7949.913	-8201.024	251.1105	0.799344	0.523749	0.585161	0.414839	7.313141
27210	-7946.665	-8198.28	251.6151	0.799344	0.585343	0.493476	0.506524	6.990933
27216	-7944.309	-8194.779	250.4702	0.76951	0.5837263	0.493476	0.506524	7.622752
27222	-7953.126	-8203.612	250.4859	0.8341279	0.5115481	0.53985	0.46015	7.639769
27228	-7944.3	-8195.662	251.3617	0.8296478	0.5207932	0.478313	0.521687	7.164496
27234	-7950.617	-8202.26	251.643	0.8296478	0.6305395	0.469625	0.530375	6.924491
27240	-7943.811	-8194.585	250.774	0.8105101	0.5516675	0.500041	0.499959	7.464107
27246	-7941.79	-8193.136	251.3469	0.8147105	0.5762815	0.487008	0.512992	7.134261
27252	-7937.145	-8188.89	251.7453	0.8120084	0.5640044	0.473042	0.526958	6.931228
27258	-7936.622	-8187.995	251.3734	0.8431855	0.5640044	0.479917	0.520083	7.114608
27264	-7943.572	-8194.384	250.8129	0.8507509	0.4619302	0.479917	0.520083	7.500542
27270	-7952.867	-8203.346	250.4797	0.8768661	0.4925959	0.481214	0.518786	7.636924
27276	-7955.48	-8207.58	252.0997	0.7925966	0.5235426	0.481214	0.518786	6.784584
27282	-7949.675	-8201.483	251.808	0.9104604	0.5013646	0.481214	0.518786	6.897793
27288	-7941.738	-8192.809	251.0714	0.8786087	0.6762712	0.476522	0.523478	7.172092
27294	-7940.104	-8190.826	250.7219	0.8388217	0.5183321	0.454124	0.545876	7.50502
27300	-7944.645	-8194.916	250.271	0.8288147	0.5338269	0.412186	0.587814	7.738409
27306	-7935.714	-8186.253	250.5384	0.83196	0.5566686	0.491881	0.508119	7.574669
27312	-7928.004	-8180.104	252.0994	0.8174997	0.5566686	0.442653	0.557347	6.743272
27318	-7920.713	-8171.133	250.4196	0.7854005	0.55185	0.485305	0.514695	7.667109
27324	-7928.538	-8179.003	250.4646	0.7542143	0.6132856	0.456646	0.543354	7.610927
27330	-7932.884	-8182.799	249.9153	0.777443	0.5121435	0.448485	0.551515	7.974351
27336	-7943.574	-8194.77	251.1958	0.7728575	0.5121435	0.498098	0.501902	7.291606
27342	-7942.969	-8193.482	250.5126	0.7495426	0.4399257	0.498098	0.501902	7.73632
27348	-7950.336	-8200.446	250.1102	0.8311718	0.4608744	0.520889	0.479111	7.887785
27354	-7956.679	-8208.12	251.4413	0.8311718	0.4608744	0.434887	0.565113	7.174867
27360	-7933.403	-8183.104	249.7002	0.8311718	0.4663283	0.468928	0.531072	8.101417
27366	-7934.98	-8184.462	249.4828	0.8004143	0.6252803	0.496498	0.503502	8.101417
27372	-7944.075	-8193.637	249.5618	0.8205663	0.5577817	0.435055	0.564945	8.101417
27378	-7936.521	-8186.475	249.9547	0.8205663	0.5577817	0.468997	0.531003	7.891897
27384	-7933.406	-8182.887	249.4806	0.6887388	0.6642237	0.537688	0.462312	8.133455
27390	-7929.221	-8181.14	251.919	0.8084737	0.4912218	0.445857	0.554143	6.902021
27396	-7932.945	-8184.826	251.8816	0.8526355	0.4371826	0.451588	0.548412	6.949094
27402	-7932.253	-8183.511	251.258	0.8280105	0.5079297	0.534282	0.465718	7.232309
27408	-7940.155	-8192.282	252.1268	0.8630812	0.5426683	0.534282	0.465718	6.715568
27414	-7938.892	-8191.592	252.7	0.8665438	0.6033707	0.478637	0.521363	6.353901
27420	-7954.511	-8207.33	252.8189	0.8627451	0.5042637	0.492148	0.507852	6.374326
27426	-7950.42	-8201.349	250.9284	0.7743667	0.5909199	0.421393	0.578607	7.369012
27432	-7954.85	-8204.276	249.4259	0.7957461	0.6303799	0.526549	0.473451	8.130412
27438	-7937.765	-8189.194	251.4283	0.7957461	0.5487474	0.49472	0.50528	7.12323
27444	-7943.234	-8193.567	250.3329	0.736405	0.5433643	0.428419	0.571581	7.746699
27450	-7951.091	-8201.546	250.4547	0.7545856	0.5624609	0.520961	0.479039	7.656122
27456	-7952.884	-8201.731	248.8469	0.6137794	0.5624609	0.446684	0.553316	8.587853
27462	-7951.109	-8199.895	248.7859	0.6354528	0.5678346	0.563635	0.436365	8.604387
27468	-7944.384	-8192.519	248.1345	0.6617101	0.5597928	0.490859	0.509141	8.942371
27474	-7943.942	-8195.138	251.1955	0.7523778	0.6012817	0.490859	0.509141	7.229318
27480	-7952.638	-8203.787	251.1491	0.7944937	0.6042431	0.500961	0.499039	7.229318
27486	-7949.18	-8200.703	251.5228	0.7944937	0.4821399	0.422342	0.577658	7.13107
27492	-7947.27	-8198.114	250.8439	0.7873509	0.5176418	0.422342	0.577658	7.467794
27498	-7949.058	-8200.588	251.53	0.7929566	0.5339438	0.526413	0.473587	7.082438
27504	-7945.09	-8196.615	251.5251	0.8904199	0.5061578	0.429384	0.570616	7.0567
27510	-7952.824	-8205.63	252.8056	0.9334734	0.51712	0.429384	0.570616	6.33181
27516	-7934.695	-8187.644	252.95	0.9334734	0.5537658	0.480632	0.519368	6.22201
27522	-7935.39	-8187.724	252.3338	0.8861433	0.5384484	0.480632	0.519368	6.594746
27528	-7929.264	-8180.624	251.3603	0.8463529	0.5323643	0.480632	0.519368	7.14636
27534	-7949.446	-8199.481	250.0353	0.8505235	0.6119722	0.480451	0.519549	7.789981
27540	-7943.081	-8193.703	250.6227	0.8078971	0.6119722	0.484039	0.515961	7.498514
27546	-7932.788	-8183.768	250.9802	0.8078971	0.5139331	0.469101	0.530899	7.386942
27552	-7928.897	-8179.254	250.3571	0.7887253	0.5246288	0.493233	0.506767	7.721621
27558	-7925.456	-8176.244	250.787	0.7273588	0.5273406	0.421797	0.578203	7.522091
27564	-7935.043	-8186.15	251.1061	0.7449802	0.5587652	0.426638	0.573362	7.315262
27570	-7930.151	-8181.209	251.0578	0.8028911	0.5706118	0.423414	0.576586	7.300486
27576	-7932.214	-8184.626	252.4117	0.8230144	0.6246622	0.502588	0.497412	6.517334
27582	-7936.14	-8187.202	251.0622	0.8775237	0.6470344	0.494511	0.505489	7.198922
27588	-7933.817	-8182.766	248.9487	0.7858396	0.4858508	0.467038	0.532962	8.507561
27594	-7939.471	-8188.439	248.9682	0.7600943	0.4895438	0.405062	0.594938	8.507561
27600	-7931.97	-8181.668	249.6983	0.713577	0.5309415	0.546146	0.453854	8.107982
27606	-7939.567	-8189.064	249.4969	0.7646286	0.6319332	0.457408	0.542592	8.107982
27612	-7934.772	-8185.191	250.4183	0.828252	0.5850337	0.457408	0.542592	7.618043
27618	-7938.322	-8188.854	250.5321	0.7926145	0.533948	0.464438	0.535562	7.618043
27624	-7940.978	-8191.045	250.0676	0.7419886	0.533948	0.464438	0.535562	7.89333
27630	-7935.591	-8185.632	250.0401	0.8212206	0.533948	0.583607	0.416393	7.86572
27636	-7943.478	-8193.525	250.0462	0.7045742	0.5444268	0.484606	0.515394	7.915942
27642	-7944.428	-8194.563	250.135	0.76259	0.570707	0.553775	0.446225	7.816062
27648	-7957.309	-8209.251	251.9416	0.76259	0.570707	0.416615	0.583385	6.846554
27654	-7953.348	-8205.208	251.8601	0.8540889	0.570707	0.523717	0.476283	6.841147
27660	-7944.444	-8195.183	250.7391	0.792549	0.484476	0.480786	0.519214	7.550486
27666	-7944.264	-8194.963	250.699	0.8227364	0.58538	0.480786	0.519214	7.470433
27672	-7957.914	-8209.474	251.5598	0.8227364	0.58538	0.480786	0.519214	7.008074
27678	-7960.036	-8210.824	250.7881	0.8143349	0.6119028	0.463703	0.536297	7.40647
27684	-7950.607	-8203.156	252.5499	0.863108	0.514258	0.480904	0.519096	6.511115
27690	-7937.931	-8188.784	250.8529	0.863108	0.5286705	0.485472	0.514528	7.412937
27696	-7953.902	-8204.843	250.9408	0.8800458	0.5790005	0.471222	0.528778	7.315112
27702	-7940.93	-8192.063	251.133	0.7783946	0.5204849	0.508014	0.491986	7.315112
27708	-7949.312	-8199.821	250.5092	0.7577839	0.5511309	0.448829	0.551171	7.634554
27714	-7947.004	-8197.931	250.9273	0.7768335	0.5197041	0.521458	0.478542	7.426964
27720	-7955.805	-8206.238	250.4323	0.7962707	0.5607521	0.434256	0.565744	7.647192
27726	-7952.181	-8203.324	251.1425	0.7551617	0.5794735	0.53988	0.46012	7.273512
27732	-7943.852	-8194.904	251.0517	0.7953546	0.585128	0.484843	0.515157	7.29614
27738	-7945.718	-8196.289	250.571	0.7596014	0.5969226	0.41972	0.58028	7.563721
27744	-7938.89	-8189.326	250.4361	0.7382653	0.5428243	0.434402	0.565598	7.691015
27750	-7927.552	-8178.477	250.925	0.7382653	0.5428243	0.524985	0.475015	7.429218
27756	-7942.93	-8193.91	250.9798	0.7775731	0.4602757	0.428003	0.571997	7.451881
27762	-7947.578	-8198.822	251.2436	0.7521568	0.5466566	0.440979	0.559021	7.247655
27768	-7944.495	-8195.6	251.1047	0.8525446	0.571821	0.435624	0.564376	7.247655
27774	-7949.831	-8200.105	250.2743	0.7628984	0.5923895	0.537906	0.462094	7.724249
27780	-7937.669	-8187.347	249.678	0.7253298	0.4905907	0.458931	0.541069	8.147561
27786	-7942.783	-8192.702	249.9192	0.7253298	0.53505	0.462745	0.537255	7.98047
27792	-7948.772	-8200.212	251.44	0.7898815	0.4940948	0.506027	0.493973	7.167254
27798	-7951.813	-8202.933	251.1195	0.7898815	0.6583763	0.499187	0.500813	7.206908
27804	-7945.798	-8197.985	252.1877	0.819459	0.4936153	0.499187	0.500813	6.748949
27810	-7954.293	-8203.359	249.0655	0.7143723	0.6082842	0.441191	0.558809	8.382259
27816	-7929.016	-8178.729	249.7135	0.7294679	0.4869265	0.528403	0.471597	8.12976
27822	-7941.108	-8190.442	249.3338	0.7592264	0.5361116	0.524985	0.475015	8.273408
27828	-7937.986	-8188.154	250.1679	0.747964	0.6223806	0.524985	0.475015	7.765987
27834	-7938.896	-8189.955	251.0595	0.747964	0.5248849	0.524985	0.475015	7.367127
27840	-7945.731	-8196.465	250.7344	0.745679	0.5135631	0.449737	0.550263	7.552352
27846	-7934.848	-8185.361	250.513	0.7760988	0.6165593	0.5309	0.4691	7.570781
27852	-7933.283	-8183.813	250.53	0.6603939	0.5474399	0.5309	0.4691	7.678581
27858	-7937.679	-8188.027	250.3482	0.795039	0.6658732	0.515343	0.484657	7.612281
27864	-7944.355	-8194.824	250.4699	0.8458217	0.4933237	0.449331	0.550669	7.658092
27870	-7945.146	-8195.7	250.5542	0.70127	0.6018967	0.449331	0.550669	7.600051
27876	-7945.531	-8195.865	250.334	0.7686121	0.4775593	0.512541	0.487459	7.786248
27882	-7939.89	-8190.255	250.3648	0.7733103	0.5081354	0.484946	0.515054	7.739983
27888	-7949.443	-8199.808	250.3651	0.8422147	0.4670724	0.493643	0.506357	7.739983
27894	-7927.144	-8177.54	250.3954	0.7820963	0.4844486	0.457455	0.542545	7.739983
27900	-7942.375	-8193.93	251.555	0.7820963	0.5980755	0.457455	0.542545	7.022512
27906	-7942.684	-8194.229	251.5454	0.857498	0.5541486	0.512596	0.487404	7.022512
27912	-7941.417	-8191.738	250.3212	0.7617189	0.6311849	0.512596	0.487404	7.670053
27918	-7934.643	-8185.627	250.9835	0.8481905	0.5508209	0.482127	0.517873	7.332253
27924	-7930.022	-8180.655	250.6331	0.7886142	0.5614498	0.449045	0.550955	7.54324
27930	-7932.042	-8182.269	250.2266	0.7936585	0.5648725	0.483407	0.516593	7.755269
27936	-7927.859	-8178.109	250.2503	0.8114052	0.55939	0.518786	0.481214	7.737539
27942	-7942.857	-8192.952	250.0947	0.8979571	0.6989585	0.518786	0.481214	7.669345
27948	-7940.801	-8192.413	251.6121	0.802833	0.6587763	0.416977	0.583023	6.934605
27954	-7929.726	-8181.265	251.5392	0.8466316	0.5737885	0.503876	0.496124	7.01564
27960	-7924.306	-8176.424	252.1173	0.8466316	0.583525	0.48749	0.51251	6.696006
27966	-7938.678	-8189.473	250.7946	0.8215058	0.6146225	0.506242	0.493758	7.397041
27972	-7939.399	-8189.757	250.3579	0.7960207	0.5021762	0.499097	0.500903	7.736809
27978	-7937.834	-8187.4	249.5664	0.7346451	0.5901751	0.557792	0.442208	8.11886
27984	-7945.915	-8196.615	250.6994	0.8325812	0.6828431	0.552776	0.447224	7.39186
27990	-7945.742	-8196.703	250.9612	0.7059416	0.5229039	0.510146	0.489854	7.444043
27996	-7964.585	-8216.039	251.4542	0.864269	0.5229039	0.483719	0.516281	7.094345
28002	-7963.355	-8213.805	250.4496	0.7295764	0.5058522	0.484432	0.515568	7.720031
28008	-7946.947	-8198.782	251.8346	0.8279132	0.5050027	0.484432	0.515568	6.924693
28014	-7928.185	-8179.047	250.8627	0.8180972	0.5523454	0.499826	0.500174	7.411924
28020	-7938.015	-8188.603	250.5879	0.7125405	0.5671202	0.44479	0.55521	7.603551
28026	-7949.21	-8199.753	250.5427	0.87396	0.5362159	0.525563	0.474437	7.566923
28032	-7937.391	-8187.089	249.698	0.7917687	0.4830078	0.463992	0.536008	8.108345
28038	-7927.78	-8178.612	250.8317	0.7960649	0.5255454	0.538261	0.461739	7.462859
28044	-7940.323	-8191.133	250.8104	0.7911517	0.5421981	0.444118	0.555882	7.462859
28050	-7928.265	-8178.159	249.8933	0.7911517	0.6009888	0.548199	0.451801	7.905991
28056	-7929.34	-8179.395	250.0548	0.7499509	0.502068	0.548199	0.451801	7.923389
28062	-7935.536	-8185.761	250.2246	0.7956562	0.4771256	0.535616	0.464384	7.830671
28068	-7942.28	-8192.992	250.7116	0.7903528	0.6173894	0.425228	0.574772	7.456146
28074	-7937.578	-8187.121	249.5432	0.7628689	0.470205	0.474526	0.525474	8.217828
28080	-7949.066	-8198.651	249.5847	0.699296	0.5486661	0.480626	0.519374	8.161299
28086	-7931.624	-8182.164	250.5398	0.8134765	0.5284161	0.480626	0.519374	7.607454
28092	-7943.197	-8193.886	250.6894	0.8288153	0.6469404	0.472798	0.527202	7.425249
28098	-7937.537	-8187.886	250.3495	0.7882437	0.538008	0.472798	0.527202	7.714599
28104	-7940.807	-8191.385	250.5777	0.8393008	0.6292504	0.520185	0.479815	7.49264
28110	-7935.352	-8186.444	251.0926	0.8183358	0.5479548	0.537171	0.462829	7.292097
28116	-7940.537	-8191.187	250.6495	0.7717161	0.5975676	0.42024	0.57976	7.514674
28122	-7943.703	-8193.643	249.9397	0.7385814	0.4748545	0.42024	0.57976	8.015243
28128	-7936.182	-8185.806	249.6241	0.7817658	0.5294232	0.459292	0.540708	8.112479
28134	-7947.009	-8198.101	251.092	0.725406	0.6299185	0.459292	0.540708	7.277424
28140	-7943.146	-8192.948	249.8017	0.7356733	0.5969823	0.483336	0.516664	7.987565
28146	-7941.288	-8192.21	250.9225	0.7430768	0.6180256	0.469045	0.530955	7.367895
28152	-7955.524	-8205.668	250.1441	0.7722525	0.5521821	0.564862	0.435138	7.821141
28158	-7948.879	-8201.828	252.9493	0.874803	0.5850592	0.539028	0.460972	6.228607
28164	-7945.024	-8196.714	251.6901	0.874803	0.5481495	0.539028	0.460972	6.940212
28170	-7936.39	-8188.291	251.901	0.874803	0.5159382	0.429026	0.570974	6.854011
28176	-7938.661	-8190.46	251.7996	0.8198123	0.5941321	0.451942	0.548058	6.873513
28182	-7939.044	-8189.649	250.6055	0.7551801	0.6412379	0.473552	0.526448	7.513885
28188	-7939.093	-8189.306	250.2125	0.6717641	0.5684175	0.452095	0.547905	7.825031
28194	-7932.417	-8183.526	251.1099	0.7690113	0.4935255	0.477874	0.522126	7.356248
28200	-7929.379	-8180.057	250.6779	0.8195785	0.4935255	0.477874	0.522126	7.56067
28206	-7922.642	-8173.382	250.7405	0.7909074	0.4944052	0.477874	0.522126	7.541732
28212	-7920.492	-8172.035	251.5434	0.773694	0.5027608	0.47598	0.52402	7.112637
28218	-7926.846	-8177.829	250.9829	0.8630554	0.5202973	0.481966	0.518034	7.350373
28224	-7931.801	-8182.345	250.5441	0.7639006	0.5039445	0.470516	0.529484	7.652854
28230	-7935.788	-8184.844	249.0559	0.7627676	0.4563221	0.537039	0.462961	8.489932
28236	-7954.222	-8205.785	251.5638	0.8904996	0.4876242	0.500715	0.499285	7.052389
28242	-7949.988	-8201.66	251.672	0.8547679	0.4458507	0.504349	0.495651	7.052389
28248	-7938.71	-8190.006	251.2957	0.8115985	0.4752513	0.481174	0.518826	7.250249
28254	-7940.901	-8194.318	253.4178	0.9864633	0.4914209	0.454525	0.545475	5.992856
28260	-7921.594	-8173.25	251.6555	0.8368404	0.5996642	0.400926	0.599074	6.937659
28266	-7931.517	-8181.754	250.2366	0.7864621	0.5669977	0.56295	0.43705	7.752038
28272	-7934.194	-8186.256	252.0621	0.8670835	0.4836247	0.47594	0.52406	6.800135
28278	-7934.296	-8185.864	251.5683	0.8753494	0.4836247	0.427705	0.572295	7.06179
28284	-7939.874	-8191.276	251.402	0.8753494	0.5875389	0.427705	0.572295	7.063011
28290	-7943.472	-8194.103	250.6314	0.7155814	0.5926068	0.527988	0.472012	7.558315
28296	-7944.658	-8194.701	250.043	0.7960429	0.5926068	0.527988	0.472012	7.829978
28302	-7937.393	-8187.529	250.1367	0.7257856	0.5767354	0.507608	0.492392	7.829978
28308	-7933.405	-8183.638	250.2326	0.7052649	0.5278985	0.507608	0.492392	7.829978
28314	-7928.114	-8177.577	249.4632	0.7052649	0.5278985	0.43638	0.56362	8.240195
28320	-7927.314	-8178.293	250.9795	0.8430018	0.4903712	0.456822	0.543178	7.389303
28326	-7928.266	-8178.651	250.3852	0.8068324	0.4682129	0.447041	0.552959	7.747093
28332	-7943.485	-8195.645	252.1603	0.9143028	0.5451727	0.485163	0.514837	6.667652
28338	-7933.666	-8184.565	250.8996	0.8263654	0.5908877	0.5311	0.4689	7.356601
28344	-7940.444	-8189.978	249.5339	0.8031354	0.507429	0.522795	0.477205	8.168027
28350	-7932.029	-8182.708	250.6794	0.7886458	0.4639604	0.45075	0.54925	7.603373
28356	-7934.615	-8185.799	251.1843	0.8015736	0.4706482	0.545848	0.454152	7.319663
28362	-7936.12	-8187.007	250.8875	0.8015736	0.6659628	0.435206	0.564794	7.319663
28368	-7941.034	-8192.437	251.4024	0.7555286	0.6897978	0.484014	0.515986	7.050652
28374	-7932.91	-8182.671	249.7613	0.6881044	0.5231281	0.495154	0.504846	8.094614
28380	-7914.739	-8166.377	251.6373	0.7965513	0.5029537	0.495154	0.504846	7.049662
28386	-7925.202	-8176.583	251.3813	0.7965513	0.6761306	0.467679	0.532321	7.049662
28392	-7941.08	-8192.171	251.0914	0.7781152	0.5567258	0.467679	0.532321	7.307049
28398	-7946.936	-8198.381	251.4449	0.8335729	0.528769	0.48603	0.51397	7.110798
28404	-7936.773	-8188.128	251.3558	0.8918756	0.5483988	0.485227	0.514773	7.110798
28410	-7930.048	-8179.874	249.8258	0.7066076	0.5592772	0.510387	0.489613	8.020209
28416	-7934.387	-8185.559	251.1718	0.8306802	0.5445226	0.453923	0.546077	7.24578
28422	-7941.516	-8191.738	250.2226	0.7526528	0.6334063	0.422708	0.577292	7.725949
28428	-7944.909	-8195.648	250.7392	0.7526528	0.5058605	0.571378	0.428622	7.552736
28434	-7945.656	-8196.836	251.1798	0.8447434	0.4441245	0.396768	0.603232	7.323952
28440	-7955.304	-8205.927	250.6229	0.7916953	0.6431253	0.531688	0.468312	7.483613
28446	-7941.178	-8190.921	249.7429	0.7398857	0.6431253	0.532368	0.467632	7.981732
28452	-7932.355	-8182.759	250.404	0.7701583	0.615668	0.472282	0.527718	7.632988
28458	-7921.102	-8172.858	251.7565	0.8570831	0.5881565	0.461796	0.538204	6.881386
28464	-7917.331	-8167.775	250.4432	0.7847149	0.5703177	0.504367	0.495633	7.639824
28470	-7931.066	-8180.435	249.3695	0.7305534	0.4828388	0.511668	0.488332	8.315991
28476	-7925.849	-8175.373	249.5246	0.7650182	0.4404176	0.499751	0.500249	8.254583
28482	-7940.803	-8190.089	249.2858	0.7897005	0.5704875	0.499751	0.500249	8.254583
28488	-7931.58	-8183.083	251.5035	0.7897005	0.5602655	0.514254	0.485746	7.076488
28494	-7933.403	-8184.974	251.5703	0.8841629	0.558949	0.441304	0.558696	6.990775
28500	-7942.017	-8193.438	251.421	0.7994709	0.521643	0.441304	0.558696	7.1481
28506	-7947.217	-8198.524	251.3068	0.8041803	0.5930583	0.390285	0.609715	7.1481
28512	-7936.74	-8187.515	250.7748	0.7744119	0.6760278	0.416606	0.583394	7.387457
28518	-7935.387	-8186.487	251.0998	0.7678464	0.5145181	0.416606	0.583394	7.343758
28524	-7948.285	-8197.909	249.6237	0.750465	0.6833255	0.47286	0.52714	8.01063
28530	-7936.008	-8186.267	250.2586	0.7829033	0.5517382	0.50778	0.49222	7.754635
28536	-7940.719	-8191.237	250.5177	0.7542345	0.5645944	0.485999	0.514001	7.620905
28542	-7942.993	-8194.191	251.1977	0.7832105	0.600452	0.485999	0.514001	7.212229
28548	-7936.805	-8186.605	249.8002	0.7382093	0.5396577	0.478272	0.521728	8.033231
28554	-7953.634	-8204.252	250.6175	0.7464301	0.5977562	0.52174	0.47826	7.545228
28560	-7946.599	-8195.896	249.297	0.7106668	0.4505697	0.464697	0.535303	8.394851
28566	-7947.451	-8196.61	249.1587	0.7255198	0.5238545	0.446965	0.553035	8.394851
28572	-7949.176	-8198.832	249.6564	0.7116753	0.5525564	0.418905	0.581095	8.113319
28578	-7953.194	-8205.036	251.8426	0.8550515	0.4680806	0.550092	0.449908	6.939314
28584	-7950.43	-8202.659	252.2283	0.8550515	0.459263	0.517787	0.482213	6.739546
28590	-7942.957	-8193.776	250.8186	0.7400951	0.593817	0.463116	0.536884	7.443968
28596	-7928.04	-8178.175	250.1347	0.7894065	0.4789877	0.463464	0.536536	7.880331
28602	-7949.152	-8201.523	252.3714	0.7345023	0.5642999	0.463464	0.536536	6.63486
28608	-7947.273	-8197.993	250.7195	0.7345023	0.5246417	0.429672	0.570328	7.556715
28614	-7936.463	-8186.393	249.9303	0.827897	0.5182246	0.516206	0.483794	7.934145
28620	-7941.703	-8192.479	250.7753	0.7984372	0.6851853	0.539698	0.460302	7.367771
28626	-7923.499	-8174.847	251.3482	0.7984372	0.5761742	0.519659	0.480341	7.142382
28632	-7941.247	-8191.894	250.647	0.8104724	0.5949705	0.500929	0.499071	7.497314
28638	-7953.659	-8204.415	250.756	0.790332	0.5363768	0.438192	0.561808	7.497314
28644	-7940.078	-8190.924	250.8468	0.8907855	0.5363768	0.516139	0.483861	7.39479
28650	-7960.111	-8210.195	250.0846	0.8155905	0.5794475	0.458155	0.541845	7.807706
28656	-7969.665	-8219.818	250.1539	0.7462659	0.5794475	0.563583	0.436417	7.807706
28662	-7945.976	-8198.009	252.0332	0.8128161	0.4707249	0.507786	0.492214	6.856892
28668	-7951.857	-8202.368	250.511	0.7906818	0.628163	0.512081	0.487919	7.555244
28674	-7959.65	-8210.281	250.6307	0.8392295	0.5328267	0.484462	0.515538	7.541238
28680	-7942.56	-8194.313	251.7538	0.8876179	0.5450707	0.482271	0.517729	6.901595
28686	-7933.697	-8184.331	250.6342	0.8551995	0.5132399	0.482271	0.517729	7.547593
28692	-7934.138	-8184.845	250.7071	0.8485924	0.5132399	0.497728	0.502272	7.51212
28698	-7953.265	-8204.197	250.9321	0.8695523	0.5267441	0.425042	0.574958	7.368644
28704	-7956.306	-8207.175	250.8687	0.866272	0.5697053	0.447491	0.552509	7.368644
28710	-7936.02	-8187.303	251.2834	0.8762357	0.5138341	0.432114	0.567886	7.187593
28716	-7950.897	-8201.536	250.6386	0.8978783	0.5409312	0.423416	0.576584	7.498753
28722	-7950.792	-8200.016	249.2236	0.7841628	0.5012684	0.529186	0.470814	8.34866
28728	-7949.364	-8198.645	249.2805	0.7185567	0.5065512	0.450052	0.549948	8.34866
28734	-7937.755	-8186.383	248.6288	0.7185567	0.4960313	0.538763	0.461237	8.704075
28740	-7946.654	-8196.68	250.0253	0.7926399	0.5825251	0.493896	0.506104	7.849168
28746	-7939.856	-8189.925	250.0693	0.7486594	0.5825251	0.493896	0.506104	7.849168
28752	-7931.284	-8182.441	251.1573	0.7486594	0.5560262	0.493896	0.506104	7.28808
28758	-7935.81	-8187.038	251.2275	0.7505848	0.5103994	0.428822	0.571178	7.28808
28764	-7946.335	-8195.868	249.5331	0.758012	0.7469749	0.445279	0.554721	8.011408
28770	-7945.544	-8195.809	250.2653	0.7675375	0.5119752	0.443758	0.556242	7.792912
28776	-7944.211	-8193.928	249.7169	0.7221945	0.5360501	0.495859	0.504141	8.089185
28782	-7937.142	-8187.005	249.8631	0.7142758	0.5554254	0.469187	0.530813	7.999391
28788	-7940.382	-8191.608	251.2261	0.8111988	0.5803119	0.469187	0.530813	7.197839
28794	-7946.853	-8198.334	251.4811	0.8403698	0.5992213	0.469187	0.530813	7.030053
28800	-7952.029	-8203.617	251.5878	0.816437	0.5976922	0.469187	0.530813	6.98668
28806	-7957.427	-8207.897	250.4697	0.8204113	0.6072428	0.469187	0.530813	7.577376
28812	-7946.501	-8197.065	250.5639	0.8391732	0.5324216	0.469187	0.530813	7.577376
28818	-7943.803	-8194.366	250.5635	0.7799272	0.5965272	0.444939	0.555061	7.557162
28824	-7942.172	-8192.817	250.6451	0.8106393	0.5413617	0.494944	0.505056	7.541663
28830	-7936.544	-8187.671	251.1268	0.8925092	0.6616004	0.467917	0.532083	7.145458
28836	-7946.473	-8198.357	251.8832	0.8877649	0.5286035	0.467917	0.532083	6.845659
28842	-7949.955	-8201.891	251.9355	0.9262912	0.4736171	0.536454	0.463546	6.845659
28848	-7940.442	-8192.715	252.2731	0.893545	0.5464982	0.536454	0.463546	6.616797
28854	-7947.058	-8197.932	250.8742	0.8826476	0.4946112	0.536454	0.463546	7.420713
28860	-7947.333	-8197.956	250.6226	0.8238562	0.5475197	0.536454	0.463546	7.541485
28866	-7939.637	-8189.972	250.3354	0.7948815	0.5881422	0.4602	0.5398	7.677801
28872	-7952.511	-8203.588	251.0769	0.7892065	0.5305049	0.462995	0.537005	7.330826
28878	-7946.293	-8196.325	250.0316	0.7700811	0.5429331	0.509861	0.490139	7.890013
28884	-7939.915	-8190.03	250.1141	0.7489597	0.5046054	0.509861	0.490139	7.890013
28890	-7956.32	-8207.219	250.8987	0.8356098	0.6553331	0.520432	0.479568	7.303136
28896	-7937.105	-8188.304	251.1984	0.8385359	0.5938855	0.503765	0.496235	7.187276
28902	-7954.926	-8205.548	250.6211	0.7490974	0.538744	0.481776	0.518224	7.589618
28908	-7968.191	-8219.698	251.507	0.7866475	0.5360668	0.589447	0.410553	7.096428
28914	-7958.046	-8207.365	249.3185	0.7537801	0.5768564	0.463257	0.536743	8.251214
28920	-7948.997	-8200.182	251.1851	0.7878334	0.5111355	0.486297	0.513703	7.290188
28926	-7946.116	-8197.293	251.1769	0.7926153	0.513278	0.585915	0.414085	7.290188
28932	-7953.534	-8204.962	251.4273	0.7926153	0.5685388	0.4772	0.5228	7.109168
28938	-7958.085	-8209.251	251.166	0.7904736	0.6423962	0.4772	0.5228	7.193394
28944	-7947.96	-8198.195	250.2353	0.8717484	0.5516158	0.4772	0.5228	7.71972
28950	-7933.312	-8184.374	251.0617	0.8763164	0.5295133	0.4772	0.5228	7.293067
28956	-7943.823	-8193.07	249.2476	0.7420914	0.5722677	0.517924	0.482076	8.298806
28962	-7941.668	-8190.415	248.7469	0.6775737	0.5722677	0.505093	0.494907	8.599203
28968	-7952.388	-8204.3	251.9124	0.8247499	0.6174356	0.471323	0.528677	6.791832
28974	-7934.41	-8185.481	251.0711	0.8583775	0.5716833	0.471323	0.528677	7.262679
28980	-7927.725	-8176.761	249.0355	0.6892077	0.5705834	0.490956	0.509044	8.441086
28986	-7939.652	-8191.074	251.4217	0.8129536	0.5705834	0.490956	0.509044	7.099549
28992	-7930.46	-8181.59	251.1298	0.8031745	0.6048242	0.51908	0.48092	7.23453
28998	-7933.246	-8184.039	250.7933	0.8378842	0.6048242	0.51908	0.48092	7.396499
29004	-7929.629	-8181.633	252.0039	0.8240195	0.6127108	0.481306	0.518694	6.746471
29010	-7941.25	-8191.537	250.2867	0.7892968	0.5109458	0.438777	0.561223	7.770735
29016	-7936.797	-8187.473	250.6761	0.7553838	0.5346751	0.438777	0.561223	7.560256
29022	-7941.929	-8192.531	250.6028	0.7553838	0.5275741	0.438777	0.561223	7.605543
29028	-7938.5	-8187.33	248.8297	0.7504386	0.5374146	0.438777	0.561223	8.544994
29034	-7935.816	-8185.929	250.1138	0.7540342	0.5594574	0.453854	0.546146	7.841076
29040	-7946.846	-8197.45	250.6035	0.8012464	0.5300578	0.44722	0.55278	7.578496
29046	-7955.659	-8207.303	251.644	0.8075227	0.6837836	0.44722	0.55278	6.896773
29052	-7933.744	-8185.081	251.3373	0.8258622	0.599301	0.451345	0.548655	7.11516
29058	-7947.682	-8198.672	250.9897	0.7127825	0.534636	0.534209	0.465791	7.415081
29064	-7931.539	-8180.804	249.2646	0.8034966	0.5323166	0.474307	0.525693	8.289907
29070	-7928.05	-8177.213	249.1626	0.7534751	0.5769239	0.474307	0.525693	8.334288
29076	-7932.704	-8182.669	249.9645	0.733059	0.5737869	0.489046	0.510954	7.920423
29082	-7940.412	-8190.485	250.0733	0.7756552	0.470154	0.489046	0.510954	7.928485
29088	-7938.416	-8188.575	250.1586	0.7315803	0.4467107	0.442932	0.557068	7.928485
29094	-7948.336	-8198.724	250.3885	0.841941	0.5161044	0.531268	0.468732	7.683693
29100	-7945.69	-8197.144	251.4536	0.8559002	0.5098137	0.495359	0.504641	7.110541
29106	-7933.033	-8184.44	251.407	0.8559002	0.5698768	0.456148	0.543852	7.084964
29112	-7946.124	-8195.766	249.6425	0.7800964	0.5526744	0.519959	0.480041	8.08419
29118	-7943.638	-8194.098	250.4594	0.7680112	0.6560291	0.557505	0.442495	7.574347
29124	-7948.367	-8198.448	250.0807	0.7491455	0.5265082	0.468677	0.531323	7.88881
29130	-7931.314	-8182.134	250.8204	0.7504052	0.5265082	0.501949	0.498051	7.492566
29136	-7944.687	-8195.048	250.3614	0.7504052	0.5265082	0.467975	0.532025	7.7382
29142	-7938.231	-8190.144	251.9128	0.775198	0.5914264	0.541887	0.458113	6.838651
29148	-7938.267	-8190.296	252.0299	0.871966	0.5468627	0.457684	0.542316	6.759571
29154	-7941.506	-8192.637	251.1311	0.9360506	0.5468627	0.487277	0.512723	7.209099
29160	-7931.653	-8183.547	251.8938	0.879376	0.4674708	0.475893	0.524107	6.89919
29166	-7956.032	-8206.016	249.984	0.7355267	0.6500163	0.507913	0.492087	7.850288
29172	-7944.047	-8195.482	251.4352	0.7978008	0.6199576	0.488327	0.511673	7.061613
29178	-7943.986	-8195.287	251.3011	0.8181396	0.4656822	0.488327	0.511673	7.252677
29184	-7935.721	-8186.977	251.2561	0.8124904	0.4954767	0.488327	0.511673	7.252677
29190	-7930.467	-8181.593	251.1268	0.8124904	0.5775551	0.482685	0.517315	7.252677
29196	-7927.264	-8178.465	251.2013	0.8202495	0.5598706	0.482685	0.517315	7.22285
29202	-7934.16	-8185.387	251.2268	0.8547703	0.4832693	0.482685	0.517315	7.256742
29208	-7938.287	-8190.018	251.7311	0.863744	0.4904486	0.512024	0.487976	6.974164
29214	-7952.433	-8203.421	250.9884	0.7915219	0.5730327	0.529088	0.470912	7.341843
29220	-7946.511	-8197.374	250.8628	0.876262	0.6062959	0.443487	0.556513	7.337514
29226	-7942.288	-8192.53	250.2425	0.8779147	0.4695271	0.443487	0.556513	7.784131
29232	-7963.961	-8216.56	252.5993	0.9846225	0.467862	0.480687	0.519313	6.46062
29238	-7951.351	-8202.533	251.182	0.8289361	0.6156068	0.507358	0.492642	7.184352
29244	-7937.301	-8189.335	252.0333	0.7635296	0.5678422	0.488378	0.511622	6.798898
29250	-7929.221	-8181.049	251.8281	0.8285573	0.6300341	0.488378	0.511622	6.825671
29256	-7941.566	-8192.955	251.3891	0.805533	0.439646	0.487609	0.512391	7.236972
29262	-7938.548	-8191.008	252.4598	0.9145381	0.649064	0.438075	0.561925	6.423243
29268	-7940.983	-8191.846	250.8631	0.9145381	0.5138648	0.483836	0.516164	7.392604
29274	-7946.021	-8195.496	249.4745	0.7029788	0.4827298	0.483836	0.516164	8.274863
29280	-7934.651	-8185.827	251.1763	0.7796368	0.5227568	0.489972	0.510028	7.289238
29286	-7941.614	-8191.109	249.4945	0.699058	0.602601	0.489972	0.510028	8.166452
29292	-7953.267	-8203.158	249.8905	0.7940422	0.5918257	0.489972	0.510028	7.913086
29298	-7946.867	-8198.032	251.1648	0.7940422	0.6418973	0.489972	0.510028	7.192502
29304	-7933.668	-8183.547	249.8793	0.810355	0.5186404	0.506596	0.493404	7.970362
29310	-7944.141	-8194.066	249.925	0.7664238	0.5349851	0.507582	0.492418	7.955543
29316	-7950.994	-8199.727	248.7337	0.7348497	0.5397144	0.502147	0.497853	8.602326
29322	-7926.454	-8177.367	250.9137	0.8635418	0.4621173	0.502147	0.497853	7.439515
29328	-7933.746	-8185.887	252.1417	0.8358837	0.4720537	0.461171	0.538829	6.784676
29334	-7943.937	-8194.449	250.512	0.8358837	0.4720537	0.461171	0.538829	7.660182
29340	-7958.019	-8208.604	250.585	0.694463	0.7092475	0.390443	0.609557	7.508679
29346	-7930.755	-8182.688	251.933	0.8883451	0.5377135	0.453177	0.546823	6.810722
29352	-7932.051	-8182.832	250.7809	0.8814138	0.5460137	0.453177	0.546823	7.427064
29358	-7942.396	-8192.319	249.9239	0.7870077	0.4776337	0.486024	0.513976	7.995287
29364	-7952.796	-8202.293	249.4973	0.7410161	0.4851091	0.545405	0.454595	8.240347
29370	-7939.593	-8189.07	249.477	0.7045735	0.5195468	0.511874	0.488126	8.240347
29376	-7949.95	-8200.648	250.6976	0.68707	0.4798138	0.44646	0.55354	7.6334
29382	-7936.361	-8186.851	250.4896	0.7339347	0.5790388	0.44646	0.55354	7.635147
29388	-7943.668	-8193.921	250.2527	0.7921608	0.4821481	0.446314	0.553686	7.812934
29394	-7931.71	-8183.533	251.823	0.8572697	0.6357279	0.486403	0.513597	6.808622
29400	-7937.642	-8188.934	251.292	0.8572697	0.4420946	0.471789	0.528211	7.25896
29406	-7927.858	-8177.661	249.8024	0.7829234	0.4957425	0.456418	0.543582	8.045979
29412	-7935.497	-8186.505	251.0077	0.730387	0.5190953	0.454493	0.545507	7.409293
29418	-7940.79	-8191.174	250.3847	0.7167975	0.6111637	0.570123	0.429877	7.675282
29424	-7929.095	-8179.474	250.3792	0.7467621	0.5943093	0.555097	0.444903	7.675282
29430	-7919.308	-8169.588	250.2799	0.7436526	0.6380185	0.555097	0.444903	7.696712
29436	-7929.441	-8179.748	250.3069	0.7443648	0.4724588	0.555097	0.444903	7.818367
29442	-7942.537	-8192.69	250.1534	0.7540662	0.5681778	0.456735	0.543265	7.81286
29448	-7942.255	-8194.203	251.9477	0.8701141	0.5233443	0.502405	0.497595	6.824947
29454	-7946.388	-8196.954	250.5662	0.8434564	0.6078535	0.502405	0.497595	7.512896
29460	-7941.884	-8191.971	250.0862	0.8336911	0.5930379	0.45648	0.54352	7.786411
29466	-7939.164	-8189.379	250.2152	0.7200527	0.5826204	0.450784	0.549216	7.786411
29472	-7944.479	-8195.141	250.6618	0.7929692	0.6211461	0.446812	0.553188	7.47856
29478	-7948.92	-8200.24	251.3203	0.7478618	0.5531336	0.499857	0.500143	7.203374
29484	-7955.959	-8208.039	252.08	0.8035023	0.5367118	0.499857	0.500143	6.778031
29490	-7949.931	-8202.274	252.3431	0.8458606	0.6297496	0.479683	0.520317	6.53823
29496	-7951.873	-8203.417	251.544	0.8853658	0.5657791	0.474978	0.525022	6.998657
29502	-7954.271	-8204.941	250.6695	0.8074095	0.6298337	0.474978	0.525022	7.460128
29508	-7956.93	-8207.897	250.9671	0.7435071	0.6241805	0.462886	0.537114	7.339066
29514	-7956.138	-8207.826	251.6879	0.7783754	0.6241805	0.419232	0.580768	6.932785
29520	-7937.025	-8189.222	252.1968	0.7783754	0.5345936	0.500822	0.499178	6.730331
29526	-7949.426	-8201.191	251.7648	0.7714548	0.5288832	0.425674	0.574326	6.971956
29532	-7943.031	-8194.387	251.3563	0.7812545	0.5511085	0.415391	0.584609	7.167748
29538	-7947.09	-8197.266	250.1763	0.8015367	0.5163332	0.530145	0.469855	7.818549
29544	-7947.762	-8198.698	250.9364	0.7613722	0.5752867	0.443183	0.556817	7.384135
29550	-7938.254	-8189.42	251.1661	0.8063948	0.5886875	0.443183	0.556817	7.226004
29556	-7935.266	-8186.266	250.9997	0.7940478	0.5344949	0.501046	0.498954	7.366268
29562	-7937.805	-8189.392	251.5872	0.7584949	0.5163514	0.501046	0.498954	7.085353
29568	-7927.222	-8178.858	251.6358	0.8043464	0.5558989	0.477816	0.522184	7.001001
29574	-7937.601	-8188.964	251.3627	0.8563843	0.4225443	0.477816	0.522184	7.240642
29580	-7932.12	-8184.269	252.1495	0.9209438	0.6060772	0.488988	0.511012	6.620581
29586	-7941.33	-8193.674	252.3447	0.8451902	0.5272755	0.503417	0.496583	6.620581
29592	-7944.661	-8194.805	250.1438	0.7691619	0.465921	0.503417	0.496583	7.898256
29598	-7946.752	-8196.921	250.1686	0.6992237	0.4924478	0.500655	0.499345	7.898256
29604	-7936.845	-8186.33	249.4843	0.792455	0.4924478	0.431762	0.568238	8.21331
29610	-7949.138	-8199.933	250.7947	0.7581256	0.4854783	0.424396	0.575604	7.538254
29616	-7952.572	-8202.592	250.0205	0.7581256	0.5576802	0.54523	0.45477	7.89016
29622	-7963.278	-8213.065	249.7874	0.7999062	0.7398173	0.478736	0.521264	7.858097
29628	-7948.822	-8199.439	250.6171	0.8144723	0.4828011	0.464799	0.535201	7.605595
29634	-7945.075	-8195.788	250.7134	0.7322994	0.6596863	0.464799	0.535201	7.454779
29640	-7940.628	-8191.287	250.6592	0.7378026	0.5950947	0.422876	0.577124	7.529608
29646	-7937.208	-8187.678	250.4694	0.8100974	0.6018509	0.426915	0.573085	7.58727
29652	-7935.027	-8186.844	251.8174	0.8100974	0.6018509	0.457006	0.542994	6.863072
29658	-7929.477	-8180.669	251.1927	0.7972907	0.618231	0.484929	0.515071	7.193622
29664	-7941.509	-8190.98	249.471	0.7844335	0.493758	0.494799	0.505201	8.223509
29670	-7948.393	-8199.484	251.0917	0.7844335	0.4671345	0.480629	0.519371	7.381816
29676	-7956.673	-8208.169	251.496	0.8596668	0.5820679	0.512819	0.487181	7.025214
29682	-7951.391	-8202.833	251.442	0.9082398	0.5857201	0.456558	0.543442	7.025214
29688	-7955.793	-8207.593	251.8004	0.9082398	0.5722801	0.509678	0.490322	6.842888
29694	-7949.503	-8202.224	252.7209	0.9485463	0.5947345	0.47672	0.52328	6.304903
29700	-7941.743	-8192.946	251.2034	0.7745623	0.685495	0.473217	0.526783	7.150489
29706	-7933.192	-8184.402	251.2105	0.8642208	0.5370189	0.473217	0.526783	7.213306
29712	-7952.186	-8203.984	251.798	0.8536974	0.4846394	0.508865	0.491135	6.948828
29718	-7926.891	-8178.099	251.2082	0.8536974	0.4846394	0.521291	0.478709	7.266054
29724	-7955.331	-8206.347	251.0168	0.9572182	0.521772	0.521321	0.478679	7.280382
29730	-7947.19	-8198.998	251.8073	0.8108159	0.521772	0.521321	0.478679	6.933964
29736	-7940.894	-8191.688	250.7936	0.8072762	0.5874536	0.517964	0.482036	7.426367
29742	-7941.044	-8192.832	251.7879	0.8419275	0.4766836	0.438029	0.561971	6.967892
29748	-7942.172	-8192.726	250.5541	0.7905587	0.6100686	0.514066	0.485934	7.546017
29754	-7944.589	-8195.059	250.4706	0.7924768	0.533337	0.445815	0.554185	7.651516
29760	-7933.108	-8183.842	250.7336	0.7924768	0.6003754	0.469337	0.530663	7.456334
29766	-7936.955	-8188.677	251.7218	0.7924768	0.5351531	0.46613	0.53387	6.978451
29772	-7934.629	-8185.621	250.9918	0.6936056	0.5803048	0.46613	0.53387	7.38672
29778	-7948.27	-8199.583	251.3128	0.735283	0.4744747	0.450706	0.549294	7.282724
29784	-7944.233	-8195.22	250.9877	0.7468048	0.5487275	0.456236	0.543764	7.386096
29790	-7942.837	-8192.868	250.0316	0.7581553	0.5487275	0.50228	0.49772	7.891584
29796	-7951.622	-8203.015	251.3934	0.7908593	0.4960614	0.484165	0.515835	7.190005
29802	-7927.345	-8178.853	251.5082	0.8387441	0.605884	0.484165	0.515835	7.011119
29808	-7938.293	-8189.948	251.6543	0.7743872	0.5511232	0.484165	0.515835	7.011119
29814	-7924.474	-8175.703	251.2292	0.8422173	0.5198926	0.488342	0.511658	7.229695
29820	-7931.031	-8181.689	250.658	0.7306066	0.5286643	0.465382	0.534618	7.588332
29826	-7944.324	-8194.98	250.6556	0.8011726	0.4797846	0.491942	0.508058	7.594838
29832	-7939.112	-8188.789	249.6771	0.801058	0.5605891	0.496294	0.503706	8.048071
29838	-7933.677	-8183.934	250.2575	0.7443363	0.5605891	0.496294	0.503706	7.768559
29844	-7942.537	-8192.075	249.5384	0.7370307	0.5286678	0.496294	0.503706	8.182615
29850	-7938.538	-8188.056	249.518	0.706945	0.5610429	0.483275	0.516725	8.182615
29856	-7941.367	-8191.531	250.1643	0.7027733	0.6019137	0.510125	0.489875	7.80774
29862	-7942.589	-8193.318	250.7287	0.8010243	0.5256821	0.534382	0.465618	7.515277
29868	-7931.962	-8183.536	251.5737	0.8491251	0.5394203	0.534382	0.465618	7.024069
29874	-7925.908	-8176.857	250.9496	0.7531186	0.5394203	0.452155	0.547845	7.410915
29880	-7940.05	-8190.904	250.8535	0.775274	0.5435841	0.497639	0.502361	7.447112
29886	-7934.404	-8186.808	252.404	0.8004411	0.5729591	0.485001	0.514999	6.574486
29892	-7940.325	-8190.959	250.6346	0.7571439	0.6081086	0.442359	0.557641	7.522302
29898	-7929.11	-8179.814	250.7048	0.7138146	0.5896388	0.501997	0.498003	7.522302
29904	-7938.062	-8189.749	251.6871	0.75828	0.561056	0.501997	0.498003	6.993936
29910	-7946.908	-8200.017	253.1087	0.8977122	0.516395	0.50908	0.49092	6.187197
29916	-7951.226	-8203.729	252.503	0.8977122	0.5026248	0.50908	0.49092	6.528097
29922	-7938.488	-8191.488	253	0.8400843	0.4997126	0.501211	0.498789	6.292419
29928	-7926.187	-8178.385	252.1986	0.8442856	0.5457954	0.501211	0.498789	6.684268
29934	-7932.004	-8181.756	249.752	0.8344818	0.5434886	0.471791	0.528209	8.004414
29940	-7939.503	-8189.961	250.4575	0.73137	0.5594705	0.479432	0.520568	7.669499
29946	-7949.693	-8200.259	250.5655	0.7707789	0.5336017	0.55933	0.44067	7.612144
29952	-7933.851	-8183.633	249.7827	0.781491	0.5919608	0.46987	0.53013	7.97715
29958	-7922.782	-8173.198	250.4158	0.7163724	0.5919608	0.472239	0.527761	7.673808
29964	-7916.077	-8167.031	250.9543	0.8019044	0.5524803	0.497957	0.502043	7.37137
29970	-7934.616	-8185.387	250.7711	0.8042851	0.71027	0.511025	0.488975	7.349371
29976	-7944.183	-8195.051	250.8683	0.7752349	0.4754424	0.506802	0.493198	7.498811
29982	-7932.354	-8183.129	250.7749	0.7752349	0.5606214	0.512778	0.487222	7.475128
29988	-7938.343	-8188.916	250.5735	0.7066233	0.5606214	0.450958	0.549042	7.619753
29994	-7941.268	-8193.513	252.2443	0.8442586	0.5890266	0.445967	0.554033	6.624236
30000	-7956.39	-8209.68	253.2901	0.9548837	0.5740258	0.470789	0.529211	6.008384
30006	-7937.558	-8190.38	252.8214	0.9412355	0.4650579	0.418003	0.581997	6.366346
30012	-7948.823	-8200.38	251.5568	1.015494	0.6249088	0.510734	0.489266	6.875047
30018	-7939.904	-8191.856	251.9519	0.9724803	0.4441145	0.471112	0.528888	6.839832
30024	-7929.156	-8181.284	252.1287	0.8201528	0.483544	0.50538	0.49462	6.789596
30030	-7933.95	-8185.173	251.2224	0.8201528	0.5776516	0.458521	0.541479	7.197123
30036	-7930.286	-8181.554	251.268	0.764687	0.5843009	0.458521	0.541479	7.197123
30042	-7937.858	-8190.159	252.3011	0.8515565	0.5656958	0.494053	0.505947	6.608424
30048	-7939.573	-8191.878	252.3051	0.8515565	0.6120684	0.50041	0.49959	6.569272
30054	-7934.744	-8185.985	251.2409	0.8180346	0.6110105	0.50041	0.49959	7.16208
30060	-7934.058	-8184.261	250.203	0.8492752	0.4674092	0.50928	0.49072	7.822485
30066	-7941.363	-8190.897	249.5336	0.832526	0.5681144	0.463887	0.536113	8.101721
30072	-7929.526	-8180.321	250.7949	0.7577934	0.539202	0.439207	0.560793	7.491531
30078	-7944.62	-8194.858	250.2377	0.7317562	0.5076492	0.519886	0.480114	7.830559
30084	-7957.455	-8207.12	249.6653	0.7632872	0.4554125	0.460169	0.539831	8.166325
30090	-7938.721	-8188.512	249.791	0.7560781	0.5059695	0.460169	0.539831	8.05739
30096	-7934.472	-8186.909	252.4369	0.8729148	0.5006786	0.460169	0.539831	6.579047
30102	-7941.224	-8192.08	250.8564	0.882301	0.5949429	0.55438	0.44562	7.34654
30108	-7922.973	-8174.051	251.0786	0.7661243	0.480342	0.538052	0.461948	7.386505
30114	-7934.758	-8186.403	251.6445	0.762952	0.597103	0.519056	0.480944	6.985376
30120	-7943.723	-8193.269	249.5463	0.7448565	0.5343003	0.455061	0.544939	8.16945
30126	-7940.434	-8190.87	250.4355	0.7270921	0.5057225	0.515459	0.484541	7.729018
30132	-7953.416	-8204.113	250.6967	0.7831108	0.5792066	0.46331	0.53669	7.497837
30138	-7946.548	-8197.847	251.2994	0.8740737	0.5251552	0.514571	0.485429	7.170366
30144	-7942.357	-8194.612	252.2545	0.8086168	0.4824283	0.514571	0.485429	6.728925
30150	-7935.496	-8187.239	251.7425	0.8734882	0.5067702	0.422051	0.577949	6.94824
30156	-7926.634	-8178.22	251.586	0.8308505	0.4839012	0.483302	0.516698	7.075943
30162	-7944.311	-8196.708	252.3976	0.9099118	0.5809111	0.46572	0.53428	6.512229
30168	-7938.182	-8190.461	252.2795	0.8994456	0.6619801	0.511025	0.488975	6.519544
30174	-7927.7	-8179.033	251.3332	0.8814511	0.4686747	0.479549	0.520451	7.198665
30180	-7936.763	-8188.057	251.2943	0.8855772	0.5702027	0.479549	0.520451	7.129307
30186	-7935.165	-8185.407	250.2423	0.7637476	0.5577281	0.42591	0.57409	7.768688
30192	-7938.496	-8188.857	250.3613	0.7571482	0.6151399	0.459704	0.540296	7.663196
30198	-7936.417	-8185.787	249.3698	0.7914257	0.5222807	0.420073	0.579927	8.248852
30204	-7932.155	-8182.558	250.4027	0.8291786	0.4596849	0.519879	0.480121	7.733687
30210	-7959.307	-8209.599	250.2926	0.8292731	0.4909913	0.480631	0.519369	7.763861
30216	-7934.624	-8184.807	250.1829	0.7366652	0.581529	0.500005	0.499995	7.79568
30222	-7936.558	-8186.949	250.3913	0.7746998	0.5166393	0.500005	0.499995	7.717702
30228	-7938.867	-8189.502	250.635	0.8451828	0.5975878	0.500005	0.499995	7.483103
30234	-7944.925	-8194.026	249.1011	0.738041	0.5361277	0.481127	0.518873	8.408471
30240	-7958.075	-8207.753	249.6772	0.7779115	0.4732896	0.472143	0.527857	8.135624
30246	-7953.522	-8204.204	250.6815	0.7610649	0.5312793	0.472143	0.527857	7.557177
30252	-7937.167	-8188.243	251.0757	0.7771667	0.5908311	0.472143	0.527857	7.28855
30258	-7936.155	-8188.115	251.9602	0.8253083	0.5098458	0.555415	0.444585	6.854118
30264	-7947.064	-8198.504	251.4402	0.8836964	0.6937644	0.533791	0.466209	6.958468
30270	-7928.816	-8180.451	251.6345	0.8031041	0.590715	0.470331	0.529669	6.974178
30276	-7942.862	-8194.027	251.1644	0.8031041	0.5284112	0.556142	0.443858	7.278197
30282	-7947.205	-8196.746	249.5408	0.7415381	0.568736	0.567473	0.432527	8.145849
30288	-7946.656	-8197.497	250.8407	0.7858415	0.5614298	0.501588	0.498412	7.433546
30294	-7943.506	-8194.599	251.0934	0.7564475	0.6342677	0.452143	0.547857	7.256743
30300	-7960.496	-8210.911	250.4152	0.7495004	0.5776976	0.473517	0.526483	7.667673
30306	-7952.919	-8203.048	250.1288	0.7389475	0.5776976	0.473517	0.526483	7.826409
30312	-7959.948	-8210.133	250.1846	0.7389475	0.5411835	0.510521	0.489479	7.826409
30318	-7937.273	-8188.057	250.7838	0.7546963	0.5123103	0.456601	0.543399	7.522115
30324	-7947.261	-8196.89	249.6297	0.7752369	0.5612516	0.508274	0.491726	8.086596
30330	-7964.181	-8215.245	251.0647	0.82217	0.4615558	0.499491	0.500509	7.381241
30336	-7951.612	-8202.57	250.958	0.8458758	0.5107549	0.533475	0.466525	7.381241
30342	-7933.307	-8185.578	252.2716	0.8954468	0.4741909	0.459545	0.540455	6.680315
30348	-7939.387	-8190.891	251.5048	0.8516584	0.5179484	0.493265	0.506735	7.078178
30354	-7937.721	-8188.938	251.2168	0.8516584	0.5728837	0.494707	0.505293	7.187071
30360	-7934.997	-8186.288	251.2916	0.8711137	0.5322676	0.469474	0.530526	7.170073
30366	-7937.205	-8189.683	252.4782	0.9024084	0.5036808	0.452196	0.547804	6.538038
30372	-7952.302	-8203.735	251.4336	0.8794644	0.5068057	0.452196	0.547804	7.111279
30378	-7952.958	-8203.121	250.1634	0.788686	0.6293535	0.497559	0.502441	7.741389
30384	-7952.594	-8202.873	250.2787	0.7841748	0.5539264	0.510153	0.489847	7.741389
30390	-7948.731	-8198.635	249.9042	0.7925241	0.4935745	0.508646	0.491354	7.988548
30396	-7943.441	-8192.487	249.0459	0.8080239	0.6169659	0.522037	0.477963	8.336239
30402	-7941.751	-8191.74	249.989	0.8080239	0.5980609	0.485186	0.514814	7.848165
30408	-7941.122	-8193.496	252.3745	0.911262	0.5581295	0.485186	0.514814	6.542607
30414	-7947.261	-8198.269	251.0075	0.911262	0.4009776	0.495742	0.504258	7.423681
30420	-7949.528	-8200.932	251.4044	0.8678345	0.5397492	0.558622	0.441378	7.104857
30426	-7948.343	-8199.99	251.6472	0.8732536	0.5430986	0.558622	0.441378	6.968424
30432	-7949.6	-8199.267	249.6665	0.8718119	0.4407907	0.416536	0.583464	8.121779
30438	-7942.771	-8193.17	250.3992	0.7157176	0.5226877	0.45978	0.54022	7.739806
30444	-7941.395	-8191.564	250.1687	0.8141934	0.5384464	0.473438	0.526562	7.797002
30450	-7936.123	-8186.684	250.5609	0.7812896	0.5464372	0.460747	0.539253	7.598227
30456	-7933.692	-8184.74	251.0472	0.7812896	0.5871476	0.501705	0.498295	7.304529
30462	-7933.391	-8183.701	250.3101	0.7812896	0.4886746	0.501705	0.498295	7.78222
30468	-7936.842	-8187.163	250.3204	0.8424295	0.5467929	0.466267	0.533733	7.69386
30474	-7932.583	-8184.263	251.6798	0.8716971	0.5897555	0.535321	0.464679	6.913614
30480	-7929.109	-8180.933	251.8234	0.8379593	0.5183712	0.462648	0.537352	6.913614
30486	-7932.943	-8183.727	250.7839	0.8231975	0.5583516	0.491105	0.508895	7.446469
30492	-7945.204	-8194.7	249.4956	0.7378707	0.5564876	0.475777	0.524223	8.181822
30498	-7935.528	-8187.016	251.4875	0.8825619	0.5830532	0.501371	0.498629	7.016665
30504	-7931.258	-8182.669	251.4112	0.8703475	0.4840211	0.501371	0.498629	7.148606
30510	-7939.804	-8192.755	252.9509	0.8737408	0.6514168	0.529029	0.470971	6.176938
30516	-7936.171	-8186.927	250.7558	0.7425247	0.5546513	0.467212	0.532788	7.507793
30522	-7943.039	-8194.62	251.5816	0.7986654	0.5046885	0.463123	0.536877	7.076974
30528	-7948.89	-8200.877	251.9863	0.9474176	0.4167273	0.519852	0.480148	6.861928
30534	-7930.764	-8183.61	252.8455	0.9474176	0.5599317	0.586297	0.413703	6.266078
30540	-7929.536	-8182.85	253.3143	1.027141	0.4346944	0.496936	0.503064	6.081021
30546	-7929.893	-8183.744	253.8513	1.057205	0.5466436	0.500875	0.499125	5.668401
30552	-7940.044	-8192.744	252.6996	0.9586226	0.5088819	0.500875	0.499125	6.382934
30558	-7940.574	-8191.684	251.1097	0.8629253	0.4753765	0.484818	0.515182	7.322443
30564	-7928.837	-8179.816	250.9787	0.8424728	0.6172112	0.415936	0.584064	7.285033
30570	-7943.087	-8192.606	249.5187	0.7691929	0.4940536	0.549378	0.450622	8.205955
30576	-7941.019	-8192.254	251.2345	0.7543042	0.5602481	0.508545	0.491455	7.240137
30582	-7943.679	-8195.912	252.2327	0.8076496	0.5915327	0.436108	0.563892	6.648306
30588	-7948.015	-8199.18	251.1651	0.8225326	0.6726871	0.525317	0.474683	7.154463
30594	-7943.69	-8194.787	251.0963	0.8490796	0.5851054	0.470763	0.529237	7.243384
30600	-7940.767	-8191.205	250.438	0.8577733	0.5494537	0.470763	0.529237	7.620522
30606	-7951.285	-8202.081	250.7965	0.8478827	0.4844599	0.444844	0.555156	7.490117
30612	-7946.654	-8198.393	251.7385	0.8478827	0.4353983	0.444844	0.555156	7.030487
30618	-7939.768	-8191.198	251.4305	0.7239857	0.5664434	0.454457	0.545543	7.146059
30624	-7956.466	-8207.787	251.3208	0.7969748	0.4991591	0.507977	0.492023	7.222964
30630	-7943.024	-8192.304	249.2797	0.729362	0.5371021	0.507977	0.492023	8.317294
30636	-7933.045	-8184.19	251.1451	0.75743	0.6305585	0.480867	0.519133	7.23124
30642	-7938.436	-8190.317	251.8804	0.9022587	0.4440898	0.452193	0.547807	6.91629
30648	-7936.551	-8188.448	251.8971	0.8955122	0.4512191	0.44895	0.55105	6.904071
30654	-7953.817	-8204.228	250.4104	0.8030804	0.4741156	0.475475	0.524525	7.730183
30660	-7941.46	-8191.734	250.2742	0.7374033	0.5736129	0.475475	0.524525	7.752809
30666	-7946.592	-8197.076	250.4843	0.8720967	0.5202877	0.540303	0.459697	7.612708
30672	-7946.067	-8197.336	251.2681	0.8690176	0.4968396	0.540303	0.459697	7.214638
30678	-7948.022	-8199.943	251.9209	0.8426425	0.5734322	0.535268	0.464732	6.812315
30684	-7936.216	-8186.613	250.3972	0.7496556	0.5734322	0.454371	0.545629	7.680669
30690	-7939.046	-8189.529	250.4827	0.7425575	0.5228664	0.456109	0.543891	7.680669
30696	-7944.905	-8195.512	250.6072	0.7890622	0.4484586	0.456109	0.543891	7.656423
30702	-7934.476	-8185.119	250.6432	0.7752485	0.4806704	0.461551	0.538449	7.614579
30708	-7927.681	-8178.247	250.5653	0.7635888	0.5481107	0.467455	0.532545	7.603915
30714	-7929.735	-8179.733	249.9977	0.7513343	0.4932954	0.442395	0.557605	7.960848
30720	-7928.53	-8179.834	251.3042	0.7548885	0.5769	0.465033	0.534967	7.188864
30726	-7928.087	-8179.291	251.2037	0.7454567	0.5661559	0.479578	0.520422	7.256573
30732	-7944.708	-8195.035	250.327	0.8003753	0.5140983	0.527775	0.472225	7.740578
30738	-7930.27	-8180.471	250.2008	0.7850485	0.6066818	0.527775	0.472225	7.740578
30744	-7952.237	-8202.434	250.1965	0.7267998	0.631128	0.550807	0.449193	7.755408
30750	-7947.808	-8197.529	249.7209	0.7325977	0.5589271	0.42936	0.57064	8.062589
30756	-7935.936	-8187.473	251.5369	0.8146081	0.6349322	0.450813	0.549187	6.986474
30762	-7950.073	-8200.379	250.3067	0.7753874	0.4912527	0.399848	0.600152	7.784884
30768	-7947.659	-8197.94	250.2807	0.7995176	0.492383	0.474724	0.525276	7.784884
30774	-7930.62	-8180.437	249.8171	0.7770258	0.6112092	0.504137	0.495863	7.946297
30780	-7925.109	-8176.63	251.521	0.84611	0.5083165	0.490309	0.509691	7.080851
30786	-7929.101	-8181.026	251.9255	0.8437602	0.5860562	0.367071	0.632929	6.79908
30792	-7928.578	-8178.488	249.9094	0.781948	0.5735071	0.415941	0.584059	7.923925
30798	-7934.19	-8185.185	250.9944	0.7923905	0.5770784	0.524602	0.475398	7.334923
30804	-7946.982	-8196.955	249.9735	0.8505168	0.4563547	0.524602	0.475398	7.954643
30810	-7945.237	-8196.282	251.0447	0.8347244	0.4903575	0.480007	0.519993	7.358831
30816	-7957.654	-8209.273	251.6187	0.8159677	0.4921127	0.478391	0.521609	7.058931
30822	-7963.185	-8214.965	251.7793	0.8486632	0.5904279	0.526135	0.473865	6.871821
30828	-7954.374	-8204.126	249.7521	0.7169986	0.5904279	0.477193	0.522807	8.029112
30834	-7937.346	-8188.164	250.8176	0.8025431	0.5063179	0.467786	0.532214	7.483626
30840	-7939.932	-8190.399	250.4666	0.8289226	0.5614544	0.435308	0.564692	7.610808
30846	-7936.363	-8188.208	251.8446	0.8681704	0.5303234	0.517207	0.482793	6.875608
30852	-7941.864	-8191.716	249.8526	0.7484668	0.5303234	0.477101	0.522899	8.007654
30858	-7954.455	-8203.971	249.5164	0.7921968	0.5497127	0.529069	0.470931	8.147333
30864	-7950.214	-8199.707	249.4924	0.8101436	0.5536349	0.535194	0.464806	8.147333
30870	-7939.043	-8189.471	250.4273	0.7169292	0.4835253	0.508827	0.491173	7.758604
30876	-7948.798	-8199.164	250.3653	0.7308896	0.5508204	0.508827	0.491173	7.726135
30882	-7943.507	-8195.982	252.4756	0.8421545	0.5814711	0.469934	0.530066	6.506241
30888	-7940.771	-8192.958	252.187	0.8235338	0.5290373	0.45617	0.54383	6.715988
30894	-7943.98	-8194.777	250.7962	0.7592143	0.5623442	0.528551	0.471449	7.470938
30900	-7937.022	-8189.076	252.0541	0.8219246	0.5623442	0.427666	0.572334	6.760658
30906	-7938.554	-8190.448	251.8941	0.8875452	0.5338041	0.454047	0.545953	6.835481
30912	-7943.599	-8194.134	250.5351	0.8334262	0.5061935	0.458503	0.541497	7.618497
30918	-7944.389	-8196.063	251.6739	0.8175297	0.5432074	0.43973	0.56027	6.983944
30924	-7935.702	-8186.049	250.3469	0.732582	0.5458034	0.548124	0.451876	7.739261
30930	-7947.702	-8198.869	251.1674	0.8487467	0.5224488	0.541954	0.458046	7.257205
30936	-7939.538	-8190.88	251.3423	0.7717461	0.5362192	0.467769	0.532231	7.192863
30942	-7943.66	-8194.046	250.3863	0.7690693	0.5275009	0.507612	0.492388	7.714061
30948	-7946.461	-8196.349	249.8885	0.8404455	0.5478664	0.520067	0.479933	7.924732
30954	-7937.64	-8187.973	250.3327	0.8404455	0.4667698	0.467175	0.532825	7.758489
30960	-7943.401	-8193.954	250.5527	0.8553857	0.5307072	0.428929	0.571071	7.576167
30966	-7943.654	-8192.656	249.0017	0.7851415	0.5372469	0.428929	0.571071	8.435315
30972	-7954.666	-8204.656	249.9894	0.8098713	0.5462667	0.552913	0.447087	7.888522
30978	-7949.518	-8200.173	250.6552	0.8245575	0.5462667	0.488599	0.511401	7.524706
30984	-7962.931	-8212.999	250.0684	0.8028567	0.5860669	0.430499	0.569501	7.817925
30990	-7949.328	-8199.926	250.5985	0.7833998	0.5034911	0.44874	0.55126	7.613685
30996	-7958.895	-8209.876	250.9806	0.7264591	0.5182321	0.432055	0.567945	7.426693
31002	-7937.757	-8189.418	251.6607	0.908352	0.593287	0.432055	0.567945	6.901333
31008	-7935.885	-8188.163	252.2785	0.8366847	0.5719337	0.551842	0.448158	6.623605
31014	-7931.649	-8182.02	250.3709	0.845051	0.5001769	0.420379	0.579621	7.70538
31020	-7930.481	-8182.093	251.6116	0.7355508	0.5043492	0.466726	0.533274	7.095064
31026	-7926.105	-8177.413	251.3079	0.7972552	0.6674547	0.562851	0.437149	7.095064
31032	-7928.04	-8180.137	252.0974	0.8077338	0.4920453	0.426893	0.573107	6.805471
31038	-7928.472	-8179.947	251.4751	0.7404742	0.599819	0.482671	0.517329	7.086554
31044	-7926.774	-8178.72	251.9461	0.7812241	0.5622941	0.397243	0.602757	6.840949
31050	-7933.071	-8183.519	250.4475	0.7812241	0.6543046	0.511113	0.488887	7.574927
31056	-7948.952	-8199.611	250.6586	0.8207627	0.4884315	0.488477	0.511523	7.574927
31062	-7949.596	-8202.304	252.7078	0.8930311	0.4710469	0.488477	0.511523	6.448515
31068	-7953.818	-8205.922	252.1043	0.7642811	0.548102	0.488518	0.511482	6.776489
31074	-7945.034	-8196.197	251.1624	0.7924678	0.5126658	0.488518	0.511482	7.298596
31080	-7951.274	-8203.077	251.8031	0.8056736	0.5526079	0.534276	0.465724	6.912871
31086	-7950.172	-8200.34	250.1686	0.8056736	0.5526079	0.534276	0.465724	7.789818
31092	-7941.047	-8191.619	250.5714	0.8056736	0.5526079	0.459011	0.540989	7.5744
31098	-7947.947	-8197.378	249.4313	0.700325	0.637374	0.459011	0.540989	8.173155
31104	-7938.234	-8186.873	248.6396	0.7023846	0.5653336	0.494948	0.505052	8.648552
31110	-7943.123	-8193.686	250.563	0.6943765	0.5653336	0.507368	0.492632	7.628094
31116	-7964.31	-8212.706	248.3966	0.6943765	0.5334704	0.541588	0.458412	8.807853
31122	-7939.965	-8188.494	248.5289	0.689135	0.4681908	0.494624	0.505376	8.797669
31128	-7955.088	-8205.326	250.2387	0.7177615	0.506817	0.539378	0.460622	7.838234
31134	-7954.212	-8204.497	250.2846	0.72881	0.4728632	0.512988	0.487012	7.838234
31140	-7940.192	-8190.302	250.1101	0.843951	0.5082501	0.444717	0.555283	7.838234
31146	-7937.041	-8185.753	248.7122	0.7975399	0.4244839	0.456771	0.543229	8.684464
31152	-7937.184	-8186.752	249.5686	0.7691931	0.6634551	0.456771	0.543229	8.044187
31158	-7947.691	-8199.063	251.3723	0.7991487	0.4931816	0.456771	0.543229	7.199495
31164	-7935.727	-8185.864	250.1367	0.7877046	0.4799173	0.509809	0.490191	7.879303
31170	-7933.454	-8184.095	250.6413	0.7465711	0.5623831	0.522545	0.477455	7.560636
31176	-7920.302	-8170.862	250.5603	0.7206867	0.5096723	0.516223	0.483777	7.662249
31182	-7931.301	-8183.096	251.7956	0.880102	0.5096723	0.447008	0.552992	6.913501
31188	-7934.432	-8186.531	252.0992	0.7933538	0.5331915	0.411516	0.588484	6.776141
31194	-7934.219	-8185.497	251.2782	0.7933538	0.5969939	0.468648	0.531352	7.166187
31200	-7930.779	-8181.476	250.6975	0.7962844	0.5080076	0.462427	0.537573	7.549842
31206	-7925.442	-8176.019	250.5768	0.7989517	0.5278733	0.462427	0.537573	7.595857
31212	-7933.043	-8184.392	251.3494	0.8645187	0.5263157	0.462427	0.537573	7.147586
31218	-7941.647	-8194.066	252.4195	0.8237847	0.6215657	0.483727	0.516273	6.515045
31224	-7954.293	-8204.309	250.0166	0.7369379	0.6035686	0.476086	0.523914	7.867088
31230	-7950.869	-8200.99	250.1204	0.8237052	0.5725808	0.496038	0.503962	7.789706
31236	-7941.363	-8191.262	249.8989	0.7417284	0.6146095	0.531872	0.468128	7.918899
31242	-7942.414	-8193.703	251.2888	0.8420621	0.6146095	0.468019	0.531981	7.120654
31248	-7951.798	-8203.142	251.3436	0.8420621	0.5849842	0.462057	0.537943	7.114324
31254	-7944.641	-8196.029	251.388	0.7977412	0.5849842	0.440573	0.559427	7.114324
31260	-7948.214	-8200.303	252.0884	0.9152117	0.5453176	0.513582	0.486418	6.705929
31266	-7938.712	-8191.601	252.8885	0.8778335	0.4601971	0.426704	0.573296	6.368969
31272	-7945.359	-8197.467	252.1076	0.8721546	0.5271597	0.454006	0.545994	6.734225
31278	-7949.745	-8201.856	252.1116	0.8877623	0.5095049	0.478424	0.521576	6.739027
31284	-7945.04	-8197.851	252.8111	0.8940464	0.5226934	0.421153	0.578847	6.345386
31290	-7928.589	-8179.948	251.3594	0.8069873	0.5940778	0.524603	0.475397	7.117496
31296	-7933.684	-8184.198	250.5147	0.8059848	0.4708955	0.472027	0.527973	7.675826
31302	-7933.168	-8184.514	251.3462	0.8523459	0.4769939	0.49372	0.50628	7.199645
31308	-7940.111	-8191.521	251.41	0.9319309	0.4769939	0.498503	0.501497	7.122525
31314	-7938.547	-8189.009	250.4622	0.8214062	0.6039562	0.503705	0.496295	7.583401
31320	-7940.287	-8190.837	250.5495	0.8214062	0.5457615	0.495592	0.504408	7.583401
31326	-7939.694	-8190.721	251.0277	0.7879333	0.6239848	0.495592	0.504408	7.28286
31332	-7962.656	-8214.298	251.6422	0.7468868	0.5306957	0.520601	0.479399	7.049643
31338	-7948.807	-8199.867	251.06	0.8017052	0.6698836	0.490536	0.509464	7.224181
31344	-7952.084	-8202.181	250.0971	0.6833042	0.5652795	0.463299	0.536701	7.883059
31350	-7949.081	-8199.598	250.5162	0.7666209	0.5617742	0.463299	0.536701	7.617344
31356	-7954.092	-8204.048	249.9566	0.8177914	0.5190127	0.519283	0.480717	7.924843
31362	-7940.162	-8190.612	250.4499	0.784183	0.5843988	0.495858	0.504142	7.625255
31368	-7938.272	-8189.501	251.2289	0.8169452	0.5037897	0.495858	0.504142	7.257542
31374	-7950.542	-8201.629	251.0865	0.8076028	0.5549134	0.454443	0.545557	7.295348
31380	-7938.869	-8191.042	252.1735	0.905084	0.4975398	0.454443	0.545557	6.706869
31386	-7945.588	-8196.421	250.8337	0.8508883	0.4428738	0.44722	0.55278	7.507434
31392	-7928.164	-8178.257	250.0933	0.7349652	0.5120248	0.493491	0.506509	7.902143
31398	-7933.809	-8184.093	250.2846	0.7631915	0.5781109	0.493491	0.506509	7.72987
31404	-7928.051	-8178.602	250.5508	0.7934005	0.6411019	0.493491	0.506509	7.522776
31410	-7949.787	-8200.829	251.0422	0.7934005	0.6433271	0.493491	0.506509	7.257627
31416	-7942.684	-8193.488	250.8047	0.7899615	0.5740814	0.469263	0.530737	7.440399
31422	-7936.78	-8188.333	251.5527	0.9475563	0.5246607	0.469263	0.530737	6.994984
31428	-7935.182	-8186.866	251.684	0.900633	0.4513763	0.469263	0.530737	7.015983
31434	-7938.85	-8190.227	251.3765	0.8963665	0.4635341	0.467016	0.532984	7.172164
31440	-7942.558	-8193.836	251.2781	0.8742821	0.4955765	0.467016	0.532984	7.207587
31446	-7946.727	-8197.888	251.1609	0.8200237	0.4955765	0.445183	0.554817	7.299652
31452	-7938.052	-8189.673	251.6205	0.8644323	0.5427872	0.481522	0.518478	6.987802
31458	-7938.827	-8189.881	251.0538	0.8941902	0.5025259	0.550684	0.449316	7.311149
31464	-7932.184	-8183.185	251.0016	0.815342	0.5865813	0.473058	0.526942	7.311149
31470	-7941.214	-8190.501	249.2873	0.815342	0.6075955	0.473058	0.526942	8.211052
31476	-7939.55	-8191.923	252.3725	0.815342	0.5597013	0.447763	0.552237	6.5943
31482	-7928.414	-8179.744	251.3299	0.815342	0.511518	0.481172	0.518828	7.197315
31488	-7954.145	-8205.217	251.0727	0.8713559	0.6220286	0.510914	0.489086	7.215376
31494	-7950.091	-8201.076	250.9847	0.8647647	0.6393347	0.432285	0.567715	7.253143
31500	-7941.97	-8193.639	251.6687	0.8459235	0.5342679	0.471935	0.528065	6.979023
31506	-7942.06	-8193.264	251.2042	0.7517554	0.5342679	0.489971	0.510029	7.279435
31512	-7955.366	-8205.011	249.6444	0.769305	0.6256733	0.47881	0.52119	8.031551
31518	-7953.075	-8203.416	250.3411	0.8027395	0.5113799	0.519788	0.480212	7.73412
31524	-7945.931	-8197.795	251.8642	0.7956369	0.5834271	0.479362	0.520638	6.860215
31530	-7934.526	-8185.322	250.7967	0.8559451	0.5589902	0.455255	0.544745	7.42152
31536	-7943.849	-8195.285	251.4357	0.8150713	0.5412855	0.495501	0.504499	7.115096
31542	-7931.705	-8181.532	249.827	0.8303521	0.5154437	0.437838	0.562162	7.990378
31548	-7926.385	-8177.482	251.0965	0.7579797	0.5754669	0.507575	0.492425	7.299875
31554	-7941.498	-8191.47	249.972	0.6927976	0.529615	0.488107	0.511893	7.97425
31560	-7941.938	-8190.756	248.8183	0.6847134	0.4961409	0.488107	0.511893	8.621366
31566	-7934.159	-8183.425	249.2653	0.7261223	0.5794708	0.480476	0.519524	8.292135
31572	-7919.682	-8169.969	250.287	0.7342427	0.5539215	0.476734	0.523266	7.763668
31578	-7931.056	-8181.049	249.9926	0.8665277	0.6665674	0.433211	0.566789	7.763668
31584	-7924.473	-8175.499	251.026	0.7828675	0.5172638	0.433211	0.566789	7.372905
31590	-7924.006	-8174.935	250.9288	0.8061074	0.5645064	0.515301	0.484699	7.372905
31596	-7922.528	-8173.519	250.991	0.7439803	0.5645064	0.483149	0.516851	7.372905
31602	-7927.632	-8178.397	250.7649	0.7401073	0.5645064	0.480258	0.519742	7.496163
31608	-7941.451	-8190.782	249.3315	0.7372426	0.5279703	0.508291	0.491709	8.293227
31614	-7941.467	-8191.538	250.0708	0.7705186	0.5279703	0.4873	0.5127	7.881445
31620	-7918.869	-8169.287	250.4173	0.7705186	0.4927153	0.463724	0.536276	7.727046
31626	-7938.912	-8188.932	250.0195	0.7780949	0.5467025	0.414691	0.585309	7.889054
31632	-7936.981	-8188.077	251.0962	0.8969249	0.55408	0.542315	0.457685	7.242888
31638	-7934.501	-8185.694	251.193	0.8126486	0.5459664	0.452724	0.547276	7.242888
31644	-7938.482	-8189.984	251.5023	0.8023305	0.4496947	0.452724	0.547276	7.168186
31650	-7927.381	-8179.027	251.6453	0.7613216	0.638843	0.452724	0.547276	6.953842
31656	-7933.934	-8185.1	251.166	0.8076018	0.5355035	0.500762	0.499238	7.268891
31662	-7949.126	-8199.814	250.6878	0.7191875	0.6306381	0.500762	0.499238	7.496997
31668	-7942.542	-8192.989	250.447	0.7769543	0.5806869	0.503725	0.496275	7.633598
31674	-7961.127	-8211.345	250.2179	0.7181894	0.5186806	0.47522	0.52478	7.838788
31680	-7946.193	-8196.639	250.4457	0.8228659	0.533865	0.459771	0.540229	7.648154
31686	-7938.222	-8188.894	250.6717	0.8159238	0.4953619	0.492488	0.507512	7.564296
31692	-7942.767	-8193.673	250.9053	0.8499507	0.4853898	0.48978	0.51022	7.429867
31698	-7945.351	-8194.54	249.1886	0.7351271	0.4806818	0.507722	0.492278	8.41166
31704	-7962.807	-8213.402	250.5949	0.7704808	0.5493083	0.455601	0.544399	7.583402
31710	-7942.778	-8192.571	249.7936	0.8238518	0.6473071	0.420102	0.579898	7.906771
31716	-7950.821	-8202.026	251.205	0.84333	0.5414157	0.510497	0.489503	7.223756
31722	-7954.875	-8205.636	250.7616	0.7893502	0.553107	0.465309	0.534691	7.480902
31728	-7947.088	-8198.151	251.0629	0.8157037	0.553107	0.395833	0.604167	7.30517
31734	-7943.438	-8194.911	251.4726	0.8573221	0.553107	0.465561	0.534439	7.062624
31740	-7947.508	-8198.616	251.1076	0.8099842	0.7339819	0.452898	0.547102	7.1494
31746	-7941.899	-8193.111	251.2121	0.8850147	0.6009351	0.46362	0.53638	7.1494
31752	-7938.969	-8191.045	252.0761	0.8850147	0.523792	0.485887	0.514113	6.747197
31758	-7945.808	-8196.97	251.1614	0.8496205	0.5213393	0.485887	0.514113	7.260921
31764	-7938.798	-8188.545	249.7465	0.7589365	0.4893092	0.485887	0.514113	8.094331
31770	-7930.541	-8180.601	250.0601	0.7879516	0.5449897	0.496082	0.503918	7.863589
31776	-7919.349	-8170.807	251.4575	0.8086286	0.5755493	0.488807	0.511193	7.078607
31782	-7926.567	-8177.651	251.0841	0.8086286	0.4957989	0.516288	0.483712	7.346774
31788	-7928.73	-8179.684	250.9533	0.7951501	0.5123964	0.469654	0.530346	7.409533
31794	-7942.176	-8192.001	249.8253	0.7951501	0.4206087	0.469654	0.530346	8.097696
31800	-7937.139	-8185.413	248.2737	0.7818786	0.5217431	0.469654	0.530346	8.836503
31806	-7944.292	-8194.142	249.8497	0.7633766	0.5176891	0.49305	0.50695	8.012014
31812	-7937.968	-8188.324	250.3567	0.7180351	0.5491288	0.446654	0.553346	7.73903
31818	-7937.356	-8188.439	251.0828	0.772255	0.5760384	0.482197	0.517803	7.299145
31824	-7953.016	-8205.331	252.3146	0.9714312	0.5576529	0.472704	0.527296	6.54285
31830	-7938.918	-8191.961	253.043	0.857435	0.6177155	0.472704	0.527296	6.161295
31836	-7933.207	-8184.614	251.4073	0.8942605	0.4868591	0.492087	0.507913	7.135273
31842	-7934.227	-8184.726	250.499	0.7699089	0.5387523	0.482212	0.517788	7.643839
31848	-7942.864	-8191.972	249.1079	0.7319406	0.5387523	0.483398	0.516602	8.405891
31854	-7932.265	-8182.712	250.4475	0.8224551	0.5427176	0.559863	0.440137	7.63997
31860	-7941.986	-8194.163	252.1771	0.8031836	0.5467232	0.484091	0.515909	6.717329
31866	-7934.756	-8186.827	252.071	0.8850195	0.6138923	0.507412	0.492588	6.676351
31872	-7943.075	-8195.326	252.2507	0.8753041	0.4971572	0.507412	0.492588	6.6816
31878	-7943.251	-8195.222	251.9709	0.9417916	0.6377206	0.507412	0.492588	6.6816
31884	-7938.173	-8191.087	252.9134	0.9557289	0.4964061	0.439736	0.560264	6.279603
31890	-7935.544	-8185.849	250.3058	0.8737315	0.4423834	0.53455	0.46545	7.778092
31896	-7934.063	-8185.555	251.4916	0.8513791	0.5615723	0.522497	0.477503	7.04863
31902	-7935.478	-8186.997	251.5197	0.8885522	0.5198785	0.418798	0.581202	7.04863
31908	-7934.423	-8185.142	250.719	0.8151493	0.5919965	0.451541	0.548459	7.45858
31914	-7947.538	-8197.767	250.2283	0.8579359	0.5549399	0.55173	0.44827	7.728099
31920	-7949.541	-8199.876	250.335	0.7511697	0.5549399	0.414019	0.585981	7.728099
31926	-7952.091	-8201.838	249.7462	0.6743879	0.6278254	0.410185	0.589815	8.026251
31932	-7944.572	-8196.081	251.5083	0.706622	0.5119108	0.428225	0.571775	7.159528
31938	-7932.472	-8183.602	251.1309	0.899613	0.5147916	0.428225	0.571775	7.256122
31944	-7935.393	-8188.291	252.8979	0.8871785	0.5406973	0.428225	0.571775	6.286455
31950	-7931.978	-8185.039	253.0606	0.9739127	0.4870803	0.502792	0.497208	6.198218
31956	-7938.095	-8190.037	251.942	0.7703715	0.5741688	0.502792	0.497208	6.83935
31962	-7940.309	-8192.409	252.1	0.8688727	0.5090379	0.431377	0.568623	6.755909
31968	-7934.952	-8187.034	252.0815	0.8688727	0.5188271	0.481551	0.518449	6.75733
31974	-7923.654	-8176.018	252.3642	0.8688727	0.5822846	0.481551	0.518449	6.551423
31980	-7946.726	-8197.741	251.015	0.7813243	0.5719003	0.426868	0.573132	7.333976
31986	-7943.9	-8194.34	250.4404	0.8091622	0.6123467	0.464476	0.535524	7.595188
31992	-7941.443	-8192.583	251.1395	0.8786088	0.4581309	0.475378	0.524622	7.314041
31998	-7928.15	-8179.328	251.1784	0.8397033	0.4581309	0.479386	0.520614	7.314041
32004	-7935.213	-8187.637	252.4245	0.9821834	0.4581309	0.479386	0.520614	6.565827
32010	-7936.668	-8189.126	252.4585	0.9425664	0.4613428	0.500227	0.499773	6.565827
32016	-7941.163	-8192.66	251.4973	0.8591381	0.4595097	0.488949	0.511051	7.131041
32022	-7946.375	-8197.908	251.5327	0.7406888	0.619666	0.4776	0.5224	7.040071
32028	-7936.642	-8187.105	250.463	0.7158651	0.5122329	0.453763	0.546237	7.714665
32034	-7943.108	-8193.424	250.3162	0.8281155	0.6246627	0.446598	0.553402	7.64211
32040	-7945.563	-8196.63	251.0664	0.8375956	0.3960475	0.508926	0.491074	7.436701
32046	-7934.021	-8184.943	250.9212	0.7153943	0.551048	0.469751	0.530249	7.436701
32052	-7930.71	-8182.542	251.8316	0.8087821	0.4994168	0.469751	0.530249	6.941591
32058	-7925.092	-8176.847	251.755	0.7590915	0.5799363	0.469751	0.530249	6.941591
32064	-7932.462	-8183.556	251.0937	0.8428251	0.6682144	0.450584	0.549416	7.185151
32070	-7942.82	-8192.253	249.4326	0.7607579	0.4944575	0.450584	0.549416	8.25595
32076	-7940.639	-8193.13	252.491	0.8792777	0.5430512	0.450584	0.549416	6.509461
32082	-7943.387	-8195.815	252.4286	0.8792777	0.6303451	0.444937	0.555063	6.473342
32088	-7946.803	-8198.101	251.2988	0.8812877	0.5235549	0.519839	0.480161	7.168194
32094	-7951.98	-8202.774	250.7943	0.7808895	0.4955805	0.472746	0.527254	7.517234
32100	-7954.058	-8205.142	251.0838	0.7950325	0.4813584	0.512513	0.487487	7.367262
32106	-7934.129	-8186.475	252.3464	0.7788198	0.5450874	0.464254	0.535746	6.640351
32112	-7933.555	-8183.835	250.2794	0.8847693	0.5090537	0.487696	0.512304	7.725267
32118	-7923.878	-8176.162	252.2843	0.9111512	0.570207	0.480699	0.519301	6.58157
32124	-7936.529	-8187.416	250.887	0.8900609	0.4976524	0.467838	0.532162	7.407172
32130	-7933.594	-8186.132	252.5375	0.8637289	0.5713896	0.467838	0.532162	6.469182
32136	-7931.016	-8181.795	250.7791	0.7101199	0.5633682	0.467838	0.532162	7.505526
32142	-7930.204	-8180.927	250.7237	0.7350002	0.5837348	0.467838	0.532162	7.505526
32148	-7939.585	-8190.28	250.6954	0.7826135	0.5707826	0.532446	0.467554	7.505526
32154	-7938.714	-8189.871	251.1576	0.8241298	0.5027632	0.455767	0.544233	7.292823
32160	-7939.631	-8190.694	251.0621	0.8791438	0.6023041	0.489587	0.510413	7.232056
32166	-7953.307	-8205.85	252.5428	0.8872849	0.5865046	0.564519	0.435481	6.441305
32172	-7953.088	-8205.721	252.6333	0.8178438	0.5723698	0.398798	0.601202	6.441305
32178	-7958.88	-8211.16	252.2793	0.8253082	0.627701	0.420018	0.579982	6.585441
32184	-7934.102	-8184.385	250.2828	0.6541948	0.5433154	0.509226	0.490774	7.817453
32190	-7930.157	-8180.462	250.305	0.7291863	0.4752411	0.477438	0.522562	7.824946
32196	-7929.862	-8179.988	250.126	0.7816775	0.5349458	0.507558	0.492442	7.840135
32202	-7930.895	-8181.945	251.0497	0.7816775	0.6223651	0.493131	0.506869	7.275617
32208	-7941.914	-8192.99	251.0765	0.8295367	0.571257	0.559912	0.440088	7.275617
32214	-7949.723	-8200.707	250.9836	0.8158496	0.6452083	0.559912	0.440088	7.275617
32220	-7952.775	-8201.666	248.891	0.8014886	0.4777372	0.443722	0.556278	8.537206
32226	-7942.078	-8192.166	250.0883	0.7332825	0.680345	0.45298	0.54702	7.773904
32232	-7945.825	-8196.187	250.3619	0.7341934	0.495138	0.478874	0.521126	7.773904
32238	-7932.987	-8184.004	251.0171	0.8086066	0.5310753	0.478874	0.521126	7.352051
32244	-7928.738	-8179.658	250.9198	0.7642136	0.6258641	0.492798	0.507202	7.352051
32250	-7942.467	-8193.403	250.9358	0.7348159	0.6354187	0.447846	0.552154	7.352051
32256	-7931.4	-8183.101	251.702	0.7729393	0.5214651	0.420997	0.579003	7.011366
32262	-7939.571	-8189.723	250.1526	0.7826964	0.5438317	0.454444	0.545556	7.81794
32268	-7947.091	-8198.709	251.6182	0.8342473	0.5992824	0.489788	0.510212	6.959452
32274	-7946.907	-8198.688	251.7806	0.8412855	0.6143371	0.410603	0.589397	6.856437
32280	-7932	-8184.355	252.3548	0.8559647	0.5318691	0.500868	0.499132	6.605311
32286	-7935.351	-8187.235	251.8835	0.8462664	0.5773193	0.500868	0.499132	6.827396
32292	-7940.05	-8190.601	250.5513	0.7447177	0.4420025	0.431462	0.568538	7.716233
32298	-7933.382	-8183.743	250.3612	0.7591469	0.5213026	0.547898	0.452102	7.738099
32304	-7932.507	-8182.761	250.2533	0.7639002	0.5499195	0.444861	0.555139	7.76914
32310	-7935.421	-8187.192	251.7707	0.7918428	0.5499195	0.41319	0.58681	6.940026
32316	-7933.094	-8183.865	250.7712	0.8312101	0.4475426	0.459929	0.540071	7.546969
32322	-7945.528	-8197.71	252.1825	0.902705	0.5405591	0.49556	0.50444	6.6658
32328	-7930.897	-8182.049	251.1525	0.7506109	0.5405591	0.477617	0.522383	7.302462
32334	-7940.533	-8190.369	249.8359	0.7092829	0.5672614	0.474189	0.525811	8.006928
32340	-7939.51	-8190.606	251.0955	0.8753148	0.4493786	0.517955	0.482045	7.347738
32346	-7930.336	-8180.502	250.1666	0.7907451	0.5792346	0.462234	0.537766	7.777348
32352	-7935.9	-8186.456	250.5563	0.7474066	0.5776841	0.528468	0.471532	7.593324
32358	-7941.721	-8193.055	251.3345	0.7601532	0.5760958	0.403261	0.596739	7.170366
32364	-7945.112	-8196.325	251.2138	0.7918211	0.6113475	0.462156	0.537844	7.190476
32370	-7941.053	-8191.796	250.743	0.7314505	0.5509672	0.516339	0.483661	7.523612
32376	-7944.001	-8194.222	250.2211	0.7540049	0.5509672	0.406673	0.593327	7.790769
32382	-7938.324	-8187.691	249.3677	0.7848112	0.4979977	0.408038	0.591962	8.274519
32388	-7933.856	-8183.058	249.2022	0.6519899	0.5614655	0.511448	0.488552	8.379583
32394	-7930.487	-8181.496	251.0084	0.7615324	0.5353383	0.451073	0.548927	7.378329
32400	-7932.151	-8183.302	251.1511	0.7223815	0.5528046	0.442406	0.557594	7.30818
32406	-7923.189	-8174.325	251.1353	0.8269459	0.5472258	0.495309	0.504691	7.265138
32412	-7936.448	-8185.082	248.6346	0.7322946	0.453172	0.495309	0.504691	8.732662
32418	-7925.545	-8174.732	249.1872	0.7150647	0.5002508	0.495309	0.504691	8.405647
32424	-7932.181	-8182.819	250.6377	0.7482615	0.5376031	0.503098	0.496902	7.58218
32430	-7935.318	-8184.951	249.6332	0.738646	0.5351753	0.492931	0.507069	8.125756
32436	-7941.552	-8191.717	250.165	0.7751102	0.5515491	0.449465	0.550535	7.808985
32442	-7932.304	-8182.966	250.6621	0.8323129	0.5383373	0.468673	0.531327	7.523477
32448	-7927.426	-8178.844	251.418	0.8323129	0.6073548	0.468673	0.531327	7.061981
32454	-7938.583	-8190.167	251.5848	0.8429184	0.5485853	0.497166	0.502834	7.013756
32460	-7947.637	-8199.158	251.5208	0.8015417	0.6196589	0.50392	0.49608	7.013756
32466	-7944.15	-8195.917	251.7674	0.8372063	0.5601891	0.417103	0.582897	6.908829
32472	-7944.132	-8194.543	250.4111	0.7848839	0.6153398	0.447786	0.552214	7.621551
32478	-7937.039	-8187.282	250.2433	0.7723146	0.5193927	0.526744	0.473256	7.795701
32484	-7936.718	-8186.19	249.4724	0.7488311	0.5519767	0.514278	0.485722	8.191997
32490	-7939.333	-8189.314	249.9808	0.7862738	0.5447443	0.477948	0.522052	7.907008
32496	-7940.265	-8191.56	251.2955	0.7933404	0.5293616	0.477948	0.522052	7.21224
32502	-7930.295	-8182.001	251.7058	0.8231239	0.5293616	0.413334	0.586666	6.975472
32508	-7939.586	-8190.904	251.3178	0.799231	0.6197662	0.428396	0.571604	7.124116
32514	-7937.376	-8187.213	249.837	0.7510763	0.5705721	0.483267	0.516733	7.981376
32520	-7940.05	-8190.356	250.3067	0.7034142	0.5611076	0.44266	0.55734	7.763728
32526	-7953.623	-8204.626	251.003	0.820871	0.5276683	0.476579	0.523421	7.355925
32532	-7932.453	-8183.88	251.4268	0.7994282	0.521313	0.476579	0.523421	7.145323
32538	-7938.902	-8189.41	250.5088	0.8478269	0.5399461	0.476579	0.523421	7.595889
32544	-7944.079	-8194.244	250.1643	0.8306208	0.521105	0.525267	0.474733	7.805299
32550	-7950.461	-8201.705	251.2444	0.7904529	0.5952297	0.400793	0.599207	7.187336
32556	-7931.183	-8181.336	250.1532	0.7782607	0.5765735	0.489675	0.510325	7.793256
32562	-7940.262	-8191.151	250.889	0.8473314	0.6740878	0.489675	0.510325	7.288438
32568	-7942.633	-8193.572	250.9388	0.8717075	0.6740878	0.489675	0.510325	7.248652
32574	-7944.006	-8193.622	249.6165	0.7728703	0.499072	0.501589	0.498411	8.1475
32580	-7943.103	-8193.075	249.9712	0.7728703	0.5676175	0.475913	0.524087	7.900547
32586	-7951.478	-8202.242	250.7635	0.8346784	0.5670571	0.475913	0.524087	7.444164
32592	-7954.997	-8207.262	252.2652	0.8847004	0.4976737	0.475913	0.524087	6.668215
32598	-7940.562	-8191.852	251.2899	0.8439041	0.4883227	0.475913	0.524087	7.224076
32604	-7935.871	-8187.494	251.6228	0.8142299	0.5247123	0.489576	0.510424	7.028985
32610	-7945.212	-8194.745	249.5329	0.7938913	0.5696368	0.380466	0.619534	8.121433
32616	-7951.072	-8202.276	251.2039	0.8393768	0.5732649	0.461742	0.538258	7.200268
32622	-7946.339	-8196.864	250.5254	0.8682876	0.5800016	0.493028	0.506972	7.543302
32628	-7930.765	-8181.11	250.3448	0.7699268	0.5568965	0.451122	0.548878	7.711276
32634	-7938.652	-8189.303	250.6517	0.7486518	0.5568965	0.451122	0.548878	7.558449
32640	-7939.514	-8190.863	251.3492	0.8653844	0.7023597	0.492069	0.507931	7.011337
32646	-7950.112	-8201.383	251.2714	0.9100638	0.7023597	0.454163	0.545837	7.029168
32652	-7941.248	-8193.452	252.2036	0.9100638	0.7023597	0.456242	0.543758	6.525931
32658	-7936.123	-8186.411	250.2886	0.7609007	0.5491738	0.500189	0.499811	7.752465
32664	-7927.646	-8177.881	250.235	0.7662653	0.4889987	0.460021	0.539979	7.830044
32670	-7934.594	-8185.126	250.5323	0.7045876	0.5309924	0.460021	0.539979	7.667528
32676	-7920.203	-8171.275	251.0721	0.738804	0.6252295	0.460021	0.539979	7.284434
32682	-7924.885	-8176.145	251.2606	0.738804	0.5015626	0.535398	0.464602	7.284434
32688	-7940.334	-8189.971	249.6372	0.8083532	0.4855974	0.461387	0.538613	8.129538
32694	-7926.541	-8176.452	249.9111	0.7990809	0.6230199	0.506426	0.493574	7.875374
32700	-7934.306	-8184.385	250.0793	0.8289246	0.4938727	0.506426	0.493574	7.875374
32706	-7928.397	-8179.756	251.3588	0.8465803	0.5502659	0.517468	0.482532	7.131998
32712	-7928.95	-8179.829	250.8789	0.8256553	0.546401	0.484693	0.515307	7.404086
32718	-7942.672	-8192.787	250.1154	0.7301117	0.6105248	0.516789	0.483211	7.812591
32724	-7940.283	-8190.197	249.9138	0.7301117	0.6105248	0.436883	0.563117	7.92025
32730	-7941.696	-8190.802	249.1065	0.7083066	0.5979471	0.521997	0.478003	8.371624
32736	-7937.834	-8187.774	249.9398	0.7083066	0.5979471	0.49084	0.50916	7.927722
32742	-7936.876	-8188.079	251.2024	0.7774767	0.6143891	0.467367	0.532633	7.201952
32748	-7941.63	-8192.564	250.9334	0.753776	0.6143891	0.467367	0.532633	7.359114
32754	-7952.179	-8203.624	251.4453	0.7814179	0.6065492	0.467367	0.532633	7.075294
32760	-7956.887	-8208.395	251.5078	0.8434238	0.5568575	0.49685	0.50315	7.048078
32766	-7944.838	-8195.864	251.0265	0.7592755	0.6219873	0.49685	0.50315	7.300393
32772	-7934.016	-8186.165	252.1484	0.762049	0.5918489	0.459425	0.540575	6.718232
32778	-7926.091	-8177.771	251.6806	0.8063029	0.6530751	0.50163	0.49837	6.899986
32784	-7932.617	-8183.501	250.884	0.9094273	0.6428143	0.50163	0.49837	7.280647
32790	-7949.368	-8202.004	252.6357	0.8781576	0.5053849	0.497024	0.502976	6.464348
32796	-7945.779	-8197.168	251.3887	0.8822409	0.5117166	0.476741	0.523259	7.129609
32802	-7952.025	-8203.307	251.2825	0.8588204	0.4857576	0.476741	0.523259	7.222355
32808	-7932.912	-8184.523	251.6104	0.8588204	0.6454002	0.476283	0.523717	6.915219
32814	-7944.386	-8193.583	249.197	0.8432195	0.5088176	0.423049	0.576951	8.324797
32820	-7946.917	-8196.507	249.5894	0.7419973	0.5088176	0.466861	0.533139	8.169803
32826	-7941.592	-8191.921	250.3291	0.8383702	0.4735256	0.469357	0.530643	7.755281
32832	-7948.267	-8200.854	252.5866	0.8666753	0.6090601	0.469357	0.530643	6.410906
32838	-7955.392	-8206.019	250.6265	0.8539875	0.5068604	0.495293	0.504707	7.557959
32844	-7944.817	-8195.954	251.137	0.7739418	0.5059882	0.508006	0.491994	7.327997
32850	-7967.975	-8217.984	250.0092	0.7626778	0.5701981	0.458988	0.541012	7.883617
32856	-7956.559	-8206.914	250.3548	0.7907357	0.5433635	0.458785	0.541215	7.705983
32862	-7961.025	-8211.389	250.3637	0.7727818	0.6035417	0.455893	0.544107	7.662436
32868	-7943.141	-8194.04	250.8989	0.8214263	0.6600517	0.460942	0.539058	7.3072
32874	-7950.622	-8200.905	250.2831	0.8476804	0.4702895	0.508693	0.491307	7.777898
32880	-7936.795	-8187.248	250.4531	0.7710041	0.4171106	0.416488	0.583512	7.779105
32886	-7937.196	-8187.825	250.6288	0.7966486	0.6188353	0.416488	0.583512	7.496042
32892	-7939.82	-8191.109	251.2895	0.8275329	0.6238904	0.514527	0.485473	7.120986
32898	-7930.183	-8181.665	251.4816	0.8275329	0.498188	0.514981	0.485019	7.120986
32904	-7933.389	-8184.586	251.1976	0.7991773	0.5435493	0.532291	0.467709	7.249696
32910	-7956.628	-8207.689	251.0608	0.723719	0.4538204	0.466065	0.533935	7.443414
32916	-7959.385	-8211.653	252.2675	0.8002573	0.4742733	0.444212	0.555788	6.733912
32922	-7951.428	-8202.631	251.2033	0.7699194	0.5348986	0.514792	0.485208	7.269603
32928	-7951.609	-8202.939	251.33	0.7599079	0.6146073	0.464712	0.535288	7.142683
32934	-7948.813	-8199.73	250.917	0.7800584	0.6146073	0.506386	0.493614	7.353628
32940	-7929.814	-8180.67	250.8558	0.7737208	0.5731245	0.502295	0.497705	7.422457
32946	-7927.364	-8178.098	250.7341	0.7981519	0.565573	0.41762	0.58238	7.480672
32952	-7928.633	-8179.431	250.7973	0.856358	0.4894269	0.452928	0.547072	7.480672
32958	-7944.532	-8196.557	252.0248	1.001097	0.575491	0.452928	0.547072	6.668996
32964	-7940.392	-8192.681	252.2885	0.8729419	0.5049469	0.411607	0.588393	6.655444
32970	-7928.349	-8178.302	249.9524	0.740917	0.5049469	0.465032	0.534968	7.98029
32976	-7932.369	-8182.404	250.0346	0.7723426	0.6453983	0.465032	0.534968	7.807003
32982	-7932.187	-8182.414	250.2264	0.8050853	0.4967354	0.546251	0.453749	7.807003
32988	-7932.985	-8183.946	250.9603	0.8050853	0.4967354	0.458752	0.541248	7.414239
32994	-7939.4	-8190.375	250.9746	0.8607022	0.6269672	0.540922	0.459078	7.270035
33000	-7940.912	-8193.08	252.1684	0.8321978	0.6417174	0.540922	0.459078	6.631116
33006	-7932.243	-8183.075	250.832	0.8938642	0.4674955	0.484806	0.515194	7.462043
33012	-7936.075	-8187.423	251.3478	0.8012837	0.6269176	0.507043	0.492957	7.101461
33018	-7936.706	-8186.343	249.6367	0.727335	0.5639403	0.478058	0.521942	8.106172
33024	-7937.274	-8187.637	250.3632	0.7705524	0.5447753	0.53205	0.46795	7.711066
33030	-7928.874	-8179.884	251.0099	0.8808295	0.5446311	0.486709	0.513291	7.305711
33036	-7924.143	-8176.8	252.657	0.8808295	0.5623982	0.486709	0.513291	6.402516
33042	-7933.253	-8184.773	251.5196	0.8210495	0.5623982	0.493977	0.506023	7.049192
33048	-7932.849	-8184.215	251.3664	0.8210495	0.6696628	0.502151	0.497849	7.049192
33054	-7928.185	-8180.02	251.8356	0.8473514	0.6696628	0.540452	0.459548	6.782122
33060	-7929.659	-8181.316	251.6569	0.9247697	0.480912	0.533803	0.466197	6.98997
33066	-7940.283	-8191.803	251.5197	0.8225057	0.6369011	0.477758	0.522242	6.98997
33072	-7946.409	-8196.652	250.2432	0.81149	0.5983303	0.455885	0.544115	7.710248
33078	-7942.609	-8193.289	250.6798	0.7804445	0.5190863	0.455885	0.544115	7.558156
33084	-7942.708	-8193.297	250.5888	0.7868963	0.5734801	0.515916	0.484084	7.558156
33090	-7938.338	-8189.607	251.2695	0.8487216	0.5962866	0.492433	0.507567	7.141692
33096	-7934.33	-8184.194	249.8634	0.7674086	0.603729	0.435034	0.564966	7.932476
33102	-7940.672	-8188.973	248.3016	0.7840899	0.6062596	0.378229	0.621771	8.752377
33108	-7944.842	-8195.422	250.5796	0.887629	0.5522123	0.525066	0.474934	7.526473
33114	-7929.083	-8178.739	249.6556	0.7553389	0.6117848	0.525066	0.474934	8.043539
33120	-7938.09	-8188.97	250.8806	0.8300727	0.6117848	0.442265	0.557735	7.348495
33126	-7938.898	-8190.221	251.3235	0.7697771	0.4825008	0.553077	0.446923	7.251158
33132	-7937.946	-8188.263	250.3168	0.8226283	0.5958409	0.42343	0.57657	7.666851
33138	-7932.892	-8183.794	250.9018	0.7690021	0.6214103	0.42343	0.57657	7.362521
33144	-7929.912	-8180.915	251.0037	0.7874896	0.5368238	0.42343	0.57657	7.365702
33150	-7934.015	-8185.688	251.6726	0.8115758	0.6032652	0.441953	0.558047	6.939265
33156	-7942.227	-8193.625	251.3973	0.7741125	0.6180325	0.438634	0.561366	7.096187
33162	-7951.743	-8203.989	252.2457	0.8501431	0.5413846	0.524737	0.475263	6.659371
33168	-7936.389	-8187.734	251.345	0.7897592	0.5258792	0.468339	0.531661	7.190517
33174	-7935.469	-8186.716	251.2471	0.797567	0.5845436	0.462151	0.537849	7.190517
33180	-7937.004	-8188.484	251.4805	0.8003153	0.5055627	0.470068	0.529932	7.129676
33186	-7934.638	-8185.67	251.0319	0.8410228	0.6051403	0.470068	0.529932	7.266535
33192	-7938.188	-8187.991	249.8029	0.8098962	0.5352266	0.470068	0.529932	7.997282
33198	-7922.349	-8173.034	250.6856	0.8098962	0.5806276	0.434169	0.565831	7.488258
33204	-7927.568	-8179.106	251.5379	0.8439421	0.4922407	0.461138	0.538862	7.087212
33210	-7929.871	-8180.55	250.6789	0.8025627	0.5344204	0.461138	0.538862	7.533689
33216	-7939.021	-8190.208	251.1862	0.8575103	0.5273521	0.511683	0.488317	7.238192
33222	-7937.865	-8188.809	250.9437	0.7826623	0.5765454	0.523195	0.476805	7.367802
33228	-7925.817	-8176.116	250.2987	0.7826623	0.5496751	0.489359	0.510641	7.735057
33234	-7929.234	-8179.796	250.5612	0.772136	0.5748812	0.489359	0.510641	7.5797
33240	-7929.782	-8181.959	252.1775	0.7703214	0.6103466	0.446936	0.553064	6.683547
33246	-7949.656	-8201.814	252.1582	0.8993309	0.5372839	0.515186	0.484814	6.683547
33252	-7930.616	-8182.704	252.088	0.8597529	0.6752771	0.487727	0.512273	6.635005
33258	-7933.182	-8185.922	252.7392	0.9476909	0.6986841	0.487727	0.512273	6.217468
33264	-7942.346	-8194.635	252.2893	0.9382148	0.7598725	0.528774	0.471226	6.424952
33270	-7930.345	-8182.672	252.3268	0.8339063	0.4745006	0.527952	0.472048	6.683461
33276	-7922.98	-8174.343	251.3632	0.8408352	0.5138647	0.468361	0.531639	7.163693
33282	-7931.372	-8181.533	250.1615	0.7947236	0.5006009	0.449714	0.550286	7.84382
33288	-7918.379	-8168.94	250.5606	0.8278091	0.5354199	0.466072	0.533928	7.582719
33294	-7926.958	-8179.751	252.793	0.8000156	0.5882303	0.434907	0.565093	6.351583
33300	-7918.244	-8170.193	251.9498	0.8229894	0.5187666	0.461877	0.538123	6.853214
33306	-7942.2	-8193.201	251.0001	0.8351278	0.5059471	0.451221	0.548779	7.368678
33312	-7951.182	-8200.429	249.2463	0.8015319	0.6640875	0.509616	0.490384	8.198251
33318	-7948.081	-8199.114	251.0329	0.780752	0.6040716	0.495237	0.504763	7.299206
33324	-7951.714	-8204.168	252.4547	0.8983355	0.5000916	0.506237	0.493763	6.556173
33330	-7949.067	-8201.666	252.5995	0.8405215	0.5023978	0.506237	0.493763	6.507008
33336	-7946.271	-8197.344	251.0736	0.8945544	0.5023978	0.48657	0.51343	7.300453
33342	-7946.554	-8199.034	252.4795	0.9637177	0.5808724	0.466294	0.533706	6.438749
33348	-7937.203	-8188.71	251.5073	0.8166536	0.5037611	0.423053	0.576947	7.108101
33354	-7943.28	-8192.816	249.536	0.7095665	0.5981548	0.4741	0.5259	8.142178
33360	-7941.472	-8190.74	249.2684	0.684061	0.5832236	0.4741	0.5259	8.309926
33366	-7935.826	-8186.262	250.436	0.7438103	0.5832236	0.460718	0.539282	7.655215
33372	-7930.151	-8180.41	250.2585	0.701312	0.6013459	0.460718	0.539282	7.758633
33378	-7951.909	-8201.796	249.8874	0.701312	0.5167998	0.488513	0.511487	8.025819
33384	-7947.14	-8196.664	249.524	0.7033413	0.4875709	0.465785	0.534215	8.243974
33390	-7937.56	-8188.229	250.6683	0.7301448	0.4837666	0.511683	0.488317	7.62245
33396	-7930.224	-8181.645	251.4212	0.7654547	0.5125742	0.511683	0.488317	7.174175
33402	-7923.39	-8173.842	250.4518	0.7850953	0.7280109	0.511683	0.488317	7.518647
33408	-7922.873	-8173.692	250.8184	0.7472105	0.5828572	0.514318	0.485682	7.448947
33414	-7941.413	-8192.022	250.6083	0.7472105	0.5328025	0.461611	0.538389	7.602523
33420	-7945.352	-8195.334	249.9822	0.7180644	0.5328025	0.523098	0.476902	7.952664
33426	-7937.604	-8188.054	250.4507	0.7919139	0.5477837	0.523098	0.476902	7.650372
33432	-7929.289	-8179.659	250.3705	0.7481078	0.6319487	0.430865	0.569135	7.650372
33438	-7933.77	-8184.867	251.0974	0.7257732	0.5156837	0.513401	0.486599	7.366601
33444	-7935.244	-8186.234	250.9906	0.8094716	0.515152	0.542417	0.457583	7.379491
33450	-7941.845	-8192.807	250.9619	0.7871761	0.5329337	0.550649	0.449351	7.391548
33456	-7940.257	-8190.542	250.2853	0.7684586	0.5176244	0.549503	0.450497	7.776839
33462	-7953.918	-8204.358	250.4393	0.7293737	0.5343043	0.50452	0.49548	7.701176
33468	-7943.203	-8194.128	250.9252	0.7824323	0.5477177	0.490712	0.509288	7.401364
33474	-7943.158	-8193.497	250.3397	0.7453701	0.5931691	0.464951	0.535049	7.698014
33480	-7935.436	-8185.652	250.2151	0.8292499	0.6214199	0.527646	0.472354	7.698014
33486	-7951.724	-8201.06	249.3357	0.6755357	0.6111011	0.492523	0.507477	8.256978
33492	-7942.687	-8193.344	250.657	0.7944248	0.477648	0.473086	0.526914	7.599678
33498	-7940.123	-8190.125	250.0017	0.7298461	0.6038764	0.498794	0.501206	7.87861
33504	-7940.29	-8191.299	251.0089	0.7447566	0.5728735	0.498794	0.501206	7.356106
33510	-7930.245	-8181.368	251.1235	0.8074384	0.4631573	0.445854	0.554146	7.356106
33516	-7928.656	-8177.82	249.1641	0.7018256	0.5188214	0.524162	0.475838	8.408878
33522	-7935.712	-8185.582	249.8698	0.7901124	0.5849083	0.520473	0.479527	7.931625
33528	-7952.122	-8202.243	250.1215	0.6967451	0.5703279	0.543209	0.456791	7.858778
33534	-7948.963	-8198.378	249.4146	0.6967451	0.5899213	0.466062	0.533938	8.220107
33540	-7939.793	-8190.947	251.1536	0.778992	0.6258032	0.509879	0.490121	7.218645
33546	-7942.849	-8194.775	251.9256	0.7822962	0.5174277	0.509879	0.490121	6.889349
33552	-7960.34	-8211.813	251.473	0.8313643	0.4407754	0.465333	0.534667	7.17694
33558	-7950.974	-8202.389	251.415	0.8893642	0.4407754	0.488658	0.511342	7.17694
33564	-7955.662	-8207.957	252.2949	0.8376802	0.5385568	0.443663	0.556337	6.641895
33570	-7939.691	-8190.207	250.5161	0.820717	0.5349149	0.492398	0.507602	7.610743
33576	-7931.975	-8185.354	253.3794	0.9488495	0.5349149	0.449234	0.550766	5.995739
33582	-7930.183	-8183.644	253.4611	0.9758071	0.469121	0.520474	0.479526	5.995739
33588	-7942.807	-8194.951	252.1439	0.9758071	0.452132	0.499014	0.500986	6.726689
33594	-7937.626	-8190.027	252.4006	0.8696574	0.452132	0.523063	0.476937	6.645342
33600	-7927.96	-8178.082	250.1223	0.7573904	0.5260507	0.44233	0.55767	7.862619
33606	-7928.413	-8177.769	249.356	0.7424614	0.5355004	0.525754	0.474246	8.271066
33612	-7928.882	-8179.558	250.6759	0.756106	0.5210922	0.525754	0.474246	7.571566
33618	-7936.806	-8187.521	250.7155	0.7905232	0.5497047	0.525754	0.474246	7.507776
33624	-7923.529	-8174.969	251.44	0.8064973	0.5896202	0.53492	0.46508	7.07794
33630	-7928.93	-8180.33	251.3998	0.8280466	0.5531347	0.448838	0.551162	7.117496
33636	-7929.665	-8181.005	251.3402	0.887655	0.5531347	0.481712	0.518288	7.117496
33642	-7936.105	-8187.999	251.8938	0.8029726	0.5368304	0.396769	0.603231	6.878703
33648	-7937.227	-8188.763	251.5355	0.8029726	0.5368304	0.492224	0.507776	7.071669
33654	-7939.513	-8190.123	250.6106	0.7261806	0.5368304	0.495899	0.504101	7.609155
33660	-7937.564	-8188.682	251.1182	0.7721198	0.5455464	0.463644	0.536356	7.305148
33666	-7938.662	-8187.451	248.7894	0.6990185	0.5394123	0.463644	0.536356	8.592043
33672	-7938.986	-8189.91	250.924	0.8043659	0.530067	0.491783	0.508217	7.405098
33678	-7942.079	-8193.907	251.8279	0.8629895	0.530067	0.512177	0.487823	6.887622
33684	-7927.929	-8180.185	252.2565	0.8629895	0.6570141	0.512177	0.487823	6.555378
33690	-7931.175	-8182.119	250.9446	0.7731755	0.5334845	0.518183	0.481817	7.407876
33696	-7937.666	-8190.417	252.7507	0.866698	0.5334845	0.518183	0.481817	6.383643
33702	-7926.833	-8178.629	251.7952	0.7460351	0.5617414	0.518183	0.481817	6.941718
33708	-7939.396	-8190.393	250.9966	0.7564693	0.59454	0.451818	0.548182	7.339185
33714	-7936.276	-8187.051	250.7759	0.7966723	0.5372805	0.433122	0.566878	7.482504
33720	-7936.617	-8186.592	249.9751	0.7661939	0.5789895	0.433122	0.566878	7.892889
33726	-7935.917	-8187.603	251.686	0.7954292	0.5798822	0.494361	0.505639	6.959241
33732	-7924.55	-8174.883	250.3323	0.7867374	0.5899185	0.479639	0.520361	7.682406
33738	-7948.94	-8196.842	247.9019	0.6979554	0.5899185	0.521587	0.478413	9.022395
33744	-7943.795	-8193.276	249.481	0.7501329	0.5233745	0.521587	0.478413	8.210694
33750	-7938.27	-8189.076	250.8057	0.8281006	0.5409002	0.521587	0.478413	7.446664
33756	-7947.806	-8198.667	250.8612	0.7996633	0.5684511	0.523684	0.476316	7.409427
33762	-7942.732	-8192.744	250.0118	0.7750976	0.5038255	0.503144	0.496856	7.931372
33768	-7940.108	-8190.298	250.1903	0.7279141	0.4282628	0.503144	0.496856	7.931372
33774	-7939.415	-8189.548	250.1332	0.7825419	0.5255003	0.3989	0.6011	7.84382
33780	-7938.895	-8190.127	251.2315	0.7724109	0.537528	0.502089	0.497911	7.250932
33786	-7934.496	-8185.125	250.6291	0.8642684	0.5519351	0.502089	0.497911	7.512725
33792	-7923.39	-8174.401	251.0109	0.9095795	0.5950707	0.49447	0.50553	7.248894
33798	-7932.926	-8184.992	252.0659	0.8562034	0.4784084	0.538974	0.461026	6.808697
33804	-7935.038	-8186.036	250.9976	0.831523	0.5532452	0.487881	0.512119	7.331601
33810	-7935.467	-8185.773	250.3059	0.7870909	0.6296036	0.432296	0.567704	7.665849
33816	-7932.119	-8182.558	250.4397	0.8880861	0.5075086	0.452272	0.547728	7.639128
33822	-7927.229	-8179.823	252.5935	0.8292311	0.5428386	0.530929	0.469071	6.481256
33828	-7930.746	-8181.135	250.389	0.7102865	0.538947	0.49965	0.50035	7.734382
33834	-7917.05	-8166.911	249.861	0.6883288	0.567172	0.450566	0.549434	8.00481
33840	-7923.311	-8173.585	250.2741	0.6883288	0.5342834	0.537455	0.462545	7.81145
33846	-7928.532	-8178.708	250.1756	0.7933542	0.5301721	0.510466	0.489534	7.81145
33852	-7948.947	-8199.769	250.8223	0.8638624	0.5301721	0.575167	0.424833	7.42766
33858	-7953.495	-8205.495	252.0002	0.7965518	0.54685	0.391578	0.608422	6.816289
33864	-7943.188	-8195.648	252.4607	0.8778564	0.5422675	0.433459	0.566541	6.527324
33870	-7942.034	-8193.152	251.1173	0.8849468	0.5539636	0.460253	0.539747	7.238105
33876	-7933.994	-8186.033	252.0385	0.8319208	0.5472367	0.470323	0.529677	6.77621
33882	-7932.95	-8184.007	251.0572	0.8388837	0.6000321	0.446235	0.553765	7.258081
33888	-7946.6	-8195.582	248.9819	0.7157939	0.5369084	0.534908	0.465092	8.48299
33894	-7923.512	-8173.895	250.3833	0.731609	0.5688916	0.4293	0.5707	7.701394
33900	-7927.465	-8178.535	251.0694	0.7886698	0.5322018	0.500519	0.499481	7.333696
33906	-7921.565	-8173.203	251.6376	0.80191	0.5254627	0.474114	0.525886	7.027002
33912	-7927.943	-8178.667	250.7233	0.7400711	0.5648455	0.474114	0.525886	7.518176
33918	-7942.718	-8193.124	250.4065	0.8302026	0.6400809	0.474114	0.525886	7.581142
33924	-7930.389	-8180.724	250.3346	0.8102982	0.6400809	0.540344	0.459656	7.630256
33930	-7929.886	-8180.498	250.6112	0.8102982	0.5654802	0.44099	0.55901	7.540084
33936	-7942.245	-8191.293	249.048	0.8444457	0.5075416	0.441411	0.558589	8.404489
33942	-7931.371	-8183.057	251.6856	0.8266121	0.6025498	0.492018	0.507982	6.924677
33948	-7940.312	-8191.37	251.0585	0.7822005	0.5098747	0.492018	0.507982	7.362284
33954	-7931.224	-8182.187	250.9636	0.7822005	0.5704169	0.520379	0.479621	7.362284
33960	-7933.345	-8184.234	250.8884	0.7494541	0.5451772	0.520379	0.479621	7.440897
33966	-7928.072	-8178.403	250.3311	0.7823616	0.4289784	0.481699	0.518301	7.826443
33972	-7932.963	-8183.602	250.6389	0.9027133	0.5849901	0.490137	0.509863	7.460084
33978	-7930.452	-8181.788	251.3366	0.8460706	0.5849901	0.431652	0.568348	7.115944
33984	-7937.888	-8189.896	252.0083	0.8125829	0.625317	0.431652	0.568348	6.740586
33990	-7936.556	-8187.504	250.9478	0.7905278	0.6043361	0.509268	0.490732	7.339434
33996	-7943.839	-8196.782	252.9439	0.8385087	0.6043361	0.517302	0.482698	6.235945
34002	-7930.701	-8182.451	251.7502	0.8385087	0.542319	0.414214	0.585786	6.932297
34008	-7928.508	-8180.063	251.5542	0.8662844	0.480197	0.414214	0.585786	7.077341
34014	-7919.807	-8171.008	251.2015	0.7629219	0.5018625	0.440461	0.559539	7.302917
34020	-7936.992	-8188.826	251.8337	0.8547975	0.5182013	0.433534	0.566466	6.899146
34026	-7942.673	-8192.772	250.0991	0.7976947	0.476855	0.433534	0.566466	7.896854
34032	-7936.593	-8188.819	252.2256	0.8388773	0.5455135	0.487065	0.512935	6.67282
34038	-7943.807	-8195.028	251.2207	0.8388773	0.5071917	0.544237	0.455763	7.247135
34044	-7934.898	-8184.73	249.8323	0.8224494	0.4980612	0.545394	0.454606	8.006952
34050	-7936.781	-8188.516	251.7351	0.8165546	0.5891918	0.504117	0.495883	6.913958
34056	-7936.755	-8188.483	251.7278	0.8238289	0.5891918	0.422985	0.577015	6.913958
34062	-7926.872	-8177.213	250.3411	0.7470813	0.5561793	0.526256	0.473744	7.726025
34068	-7941.614	-8191.379	249.7647	0.7326922	0.645981	0.56538	0.43462	7.971803
34074	-7922.752	-8173.188	250.4358	0.8226302	0.5816239	0.521222	0.478778	7.614395
34080	-7929.011	-8180.371	251.3603	0.8152846	0.6758414	0.409447	0.590553	7.051131
34086	-7931.317	-8183.748	252.431	0.8666007	0.5676105	0.474727	0.525273	6.528424
34092	-7924.589	-8176.233	251.6436	0.8132783	0.6406029	0.423419	0.576581	6.925465
34098	-7937.771	-8187.726	249.9553	0.7529176	0.471099	0.503272	0.496728	8.002745
34104	-7929.471	-8179.128	249.6569	0.7453173	0.4953793	0.453162	0.546838	8.143894
34110	-7934.741	-8184.675	249.9334	0.8216134	0.5812141	0.453162	0.546838	7.883825
34116	-7940.004	-8191.51	251.5053	0.8403039	0.5945738	0.505753	0.494247	7.020698
34122	-7929.307	-8180.234	250.9273	0.8403039	0.5769832	0.46692	0.53308	7.345298
34128	-7944.498	-8196.189	251.6911	0.8812518	0.5431612	0.52803	0.47197	6.940405
34134	-7942.093	-8193.643	251.5502	0.8439129	0.5431612	0.52803	0.47197	7.036409
34140	-7947.862	-8199.586	251.7239	0.8882625	0.5431612	0.479506	0.520494	6.918963
34146	-7937.401	-8186.809	249.4079	0.7332993	0.5312578	0.479506	0.520494	8.251874
34152	-7949.387	-8197.959	248.5716	0.6943239	0.5479827	0.480289	0.519711	8.703027
34158	-7948.761	-8198.868	250.1062	0.7150413	0.5139486	0.488457	0.511543	7.904206
34164	-7940.466	-8190.391	249.9247	0.7627808	0.6232088	0.514769	0.485231	7.887355
34170	-7947.239	-8198.635	251.3965	0.8289746	0.5216633	0.494302	0.505698	7.145416
34176	-7930.832	-8181.313	250.4808	0.7940406	0.5216633	0.494302	0.505698	7.655152
34182	-7930.912	-8182.25	251.3382	0.810232	0.4955717	0.511528	0.488472	7.209745
34188	-7938.61	-8190.346	251.7364	0.810232	0.6135959	0.443457	0.556543	6.897545
34194	-7937.157	-8188.501	251.3438	0.782376	0.6793212	0.516937	0.483063	7.075209
34200	-7935.841	-8186.779	250.938	0.8281083	0.5354691	0.507413	0.492587	7.380271
34206	-7940.76	-8191.014	250.2542	0.7617586	0.5216211	0.507413	0.492587	7.793626
34212	-7943.743	-8193.966	250.2227	0.7482957	0.4943209	0.493912	0.506088	7.841454
34218	-7964.761	-8217.453	252.6918	0.8786192	0.5507869	0.556128	0.443872	6.394509
34224	-7939.897	-8190.343	250.446	0.7032201	0.5602359	0.450812	0.549188	7.690052
34230	-7950.305	-8199.313	249.0084	0.6987175	0.511519	0.491534	0.508466	8.499564
34236	-7935.98	-8185.607	249.6275	0.6790968	0.5163821	0.491534	0.508466	8.176465
34242	-7935.08	-8185.888	250.8085	0.6822338	0.4940389	0.376272	0.623728	7.563815
34248	-7923.611	-8175.42	251.809	0.801779	0.4940389	0.51591	0.48409	6.962382
34254	-7947.05	-8198.698	251.6478	0.7908168	0.6454254	0.533162	0.466838	6.931693
34260	-7947.553	-8198.261	250.7077	0.7210199	0.5154113	0.48599	0.51401	7.578207
34266	-7950.163	-8200.867	250.7043	0.7190331	0.5912014	0.48599	0.51401	7.51856
34272	-7936.292	-8185.743	249.4512	0.6594112	0.5095176	0.48599	0.51401	8.286778
34278	-7935.726	-8186.717	250.9916	0.8215045	0.5050928	0.449121	0.550879	7.381295
34284	-7943.838	-8194.656	250.818	0.8206238	0.6194261	0.469569	0.530431	7.381295
34290	-7934.905	-8186.205	251.3001	0.8206238	0.4970727	0.469569	0.530431	7.223278
34296	-7955.91	-8205.76	249.8496	0.8192378	0.6128959	0.491292	0.508708	7.90516
34302	-7941.068	-8191.953	250.8855	0.7961954	0.5612349	0.510845	0.489155	7.404137
34308	-7940.607	-8191.349	250.7422	0.7961954	0.5612349	0.554003	0.445997	7.480922
34314	-7933.961	-8185.411	251.4506	0.8301089	0.6705241	0.489316	0.510684	6.998329
34320	-7924.238	-8175.14	250.9019	0.8479331	0.6999447	0.481953	0.518047	7.262898
34326	-7928.123	-8179.453	251.3298	0.8181101	0.6999447	0.457331	0.542669	7.04889
34332	-7944.998	-8197.26	252.2623	0.8181101	0.5685306	0.539663	0.460337	6.645151
34338	-7947.181	-8199.362	252.1814	0.8630631	0.5685306	0.448075	0.551925	6.664593
34344	-7943.077	-8194.662	251.5842	0.8196891	0.5009737	0.457363	0.542637	7.067557
34350	-7931.287	-8181.414	250.1271	0.7549282	0.5536608	0.518881	0.481119	7.838233
34356	-7929.755	-8179.438	249.6831	0.7132352	0.5946038	0.435795	0.564205	8.06461
34362	-7925.678	-8176.916	251.2381	0.8056015	0.5946038	0.450013	0.549987	7.183046
34368	-7936.847	-8187.399	250.5521	0.8461211	0.5946038	0.467879	0.532121	7.52936
34374	-7933.738	-8184.946	251.2085	0.8461211	0.513816	0.493094	0.506906	7.243994
34380	-7945.856	-8197.207	251.3505	0.9380336	0.5133018	0.518431	0.481569	7.118733
34386	-7945.325	-8196.473	251.1481	0.8359854	0.5584249	0.520115	0.479885	7.244176
34392	-7937.697	-8186.934	249.2369	0.7028968	0.5028665	0.466145	0.533855	8.383413
34398	-7943.066	-8193.091	250.0257	0.8204996	0.5737643	0.466145	0.533855	7.841057
34404	-7936.124	-8187.63	251.5055	0.8551429	0.4691959	0.479956	0.520044	7.119705
34410	-7932.551	-8182.974	250.4228	0.8551429	0.4886643	0.492137	0.507863	7.682505
34416	-7934.015	-8185.435	251.4195	0.7790588	0.6851332	0.492137	0.507863	7.032114
34422	-7929.361	-8181.564	252.2031	0.8332547	0.6268634	0.492137	0.507863	6.622978
34428	-7932.891	-8185.722	252.831	0.8856154	0.6268634	0.493274	0.506726	6.254188
34434	-7935.759	-8187.188	251.4288	0.8856154	0.4769088	0.479477	0.520523	7.137431
34440	-7936.369	-8187.429	251.0606	0.7458979	0.6069667	0.505398	0.494602	7.300794
34446	-7938.322	-8189.757	251.4344	0.7578012	0.6209026	0.526118	0.473882	7.082844
34452	-7949.556	-8200.177	250.6219	0.7619616	0.6604084	0.439152	0.560848	7.487382
34458	-7950.59	-8199.335	248.7448	0.7328377	0.6604084	0.439152	0.560848	8.504134
34464	-7939.12	-8190.533	251.4132	0.8038867	0.5234683	0.453051	0.546949	7.148349
34470	-7932.223	-8183.823	251.5998	0.8008645	0.5234683	0.484624	0.515376	7.049612
34476	-7937.951	-8189.512	251.5613	0.8663418	0.5068183	0.44805	0.55195	7.049612
34482	-7933.143	-8184.001	250.8582	0.8007263	0.482292	0.460663	0.539337	7.484302
34488	-7954.078	-8203.364	249.2856	0.6735312	0.5409658	0.512881	0.487119	8.340592
34494	-7959.225	-8210.824	251.5989	0.8718758	0.5175564	0.590175	0.409825	7.016963
34500	-7951.537	-8202.893	251.3559	0.8202148	0.5581506	0.590175	0.409825	7.141178
34506	-7950.826	-8201.35	250.5236	0.7697672	0.549302	0.409975	0.590025	7.621942
34512	-7952.499	-8202.316	249.8169	0.8592674	0.4225215	0.418677	0.581323	8.06614
34518	-7937.748	-8189.343	251.5942	0.9054187	0.4494965	0.420333	0.579667	7.063517
34524	-7943.234	-8195.928	252.6934	0.9054187	0.5568972	0.451866	0.548134	6.37399
34530	-7941.136	-8191.959	250.8228	0.8858323	0.4911433	0.49483	0.50517	7.449682
34536	-7950.719	-8201.04	250.3207	0.7871163	0.6269184	0.477322	0.522678	7.659921
34542	-7938.627	-8188.58	249.9527	0.7871163	0.5445558	0.479964	0.520036	7.9217
34548	-7941.248	-8190.904	249.6557	0.6882156	0.5708708	0.460315	0.539685	8.111342
34554	-7935.524	-8185.836	250.3119	0.766597	0.578229	0.460315	0.539685	7.713392
34560	-7924.027	-8175.613	251.5865	0.807315	0.6377581	0.432417	0.567583	6.961567
34566	-7935.196	-8186.744	251.5482	0.8920386	0.4965817	0.429584	0.570416	7.051894
34572	-7944.687	-8195.677	250.9898	0.8685229	0.6366251	0.5174	0.4826	7.25039
34578	-7942.921	-8194.818	251.8969	0.8535943	0.5132834	0.493037	0.506963	6.869997
34584	-7932.342	-8184.422	252.0797	0.876419	0.6121943	0.569209	0.430791	6.67762
34590	-7943.795	-8196.309	252.5142	0.9190662	0.4898195	0.465212	0.534788	6.522006
34596	-7954.993	-8205.287	250.2939	0.7256916	0.4898195	0.534648	0.465352	7.819531
34602	-7947.711	-8199.089	251.3781	0.7906704	0.4714096	0.469126	0.530874	7.220755
34608	-7947.663	-8199.461	251.7983	0.8036735	0.5768517	0.417832	0.582168	6.896708
34614	-7962.754	-8213.561	250.8073	0.7834708	0.5649762	0.526624	0.473376	7.449815
34620	-7958.062	-8208.505	250.4426	0.7385167	0.5649762	0.512042	0.487958	7.669151
34626	-7939.109	-8190.297	251.1881	0.8048567	0.5649762	0.481991	0.518009	7.234007
34632	-7945.835	-8197.447	251.6127	0.8657324	0.4344754	0.481991	0.518009	7.089485
34638	-7930.23	-8180.186	249.9561	0.7638243	0.5688518	0.48328	0.51672	7.912449
34644	-7938.908	-8188.787	249.8797	0.7638243	0.5884454	0.440263	0.559737	7.937629
34650	-7935.795	-8187.104	251.3096	0.7394941	0.5884454	0.490724	0.509276	7.185019
34656	-7934.219	-8184.03	249.811	0.7834131	0.5651384	0.490724	0.509276	7.982428
34662	-7927.977	-8177.819	249.8419	0.7834131	0.5450025	0.487924	0.512076	7.982428
34668	-7927.255	-8177.129	249.8742	0.7088859	0.5726232	0.51259	0.48741	7.982428
34674	-7935.851	-8186.314	250.4623	0.6830263	0.5417427	0.477646	0.522354	7.70741
34680	-7935.026	-8185.461	250.4344	0.7426037	0.5417427	0.471323	0.528677	7.690498
34686	-7926.471	-8176.778	250.3068	0.7563941	0.6085927	0.440295	0.559705	7.697739
34692	-7934.493	-8185.393	250.9001	0.7142282	0.5833286	0.440295	0.559705	7.422411
34698	-7925.203	-8175.369	250.1655	0.7481811	0.6039368	0.470854	0.529146	7.78127
34704	-7921.916	-8173.185	251.2682	0.7973568	0.5875551	0.461924	0.538076	7.176855
34710	-7930.335	-8181.657	251.3227	0.8112581	0.5151715	0.517077	0.482923	7.200212
34716	-7939.478	-8191.008	251.5301	0.8187915	0.504757	0.47874	0.52126	7.093799
34722	-7941.322	-8191.69	250.3683	0.8163162	0.5543247	0.505572	0.494428	7.675995
34728	-7944.61	-8195.298	250.6875	0.8195259	0.5543247	0.505983	0.494017	7.503427
34734	-7938.849	-8190.205	251.3563	0.8195259	0.5348884	0.482843	0.517157	7.160761
34740	-7947.5	-8197.924	250.4246	0.763556	0.5143945	0.374978	0.625022	7.707829
34746	-7933.519	-8183.769	250.2506	0.763556	0.5740974	0.553779	0.446221	7.751083
34752	-7931.569	-8180.893	249.3246	0.7767947	0.4945734	0.491706	0.508294	8.304767
34758	-7936.454	-8185.827	249.3728	0.6883919	0.5355307	0.527313	0.472687	8.290845
34764	-7930.872	-8180.982	250.1101	0.8033768	0.6082382	0.457898	0.542102	7.778082
34770	-7940.854	-8190.975	250.1217	0.7832064	0.614197	0.457898	0.542102	7.778082
34776	-7951.146	-8201.413	250.2671	0.7347264	0.5378013	0.481438	0.518562	7.787437
34782	-7938.751	-8190.216	251.4656	0.7993962	0.568089	0.451796	0.548204	7.085264
34788	-7950.44	-8200.029	249.5888	0.7294693	0.5733355	0.488421	0.511579	8.123005
34794	-7944.079	-8196.057	251.9776	0.7990147	0.5489113	0.541685	0.458315	6.825461
34800	-7928.429	-8180.351	251.9226	0.8307208	0.5641047	0.47395	0.52605	6.825461
34806	-7928.032	-8178.626	250.5932	0.7580815	0.5350861	0.47712	0.52288	7.602871
34812	-7932.709	-8182.698	249.989	0.7767298	0.7062523	0.47712	0.52288	7.785622
34818	-7929.774	-8180.578	250.8042	0.7822712	0.6093703	0.47712	0.52288	7.416996
34824	-7931.777	-8182.699	250.9215	0.8106306	0.5138623	0.47712	0.52288	7.416996
34830	-7924.153	-8174.573	250.4199	0.8179852	0.4991324	0.562221	0.437779	7.694565
34836	-7923.62	-8174.565	250.9444	0.8017183	0.5750065	0.527873	0.472127	7.358415
34842	-7937.597	-8187.832	250.2354	0.8017183	0.4660756	0.48219	0.51781	7.831842
34848	-7927.549	-8177.751	250.2022	0.7578048	0.626522	0.48219	0.51781	7.739297
34854	-7940.239	-8190.047	249.8081	0.72524	0.5343674	0.466047	0.533953	8.040368
34860	-7939.2	-8189.514	250.3141	0.772612	0.5504844	0.482028	0.517972	7.731507
34866	-7935.938	-8188.242	252.3036	0.8252801	0.5826425	0.482028	0.517972	6.607527
34872	-7921.465	-8172.516	251.0505	0.8232816	0.5279812	0.483064	0.516936	7.328895
34878	-7935.624	-8186.135	250.5114	0.762255	0.549712	0.549816	0.450184	7.63215
34884	-7931.507	-8182.982	251.4749	0.8286693	0.6233793	0.450826	0.549174	7.020999
34890	-7934.199	-8185.745	251.5458	0.8717541	0.4730767	0.440728	0.559272	7.085491
34896	-7933.317	-8186.546	253.2295	0.9093369	0.618903	0.440728	0.559272	6.030499
34902	-7940.933	-8193.858	252.9246	0.9093369	0.5620312	0.478656	0.521344	6.242032
34908	-7935.569	-8188.289	252.7198	0.88697	0.5248359	0.423901	0.576099	6.396888
34914	-7939.195	-8190.203	251.008	0.7892761	0.4474958	0.450969	0.549031	7.44263
34920	-7945.469	-8194.713	249.2442	0.7443233	0.5354681	0.515579	0.484421	8.329554
34926	-7948.199	-8198.506	250.3076	0.8126438	0.5196417	0.515579	0.484421	7.739596
34932	-7947.49	-8197.882	250.392	0.7493741	0.5949807	0.454366	0.545634	7.666494
34938	-7940.603	-8192.914	252.3116	0.8637467	0.5666075	0.477261	0.522739	6.595407
34944	-7944.597	-8196.141	251.544	0.8325072	0.6281984	0.532295	0.467705	6.978071
34950	-7940.621	-8191.972	251.3517	0.8325072	0.5106689	0.532295	0.467705	7.177141
34956	-7956.849	-8206.865	250.016	0.7747924	0.5456473	0.457768	0.542232	7.893612
34962	-7940.657	-8192.049	251.392	0.8016005	0.6368161	0.472779	0.527221	7.07007
34968	-7947.189	-8198.074	250.8853	0.8016005	0.6303384	0.501874	0.498126	7.34712
34974	-7931.265	-8182.401	251.1359	0.7578147	0.5979941	0.507003	0.492997	7.260988
34980	-7931.289	-8182.025	250.7356	0.8202541	0.5484285	0.489488	0.510512	7.482114
34986	-7941.738	-8193.041	251.3024	0.8005994	0.5596431	0.420244	0.579756	7.179296
34992	-7955.974	-8206.708	250.7338	0.8414831	0.5773024	0.481946	0.518054	7.448175
34998	-7947.99	-8198.559	250.5694	0.7812178	0.5320848	0.453261	0.546739	7.605721
35004	-7948.294	-8197.758	249.4635	0.7259936	0.5007703	0.459032	0.540968	8.252395
35010	-7956.854	-8206.424	249.5694	0.7529527	0.5482707	0.535838	0.464162	8.141209
35016	-7943.559	-8194.744	251.1853	0.7210008	0.4902002	0.483511	0.516489	7.344553
35022	-7940.985	-8192.131	251.1465	0.7730397	0.4823412	0.485485	0.514515	7.344553
35028	-7944.631	-8195.908	251.2768	0.7869226	0.5645627	0.531048	0.468952	7.196345
35034	-7942.074	-8193.34	251.2656	0.7869226	0.5719768	0.451715	0.548285	7.196345
35040	-7941.204	-8192.279	251.0757	0.8581984	0.5524969	0.496097	0.503903	7.275986
35046	-7940.255	-8192.136	251.8811	0.7455943	0.5524969	0.546246	0.453754	6.903332
35052	-7944.417	-8196.135	251.7172	0.7754948	0.6443599	0.498337	0.501663	6.903332
35058	-7944.255	-8194.884	250.6293	0.7754948	0.5125967	0.496637	0.503363	7.593456
35064	-7939.502	-8189.752	250.2494	0.7754948	0.511213	0.496637	0.503363	7.797803
35070	-7944.259	-8195.255	250.9953	0.7860911	0.5643837	0.480461	0.519539	7.348061
35076	-7946.45	-8198.757	252.3069	0.7951992	0.5295679	0.480179	0.519821	6.666081
35082	-7940.691	-8193.097	252.4059	0.887612	0.4958964	0.487602	0.512398	6.592143
35088	-7941.856	-8191.957	250.1006	0.7869194	0.5396171	0.489377	0.510623	7.846986
35094	-7944.38	-8195.366	250.9862	0.7869194	0.7276507	0.533165	0.466835	7.231325
35100	-7944.753	-8196.225	251.4722	0.7685249	0.581798	0.498244	0.501756	7.087263
35106	-7940.979	-8192.489	251.5094	0.8092419	0.5150151	0.549998	0.450002	7.101038
35112	-7945.069	-8196.451	251.3822	0.7864061	0.5520541	0.466282	0.533718	7.150289
35118	-7930.277	-8180.308	250.0314	0.7864061	0.5515314	0.461856	0.538144	7.874303
35124	-7940.056	-8189.456	249.4002	0.785962	0.5859379	0.483155	0.516845	8.183405
35130	-7935.216	-8185.979	250.7631	0.7936266	0.5267477	0.483155	0.516845	7.499906
35136	-7944.709	-8196.056	251.3468	0.7936266	0.5511593	0.483155	0.516845	7.16614
35142	-7942.507	-8193.828	251.3207	0.7936266	0.5682794	0.5085	0.4915	7.16614
35148	-7946.509	-8197.089	250.5799	0.7936266	0.4307321	0.490018	0.509982	7.68574
35154	-7931.647	-8183.226	251.5791	0.8528709	0.5919599	0.478089	0.521911	6.976255
35160	-7927.943	-8178.375	250.4321	0.7758407	0.5488321	0.478089	0.521911	7.66807
35166	-7926.809	-8178.277	251.4686	0.876918	0.5426456	0.478089	0.521911	7.062986
35172	-7939.476	-8188.997	249.5208	0.7470784	0.5806037	0.475771	0.524229	8.14408
35178	-7927.71	-8178.033	250.3227	0.7805785	0.5070228	0.475771	0.524229	7.759602
35184	-7936.549	-8188.104	251.555	0.7982517	0.5066018	0.516647	0.483353	7.089825
35190	-7930.164	-8182.107	251.943	0.811055	0.5844437	0.511603	0.488397	6.808577
35196	-7928.537	-8179.98	251.4433	0.811055	0.5207674	0.496323	0.503677	7.130623
35202	-7933.239	-8184.253	251.0138	0.8141925	0.5173536	0.496323	0.503677	7.362564
35208	-7933.408	-8184.175	250.7665	0.7595131	0.4973775	0.453762	0.546238	7.541965
35214	-7929.432	-8180.044	250.6118	0.7766256	0.5687642	0.492962	0.507038	7.555171
35220	-7937.667	-8189.076	251.4089	0.7764911	0.5161441	0.48369	0.51631	7.171723
35226	-7941.954	-8194.204	252.2498	0.735406	0.6235612	0.48369	0.51631	6.653171
35232	-7937.005	-8188.071	251.066	0.8147416	0.5033334	0.542516	0.457484	7.34654
35238	-7940.434	-8191.523	251.0896	0.7837746	0.5132966	0.439614	0.560386	7.341784
35244	-7942.556	-8193.588	251.0322	0.7880036	0.7267922	0.521375	0.478625	7.206594
35250	-7936.88	-8187.45	250.5704	0.7785478	0.5301671	0.533557	0.466443	7.608276
35256	-7934.046	-8184.118	250.0725	0.714807	0.5301671	0.475879	0.524121	7.908418
35262	-7929.407	-8180.444	251.0365	0.714807	0.5779521	0.490239	0.509761	7.353281
35268	-7920.695	-8171.633	250.9387	0.7464886	0.4930522	0.454887	0.545113	7.460548
35274	-7934.113	-8185.001	250.8881	0.7328261	0.5326	0.503913	0.496087	7.460548
35280	-7931.883	-8182.586	250.703	0.821237	0.5918832	0.440201	0.559799	7.463949
35286	-7937.589	-8188.421	250.8325	0.7487059	0.5539555	0.425372	0.574628	7.463949
35292	-7929.568	-8179.11	249.5423	0.7567355	0.5539555	0.424681	0.575319	8.148946
35298	-7937.392	-8188.228	250.8365	0.7283567	0.5664298	0.428887	0.571113	7.462538
35304	-7945.67	-8197.495	251.8244	0.9079388	0.5197792	0.460415	0.539585	6.874115
35310	-7948.527	-8201.051	252.5241	0.8918056	0.6517699	0.460415	0.539585	6.39868
35316	-7944.601	-8197.012	252.4105	0.9171067	0.4416764	0.498787	0.501213	6.624426
35322	-7942.613	-8193.959	251.3457	0.8401723	0.5370851	0.405139	0.594861	7.153544
35328	-7934.894	-8185.332	250.4384	0.7771276	0.5601822	0.488337	0.511663	7.654671
35334	-7921.321	-8172.288	250.967	0.7717689	0.5443747	0.488337	0.511663	7.387439
35340	-7930.947	-8182.206	251.2594	0.786832	0.617647	0.488337	0.511663	7.163823
35346	-7944.414	-8195.292	250.8784	0.807581	0.5081584	0.488337	0.511663	7.446739
35352	-7952.684	-8203.424	250.7401	0.8301418	0.5081584	0.53291	0.46709	7.508747
35358	-7939.102	-8189.449	250.3472	0.8042361	0.6484295	0.449092	0.550908	7.620558
35364	-7936.557	-8187.475	250.918	0.7935835	0.6522056	0.50512	0.49488	7.317631
35370	-7930.653	-8181.848	251.1946	0.8224044	0.4816924	0.486214	0.513786	7.2928
35376	-7936.049	-8187.275	251.2261	0.7819113	0.4870443	0.486214	0.513786	7.2928
35382	-7928.158	-8179.328	251.1702	0.8003225	0.4856191	0.486214	0.513786	7.314205
35388	-7931.985	-8183.124	251.1388	0.82368	0.701667	0.486214	0.513786	7.147424
35394	-7923.936	-8175.77	251.8336	0.8149397	0.5860614	0.482231	0.517769	6.864193
35400	-7931.987	-8184.095	252.1079	0.8149397	0.5947015	0.501116	0.498884	6.709315
35406	-7939.285	-8191.727	252.4422	0.8149397	0.5525017	0.489029	0.510971	6.56277
35412	-7939.21	-8188.624	249.4141	0.7360294	0.5525017	0.501322	0.498678	8.229431
35418	-7942.937	-8191.929	248.9929	0.7335649	0.5836492	0.580908	0.419092	8.429786
35424	-7926.864	-8176.181	249.3171	0.7124529	0.5515841	0.426039	0.573961	8.294375
35430	-7940.151	-8190.972	250.8205	0.7641954	0.5899534	0.456915	0.543085	7.433101
35436	-7931.523	-8181.382	249.8587	0.7257515	0.6394464	0.514058	0.485942	7.930207
35442	-7931.001	-8183.393	252.3924	0.7777265	0.6223377	0.492926	0.507074	6.554064
35448	-7945.229	-8196.354	251.1247	0.7602792	0.4982411	0.492926	0.507074	7.348801
35454	-7941.956	-8192.593	250.6363	0.7565979	0.4777777	0.527329	0.472671	7.630881
35460	-7950.55	-8201.632	251.0819	0.7920905	0.4777777	0.535132	0.464868	7.373144
35466	-7948.286	-8199.705	251.4189	0.7427402	0.5500448	0.496549	0.503451	7.155698
35472	-7937.732	-8188.632	250.8996	0.7517295	0.5445695	0.551531	0.448469	7.434163
35478	-7929.209	-8179.969	250.7602	0.8626286	0.5631167	0.488715	0.511285	7.434163
35484	-7932.486	-8183.737	251.2516	0.7498069	0.552471	0.459421	0.540579	7.239759
35490	-7940.032	-8190.522	250.4895	0.7500181	0.4986147	0.494524	0.505476	7.694189
35496	-7933.839	-8184.707	250.8685	0.7313236	0.5511954	0.494524	0.505476	7.456252
35502	-7938.588	-8189.393	250.8043	0.8429248	0.4657404	0.43764	0.56236	7.505798
35508	-7937.054	-8186.968	249.9148	0.8344457	0.5811429	0.490706	0.509294	7.886975
35514	-7941.399	-8191.374	249.9746	0.7256818	0.5464339	0.490706	0.509294	7.941217
35520	-7931.983	-8182.422	250.4398	0.7706435	0.5847958	0.438907	0.561093	7.637555
35526	-7937.722	-8187.759	250.0366	0.7671553	0.5336627	0.438907	0.561093	7.896697
35532	-7936.573	-8187.344	250.7709	0.8196617	0.4705035	0.461278	0.538722	7.531716
35538	-7937.229	-8188.124	250.8949	0.7974557	0.5482035	0.486846	0.513154	7.409171
35544	-7937.44	-8188.651	251.2107	0.7803868	0.5482035	0.486846	0.513154	7.248834
35550	-7938.698	-8190.419	251.7212	0.7911281	0.5837539	0.541409	0.458591	6.939475
35556	-7930.412	-8181.498	251.086	0.7767527	0.5509431	0.491373	0.508627	7.315488
35562	-7940.247	-8191.231	250.9833	0.7767527	0.5224999	0.49576	0.50424	7.394553
35568	-7942.92	-8192.925	250.0059	0.7230247	0.551205	0.438447	0.561553	7.922001
35574	-7935.692	-8187.099	251.4076	0.8338918	0.5734832	0.475372	0.524628	7.093549
35580	-7931.287	-8182.986	251.6983	0.8338918	0.5181985	0.477481	0.522519	6.983333
35586	-7936.6	-8187.173	250.5731	0.7173503	0.5337086	0.477481	0.522519	7.636564
35592	-7926.463	-8176.089	249.6264	0.7078282	0.6362737	0.561062	0.438938	8.066025
35598	-7927.44	-8178.37	250.9296	0.7284618	0.595398	0.461237	0.538763	7.389457
35604	-7927.282	-8178.08	250.7982	0.7998156	0.5097196	0.527376	0.472624	7.492526
35610	-7928.569	-8180.919	252.3498	0.8332575	0.5262892	0.527376	0.472624	6.625082
35616	-7933.269	-8184.643	251.3733	0.790399	0.5878914	0.512353	0.487647	7.123844
35622	-7946.779	-8197	250.2212	0.790399	0.5878914	0.512353	0.487647	7.741486
35628	-7961.01	-8212.438	251.428	0.7878288	0.5577104	0.420902	0.579098	7.120193
35634	-7953.458	-8203.824	250.3657	0.772488	0.5320087	0.448416	0.551584	7.719437
35640	-7952.902	-8202.843	249.9416	0.7133948	0.5444123	0.448416	0.551584	7.9671
35646	-7952.305	-8202.759	250.4541	0.7943433	0.5743597	0.518103	0.481897	7.625554
35652	-7940.944	-8191.436	250.4923	0.7059762	0.4963609	0.488968	0.511032	7.718192
35658	-7935.16	-8186.092	250.9321	0.7225962	0.5579772	0.546992	0.453008	7.421283
35664	-7933.1	-8185.531	252.4313	0.8418969	0.5277313	0.546992	0.453008	6.575087
35670	-7937.891	-8190.351	252.4593	0.8583792	0.5749025	0.405338	0.594662	6.511605
35676	-7936.71	-8189.493	252.7836	0.8408019	0.6126827	0.492758	0.507242	6.315229
35682	-7932.631	-8183.356	250.7254	0.7427769	0.6411279	0.492758	0.507242	7.456359
35688	-7951.617	-8201.747	250.1306	0.7254486	0.5129229	0.567104	0.432896	7.886524
35694	-7936.925	-8188.465	251.5401	0.8189321	0.5144808	0.451748	0.548252	7.079827
35700	-7936.971	-8187.439	250.4683	0.8054499	0.5487624	0.507973	0.492027	7.632873
35706	-7941.173	-8192.553	251.38	0.8054499	0.5937966	0.507973	0.492027	7.107471
35712	-7931.406	-8181.881	250.4752	0.8054499	0.5436436	0.507973	0.492027	7.633465
35718	-7930.241	-8179.853	249.6119	0.7193471	0.5656957	0.507973	0.492027	8.122249
35724	-7933.259	-8182.966	249.7067	0.7099707	0.5113222	0.463877	0.536123	8.122249
35730	-7936.378	-8186.022	249.6435	0.8055452	0.4944499	0.475668	0.524332	8.119781
35736	-7931.346	-8182.108	250.7624	0.710062	0.5519933	0.46113	0.53887	7.523867
35742	-7935.331	-8185.746	250.4149	0.7631605	0.5727958	0.484053	0.515947	7.664454
35748	-7928.264	-8178.783	250.5192	0.7380494	0.5218035	0.503096	0.496904	7.664454
35754	-7923.424	-8174.055	250.6304	0.746147	0.4778755	0.477322	0.522678	7.639524
35760	-7920.904	-8172.33	251.4265	0.807097	0.5267591	0.477322	0.522678	7.136661
35766	-7933.184	-8183.23	250.0457	0.7705301	0.5267591	0.456766	0.543234	7.895907
35772	-7942.747	-8192.363	249.6157	0.729492	0.6263337	0.456766	0.543234	8.067586
35778	-7953.081	-8203.845	250.764	0.7946879	0.480295	0.435695	0.564305	7.539848
35784	-7952.959	-8203.768	250.8087	0.7990967	0.5785178	0.469345	0.530655	7.42979
35790	-7958.076	-8209.443	251.3675	0.8539452	0.5845999	0.430427	0.569573	7.095418
35796	-7948.759	-8200.942	252.1833	0.7738944	0.5831743	0.47929	0.52071	6.699936
35802	-7942.239	-8191.691	249.4522	0.7601902	0.645048	0.47929	0.52071	8.124458
35808	-7964.006	-8214.565	250.5591	0.691372	0.5301262	0.444557	0.555443	7.660986
35814	-7951.175	-8200.635	249.4602	0.691372	0.5301262	0.51702	0.48298	8.247329
35820	-7942.762	-8194.667	251.905	0.8795441	0.5207471	0.433847	0.566153	6.845157
35826	-7947.28	-8197.928	250.6482	0.9238123	0.5831712	0.473756	0.526244	7.445265
35832	-7946.611	-8199.137	252.5264	0.8804685	0.5052243	0.473756	0.526244	6.522431
35838	-7946.239	-8196.315	250.0762	0.7684904	0.5293582	0.473756	0.526244	7.878484
35844	-7947.278	-8197.561	250.2826	0.8063579	0.6068828	0.506264	0.493736	7.685279
35850	-7950.892	-8202.175	251.2824	0.8699664	0.515087	0.514459	0.485541	7.190408
35856	-7945.864	-8196.226	250.3621	0.7912257	0.5527424	0.466685	0.533315	7.69404
35862	-7933.627	-8183.886	250.2588	0.8387214	0.5527424	0.471253	0.528747	7.723856
35868	-7925.232	-8176.692	251.4595	0.7963453	0.620846	0.546047	0.453953	7.048649
35874	-7934.826	-8186.168	251.3425	0.7963453	0.5029859	0.456343	0.543657	7.208269
35880	-7934.084	-8185.228	251.1441	0.8707161	0.5823903	0.470054	0.529946	7.208269
35886	-7920.974	-8170.985	250.0112	0.7651484	0.5351782	0.540743	0.459257	7.910023
35892	-7949.196	-8201.309	252.1125	0.9135383	0.5074163	0.538888	0.461112	6.72643
35898	-7939.743	-8191.835	252.0919	0.878333	0.5074163	0.538888	0.461112	6.7566
35904	-7942.728	-8194.113	251.3848	0.8365383	0.5257093	0.479451	0.520549	7.144156
35910	-7931.54	-8182.641	251.101	0.7992407	0.5637684	0.486904	0.513096	7.284826
35916	-7931.676	-8181.776	250.1002	0.7551674	0.5204015	0.446747	0.553253	7.880402
35922	-7926.19	-8175.691	249.5011	0.753894	0.5455635	0.446747	0.553253	8.179349
35928	-7929.142	-8178.576	249.4337	0.7691976	0.5359861	0.48985	0.51015	8.215046
35934	-7940.148	-8190.756	250.6075	0.7494289	0.4872116	0.48985	0.51015	7.641537
35940	-7948.207	-8198.695	250.4875	0.7847485	0.4591846	0.401983	0.598017	7.712612
35946	-7938.968	-8188.351	249.3826	0.7772851	0.5064678	0.411822	0.588178	8.263202
35952	-7938.854	-8189.656	250.8022	0.8207186	0.6000695	0.447331	0.552669	7.404672
35958	-7936.65	-8187.498	250.8483	0.8053024	0.5547069	0.531136	0.468864	7.424541
35964	-7935.424	-8184.635	249.2109	0.8039409	0.6296086	0.455522	0.544478	8.241097
35970	-7929.505	-8179.376	249.8713	0.7712249	0.5625723	0.467246	0.532754	7.958835
35976	-7936.127	-8186.101	249.9738	0.7440651	0.4896009	0.426917	0.573083	7.980818
35982	-7940.287	-8190.145	249.8575	0.694384	0.5274397	0.508568	0.491432	8.036312
35988	-7941.845	-8192.012	250.1667	0.8010928	0.5102849	0.497812	0.502188	7.829155
35994	-7931.902	-8182.353	250.4514	0.8264308	0.6218864	0.531885	0.468115	7.572784
36000	-7941.325	-8192.3	250.9755	0.8139181	0.5299837	0.531885	0.468115	7.372429
36006	-7942.907	-8193.663	250.7563	0.8139181	0.5390887	0.52578	0.47422	7.482254
36012	-7941.347	-8192.609	251.2619	0.7806805	0.6402792	0.437179	0.562821	7.148701
36018	-7942.983	-8193.89	250.9066	0.7872449	0.5290806	0.448099	0.551901	7.424461
36024	-7938.86	-8189.113	250.2526	0.8170732	0.4626839	0.448099	0.551901	7.817574
36030	-7932.481	-8184.429	251.9479	0.941737	0.518849	0.434559	0.565441	6.790079
36036	-7927.571	-8179.942	252.371	0.9133568	0.6133018	0.416491	0.583509	6.499189
36042	-7929.638	-8182.36	252.7219	0.9840739	0.5442259	0.511125	0.488875	6.32647
36048	-7943.162	-8195.389	252.2272	0.8591057	0.6007793	0.538187	0.461813	6.616118
36054	-7938.718	-8189.848	251.1294	0.7916632	0.5561521	0.421261	0.578739	7.279847
36060	-7943.607	-8196.5	252.8934	0.8909911	0.5053617	0.503082	0.496918	6.317623
36066	-7932.244	-8183.811	251.5671	0.833112	0.5096777	0.445687	0.554313	7.061825
36072	-7932.795	-8184.466	251.6709	0.821112	0.4555755	0.445687	0.554313	7.061825
36078	-7948.323	-8198.617	250.2941	0.8273145	0.5081918	0.474971	0.525029	7.748855
36084	-7952.767	-8202.896	250.1296	0.8256147	0.4980012	0.491862	0.508138	7.846615
36090	-7953.638	-8203.13	249.4919	0.7577905	0.5105589	0.488649	0.511351	8.211846
36096	-7942.369	-8191.844	249.4748	0.707015	0.5105589	0.488649	0.511351	8.247982
36102	-7941.03	-8191.952	250.9217	0.7386023	0.5526614	0.488649	0.511351	7.422644
36108	-7972.043	-8222.802	250.7586	0.7386023	0.6325913	0.507462	0.492538	7.44716
36114	-7941.273	-8190.976	249.7033	0.773284	0.5023391	0.512204	0.487796	8.098162
36120	-7936.484	-8185.959	249.4749	0.773284	0.5302524	0.473655	0.526345	8.195791
36126	-7933.962	-8184.176	250.2141	0.6953739	0.5302524	0.4463	0.5537	7.843126
36132	-7943.905	-8195.879	251.9744	0.798549	0.5085856	0.4463	0.5537	6.862045
36138	-7950.483	-8202.755	252.2716	0.8695494	0.6141228	0.485294	0.514706	6.576062
36144	-7942.497	-8192.832	250.3354	0.8695494	0.5599925	0.416232	0.583768	7.660451
36150	-7937.193	-8187.866	250.6732	0.794956	0.7608451	0.481546	0.518454	7.372808
36156	-7936.717	-8187.232	250.5146	0.7821107	0.7109643	0.486967	0.513033	7.498296
36162	-7946.131	-8196.069	249.9383	0.7349278	0.5855084	0.46423	0.53577	7.924047
36168	-7940.008	-8189.295	249.2867	0.7349278	0.5427976	0.454358	0.545642	8.305869
36174	-7948.431	-8198.601	250.1699	0.7935487	0.494332	0.454358	0.545642	7.845518
36180	-7955.374	-8205.53	250.1557	0.7300946	0.5424768	0.485675	0.514325	7.845518
36186	-7942.324	-8193.176	250.8516	0.7943629	0.5823765	0.485675	0.514325	7.406225
36192	-7953.517	-8203.092	249.5751	0.8271062	0.5968853	0.568528	0.431472	8.059732
36198	-7939.691	-8189.051	249.359	0.7641195	0.6212389	0.44397	0.55603	8.189722
36204	-7944.495	-8195.713	251.2178	0.7838999	0.5991088	0.527399	0.472601	7.202084
36210	-7938.846	-8189.491	250.6451	0.7377432	0.4762044	0.516382	0.483618	7.637682
36216	-7930.277	-8180.051	249.7731	0.7070767	0.5803647	0.531165	0.468835	8.031101
36222	-7927.752	-8177.822	250.0701	0.6890078	0.5812771	0.499674	0.500326	7.881605
36228	-7941.649	-8193.002	251.3532	0.8519108	0.6267876	0.499674	0.500326	7.071425
36234	-7940.656	-8192.074	251.4176	0.8074921	0.5964163	0.461385	0.538615	7.084087
36240	-7933.038	-8183.81	250.772	0.81844	0.5825293	0.461385	0.538615	7.435866
36246	-7935.821	-8186.022	250.2011	0.6613871	0.5133789	0.51263	0.48737	7.882677
36252	-7935.14	-8184.638	249.4976	0.6652589	0.5133789	0.54779	0.45221	8.255631
36258	-7934.367	-8184.687	250.3199	0.7285226	0.5133789	0.499518	0.500482	7.783378
36264	-7940.66	-8190.342	249.6818	0.7509638	0.4778817	0.510225	0.489775	8.143353
36270	-7945.246	-8194.778	249.5327	0.7423818	0.5766599	0.503141	0.496859	8.143353
36276	-7951.922	-8203.576	251.6539	0.738467	0.6431309	0.523668	0.476332	6.95832
36282	-7944.841	-8196.397	251.5562	0.880721	0.49064	0.430853	0.569147	7.05905
36288	-7945.016	-8195.147	250.1309	0.880721	0.6125613	0.519417	0.480583	7.722281
36294	-7943.512	-8194.566	251.0541	0.7394272	0.6242836	0.519417	0.480583	7.294513
36300	-7942.018	-8193.433	251.4154	0.8238132	0.5465307	0.478158	0.521842	7.116879
36306	-7952.737	-8204.466	251.7293	0.8212258	0.5407467	0.484791	0.515209	6.954208
36312	-7948.125	-8199.914	251.7888	0.8798049	0.5484682	0.545771	0.454229	6.884097
36318	-7942.463	-8193.324	250.8609	0.9296873	0.5082847	0.500494	0.499506	7.390524
36324	-7946.629	-8196.603	249.9737	0.7348861	0.6543234	0.469732	0.530268	7.852969
36330	-7944.067	-8194.447	250.3809	0.7285965	0.4989134	0.496911	0.503089	7.763406
36336	-7949.674	-8201.778	252.1038	0.8219432	0.6274676	0.496911	0.503089	6.682328
36342	-7938.993	-8191.031	252.0376	0.9337586	0.59565	0.496911	0.503089	6.682328
36348	-7935.191	-8187.446	252.255	0.8408774	0.563709	0.479966	0.520034	6.64073
36354	-7940.692	-8191.724	251.0318	0.7613741	0.563709	0.501425	0.498575	7.342301
36360	-7929.371	-8180.227	250.8551	0.7258745	0.563709	0.490379	0.509621	7.456114
36366	-7931.037	-8181.528	250.491	0.7573902	0.6107861	0.493478	0.506522	7.596987
36372	-7939.475	-8190.071	250.596	0.7558442	0.5199979	0.493841	0.506159	7.61538
36378	-7936.905	-8186.787	249.8821	0.7596441	0.5724702	0.425815	0.574185	7.951261
36384	-7944.297	-8194.333	250.0359	0.7335843	0.5297396	0.487189	0.512811	7.918319
36390	-7943.766	-8196.188	252.4218	0.8445237	0.6004646	0.537373	0.462627	6.518981
36396	-7944.628	-8195.686	251.0581	0.7736209	0.5669418	0.485557	0.514443	7.318984
36402	-7949.755	-8200.117	250.3617	0.785468	0.5157418	0.494358	0.505642	7.728572
36408	-7935.497	-8185.931	250.4335	0.7628371	0.6244793	0.494358	0.505642	7.614421
36414	-7945.408	-8196.714	251.306	0.8325676	0.5951595	0.446675	0.553325	7.131623
36420	-7940.002	-8191.531	251.5293	0.8828309	0.4278868	0.446675	0.553325	7.131623
36426	-7936.581	-8189.124	252.5437	0.9657517	0.5443847	0.479117	0.520883	6.432936
36432	-7924.04	-8175.128	251.088	0.8062234	0.6201224	0.551062	0.448938	7.243607
36438	-7928.822	-8180.075	251.253	0.8355744	0.5604383	0.492374	0.507626	7.186357
36444	-7931.723	-8182.676	250.9532	0.814932	0.5108701	0.492374	0.507626	7.40032
36450	-7940.065	-8191.691	251.6268	0.8280249	0.5247676	0.524845	0.475155	7.019337
36456	-7929.02	-8180.242	251.2218	0.8729566	0.5722043	0.486575	0.513425	7.17349
36462	-7935.23	-8185.89	250.6604	0.7721204	0.5190751	0.448261	0.551739	7.573022
36468	-7940.868	-8192.254	251.3869	0.8555518	0.4933026	0.473534	0.526466	7.16123
36474	-7942.301	-8193.579	251.2782	0.8399013	0.5505778	0.47278	0.52722	7.178616
36480	-7938.947	-8190.033	251.086	0.8333767	0.567997	0.47278	0.52722	7.271076
36486	-7950.448	-8201.186	250.7379	0.8333767	0.5388177	0.47278	0.52722	7.481903
36492	-7938.67	-8190.71	252.0396	0.9065919	0.4979325	0.483309	0.516691	6.778028
36498	-7929.363	-8180.265	250.9015	0.7888728	0.5949078	0.483309	0.516691	7.372487
36504	-7933.073	-8184.383	251.3098	0.8410472	0.4649792	0.437077	0.562923	7.236386
36510	-7938.179	-8190.563	252.3845	0.8410472	0.5164956	0.459924	0.540076	6.610624
36516	-7942.48	-8194.482	252.0012	0.9196978	0.5262346	0.459924	0.540076	6.766806
36522	-7944.58	-8195.339	250.7593	0.798798	0.5529221	0.452411	0.547589	7.47723
36528	-7941.458	-8192.49	251.0319	0.8203722	0.5687935	0.497477	0.502523	7.306452
36534	-7949.522	-8201.003	251.4818	0.8659933	0.4862899	0.50543	0.49457	7.110936
36540	-7948.955	-8201.489	252.5337	0.9014093	0.6145643	0.55086	0.44914	6.416476
36546	-7954.506	-8206.549	252.0429	0.9014093	0.5309304	0.549175	0.450825	6.750162
36552	-7957.455	-8207.715	250.2603	0.8602797	0.5309304	0.549175	0.450825	7.72974
36558	-7944.356	-8194.971	250.6154	0.8179734	0.5080604	0.486822	0.513178	7.582157
36564	-7950.775	-8202.661	251.8859	0.7968579	0.5558537	0.486822	0.513178	6.870291
36570	-7949.077	-8200.696	251.6192	0.8146584	0.4586982	0.477667	0.522333	7.090162
36576	-7949.25	-8199.683	250.4336	0.7930372	0.6273496	0.423101	0.576899	7.596051
36582	-7971.879	-8221.825	249.9453	0.6996474	0.5881357	0.548969	0.451031	7.937088
36588	-7938.684	-8188.922	250.2387	0.7803754	0.5584352	0.51808	0.48192	7.761108
36594	-7949.452	-8201.068	251.616	0.9174406	0.5018226	0.4943	0.5057	6.997075
36600	-7947.323	-8199.344	252.0209	0.8763496	0.538747	0.434884	0.565116	6.768879
36606	-7951.502	-8202.685	251.1826	0.8784931	0.4414187	0.466237	0.533763	7.306955
36612	-7944.839	-8196.315	251.4756	0.8326684	0.5697936	0.495365	0.504635	7.060611
36618	-7938.867	-8190.134	251.2666	0.8202861	0.4831804	0.495365	0.504635	7.253974
36624	-7940.361	-8190.761	250.3993	0.8478667	0.544865	0.495365	0.504635	7.650363
36630	-7951.804	-8202.879	251.0748	0.8501906	0.5303811	0.451079	0.548921	7.299337
36636	-7943.737	-8194.631	250.8942	0.9218156	0.520271	0.508614	0.491386	7.366461
36642	-7945.165	-8198.034	252.8689	0.9284843	0.5730466	0.476506	0.523494	6.252844
36648	-7936.712	-8187.939	251.2267	0.9108041	0.5660247	0.457305	0.542695	7.155505
36654	-7935.823	-8186.596	250.7721	0.8131797	0.6828891	0.454653	0.545347	7.363226
36660	-7931.381	-8182.51	251.1285	0.8131797	0.6828891	0.498356	0.501644	7.171837
36666	-7937.218	-8188.526	251.3083	0.8970307	0.5038054	0.498356	0.501644	7.171837
36672	-7938.091	-8189.489	251.3982	0.8286884	0.490808	0.539721	0.460279	7.171837
36678	-7932.464	-8184.359	251.895	0.8446339	0.5348091	0.48149	0.51851	6.857275
36684	-7927.995	-8178.791	250.7965	0.8038558	0.5394097	0.428272	0.571728	7.465806
36690	-7947.829	-8198.337	250.5078	0.7815198	0.5665726	0.470375	0.529625	7.60996
36696	-7940.308	-8191.363	251.0552	0.7891332	0.4899511	0.494416	0.505584	7.378013
36702	-7935.825	-8187.303	251.4778	0.7891332	0.4952098	0.51987	0.48013	7.146332
36708	-7941.201	-8192.446	251.2447	0.8301901	0.5220556	0.465987	0.534013	7.226004
36714	-7937.529	-8188.763	251.2343	0.7852757	0.5573358	0.501222	0.498778	7.226004
36720	-7937.124	-8188.396	251.2723	0.7959749	0.5009319	0.494005	0.505995	7.247999
36726	-7956.864	-8207.148	250.2838	0.7506244	0.6335562	0.494005	0.505995	7.694201
36732	-7935.839	-8187.751	251.9126	0.8395657	0.5403966	0.440141	0.559859	6.845774
36738	-7948.142	-8200.641	252.4995	0.9057646	0.484804	0.446438	0.553562	6.541729
36744	-7950.531	-8200.581	250.0497	0.7282547	0.5024391	0.509038	0.490962	7.937361
36750	-7941.037	-8191.452	250.415	0.8118755	0.7035314	0.495923	0.504077	7.54083
36756	-7945.796	-8195.892	250.0959	0.769144	0.5899767	0.432663	0.567337	7.818161
36762	-7954.224	-8203.892	249.6678	0.7911457	0.622287	0.439771	0.560229	8.009973
36768	-7952.059	-8204.053	251.9942	0.769954	0.4529985	0.439771	0.560229	6.91772
36774	-7941.844	-8192.917	251.0737	0.84372	0.594863	0.439771	0.560229	7.250679
36780	-7938.096	-8188.669	250.5726	0.8944784	0.5714903	0.470427	0.529573	7.510844
36786	-7933.35	-8184.768	251.4181	0.8222664	0.6317175	0.52271	0.47729	7.048735
36792	-7936.28	-8188.114	251.8336	0.8141193	0.4653398	0.547395	0.452605	6.968792
36798	-7933.142	-8184.617	251.4743	0.8246534	0.4653398	0.446169	0.553831	7.156476
36804	-7918.654	-8169.296	250.6423	0.7813213	0.5106545	0.531201	0.468799	7.585082
36810	-7944.815	-8195.469	250.6535	0.7813213	0.5037951	0.46332	0.53668	7.585082
36816	-7942.029	-8193.572	251.5427	0.705139	0.5830652	0.483057	0.516943	7.082426
36822	-7947.518	-8197.482	249.9643	0.8771734	0.4237357	0.483057	0.516943	7.9768
36828	-7934.902	-8184.761	249.8589	0.7506942	0.5334992	0.483057	0.516943	8.000444
36834	-7948.924	-8199.488	250.5647	0.7614936	0.5264677	0.528536	0.471464	7.623599
36840	-7953.752	-8205.005	251.2526	0.7919384	0.6118701	0.483057	0.516943	7.169173
36846	-7951.783	-8202.601	250.8175	0.8117149	0.6128661	0.514506	0.485494	7.391383
36852	-7952.582	-8203.13	250.5486	0.718652	0.5339785	0.472583	0.527417	7.648752
36858	-7948.644	-8200.058	251.4143	0.7413378	0.5939939	0.485717	0.514283	7.123334
36864	-7968.52	-8219.582	251.0628	0.7413378	0.5906873	0.511464	0.488536	7.314772
36870	-7965.343	-8215.903	250.5606	0.7004641	0.5906873	0.511464	0.488536	7.60585
36876	-7967.575	-8218.715	251.14	0.8136213	0.6299206	0.503225	0.496775	7.204272
36882	-7955.192	-8206.346	251.1545	0.8398223	0.5432921	0.471576	0.528424	7.251213
36888	-7963.526	-8216.274	252.7486	0.880668	0.5432921	0.470527	0.529473	6.368894
36894	-7960.285	-8211.281	250.9968	0.8521198	0.5888962	0.53928	0.46072	7.292174
36900	-7934.172	-8184.696	250.5242	0.7583606	0.5000612	0.440762	0.559238	7.669872
36906	-7935.213	-8185.86	250.6477	0.7738212	0.5273484	0.432137	0.567863	7.571808
36912	-7952.842	-8204.156	251.3139	0.796094	0.5619159	0.461044	0.538956	7.173638
36918	-7961.1	-8210.591	249.4912	0.7180761	0.5189256	0.438835	0.561165	8.226145
36924	-7968.487	-8218.397	249.9101	0.8649885	0.4136394	0.500232	0.499768	8.022223
36930	-7960.713	-8211.507	250.7941	0.836556	0.509168	0.564936	0.435064	7.475508
36936	-7956.72	-8208.322	251.6021	0.7757801	0.5140326	0.463013	0.536987	7.070029
36942	-7958.672	-8207.802	249.1298	0.8924005	0.559777	0.441324	0.558676	8.291576
36948	-7931.826	-8182.253	250.4265	0.6772117	0.6109677	0.51448	0.48552	7.674242
36954	-7930.781	-8182.129	251.3477	0.857442	0.5003511	0.507909	0.492091	7.174984
36960	-7942.06	-8193.585	251.5245	0.8502336	0.495863	0.490385	0.509615	7.087793
36966	-7928.666	-8179.208	250.5421	0.7571125	0.5836839	0.503309	0.496691	7.590953
36972	-7931.347	-8181.926	250.5794	0.8078049	0.5156803	0.503309	0.496691	7.600235
36978	-7926.398	-8177.708	251.3094	0.7642048	0.6249585	0.503309	0.496691	7.143512
36984	-7932.495	-8183.742	251.2469	0.8147551	0.5083912	0.457771	0.542229	7.244992
36990	-7946.515	-8197.498	250.9834	0.7975781	0.6122998	0.507179	0.492821	7.31038
36996	-7950.523	-8202.044	251.5204	0.817412	0.5296447	0.503387	0.496613	7.078131
37002	-7937.302	-8189.367	252.0651	0.7962805	0.5659384	0.470343	0.529657	6.765639
37008	-7936.774	-8188.887	252.1134	0.7962805	0.5346599	0.549902	0.450098	6.765639
37014	-7948.897	-8201.402	252.5053	0.8694	0.6275838	0.502786	0.497214	6.439247
37020	-7939.634	-8192.799	253.1647	0.9262314	0.6308038	0.502786	0.497214	6.047458
37026	-7938.727	-8190.411	251.6841	0.8680315	0.4943081	0.49057	0.50943	6.993712
37032	-7939.736	-8190.498	250.7619	0.8028169	0.5294807	0.49057	0.50943	7.493293
37038	-7944.824	-8196.197	251.3728	0.8028169	0.4898363	0.460938	0.539062	7.200251
37044	-7940.776	-8192.268	251.4924	0.8028169	0.5256488	0.460938	0.539062	7.104473
37050	-7948.523	-8199.611	251.0881	0.8603844	0.5211571	0.51935	0.48065	7.29466
37056	-7929.602	-8181.628	252.0255	0.8603844	0.4891714	0.483831	0.516169	6.818422
37062	-7943.54	-8194.151	250.6111	0.7693777	0.5053147	0.46103	0.53897	7.612858
37068	-7939.92	-8191.568	251.648	0.8256323	0.518995	0.5059	0.4941	7.014203
37074	-7944.933	-8196.318	251.3849	0.8632693	0.6782995	0.490109	0.509891	7.010285
37080	-7942.8	-8194.044	251.2441	0.8990541	0.5059587	0.490109	0.509891	7.20334
37086	-7936.246	-8187.418	251.1722	0.7993707	0.6184056	0.492408	0.507592	7.20334
37092	-7941.369	-8192.504	251.135	0.8215888	0.4893084	0.492408	0.507592	7.318341
37098	-7936.806	-8187.389	250.583	0.8215888	0.6010653	0.509308	0.490692	7.52086
37104	-7933.386	-8184.1	250.7137	0.7871099	0.5953179	0.526024	0.473976	7.473794
37110	-7947.741	-8198.068	250.3272	0.7264362	0.4669952	0.533568	0.466432	7.822148
37116	-7930.882	-8181.766	250.8844	0.8319031	0.6335765	0.533568	0.466432	7.328958
37122	-7935.673	-8186.836	251.1638	0.8319031	0.6482962	0.496697	0.503303	7.167928
37128	-7940.736	-8191.345	250.6092	0.793388	0.5939762	0.516704	0.483296	7.527468
37134	-7934.503	-8184.821	250.3182	0.7812562	0.5970678	0.455563	0.544437	7.687286
37140	-7931.94	-8183.559	251.6196	0.842149	0.5351586	0.53298	0.46702	7.006729
37146	-7936.377	-8188.429	252.0518	0.9021589	0.5037519	0.443649	0.556351	6.768623
37152	-7937.08	-8189.205	252.1253	0.8838841	0.4607006	0.492239	0.507761	6.77825
37158	-7939.812	-8190.745	250.933	0.791131	0.673162	0.492239	0.507761	7.295669
37164	-7958.033	-8208.629	250.5956	0.8272424	0.7200705	0.451641	0.548359	7.424408
37170	-7950.595	-8201.467	250.8716	0.8257556	0.4567772	0.5548	0.4452	7.487318
37176	-7936.757	-8187.811	251.0542	0.7882389	0.553932	0.559102	0.440898	7.323927
37182	-7942.512	-8192.772	250.26	0.7246154	0.6425796	0.516494	0.483506	7.714133
37188	-7938.829	-8189.341	250.5123	0.7154187	0.6183872	0.516494	0.483506	7.602227
37194	-7944.079	-8194.689	250.6106	0.7054769	0.4975794	0.486928	0.513072	7.654122
37200	-7948.891	-8199.537	250.6458	0.7138777	0.5965396	0.486598	0.513402	7.548485
37206	-7936.494	-8187.099	250.605	0.7138777	0.5880772	0.486598	0.513402	7.576969
37212	-7957.796	-8207.901	250.1043	0.6782583	0.5571353	0.487639	0.512361	7.888503
37218	-7942.281	-8193.418	251.1368	0.741806	0.5502545	0.515806	0.484194	7.307556
37224	-7934.509	-8185.331	250.8225	0.8121004	0.5366718	0.534896	0.465104	7.449755
37230	-7929.197	-8180.367	251.1701	0.8373891	0.5366718	0.467567	0.532433	7.249704
37236	-7928.588	-8179.653	251.0647	0.825474	0.5236506	0.43357	0.56643	7.323793
37242	-7930.083	-8182.537	252.4541	0.7894795	0.5204946	0.43357	0.56643	6.597403
37248	-7928.726	-8179.953	251.2273	0.7419915	0.536097	0.462084	0.537916	7.270699
37254	-7930.714	-8180.138	249.4239	0.7296109	0.5064126	0.511034	0.488966	8.266602
37260	-7953.243	-8202.747	249.504	0.8416966	0.5028373	0.524573	0.475427	8.167414
37266	-7933.454	-8184.476	251.0218	0.7959011	0.5509831	0.438044	0.561956	7.339634
37272	-7936.419	-8187.543	251.1236	0.7477752	0.589147	0.502007	0.497993	7.279925
37278	-7944.192	-8195.388	251.196	0.7703179	0.5271103	0.502007	0.497993	7.279925
37284	-7931.039	-8181.117	250.0779	0.7703179	0.5271103	0.492135	0.507865	7.878488
37290	-7938.567	-8188.328	249.7609	0.7174019	0.5271103	0.470272	0.529728	8.075827
37296	-7938.023	-8188.361	250.3385	0.7482855	0.5345173	0.562438	0.437562	7.744776
37302	-7932.432	-8181.802	249.3702	0.6913954	0.5345173	0.486007	0.513993	8.291502
37308	-7942.075	-8193.757	251.6826	0.9141105	0.4960905	0.522252	0.477748	6.968106
37314	-7937.97	-8187.823	249.8524	0.7766969	0.5588108	0.503558	0.496442	7.969021
37320	-7942.578	-8193.192	250.6148	0.7766969	0.4782278	0.497325	0.502675	7.631187
37326	-7943.598	-8193.544	249.9465	0.698818	0.4960789	0.44526	0.55474	8.013717
37332	-7932.257	-8182.552	250.2952	0.7480376	0.4738766	0.44526	0.55474	7.821363
37338	-7934.342	-8184.753	250.4108	0.7613544	0.5743609	0.439497	0.560503	7.666364
37344	-7954.181	-8205.02	250.8399	0.8019305	0.6540058	0.436617	0.563383	7.353732
37350	-7943.43	-8194.428	250.9982	0.7990527	0.5548781	0.531812	0.468188	7.347388
37356	-7947.696	-8197.165	249.4688	0.7891655	0.6068263	0.509058	0.490942	8.128881
37362	-7949.953	-8199.734	249.7816	0.8182565	0.5781929	0.51747	0.48253	7.968996
37368	-7938.479	-8190.048	251.5689	0.8224482	0.4878823	0.509609	0.490391	7.086041
37374	-7946.25	-8198.12	251.8708	0.9091878	0.5542694	0.460662	0.539338	6.819162
37380	-7942.775	-8194.717	251.9425	0.9106234	0.5081525	0.423207	0.576793	6.819162
37386	-7942.233	-8195.864	253.6311	0.9158788	0.4966042	0.424145	0.575855	5.910206
37392	-7941.864	-8193.697	251.833	0.9158788	0.4017046	0.467428	0.532572	6.97692
37398	-7932.743	-8184.474	251.7307	0.8011286	0.525854	0.467428	0.532572	6.97692
37404	-7942.436	-8193.321	250.8849	0.7666777	0.5307201	0.467428	0.532572	7.445731
37410	-7943.967	-8194.156	250.1895	0.8351758	0.5914416	0.467428	0.532572	7.731693
37416	-7929.601	-8181.171	251.5703	0.8390278	0.5541967	0.436684	0.563316	7.019001
37422	-7927.001	-8178.166	251.1653	0.8295416	0.6667144	0.436684	0.563316	7.154901
37428	-7946.809	-8198.901	252.0925	0.8017472	0.5649252	0.528009	0.471991	6.748678
37434	-7951.143	-8201.69	250.5468	0.8236419	0.5655081	0.512357	0.487643	7.567433
37440	-7945.592	-8196.726	251.1339	0.7562799	0.5569027	0.412868	0.587132	7.29585
37446	-7952.111	-8203.633	251.5227	0.8373438	0.5612384	0.407679	0.592321	7.039732
37452	-7951.78	-8201.82	250.0399	0.7404702	0.5612384	0.531094	0.468906	7.886354
37458	-7948.188	-8200.112	251.9233	0.8837203	0.4963676	0.531094	0.468906	6.85448
37464	-7948.808	-8201.007	252.1993	0.8716419	0.5315798	0.492225	0.507775	6.681176
37470	-7945.308	-8195.372	250.0643	0.7314248	0.7008417	0.463111	0.536889	7.773338
37476	-7946.302	-8198.233	251.9312	0.8320763	0.5970591	0.507667	0.492333	6.793602
37482	-7949.266	-8201.567	252.3015	0.9131935	0.7075274	0.510167	0.489833	6.467589
37488	-7948.15	-8198.555	250.4057	0.8199312	0.6799889	0.436717	0.563283	7.558056
37494	-7929.024	-8179.54	250.5159	0.7006962	0.5388476	0.474847	0.525153	7.671744
37500	-7941.279	-8191.878	250.5986	0.8284382	0.636	0.482887	0.517113	7.482218
37506	-7938.873	-8188.978	250.1042	0.7506588	0.4804418	0.507084	0.492916	7.915957
37512	-7941.167	-8192.155	250.9877	0.82705	0.6143242	0.457896	0.542104	7.290729
37518	-7928.152	-8179.939	251.787	0.82705	0.547427	0.457896	0.542104	6.914331
37524	-7934.126	-8185.616	251.4898	0.8788812	0.547427	0.462939	0.537061	7.046478
37530	-7937.847	-8190.213	252.3663	0.8625233	0.505757	0.511559	0.488441	6.618308
37536	-7938.654	-8190.927	252.273	0.8203458	0.5931794	0.477321	0.522679	6.618308
37542	-7928.986	-8179.792	250.8062	0.8300826	0.5764847	0.462199	0.537801	7.416155
37548	-7934.65	-8186.751	252.1013	0.8997484	0.4644434	0.427988	0.572012	6.779109
37554	-7947.608	-8200.265	252.6571	0.9056686	0.4919593	0.450722	0.549278	6.449856
37560	-7946.429	-8197.785	251.3555	0.902284	0.5257262	0.450722	0.549278	7.124544
37566	-7956.693	-8206.177	249.4834	0.7600977	0.6635399	0.525742	0.474258	8.094386
37572	-7958.494	-8210.544	252.0499	0.9085806	0.5972919	0.422599	0.577401	6.687997
37578	-7947.788	-8199.388	251.5997	0.8663964	0.5164348	0.422599	0.577401	7.020485
37584	-7956.059	-8208.536	252.4772	0.8663964	0.6062732	0.422599	0.577401	6.472549
37590	-7950.83	-8202.207	251.3765	0.9041316	0.6014897	0.417589	0.582411	7.050237
37596	-7948.556	-8200.893	252.3368	0.8561114	0.6014897	0.465574	0.534426	6.557887
37602	-7950.473	-8202.992	252.5191	0.9158552	0.4504287	0.465574	0.534426	6.557887
37608	-7929.979	-8180.801	250.8218	0.8380906	0.5592391	0.485628	0.514372	7.417455
37614	-7933.462	-8184.882	251.4203	0.8466073	0.5756156	0.49578	0.50422	7.078158
37620	-7930.842	-8181.606	250.7639	0.7716304	0.5756156	0.4329	0.5671	7.470834
37626	-7936.843	-8188.372	251.5295	0.8237352	0.5801716	0.492723	0.507277	7.028041
37632	-7930	-8181.856	251.8557	0.7964753	0.5418516	0.532647	0.467353	6.89849
37638	-7935.6	-8187.494	251.8936	0.8299296	0.647717	0.532647	0.467353	6.776312
37644	-7937.209	-8188.504	251.2957	0.9015831	0.5882757	0.532647	0.467353	7.105491
37650	-7947.019	-8199.299	252.2794	0.8893072	0.6090066	0.55201	0.44799	6.565104
37656	-7948.097	-8197.423	249.3258	0.821146	0.4951006	0.494783	0.505217	8.280076
37662	-7928.214	-8179.507	251.293	0.8339392	0.5307346	0.420636	0.579364	7.190601
37668	-7942.807	-8193.47	250.6622	0.7481228	0.6834276	0.539182	0.460818	7.45668
37674	-7944.062	-8195.034	250.9719	0.7321377	0.5717726	0.455427	0.544573	7.383613
37680	-7932.341	-8181.457	249.1157	0.7608417	0.5557825	0.479515	0.520485	8.372298
37686	-7936.06	-8186.711	250.6511	0.7631465	0.5557825	0.471585	0.528415	7.551929
37692	-7933.929	-8185.507	251.5774	0.7976801	0.483807	0.471585	0.528415	7.098476
37698	-7939.302	-8189.88	250.578	0.7820416	0.488449	0.471585	0.528415	7.638782
37704	-7942.758	-8193.951	251.1925	0.9179914	0.5432983	0.479079	0.520921	7.188793
37710	-7937.549	-8187.686	250.1371	0.7656822	0.5478302	0.472069	0.527931	7.831973
37716	-7936.423	-8187.473	251.0501	0.8860657	0.5552965	0.472069	0.527931	7.272452
37722	-7929.681	-8179.31	249.6292	0.7783789	0.5238817	0.472069	0.527931	8.116272
37728	-7938.906	-8188.568	249.6619	0.7098643	0.5466271	0.472069	0.527931	8.116272
37734	-7941.876	-8192.261	250.3852	0.7452869	0.646139	0.472069	0.527931	7.63348
37740	-7926.745	-8177.578	250.8327	0.7862867	0.5667753	0.472069	0.527931	7.433249
37746	-7926.074	-8176.794	250.72	0.800827	0.5160977	0.440851	0.559149	7.528321
37752	-7937.252	-8188.088	250.8363	0.800827	0.5339116	0.400934	0.599066	7.450764
37758	-7943.012	-8193.03	250.0175	0.7361388	0.4934718	0.54753	0.45247	7.958257
37764	-7934.964	-8184.785	249.8208	0.7729054	0.504292	0.457968	0.542032	8.033983
37770	-7929.662	-8180.571	250.9087	0.7729054	0.5660907	0.482394	0.517606	7.400225
37776	-7937.939	-8189.749	251.8102	0.8533977	0.5403856	0.432112	0.567888	6.893557
37782	-7945.446	-8196.804	251.3578	0.8241362	0.5189183	0.440729	0.559271	7.171156
37788	-7952.587	-8202.356	249.769	0.7287102	0.5235548	0.519856	0.480144	8.068534
37794	-7938.921	-8189.417	250.4961	0.7618502	0.5300148	0.471812	0.528188	7.657101
37800	-7938.597	-8189.722	251.1243	0.8042087	0.6258236	0.503161	0.496839	7.220832
37806	-7934.534	-8184.98	250.4462	0.7686564	0.4914248	0.448291	0.551709	7.713743
37812	-7944.769	-8195.379	250.6098	0.6835574	0.5647406	0.448291	0.551709	7.609283
37818	-7943.118	-8195.148	252.0294	0.8707684	0.5670623	0.490152	0.509848	6.743779
37824	-7945.989	-8196.617	250.6283	0.8225466	0.6031385	0.49992	0.50008	7.494474
37830	-7945.414	-8196.418	251.0041	0.7255223	0.5719612	0.52378	0.47622	7.369702
37836	-7949.531	-8199.541	250.01	0.7281758	0.5538021	0.52378	0.47622	7.914919
37842	-7946.356	-8197.059	250.7034	0.7297435	0.5370066	0.519484	0.480516	7.557406
37848	-7948.832	-8199.954	251.1221	0.8488041	0.5289414	0.520045	0.479955	7.275934
37854	-7930.405	-8182.032	251.627	0.8203609	0.5416283	0.502363	0.497637	7.008996
37860	-7930.467	-8180.808	250.341	0.7430714	0.5416283	0.512102	0.487898	7.740263
37866	-7941.654	-8192.289	250.6357	0.8387994	0.5458567	0.546344	0.453656	7.527842
37872	-7930.069	-8181.904	251.8343	0.8387994	0.5576515	0.546344	0.453656	6.873999
37878	-7946.539	-8198.424	251.8847	0.8960954	0.4904252	0.432054	0.567946	6.873999
37884	-7953.739	-8203.724	249.9848	0.6575844	0.5676214	0.564126	0.435874	7.954798
37890	-7945.759	-8197.457	251.6971	0.7921855	0.5366949	0.564126	0.435874	6.990614
37896	-7940.351	-8192.875	252.5245	0.9673592	0.4561907	0.403568	0.596432	6.521573
37902	-7937.355	-8188.371	251.0157	0.8016734	0.5466804	0.479426	0.520574	7.343371
37908	-7930.688	-8180.921	250.2335	0.7846492	0.531586	0.479426	0.520574	7.783976
37914	-7929.13	-8179.37	250.2398	0.7197201	0.5694587	0.424707	0.575293	7.783976
37920	-7932.212	-8184.81	252.5981	0.847084	0.5111515	0.468909	0.531091	6.496432
37926	-7933.004	-8184.911	251.9071	0.8452591	0.4795442	0.41693	0.58307	6.899252
37932	-7935.195	-8187.039	251.8441	0.8404763	0.5875764	0.469819	0.530181	6.843587
37938	-7947.364	-8197.746	250.3824	0.7016786	0.6125264	0.469819	0.530181	7.683569
37944	-7937.614	-8187.789	250.1746	0.7169218	0.5571873	0.49051	0.50949	7.830263
37950	-7925.817	-8177.369	251.5517	0.767766	0.5973077	0.438761	0.561239	7.032619
37956	-7943.596	-8194.889	251.2934	0.767766	0.551661	0.438736	0.561264	7.208335
37962	-7940.291	-8190.876	250.5851	0.7924766	0.5189049	0.463827	0.536173	7.602572
37968	-7935.444	-8186.823	251.3786	0.8268363	0.5649452	0.51422	0.48578	7.119838
37974	-7945.563	-8194.767	249.2032	0.736734	0.5453629	0.475756	0.524244	8.347183
37980	-7952.202	-8202.529	250.3268	0.7735106	0.5480011	0.486136	0.513864	7.726264
37986	-7971.336	-8222.834	251.498	0.8996789	0.5365555	0.486136	0.513864	7.040011
37992	-7957.534	-8209.641	252.1076	0.896717	0.5309203	0.486136	0.513864	6.717756
37998	-7946.1	-8196.999	250.8991	0.7977829	0.4946716	0.486136	0.513864	7.45285
38004	-7931.631	-8182.287	250.656	0.8599282	0.6199404	0.486136	0.513864	7.446697
38010	-7955.793	-8204.359	248.5662	0.7708181	0.4632492	0.497669	0.502331	8.739151
38016	-7943.017	-8194.078	251.0613	0.7816873	0.4851326	0.447706	0.552294	7.383066
38022	-7942.725	-8192.803	250.0781	0.7447986	0.5729629	0.527151	0.472849	7.854178
38028	-7951.62	-8200.903	249.2833	0.7447986	0.5405605	0.5169	0.4831	8.304253
38034	-7937.724	-8188.548	250.8239	0.7199589	0.5358869	0.486642	0.513358	7.499056
38040	-7940.234	-8191.405	251.1712	0.7755895	0.6206075	0.486642	0.513358	7.214981
38046	-7930.408	-8181.041	250.6332	0.696402	0.7249005	0.486642	0.513358	7.471134
38052	-7932.392	-8182.819	250.427	0.7558501	0.5356303	0.486642	0.513358	7.692481
38058	-7940.788	-8190.618	249.8302	0.72047	0.5707041	0.486642	0.513358	8.001232
38064	-7946.383	-8196.184	249.8012	0.7988039	0.5232635	0.478657	0.521343	8.014221
38070	-7935.219	-8187.249	252.0301	0.8797881	0.5823723	0.478657	0.521343	6.726136
38076	-7930.253	-8181.892	251.639	0.8023923	0.5179939	0.427071	0.572929	7.03242
38082	-7937.837	-8189.504	251.6667	0.7891552	0.5091084	0.427071	0.572929	7.03242
38088	-7942.192	-8192.914	250.7221	0.7890379	0.6265622	0.471044	0.528956	7.444254
38094	-7919.408	-8170.203	250.7947	0.7815298	0.6101123	0.471044	0.528956	7.421915
38100	-7935.145	-8186.05	250.9047	0.7340703	0.5301885	0.471044	0.528956	7.453003
38106	-7936.696	-8187.257	250.5611	0.7315287	0.5083607	0.459245	0.540755	7.657162
38112	-7926.35	-8176.786	250.4356	0.7864305	0.4984031	0.508041	0.491959	7.703722
38118	-7941.347	-8190.102	248.7546	0.7379458	0.6629457	0.508041	0.491959	8.494412
38124	-7937.777	-8186.894	249.1167	0.7010099	0.4979725	0.512961	0.487039	8.452625
38130	-7946.023	-8196.786	250.763	0.7098253	0.5441234	0.474628	0.525372	7.530208
38136	-7956.454	-8207.288	250.8338	0.7796959	0.6096591	0.465503	0.534497	7.402256
38142	-7945.671	-8197.11	251.4385	0.7735974	0.6619859	0.480625	0.519375	7.041479
38148	-7942.932	-8194.614	251.6818	0.8881872	0.4585327	0.480625	0.519375	7.017025
38154	-7947.427	-8199.26	251.8329	0.8485175	0.5274919	0.503398	0.496602	6.894951
38160	-7949.092	-8198.853	249.7613	0.6925635	0.569156	0.545165	0.454835	8.054094
38166	-7933.206	-8183.693	250.4871	0.795244	0.569156	0.485606	0.514394	7.611635
38172	-7946.464	-8197.321	250.8572	0.7479443	0.5203573	0.481291	0.518709	7.479475
38178	-7949.808	-8201.021	251.2132	0.8506719	0.5203573	0.541989	0.458011	7.233354
38184	-7948.19	-8198.452	250.2627	0.8025495	0.4737016	0.541989	0.458011	7.809779
38190	-7935.089	-8184.436	249.3471	0.7526519	0.5482427	0.46591	0.53409	8.259762
38196	-7928.976	-8178.349	249.3727	0.6885607	0.5735082	0.517509	0.482491	8.259762
38202	-7923.165	-8173.476	250.3119	0.7079361	0.5735082	0.517509	0.482491	7.74849
38208	-7921.581	-8172.146	250.5651	0.8442719	0.5798738	0.482886	0.517114	7.53499
38214	-7939.438	-8190.393	250.9552	0.7503809	0.5156743	0.482886	0.517114	7.429653
38220	-7935.125	-8185.881	250.7557	0.8313444	0.5751143	0.482886	0.517114	7.443645
38226	-7932.368	-8183.855	251.4869	0.8635641	0.4464518	0.470041	0.529959	7.146643
38232	-7945.322	-8194.931	249.609	0.7244289	0.4464518	0.471655	0.528345	8.225496
38238	-7928.333	-8179.662	251.3282	0.7895846	0.5570961	0.471655	0.528345	7.173393
38244	-7925.633	-8177.051	251.4178	0.7895846	0.5488355	0.481261	0.518739	7.132106
38250	-7938.794	-8190.909	252.1145	0.891856	0.5449887	0.444637	0.555363	6.704711
38256	-7951.178	-8202.288	251.1097	0.7819277	0.5487432	0.511144	0.488856	7.301817
38262	-7944.739	-8196.152	251.4131	0.8739707	0.6129719	0.481536	0.518464	7.037859
38268	-7938.46	-8189.925	251.4651	0.8699796	0.5502054	0.481536	0.518464	7.062254
38274	-7944.821	-8196.483	251.6619	0.8592599	0.4388036	0.447702	0.552298	7.062254
38280	-7944.561	-8196.621	252.06	0.763339	0.5681946	0.46778	0.53222	6.784318
38286	-7956.088	-8206.028	249.9391	0.7600692	0.5345703	0.46778	0.53222	7.951728
38292	-7943.299	-8193.793	250.4944	0.7739036	0.5199943	0.52557	0.47443	7.660127
38298	-7950.358	-8201.727	251.3686	0.800847	0.5097678	0.439764	0.560236	7.185837
38304	-7957.766	-8210.416	252.6501	0.9000598	0.538787	0.522464	0.477536	6.415595
38310	-7955.334	-8206.829	251.4949	0.9371301	0.5720797	0.423128	0.576872	6.992131
38316	-7948.012	-8200.627	252.6145	0.8999304	0.5928861	0.535537	0.464463	6.390509
38322	-7946.803	-8197.175	250.3723	0.8375989	0.4304498	0.502071	0.497929	7.773489
38328	-7939.239	-8189.5	250.2614	0.7474971	0.5499896	0.510685	0.489315	7.773489
38334	-7938.308	-8189.494	251.186	0.7510319	0.5123508	0.475239	0.524761	7.308435
38340	-7935.168	-8186.258	251.09	0.7502631	0.5130359	0.526363	0.473637	7.359733
38346	-7950.794	-8201.815	251.0208	0.8124156	0.5174248	0.501749	0.498251	7.359733
38352	-7941.017	-8191.54	250.523	0.7373957	0.5666397	0.460328	0.539672	7.625416
38358	-7955.272	-8205.826	250.5544	0.8424717	0.4814364	0.477954	0.522046	7.625416
38364	-7944.357	-8194.018	249.6611	0.7817926	0.4708356	0.515303	0.484697	8.144388
38370	-7945.493	-8195.675	250.1819	0.6921623	0.5004379	0.515303	0.484697	7.887829
38376	-7934.159	-8185.592	251.4324	0.7870093	0.6075108	0.473235	0.526765	7.078493
38382	-7932.544	-8183.419	250.8747	0.8007628	0.4795331	0.467768	0.532232	7.477942
38388	-7933.917	-8184.689	250.7723	0.7515087	0.5746046	0.481252	0.518748	7.477942
38394	-7936.035	-8186.739	250.704	0.7790549	0.6022156	0.481252	0.518748	7.477942
38400	-7931.918	-8182.256	250.3372	0.7492616	0.5988012	0.481252	0.518748	7.692896
38406	-7928.715	-8178.84	250.1251	0.727334	0.5892483	0.481252	0.518748	7.82542
38412	-7944.556	-8194.082	249.5255	0.727334	0.5668778	0.481252	0.518748	8.163086
38418	-7944.751	-8194.192	249.4413	0.7644931	0.5985358	0.481252	0.518748	8.163086
38424	-7931.933	-8183.055	251.1216	0.8645785	0.4713847	0.46518	0.53482	7.31881
38430	-7926.548	-8176.779	250.2313	0.7303775	0.5403674	0.46518	0.53482	7.806712
38436	-7936.005	-8185.401	249.3959	0.7502981	0.4715274	0.521528	0.478472	8.301698
38442	-7928.645	-8177.694	249.049	0.677826	0.5903746	0.50149	0.49851	8.424279
38448	-7932.796	-8182.765	249.9698	0.8314901	0.4595221	0.465325	0.534675	7.963832
38454	-7945.316	-8194.616	249.2997	0.7508275	0.4420766	0.439555	0.560445	8.38016
38460	-7945.031	-8194.24	249.2095	0.8355242	0.5270593	0.458165	0.541835	8.30659
38466	-7936.925	-8187.787	250.8619	0.708505	0.5116187	0.496539	0.503461	7.505634
38472	-7946.211	-8195.75	249.5399	0.788568	0.5891837	0.446428	0.553572	8.105042
38478	-7929.499	-8180.746	251.2472	0.7988658	0.5399103	0.442085	0.557915	7.226261
38484	-7930.239	-8181.404	251.1648	0.8686353	0.5480096	0.442085	0.557915	7.226261
38490	-7920.923	-8171.201	250.2781	0.7417974	0.5755303	0.44475	0.55525	7.74684
38496	-7921.142	-8171.71	250.5676	0.761695	0.4643148	0.511391	0.488609	7.677309
38502	-7934.862	-8185.797	250.9352	0.8104927	0.5756189	0.469361	0.530639	7.358143
38508	-7940.124	-8190.209	250.0852	0.8272374	0.6007821	0.486401	0.513599	7.78437
38514	-7954.623	-8205.73	251.1071	0.8271375	0.5556902	0.486401	0.513599	7.27318
38520	-7953.055	-8203.827	250.7714	0.8272873	0.4990557	0.488684	0.511316	7.501522
38526	-7947.532	-8198.397	250.8654	0.7835037	0.5356293	0.474591	0.525409	7.442993
38532	-7943.945	-8193.871	249.9259	0.7825522	0.5157969	0.474591	0.525409	7.962779
38538	-7949.254	-8200.296	251.0426	0.7475362	0.5206055	0.477667	0.522333	7.380083
38544	-7947.753	-8197.077	249.3239	0.8697591	0.4829189	0.526325	0.473675	8.266104
38550	-7934.712	-8185.225	250.5127	0.7905974	0.5483613	0.498171	0.501829	7.617415
38556	-7929.48	-8179.407	249.9269	0.7905974	0.5251187	0.498171	0.501829	7.94999
38562	-7938.677	-8189.981	251.3036	0.8302469	0.5225715	0.432052	0.567948	7.193863
38568	-7945.458	-8195.787	250.3295	0.7762303	0.6834083	0.482287	0.517713	7.619791
38574	-7943.774	-8194.307	250.5323	0.7762303	0.541248	0.482287	0.517713	7.62055
38580	-7944.663	-8194.43	249.7663	0.8067992	0.5489199	0.482287	0.517713	8.007044
38586	-7948.81	-8200.037	251.2273	0.8775958	0.502523	0.524942	0.475058	7.226936
38592	-7949.233	-8200.941	251.7081	0.8191074	0.538499	0.448895	0.551105	6.968648
38598	-7953.669	-8205.286	251.6164	0.7827615	0.4984322	0.448895	0.551105	7.072354
38604	-7927.16	-8179.73	252.5704	0.8969997	0.4816892	0.442116	0.557884	6.510901
38610	-7944.565	-8194.931	250.3657	0.8478087	0.5249095	0.505271	0.494729	7.68518
38616	-7930.607	-8182.997	252.3903	0.8441371	0.5018069	0.450491	0.549509	6.618772
38622	-7939.035	-8190.342	251.3073	0.914985	0.5857548	0.450491	0.549509	7.094041
38628	-7928.661	-8178.715	250.0534	0.7914242	0.5680486	0.502109	0.497891	7.846409
38634	-7929.803	-8180.771	250.9687	0.7563067	0.5324575	0.502109	0.497891	7.404877
38640	-7926.956	-8178.272	251.3154	0.8513166	0.5324575	0.488006	0.511994	7.16772
38646	-7944.547	-8195.066	250.5192	0.8440957	0.6179728	0.470076	0.529924	7.529984
38652	-7932.028	-8182.012	249.9847	0.7950699	0.5597259	0.535161	0.464839	7.88791
38658	-7940.657	-8192.472	251.8153	0.8612567	0.5123192	0.51166	0.48834	6.910719
38664	-7949.591	-8200.231	250.6397	0.7558633	0.6880923	0.504955	0.495045	7.461283
38670	-7937.005	-8187.966	250.9609	0.7805045	0.5737274	0.454585	0.545415	7.361963
38676	-7933.798	-8183.393	249.595	0.7805045	0.6971139	0.539487	0.460513	8.00027
38682	-7929.609	-8179.121	249.5115	0.7805045	0.6092535	0.49924	0.50076	8.108888
38688	-7931.228	-8180.571	249.343	0.7694604	0.620516	0.499687	0.500313	8.195966
38694	-7921.536	-8173.447	251.9108	0.8577015	0.5316322	0.505703	0.494297	6.844447
38700	-7932.463	-8184.106	251.6429	0.8272394	0.5094684	0.521981	0.478019	7.0244
38706	-7921.204	-8172.931	251.7273	0.7781766	0.5346046	0.463441	0.536559	6.983669
38712	-7934.404	-8185.685	251.2806	0.8704475	0.6006785	0.443444	0.556556	7.120602
38718	-7935.522	-8185.944	250.4218	0.7468847	0.5234102	0.443444	0.556556	7.710458
38724	-7939.119	-8190.229	251.1098	0.7386179	0.5488573	0.430328	0.569672	7.324876
38730	-7938.441	-8188.994	250.5533	0.7386179	0.597959	0.530372	0.469628	7.583653
38736	-7946.143	-8196.876	250.7334	0.8154594	0.5793066	0.459034	0.540966	7.460715
38742	-7946.525	-8198.165	251.6405	0.8154594	0.6940968	0.44754	0.55246	6.887109
38748	-7942.49	-8193.924	251.4334	0.8121076	0.4880827	0.443569	0.556431	7.164263
38754	-7947.381	-8198.123	250.7424	0.7872606	0.5240218	0.500671	0.499329	7.516771
38760	-7933.525	-8184.612	251.0867	0.7872606	0.4955155	0.516171	0.483829	7.357095
38766	-7934.937	-8185.886	250.9484	0.8238837	0.5665699	0.509665	0.490335	7.351198
38772	-7926.19	-8176.616	250.4256	0.8116006	0.6148076	0.509665	0.490335	7.599923
38778	-7940.567	-8190.764	250.1962	0.7842619	0.5038643	0.509665	0.490335	7.82798
38784	-7930.384	-8180.476	250.0923	0.7449784	0.5963573	0.509665	0.490335	7.82798
38790	-7944.785	-8196.075	251.2904	0.8565791	0.545569	0.453977	0.546023	7.167313
38796	-7945.555	-8196.168	250.6129	0.774832	0.5310413	0.49874	0.50126	7.586747
38802	-7942.538	-8193.629	251.0913	0.774832	0.564918	0.469696	0.530304	7.302202
38808	-7938.308	-8187.854	249.5461	0.7783483	0.4975847	0.483791	0.516209	8.183394
38814	-7943.085	-8193.931	250.8457	0.8820627	0.5072681	0.428465	0.571535	7.425095
38820	-7936.692	-8187.251	250.5592	0.7620572	0.5072681	0.473123	0.526877	7.642806
38826	-7951.083	-8202.283	251.2003	0.7763703	0.5120775	0.514753	0.485247	7.287392
38832	-7933.659	-8183.084	249.4249	0.8015492	0.477831	0.467746	0.532254	8.25327
38838	-7929.433	-8179.338	249.9052	0.8015492	0.5594871	0.52456	0.47544	7.927061
38844	-7947.253	-8197.07	249.817	0.7078543	0.6583976	0.486892	0.513108	7.948089
38850	-7932.622	-8182.009	249.3867	0.7480088	0.5510624	0.508737	0.491263	8.238834
38856	-7931.567	-8181.924	250.3561	0.8395178	0.4935004	0.453051	0.546949	7.722171
38862	-7939.403	-8190.46	251.0576	0.7655821	0.550842	0.476368	0.523632	7.336816
38868	-7932.728	-8184.009	251.2805	0.7982704	0.4934529	0.510714	0.489286	7.249031
38874	-7941.869	-8191.273	249.4042	0.7982704	0.5686347	0.510714	0.489286	8.188492
38880	-7940.312	-8190.91	250.5977	0.7495691	0.640446	0.425525	0.574475	7.521657
38886	-7941.921	-8192.938	251.0178	0.7511609	0.595583	0.516867	0.483133	7.329839
38892	-7942.21	-8193.725	251.5147	0.8034867	0.5482432	0.495807	0.504193	7.072997
38898	-7953.711	-8204.882	251.1719	0.7741393	0.4849414	0.492548	0.507452	7.327979
38904	-7961.745	-8213.351	251.6061	0.8518088	0.5510775	0.550707	0.449293	6.995399
38910	-7947.524	-8199.201	251.6765	0.8598708	0.5019409	0.550707	0.449293	6.995399
38916	-7950.11	-8201.7	251.5904	0.8974857	0.7092002	0.522966	0.477034	6.85928
38922	-7948.966	-8200.439	251.473	0.865111	0.5578299	0.517263	0.482737	7.054332
38928	-7954.583	-8204.114	249.5303	0.8402651	0.5657326	0.517263	0.482737	8.101279
38934	-7944.069	-8195.167	251.0986	0.8402651	0.5657326	0.458968	0.541032	7.262478
38940	-7933.502	-8185.261	251.7585	0.9521053	0.4633216	0.475854	0.524146	6.936787
38946	-7933.571	-8185.947	252.376	0.8988937	0.4904965	0.499432	0.500568	6.60707
38952	-7941.217	-8193.652	252.4351	0.8720847	0.4647492	0.487603	0.512397	6.613416
38958	-7935.973	-8188.636	252.6633	0.911856	0.5549213	0.485721	0.514279	6.388466
38964	-7926.92	-8178.403	251.4826	0.8436852	0.5236242	0.485721	0.514279	7.089505
38970	-7940.991	-8192.491	251.4994	0.8425176	0.5185883	0.499933	0.500067	7.085413
38976	-7943.994	-8195.381	251.3876	0.8150805	0.532447	0.499933	0.500067	7.148389
38982	-7942.882	-8193.637	250.7546	0.8054735	0.557138	0.499933	0.500067	7.472688
38988	-7942.3	-8193.47	251.1704	0.8156169	0.5376303	0.447424	0.552576	7.260409
38994	-7923.577	-8174.089	250.5118	0.8356926	0.5846079	0.467739	0.532261	7.564359
39000	-7921.952	-8174.355	252.4036	0.9056254	0.4934721	0.489566	0.510434	6.585805
39006	-7933.539	-8185.637	252.0977	0.9245517	0.5608294	0.489566	0.510434	6.682913
39012	-7923.301	-8173.977	250.6756	0.8152674	0.5756277	0.54542	0.45458	7.494736
39018	-7926.886	-8178.457	251.5711	0.7923959	0.5022482	0.526218	0.473782	7.088159
39024	-7930.792	-8181.43	250.6372	0.69047	0.5417363	0.537788	0.462212	7.609882
39030	-7935.077	-8184.908	249.8307	0.6850138	0.5263083	0.446878	0.553122	8.056585
39036	-7932.654	-8182.717	250.0635	0.7423374	0.5263083	0.478101	0.521899	7.901811
39042	-7924.802	-8175.407	250.6048	0.7861778	0.5253107	0.447996	0.552004	7.589919
39048	-7925.466	-8177.36	251.8941	0.911975	0.4724663	0.468396	0.531604	6.876816
39054	-7939.029	-8189.906	250.8771	0.924146	0.5148069	0.468396	0.531604	7.379159
39060	-7934.522	-8186.067	251.5444	0.8357089	0.5102886	0.465714	0.534286	7.072116
39066	-7938.018	-8189.597	251.5788	0.7211648	0.5017557	0.453487	0.546513	7.12275
39072	-7938.821	-8191.415	252.5942	0.7251259	0.5677878	0.438771	0.561229	6.516493
39078	-7947.05	-8197.569	250.5186	0.747352	0.5677878	0.50495	0.49505	7.621501
39084	-7957.975	-8208.887	250.9126	0.7599744	0.5421309	0.50495	0.49505	7.424848
39090	-7933.254	-8184.945	251.6914	0.8226816	0.5421309	0.466436	0.533564	6.972634
39096	-7920.503	-8172.081	251.5781	0.8244297	0.6169236	0.466436	0.533564	6.972634
39102	-7926.036	-8175.42	249.3845	0.8244297	0.5462138	0.505183	0.494817	8.203307
39108	-7933.354	-8183.245	249.8917	0.708502	0.6302649	0.465716	0.534284	7.928607
39114	-7931.435	-8181.744	250.3086	0.8145546	0.5227998	0.424949	0.575051	7.735288
39120	-7938.42	-8187.538	249.1181	0.7866922	0.6302047	0.436908	0.563092	8.299231
39126	-7934.666	-8184.888	250.2225	0.7799537	0.5493037	0.416745	0.583255	7.7775
39132	-7920.802	-8171.354	250.5514	0.7799537	0.5402905	0.493256	0.506744	7.609135
39138	-7935.161	-8186.411	251.25	0.7719459	0.469773	0.460534	0.539466	7.301141
39144	-7917.789	-8169.044	251.2554	0.7805279	0.6154299	0.473349	0.526651	7.171075
39150	-7932.21	-8182.95	250.7404	0.8018801	0.5176464	0.473349	0.526651	7.515453
39156	-7946.325	-8196.4	250.0747	0.6991867	0.5234523	0.472345	0.527655	7.921327
39162	-7940.444	-8191.761	251.3174	0.8244501	0.5681984	0.461651	0.538349	7.151388
39168	-7932.097	-8183.326	251.2285	0.8755771	0.5782853	0.474701	0.525299	7.163581
39174	-7921.061	-8172.25	251.1893	0.8095474	0.5456162	0.474701	0.525299	7.246822
39180	-7929.904	-8181.966	252.0625	0.9284105	0.6602364	0.474701	0.525299	6.622591
39186	-7934.857	-8183.9	249.0431	0.7247321	0.5895833	0.457118	0.542882	8.403119
39192	-7919.881	-8170.817	250.9358	0.75973	0.7040614	0.464639	0.535361	7.289189
39198	-7934.287	-8185.123	250.8363	0.7994181	0.5237869	0.43679	0.56321	7.460148
39204	-7934.671	-8185.523	250.852	0.8219494	0.4659399	0.43679	0.56321	7.491306
39210	-7939.492	-8189.141	249.6492	0.7950754	0.5203216	0.435441	0.564559	8.099744
39216	-7937.945	-8189.801	251.856	0.7832646	0.4673456	0.531742	0.468258	6.971481
39222	-7939.262	-8190.548	251.2862	0.8245072	0.6376573	0.463212	0.536788	7.114003
39228	-7941.649	-8193.725	252.0758	0.8713147	0.5392006	0.504269	0.495731	6.741603
39234	-7954.104	-8205.69	251.5863	0.8096477	0.441151	0.46407	0.53593	7.127347
39240	-7936.528	-8186.379	249.8505	0.7854729	0.4777172	0.435771	0.564229	8.035174
39246	-7935.317	-8185.628	250.3107	0.7802685	0.5212883	0.435771	0.564229	7.753813
39252	-7929.953	-8179.963	250.0095	0.786348	0.5489983	0.575397	0.424603	7.888095
39258	-7935.457	-8187.37	251.9131	0.9123271	0.5996106	0.438154	0.561846	6.758059
39264	-7939.014	-8191.544	252.5294	0.890629	0.5996106	0.490657	0.509343	6.436348
39270	-7932.939	-8183.781	250.8417	0.7829498	0.5996106	0.486737	0.513263	7.404065
39276	-7939.992	-8191.61	251.618	0.7533028	0.5996106	0.557354	0.442646	7.002915
39282	-7918.886	-8169.857	250.9711	0.7065004	0.4901167	0.461789	0.538211	7.46725
39288	-7925.838	-8176.717	250.8793	0.7065004	0.5762166	0.461789	0.538211	7.4434
39294	-7937.326	-8188.849	251.5228	0.7327985	0.632679	0.413465	0.586535	7.039803
39300	-7943.103	-8192.806	249.703	0.7307789	0.5433962	0.508482	0.491518	8.085878
39306	-7946.379	-8197.227	250.8473	0.7882552	0.5739786	0.534061	0.465939	7.418531
39312	-7932.174	-8182.337	250.1622	0.7023885	0.4805688	0.569758	0.430242	7.910621
39318	-7924.633	-8175.201	250.5681	0.7271313	0.5680745	0.487708	0.512292	7.605567
39324	-7933.175	-8183.628	250.4531	0.7571258	0.5602913	0.460804	0.539196	7.657401
39330	-7937.278	-8187.185	249.9064	0.7650825	0.4848297	0.490217	0.509783	8.009797
39336	-7938.878	-8189.64	250.762	0.7905871	0.5687506	0.509036	0.490964	7.467197
39342	-7938.835	-8189.529	250.694	0.7603421	0.5867654	0.529429	0.470571	7.505467
39348	-7928.728	-8178.869	250.1411	0.783289	0.5877701	0.476615	0.523385	7.78816
39354	-7947.147	-8198.581	251.4342	0.8664344	0.5191768	0.458808	0.541192	7.107147
39360	-7939.952	-8192.049	252.0969	0.7148061	0.5584901	0.52387	0.47613	6.798543
39366	-7927.083	-8178.037	250.9541	0.6766217	0.4924157	0.52387	0.47613	7.490274
39372	-7941.463	-8192.108	250.645	0.7877291	0.6212876	0.441375	0.558625	7.490274
39378	-7952.084	-8202.934	250.8496	0.8057859	0.5046593	0.389718	0.610282	7.466212
39384	-7942.524	-8193.937	251.413	0.8160059	0.5351853	0.480903	0.519097	7.131911
39390	-7935.964	-8186.986	251.0224	0.7391231	0.5547423	0.511604	0.488396	7.366658
39396	-7939.143	-8190.102	250.9595	0.801984	0.5547423	0.457028	0.542972	7.366658
39402	-7945.511	-8196.873	251.362	0.8418568	0.5547423	0.457028	0.542972	7.129112
39408	-7947.738	-8199.418	251.68	0.8919566	0.5995206	0.457028	0.542972	6.894887
39414	-7944.391	-8196.565	252.1734	0.9074126	0.5191177	0.521291	0.478709	6.686575
39420	-7934.082	-8186.869	252.787	0.9313106	0.6123171	0.455058	0.544942	6.264533
39426	-7933.319	-8184.591	251.272	0.9181365	0.5586538	0.462823	0.537177	7.133228
39432	-7948.131	-8198.124	249.9932	0.7666293	0.4764634	0.443519	0.556481	7.97027
39438	-7937.503	-8187.352	249.8487	0.7357585	0.5969766	0.514977	0.485023	7.962452
39444	-7950.856	-8200.531	249.6744	0.7357585	0.6072412	0.514422	0.485578	8.047454
39450	-7945.93	-8197.934	252.0036	0.8035293	0.4931744	0.469882	0.530118	6.85729
39456	-7943.419	-8194.073	250.6534	0.7803719	0.5463425	0.474093	0.525907	7.549243
39462	-7932.049	-8183.163	251.1134	0.7940107	0.6128137	0.474093	0.525907	7.242087
39468	-7937.89	-8189.662	251.7721	0.7195621	0.6128137	0.539601	0.460399	6.927786
39474	-7930.19	-8180.441	250.2505	0.7132117	0.495861	0.436906	0.563094	7.84402
39480	-7930.085	-8182.77	252.6852	0.8537452	0.4760101	0.430379	0.569621	6.477396
39486	-7943.688	-8194.239	250.5512	0.7424612	0.4867486	0.497304	0.502696	7.675807
39492	-7947.05	-8198.109	251.0587	0.7424612	0.5893662	0.484696	0.515304	7.317432
39498	-7941.886	-8192.722	250.8353	0.7424612	0.6916255	0.481792	0.518208	7.361065
39504	-7934.66	-8185.221	250.5605	0.7596249	0.538339	0.532438	0.467562	7.616767
39510	-7948.741	-8199.966	251.2257	0.7662039	0.4978299	0.429896	0.570104	7.291786
39516	-7958.545	-8209.298	250.7527	0.7712321	0.4696018	0.44229	0.55771	7.568242
39522	-7931.439	-8182.237	250.7987	0.8045883	0.5986539	0.470937	0.529063	7.416261
39528	-7942.383	-8193.198	250.8149	0.8016018	0.58137	0.461656	0.538344	7.422837
39534	-7935.769	-8186.192	250.4225	0.8080587	0.5413298	0.461656	0.538344	7.662191
39540	-7971.693	-8223.22	251.5268	0.9014642	0.6394125	0.48364	0.51636	6.941772
39546	-7951.208	-8204.067	252.8589	0.9014642	0.5554873	0.430333	0.569667	6.287435
39552	-7940.885	-8193.919	253.0342	0.9469513	0.5090591	0.554994	0.445006	6.207411
39558	-7934.772	-8186.481	251.709	0.8689261	0.7050621	0.444951	0.555049	6.813612
39564	-7926.651	-8177.515	250.8637	0.8236906	0.5259443	0.440611	0.559389	7.430561
39570	-7928.953	-8179.73	250.7775	0.7990214	0.5987757	0.527074	0.472926	7.430561
39576	-7943.47	-8194.76	251.2905	0.7678537	0.4920888	0.527074	0.472926	7.261245
39582	-7951.81	-8202.688	250.8772	0.8442348	0.5458177	0.44264	0.55736	7.395543
39588	-7955.169	-8206.936	251.7671	0.8275698	0.5426627	0.508791	0.491209	6.928774
39594	-7957.469	-8210.461	252.9918	0.9623417	0.5405209	0.490478	0.509522	6.194755
39600	-7948.869	-8200.341	251.4722	0.8901413	0.540401	0.490478	0.509522	7.055818
39606	-7941.38	-8192.325	250.9449	0.7652673	0.4748045	0.479065	0.520935	7.463702
39612	-7952.992	-8204.073	251.0815	0.8544834	0.5439142	0.515194	0.484806	7.282013
39618	-7939.584	-8190.361	250.7767	0.7738146	0.465669	0.515194	0.484806	7.557664
39624	-7931.552	-8182.156	250.6039	0.7613486	0.5811033	0.49399	0.50601	7.557664
39630	-7935.926	-8186.072	250.1459	0.7903802	0.5376077	0.451018	0.548982	7.822593
39636	-7931.546	-8183.752	252.2053	0.7903802	0.6200804	0.517373	0.482627	6.650152
39642	-7942.644	-8192.963	250.3192	0.7187636	0.5989636	0.509714	0.490286	7.718701
39648	-7938.794	-8189.256	250.4625	0.8239314	0.5989636	0.531359	0.468641	7.585804
39654	-7939.952	-8190.213	250.2607	0.742716	0.6705275	0.429635	0.570365	7.68369
39660	-7926.799	-8178.475	251.676	0.8377017	0.6117718	0.551323	0.448677	6.916733
39666	-7926.424	-8176.138	249.7135	0.7620276	0.6289534	0.475845	0.524155	7.996139
39672	-7936.075	-8187.368	251.2934	0.7819607	0.62109	0.475845	0.524155	7.14555
39678	-7942.963	-8194.976	252.0133	0.8491877	0.6018678	0.461969	0.538031	6.736264
39684	-7938.286	-8189.222	250.9364	0.7756201	0.567972	0.430549	0.569451	7.382381
39690	-7935.107	-8188.024	252.9169	0.8837364	0.567972	0.4433	0.5567	6.255227
39696	-7934.57	-8186.055	251.4849	0.8584458	0.5861154	0.550778	0.449222	7.028599
39702	-7934.015	-8184.183	250.1681	0.7616302	0.4712793	0.522863	0.477137	7.884355
39708	-7932.793	-8182.452	249.6592	0.7705679	0.6577103	0.522863	0.477137	7.999296
39714	-7941.837	-8191.869	250.032	0.7864673	0.6095564	0.521134	0.478866	7.827828
39720	-7939.283	-8188.575	249.2919	0.7353446	0.5631213	0.483655	0.516345	8.28619
39726	-7940.294	-8189.825	249.5308	0.7772847	0.5540299	0.483655	0.516345	8.144056
39732	-7945.588	-8195.691	250.1033	0.7655133	0.6264607	0.466799	0.533201	7.788077
39738	-7936.814	-8187.875	251.0609	0.7313735	0.5519991	0.51488	0.48512	7.352429
39744	-7935.696	-8186.928	251.2319	0.8546533	0.534863	0.515436	0.484564	7.208792
39750	-7939.443	-8190.945	251.5019	0.8099229	0.5018475	0.502303	0.497697	7.116293
39756	-7947.175	-8198.418	251.2428	0.8324979	0.5056021	0.421935	0.578065	7.240088
39762	-7941.062	-8192.19	251.1282	0.7898051	0.5103762	0.514661	0.485339	7.320382
39768	-7938.237	-8188.801	250.5638	0.8020018	0.5891656	0.555916	0.444084	7.550953
39774	-7926.671	-8177.619	250.948	0.8012963	0.4969263	0.525612	0.474388	7.422745
39780	-7932.589	-8183.099	250.5107	0.8012963	0.4969263	0.400554	0.599446	7.656913
39786	-7927.058	-8177.453	250.3942	0.7769554	0.5271332	0.498043	0.501957	7.705955
39792	-7936.055	-8186.12	250.0647	0.822446	0.5271332	0.518292	0.481708	7.857718
39798	-7923.162	-8174.416	251.2549	0.822446	0.5035848	0.532364	0.467636	7.240809
39804	-7934.722	-8185.986	251.264	0.828317	0.5384315	0.532364	0.467636	7.202657
39810	-7927.857	-8178.286	250.4294	0.7865068	0.5693756	0.510894	0.489106	7.646969
39816	-7925.905	-8177.675	251.77	0.8285783	0.5693756	0.476169	0.523831	6.904583
39822	-7922.317	-8172.457	250.1399	0.7838804	0.5949229	0.476169	0.523831	7.782884
39828	-7932.942	-8183.339	250.3965	0.7415872	0.6053291	0.469067	0.530933	7.660198
39834	-7937.966	-8187.925	249.9595	0.7279007	0.509835	0.479304	0.520696	7.979172
39840	-7924.199	-8174.516	250.317	0.8048372	0.511463	0.479304	0.520696	7.745798
39846	-7936.011	-8186.026	250.0154	0.722765	0.5832194	0.479304	0.520696	7.891214
39852	-7935.16	-8185.279	250.1195	0.7756419	0.5077453	0.438152	0.561848	7.870128
39858	-7934.117	-8185.101	250.984	0.7756419	0.6352504	0.453519	0.546481	7.304421
39864	-7924.064	-8176.071	252.0065	0.9115524	0.5572903	0.475266	0.524734	6.742147
39870	-7922.857	-8174.868	252.0108	0.8704649	0.5816504	0.475266	0.524734	6.742147
39876	-7926.862	-8176.848	249.9859	0.7710435	0.5048624	0.475266	0.524734	7.946413
39882	-7942.81	-8192.677	249.8671	0.8207753	0.5048624	0.425052	0.574948	7.983296
39888	-7929.632	-8181.115	251.4831	0.7996143	0.5809439	0.476664	0.523336	7.065363
39894	-7933.48	-8183.61	250.1305	0.7996143	0.5252137	0.476664	0.523336	7.836418
39900	-7920.073	-8171.344	251.2711	0.7996143	0.5428805	0.479759	0.520241	7.210531
39906	-7922.009	-8171.798	249.7884	0.7808431	0.5428805	0.479759	0.520241	8.014075
39912	-7932.709	-8183.516	250.8062	0.7852067	0.6123083	0.479759	0.520241	7.412095
39918	-7932.45	-8183.455	251.0048	0.762537	0.6290811	0.479759	0.520241	7.304936
39924	-7936.575	-8187.347	250.7715	0.8177986	0.5145773	0.479759	0.520241	7.492943
39930	-7941.08	-8191.844	250.7642	0.849299	0.4997706	0.500571	0.499429	7.492943
39936	-7945.194	-8196.615	251.4213	0.7626397	0.5341979	0.525374	0.474626	7.156987
39942	-7938.422	-8188.849	250.4267	0.8673659	0.6667039	0.508221	0.491779	7.530903
39948	-7932.437	-8183.355	250.9182	0.8009069	0.5017702	0.508221	0.491779	7.434624
39954	-7930.583	-8181.652	251.0689	0.7881125	0.6210401	0.50235	0.49765	7.262887
39960	-7949.257	-8200.646	251.3885	0.7873748	0.5129531	0.458831	0.541169	7.179597
39966	-7929.746	-8181.047	251.3001	0.8172705	0.5498682	0.48291	0.51709	7.179597
39972	-7946.373	-8197.107	250.7338	0.892798	0.548325	0.48291	0.51709	7.444289
39978	-7945.328	-8196.716	251.3878	0.8789838	0.460709	0.502939	0.497061	7.17809
39984	-7940.55	-8192.47	251.92	0.8789838	0.5149833	0.502939	0.497061	6.84235
39990	-7945.987	-8197.48	251.4932	0.8116891	0.5149833	0.502939	0.497061	7.10849
39996	-7952.742	-8203.695	250.9533	0.7644166	0.6086353	0.510867	0.489133	7.347172
40002	-7929.886	-8181.221	251.336	0.7644166	0.5218069	0.478023	0.521977	7.212493
40008	-7946.411	-8196.943	250.5314	0.7896641	0.6333693	0.419362	0.580638	7.540963
40014	-7945.567	-8196.268	250.7006	0.7896641	0.6445275	0.543817	0.456183	7.441981
40020	-7939.08	-8190.031	250.951	0.7896641	0.515142	0.490261	0.509739	7.41131
40026	-7939.901	-8190.654	250.7528	0.7644052	0.5204352	0.514701	0.485299	7.526487
40032	-7934.361	-8185.085	250.7239	0.7722481	0.53365	0.485048	0.514952	7.526487
40038	-7953.745	-8204.218	250.4735	0.7409966	0.534477	0.493822	0.506178	7.676568
40044	-7951.68	-8202.912	251.2314	0.8109759	0.5496884	0.431308	0.568692	7.220048
40050	-7947.813	-8199.006	251.1933	0.7955321	0.5850986	0.492482	0.507518	7.220048
40056	-7929.84	-8180.917	251.0773	0.7955321	0.5797717	0.459526	0.540474	7.286572
40062	-7943.954	-8194.934	250.9801	0.7498921	0.5797717	0.520804	0.479196	7.363244
40068	-7937.005	-8187.692	250.687	0.7498921	0.5486764	0.520804	0.479196	7.545647
40074	-7940.186	-8190.791	250.6054	0.7618404	0.5189728	0.52804	0.47196	7.608026
40080	-7956.242	-8208.075	251.8332	0.8274781	0.7126045	0.411841	0.588159	6.763688
40086	-7935.888	-8187.053	251.1653	0.8135662	0.7326001	0.480647	0.519353	7.117341
40092	-7948.417	-8201.246	252.8282	0.8311024	0.6021749	0.481977	0.518023	6.304485
40098	-7950.526	-8201.702	251.1753	0.7877531	0.5297217	0.473408	0.526592	7.279467
40104	-7939.402	-8189.256	249.8543	0.7091899	0.53658	0.451679	0.548321	8.022444
40110	-7960.251	-8210.731	250.4809	0.7900734	0.5466068	0.533688	0.466312	7.636166
40116	-7963.479	-8214.677	251.1981	0.7900734	0.5466068	0.51863	0.48137	7.251735
40122	-7949.656	-8200.483	250.8266	0.805147	0.6219764	0.397114	0.602886	7.383061
40128	-7932.915	-8183.884	250.9696	0.7924748	0.5347076	0.476226	0.523774	7.383061
40134	-7945.929	-8194.825	248.8964	0.7646204	0.4686812	0.478583	0.521417	8.562186
40140	-7935.259	-8187.445	252.1864	0.8737719	0.5095201	0.463442	0.536558	6.706172
40146	-7932.034	-8183.899	251.8649	0.8100558	0.4875726	0.493284	0.506716	6.933649
40152	-7924.878	-8176.708	251.8298	0.8904864	0.5871694	0.493284	0.506716	6.824616
40158	-7922.273	-8174.277	252.0041	0.8095234	0.5263225	0.45574	0.54426	6.824616
40164	-7916.956	-8167.775	250.8183	0.8095234	0.5469622	0.439411	0.560589	7.444789
40170	-7923.032	-8174.562	251.5299	0.8095234	0.6295218	0.422365	0.577635	6.997042
40176	-7934.413	-8185.289	250.8761	0.8178767	0.6742367	0.463218	0.536782	7.311095
40182	-7931.087	-8182.131	251.0437	0.8347264	0.5460705	0.539354	0.460646	7.311095
40188	-7929.727	-8180.831	251.1043	0.7466992	0.5639423	0.517062	0.482938	7.311095
40194	-7944.905	-8195.407	250.5024	0.8916195	0.4945582	0.517062	0.482938	7.615143
40200	-7951.144	-8203.082	251.9378	0.8916195	0.4734821	0.503523	0.496477	6.863263
40206	-7949.347	-8199.945	250.5986	0.7998952	0.4870604	0.506689	0.493311	7.619425
40212	-7958.008	-8206.865	248.8572	0.8289276	0.4846525	0.527108	0.472892	8.534371
40218	-7944.394	-8195.83	251.4365	0.8289276	0.6600531	0.502441	0.497559	7.014161
40224	-7940.43	-8192.008	251.5779	0.8779599	0.6736285	0.528654	0.471346	6.90173
40230	-7932.457	-8184.433	251.9754	0.8779599	0.4686889	0.487126	0.512874	6.854809
40236	-7941.004	-8194.407	253.4035	0.9733228	0.7118602	0.487126	0.512874	5.831978
40242	-7954.266	-8207.328	253.0621	0.9733228	0.5638702	0.507739	0.492261	6.130898
40248	-7942.728	-8195.002	252.2742	0.9733228	0.5451443	0.557529	0.442471	6.574153
40254	-7936.577	-8188.434	251.8572	0.8392158	0.6173964	0.526797	0.473203	6.81387
40260	-7936.88	-8188.5	251.6201	0.8388964	0.5291879	0.431767	0.568233	7.013296
40266	-7943.723	-8194.221	250.4985	0.8357796	0.4958538	0.501947	0.498053	7.645914
40272	-7941.482	-8192.565	251.0822	0.8032633	0.5866416	0.501947	0.498053	7.27436
40278	-7946.542	-8196.207	249.6644	0.8180892	0.4848246	0.501947	0.498053	8.11058
40284	-7950.343	-8200.75	250.4077	0.8257233	0.4374893	0.467803	0.532197	7.75401
40290	-7928.275	-8177.985	249.7106	0.7148057	0.6019556	0.467803	0.532197	8.043393
40296	-7950.285	-8200.799	250.514	0.7148057	0.5021537	0.467803	0.532197	7.696783
40302	-7933.649	-8182.936	249.2863	0.7181472	0.496952	0.429861	0.570139	8.354256
40308	-7917.865	-8167.979	250.1144	0.7900031	0.4756478	0.49265	0.50735	7.893869
40314	-7927.513	-8178.267	250.7533	0.803618	0.549245	0.49265	0.50735	7.480867
40320	-7920.728	-8171.949	251.2216	0.8623336	0.4665676	0.453182	0.546818	7.270796
40326	-7921.093	-8173.425	252.3319	0.8343297	0.5211649	0.465934	0.534066	6.638644
40332	-7935.56	-8188.025	252.4653	0.8337944	0.5512944	0.465934	0.534066	6.541078
40338	-7941.324	-8192.362	251.0383	0.7619333	0.6073638	0.48381	0.51619	7.303879
40344	-7929.677	-8180.934	251.2571	0.7416798	0.480315	0.467274	0.532726	7.303879
40350	-7941.825	-8194.359	252.5345	0.8446905	0.480315	0.499995	0.500005	6.559953
40356	-7938.693	-8190.578	251.885	0.8453344	0.4624627	0.420001	0.579999	6.926961
40362	-7943.823	-8194.988	251.1647	0.9280922	0.6132352	0.530733	0.469267	7.142185
40368	-7927.521	-8179.634	252.1129	0.8643166	0.5227679	0.441379	0.558621	6.739393
40374	-7937.123	-8189.374	252.2504	0.7973928	0.495204	0.444665	0.555335	6.72559
40380	-7935.839	-8186.997	251.1588	0.8333802	0.5893469	0.454814	0.545186	7.214871
40386	-7940.018	-8190.712	250.6942	0.7928928	0.5574337	0.542296	0.457704	7.511546
40392	-7933.33	-8184.057	250.7267	0.7689692	0.5518602	0.509395	0.490605	7.511546
40398	-7943.823	-8194.96	251.1366	0.752764	0.5879082	0.499004	0.500996	7.27122
40404	-7937.958	-8188.467	250.509	0.8358066	0.4318432	0.504109	0.495891	7.699968
40410	-7933.326	-8184.913	251.5869	0.8228828	0.5402109	0.49216	0.50784	7.030459
40416	-7941.285	-8192.878	251.5929	0.8255298	0.5346517	0.500352	0.499648	7.030459
40422	-7943.784	-8194.744	250.9596	0.806985	0.5020669	0.460399	0.539601	7.408892
40428	-7939.341	-8190.357	251.0158	0.8474151	0.5921705	0.460399	0.539601	7.2819
40434	-7930.293	-8181.388	251.0949	0.8364094	0.5470875	0.476112	0.523888	7.2819
40440	-7927.576	-8178.683	251.1072	0.8240962	0.5470875	0.424767	0.575233	7.2819
40446	-7937.826	-8187.986	250.1599	0.8240962	0.5540812	0.424767	0.575233	7.783443
40452	-7950.703	-8203.257	252.5541	0.8992378	0.5492106	0.519052	0.480948	6.459265
40458	-7953.544	-8205.946	252.4024	0.9419577	0.5492106	0.494392	0.505608	6.518315
40464	-7944.073	-8194.436	250.3626	0.7391965	0.5492106	0.507465	0.492535	7.724489
40470	-7955.408	-8206.365	250.957	0.8318641	0.561263	0.507465	0.492535	7.346628
40476	-7952.962	-8204.492	251.5297	0.9310312	0.5250626	0.496675	0.503325	7.015882
40482	-7932.327	-8183.679	251.3524	0.8229511	0.5321338	0.514213	0.485787	7.163355
40488	-7934.607	-8186.103	251.4958	0.8674516	0.562303	0.514213	0.485787	7.037129
40494	-7944.916	-8196.962	252.0451	0.8313057	0.5992007	0.405033	0.594967	6.730838
40500	-7941.232	-8192.068	250.8366	0.7546298	0.5832629	0.542353	0.457647	7.434864
40506	-7932.144	-8182.629	250.4855	0.8796166	0.4905999	0.504404	0.495596	7.634141
40512	-7940.632	-8193.856	253.2246	0.954409	0.4981758	0.504404	0.495596	6.109446
40518	-7949.98	-8201.84	251.8596	0.8759545	0.4532378	0.399397	0.600603	6.932912
40524	-7929.361	-8181.157	251.7955	0.7891863	0.5266601	0.410467	0.589533	6.947751
40530	-7945.69	-8196.036	250.3457	0.7401581	0.6193041	0.500591	0.499409	7.677462
40536	-7948.917	-8198.356	249.4395	0.7193949	0.6132676	0.490131	0.509869	8.176746
40542	-7942.897	-8191.991	249.0932	0.7391963	0.5173824	0.474183	0.525817	8.427943
40548	-7937.82	-8189.156	251.3353	0.8583368	0.5513344	0.430422	0.569578	7.137383
40554	-7934.884	-8187.022	252.1378	0.8583368	0.6087636	0.4708	0.5292	6.65868
40560	-7931.282	-8181.761	250.4785	0.7227289	0.6108318	0.493036	0.506964	7.622191
40566	-7945.661	-8197.594	251.9336	0.8546943	0.5314695	0.449203	0.550797	6.833898
40572	-7943.321	-8195.237	251.916	0.8712582	0.5698809	0.420078	0.579922	6.802424
40578	-7945.422	-8196.266	250.8434	0.7948382	0.54813	0.522789	0.477211	7.438209
40584	-7944.229	-8194.254	250.0253	0.6450893	0.5943541	0.522789	0.477211	7.918619
40590	-7926.774	-8177.592	250.8182	0.7911302	0.5747908	0.489452	0.510548	7.43194
40596	-7925.517	-8176.399	250.8818	0.7873826	0.5358601	0.434868	0.565132	7.43194
40602	-7936.096	-8185.787	249.6913	0.7873826	0.5653111	0.531762	0.468238	8.043995
40608	-7926.333	-8177.913	251.5807	0.790774	0.5573623	0.534396	0.465604	7.036745
40614	-7942.095	-8192.197	250.1021	0.816797	0.4758164	0.541895	0.458105	7.885987
40620	-7951.978	-8202.752	250.7745	0.8290518	0.4758164	0.535234	0.464766	7.519882
40626	-7948.735	-8199.461	250.7258	0.8145079	0.5138103	0.487639	0.512361	7.519882
40632	-7941.578	-8192.328	250.7498	0.7725192	0.5249829	0.445474	0.554526	7.519882
40638	-7942.11	-8191.951	249.8411	0.7514931	0.4876075	0.516498	0.483502	8.049371
40644	-7931.978	-8182.357	250.3788	0.7514931	0.5528359	0.537562	0.462438	7.70629
40650	-7931.876	-8182.605	250.729	0.7514931	0.536562	0.389782	0.610218	7.532424
40656	-7922.678	-8172.751	250.0738	0.7514931	0.6356506	0.501505	0.498495	7.804449
40662	-7924.055	-8174.882	250.8269	0.6941397	0.5393111	0.529624	0.470376	7.508416
40668	-7943.544	-8195.368	251.824	0.8035446	0.5393111	0.532475	0.467525	6.913899
40674	-7957.355	-8208.29	250.9351	0.8553958	0.448063	0.536829	0.463171	7.4457
40680	-7951.868	-8203.002	251.134	0.903544	0.4954009	0.49052	0.50948	7.269451
40686	-7952.393	-8203.377	250.9835	0.8673823	0.5689842	0.45456	0.54544	7.307058
40692	-7938.887	-8188.674	249.7873	0.8166372	0.5650625	0.445551	0.554449	7.977361
40698	-7940.716	-8192.305	251.5887	0.8999671	0.494466	0.445551	0.554449	7.027758
40704	-8106.062	-8353.692	247.6303	0.6330139	0.6213555	0.523352	0.476648	9.176421
40710	-7926.667	-8175.954	249.2872	0.7100889	0.5684743	0.445551	0.554449	8.297831
40716	-7929.544	-8179.073	249.529	0.7257994	0.5331359	0.445551	0.554449	8.189835
40722	-7931.594	-8181.4	249.8054	0.6928031	0.5668555	0.480907	0.519093	8.03235
40728	-7936.211	-8186.365	250.1543	0.6928031	0.5569855	0.435774	0.564226	7.854197
40734	-7932.594	-8184.495	251.901	0.7939074	0.537849	0.546361	0.453639	6.878849
40740	-7934.716	-8185.332	250.6157	0.7140336	0.537849	0.460663	0.539337	7.612044
40746	-7945.829	-8196.357	250.5278	0.744643	0.5752116	0.42391	0.57609	7.612044
40752	-7938.425	-8189.009	250.5832	0.7938549	0.5083028	0.524738	0.475262	7.612044
40758	-7935.679	-8187.505	251.8256	0.8241495	0.5358331	0.532557	0.467443	6.904867
40764	-7945.9	-8197.045	251.1452	0.8495862	0.4731845	0.474643	0.525357	7.312529
40770	-7946.615	-8196.179	249.5641	0.8331667	0.5173182	0.516243	0.483757	8.127367
40776	-7944.378	-8194.48	250.102	0.7421631	0.4288991	0.454987	0.545013	7.970257
40782	-7952.223	-8202.676	250.4522	0.8396805	0.4297356	0.501945	0.498055	7.730371
40788	-7943.203	-8193.07	249.8674	0.7771571	0.4869797	0.501945	0.498055	8.022246
40794	-7944.552	-8194.423	249.8702	0.7771571	0.6220869	0.537861	0.462139	7.909624
40800	-7952.401	-8202.843	250.4422	0.8160046	0.6443072	0.440895	0.559105	7.566485
40806	-7956.256	-8206.91	250.6536	0.8453444	0.5968276	0.438576	0.561424	7.473653
40812	-7953.816	-8203.852	250.036	0.780829	0.5957896	0.553359	0.446641	7.839337
40818	-7936.103	-8186.067	249.9633	0.7891664	0.5323722	0.45228	0.54772	7.925139
40824	-7927.559	-8179.361	251.8015	0.880327	0.5402604	0.467776	0.532224	6.883857
40830	-7946.512	-8196.891	250.3791	0.8517857	0.6223311	0.474936	0.525064	7.597556
40836	-7935.173	-8186.713	251.5398	0.8645669	0.550322	0.46011	0.53989	7.024857
40842	-7947.149	-8197.99	250.8415	0.8162245	0.4831027	0.501032	0.498968	7.484232
40848	-7941.44	-8193.36	251.9202	0.999791	0.6131262	0.501032	0.498968	6.69642
40854	-7943.904	-8194.43	250.5265	0.7713196	0.4633268	0.451858	0.548142	7.69505
40860	-7935.012	-8185.058	250.0465	0.8194395	0.5566789	0.451858	0.548142	7.844367
40866	-7933.275	-8183.476	250.2012	0.8092472	0.4678921	0.478886	0.521114	7.844367
40872	-7937.577	-8188.595	251.0178	0.8150876	0.571733	0.50941	0.49059	7.314486
40878	-7937.135	-8186.861	249.7252	0.7683214	0.5713369	0.510526	0.489474	8.031202
40884	-7938.145	-8188.786	250.6415	0.8300351	0.5362546	0.495718	0.504282	7.537468
40890	-7954.149	-8206.781	252.6322	0.9357462	0.4941791	0.439855	0.560145	6.44507
40896	-7943.64	-8195.212	251.572	0.902372	0.5134939	0.504603	0.495397	7.018579
40902	-7942.001	-8193.127	251.126	0.8019576	0.4853915	0.504603	0.495397	7.337258
40908	-7929.9	-8181.016	251.1163	0.7834346	0.5022931	0.505497	0.494503	7.337258
40914	-7946.117	-8197.985	251.8687	0.8368063	0.4937559	0.513724	0.486276	6.911604
40920	-7939.379	-8191.087	251.7078	0.8459426	0.5317124	0.513724	0.486276	6.960106
40926	-7933.348	-8183.22	249.8724	0.7456282	0.5319478	0.507331	0.492669	7.997242
40932	-7928.644	-8180.423	251.779	0.7743194	0.5084209	0.507331	0.492669	6.980512
40938	-7932.24	-8183.152	250.9122	0.8157873	0.4975549	0.461389	0.538611	7.433583
40944	-7917.494	-8168.62	251.1261	0.8157873	0.5013245	0.501209	0.498791	7.315491
40950	-7919.737	-8170.743	251.0066	0.7795108	0.5145686	0.467148	0.532852	7.387444
40956	-7934.854	-8187.328	252.4734	0.8583891	0.4744519	0.467148	0.532852	6.590987
40962	-7937.979	-8189.374	251.3953	0.7917336	0.5316542	0.442625	0.557375	7.157483
40968	-7939.571	-8190.6	251.0293	0.8193434	0.4781109	0.49555	0.50445	7.386447
40974	-7926.224	-8177.569	251.3454	0.8303042	0.5103256	0.480939	0.519061	7.181999
40980	-7930.177	-8179.973	249.7956	0.7859732	0.5690888	0.498395	0.501605	7.986087
40986	-7942.269	-8193.079	250.8101	0.7859732	0.5255885	0.46588	0.53412	7.479812
40992	-7971.314	-8221.618	250.3041	0.8105877	0.5659609	0.414155	0.585845	7.703889
40998	-7965.676	-8217.341	251.6653	0.8572774	0.6295838	0.483039	0.516961	6.89831
41004	-7962.63	-8211.91	249.2801	0.7170697	0.5694924	0.477173	0.522827	8.297059
41010	-7958.734	-8208.05	249.3155	0.6896584	0.5641912	0.494421	0.505579	8.297059
41016	-7956.683	-8207.255	250.572	0.8443416	0.5641912	0.495766	0.504234	7.543882
41022	-7958.97	-8210.768	251.7985	0.8151006	0.4709968	0.459119	0.540881	6.981863
41028	-7955.249	-8203.587	248.3386	0.7251143	0.6384453	0.459119	0.540881	8.739886
41034	-7956.983	-8207.023	250.0396	0.7201159	0.5428492	0.516384	0.483616	7.912504
41040	-7955.559	-8205.701	250.1426	0.756689	0.5239974	0.426115	0.573885	7.853882
41046	-7943.908	-8194.781	250.8727	0.7983798	0.4619212	0.515104	0.484896	7.496585
41052	-7958.07	-8210.734	252.6648	0.9112948	0.4732391	0.508585	0.491415	6.459877
41058	-7935.739	-8186.616	250.8769	0.8723275	0.5890042	0.497565	0.502435	7.345577
41064	-7938.434	-8189.545	251.1107	0.8444047	0.5425005	0.453215	0.546785	7.272947
41070	-7942.149	-8194.109	251.9597	0.8156958	0.5769168	0.474907	0.525093	6.803109
41076	-7930.214	-8181.626	251.4121	0.822607	0.5129104	0.494888	0.505112	7.148051
41082	-7957.789	-8208.955	251.1657	0.8471849	0.5788132	0.45837	0.54163	7.212166
41088	-7945.47	-8196.608	251.1377	0.8427011	0.5788132	0.45837	0.54163	7.2296
41094	-7930.84	-8181.25	250.4106	0.7542827	0.5116351	0.45837	0.54163	7.722626
41100	-7939.526	-8189.346	249.8194	0.7560141	0.5116351	0.463829	0.536171	8.037374
41106	-7937.663	-8187.378	249.7151	0.743985	0.5866664	0.465003	0.534997	8.037374
41112	-7939.237	-8189.424	250.1874	0.7861234	0.6006395	0.547631	0.452369	7.751823
41118	-7937.51	-8189.106	251.5956	0.829584	0.5673997	0.522299	0.477701	6.999621
41124	-7940.441	-8192.161	251.7198	0.8351602	0.5673997	0.522299	0.477701	6.929709
41130	-7947.932	-8199.363	251.4319	0.8100622	0.5326982	0.522299	0.477701	7.127095
41136	-7938.911	-8189.182	250.2708	0.814434	0.4752602	0.524804	0.475196	7.797661
41142	-7940.994	-8190.925	249.9301	0.7351608	0.5962044	0.501531	0.498469	7.919916
41148	-7919.365	-8169.022	249.6567	0.7351608	0.518268	0.438609	0.561391	8.12944
41154	-7935.333	-8184.33	248.9968	0.7222931	0.4570767	0.530058	0.469942	8.542089
41160	-7936.07	-8186.802	250.7318	0.643405	0.6545472	0.510001	0.489999	7.496282
41166	-7931.825	-8181.6	249.7742	0.7793377	0.5197515	0.510001	0.489999	8.042019
41172	-7940.929	-8191.285	250.3555	0.7548751	0.5298792	0.510001	0.489999	7.736127
41178	-7935.893	-8186.248	250.355	0.8033574	0.625133	0.517101	0.482899	7.634221
41184	-7931.083	-8182.901	251.8178	0.776362	0.5864796	0.403069	0.596931	6.893227
41190	-7935.655	-8185.449	249.7944	0.733765	0.5915752	0.443059	0.556941	7.996707
41196	-7941.287	-8191.725	250.4377	0.6947376	0.6048326	0.483517	0.516483	7.663646
41202	-7952.744	-8201.426	248.6821	0.6947376	0.5403134	0.472333	0.527667	8.650514
41208	-7938.203	-8188.87	250.6666	0.7601548	0.4904435	0.452068	0.547932	7.601304
41214	-7932.315	-8181.998	249.6822	0.7601548	0.5470472	0.441551	0.558449	8.078274
41220	-7940.391	-8191.389	250.9975	0.7621589	0.5470472	0.478203	0.521797	7.374004
41226	-7939.606	-8190.242	250.6358	0.7621589	0.5011286	0.46746	0.53254	7.607168
41232	-7934.257	-8183.038	248.7803	0.7323733	0.5011286	0.471762	0.528238	8.611828
41238	-7939.402	-8188.751	249.3486	0.7629226	0.4997132	0.471762	0.528238	8.294852
41244	-7954.058	-8203.352	249.2939	0.6909489	0.580515	0.471762	0.528238	8.294852
41250	-7939.301	-8190.782	251.4812	0.9226592	0.508387	0.504591	0.495409	7.061001
41256	-7949.973	-8200.615	250.6418	0.8464471	0.4682402	0.495594	0.504406	7.588606
41262	-7929.126	-8180.097	250.9707	0.8464471	0.5790888	0.535404	0.464596	7.317046
41268	-7945.06	-8198.158	253.0982	0.8803537	0.665245	0.446673	0.553327	6.082907
41274	-7945.192	-8195.687	250.4947	0.7559215	0.5686693	0.484022	0.515978	7.628977
41280	-7942.379	-8193.381	251.002	0.7286825	0.5220779	0.507335	0.492665	7.410704
41286	-7936.685	-8187.207	250.5222	0.8670601	0.5148995	0.47007	0.52993	7.5998
41292	-7945.932	-8196.562	250.6307	0.7585744	0.5148995	0.506164	0.493836	7.5998
41298	-7943.286	-8193.736	250.4501	0.8290275	0.4840558	0.519355	0.480645	7.686023
41304	-7951.948	-8203.549	251.6008	0.8675054	0.5809201	0.519355	0.480645	6.965485
41310	-7952.977	-8204.787	251.8097	0.8675054	0.4519997	0.471077	0.528923	6.965485
41316	-7943.003	-8194.008	251.0051	0.8540547	0.603242	0.548359	0.451641	7.275402
41322	-7927.359	-8177.676	250.3166	0.8647411	0.5689562	0.423518	0.576482	7.665833
41328	-7935.396	-8186.596	251.2001	0.911482	0.6249761	0.503634	0.496366	7.12309
41334	-7941.367	-8192.378	251.0115	0.8103097	0.6033696	0.512029	0.487971	7.295361
41340	-7938.214	-8188.902	250.6878	0.7849083	0.5260338	0.52263	0.47737	7.545525
41346	-7934.877	-8183.881	249.004	0.6921709	0.5763201	0.52263	0.47737	8.451667
41352	-7929.427	-8179.616	250.189	0.7643965	0.4641363	0.486216	0.513784	7.878316
41358	-7935.035	-8185.892	250.8565	0.8699014	0.5542662	0.434028	0.565972	7.38588
41364	-7928.246	-8179.631	251.3845	0.8702095	0.5476692	0.417751	0.582249	7.10763
41370	-7931.983	-8181.284	249.3007	0.7341753	0.5190734	0.442244	0.557756	8.318783
41376	-7948.081	-8197.601	249.5194	0.8391407	0.4886065	0.477905	0.522095	8.173218
41382	-7936.448	-8186.428	249.9793	0.7388736	0.4864229	0.503778	0.496222	7.983467
41388	-7940.64	-8190.645	250.0047	0.74307	0.5445198	0.384896	0.615104	7.917496
41394	-7950.996	-8204.039	253.0425	0.9301515	0.6173301	0.410205	0.589795	6.122292
41400	-7952.92	-8205.083	252.1628	0.9363974	0.4381861	0.526967	0.473033	6.751279
41406	-7947.782	-8200.403	252.6201	0.9036834	0.5053935	0.412116	0.587884	6.458947
41412	-7939.671	-8191.139	251.468	0.8597801	0.4283384	0.547998	0.452002	7.17649
41418	-7946.491	-8198.628	252.1368	0.8597801	0.6015062	0.47846	0.52154	6.664099
41424	-7941.88	-8192.667	250.7869	0.8112199	0.6290993	0.496469	0.503531	7.395681
41430	-7934.825	-8187.146	252.3213	0.8222456	0.5744278	0.496469	0.503531	6.6062
41436	-7946.324	-8196.966	250.6412	0.7745239	0.5744278	0.395501	0.604499	7.535952
41442	-7938.242	-8187.417	249.1752	0.8105719	0.5132879	0.497001	0.502999	8.349885
41448	-7950.467	-8200.546	250.0797	0.8140498	0.4699115	0.414132	0.585868	7.904827
41454	-7954.896	-8206.254	251.3576	0.8169641	0.596372	0.48068	0.51932	7.111324
41460	-7949.707	-8200.899	251.1927	0.7618941	0.5418773	0.456903	0.543097	7.273742
41466	-7955.728	-8207.276	251.5478	0.8391536	0.655515	0.43738	0.56262	6.952049
41472	-7947.071	-8199.889	252.8177	0.9141649	0.591986	0.521835	0.478165	6.273154
41478	-7935.574	-8188.515	252.9406	0.8760119	0.5362556	0.562531	0.437469	6.273154
41484	-7946.322	-8198.167	251.8453	0.9132301	0.5362556	0.548532	0.451468	6.84588
41490	-7936.148	-8187.931	251.7834	0.8558526	0.5303393	0.419983	0.580017	6.915228
41496	-7936.123	-8188.221	252.0978	0.829141	0.4715774	0.445146	0.554854	6.812421
41502	-7927.746	-8179.647	251.9012	0.8443014	0.5853901	0.446451	0.553549	6.812421
41508	-7943.865	-8195.037	251.1717	0.8781677	0.4911995	0.422718	0.577282	7.266557
41514	-7928.457	-8179.867	251.4099	0.8781677	0.5851773	0.502617	0.497383	7.059108
41520	-7927.832	-8176.997	249.1656	0.7781243	0.5851773	0.497795	0.502205	8.313031
41526	-7937.822	-8187.136	249.3139	0.7781243	0.4908739	0.399049	0.600951	8.313031
41532	-7936.645	-8185.86	249.2156	0.7635609	0.4908739	0.471185	0.528815	8.37308
41538	-7955.449	-8205.931	250.4824	0.6800436	0.5462679	0.393552	0.606448	7.694504
41544	-7946.013	-8196.159	250.1458	0.7770185	0.5192528	0.387748	0.612252	7.845411
41550	-7936.939	-8187.402	250.4628	0.7625195	0.6181447	0.501609	0.498391	7.603712
41556	-7938.366	-8188.583	250.2178	0.7703781	0.5970482	0.455993	0.544007	7.74682
41562	-7952.263	-8201.898	249.6349	0.6393163	0.5668446	0.455993	0.544007	8.151716
41568	-7946.303	-8196.847	250.5446	0.7457653	0.5480939	0.458946	0.541054	7.624582
41574	-7954.689	-8204.603	249.9139	0.7125038	0.5624154	0.436736	0.563264	7.96753
41580	-7961.5	-8210.702	249.2025	0.7040695	0.5481742	0.450435	0.549565	8.362617
41586	-7935.628	-8184.87	249.2417	0.687052	0.533941	0.442522	0.557478	8.362617
41592	-7954.753	-8205.581	250.8281	0.7927377	0.6940297	0.496686	0.503314	7.33627
41598	-7947.488	-8199.37	251.8826	0.8112653	0.5406301	0.480189	0.519811	6.877055
41604	-7943.388	-8194.355	250.9665	0.8094535	0.5704616	0.517093	0.482907	7.346093
41610	-7947.411	-8198.338	250.9274	0.7936962	0.5704616	0.436918	0.563082	7.37552
41616	-7927.225	-8177.634	250.4096	0.7237409	0.5722766	0.436918	0.563082	7.688829
41622	-7926.117	-8176.834	250.7171	0.7534767	0.5722766	0.515951	0.484049	7.50832
41628	-7919.603	-8169.796	250.1925	0.6815751	0.5722766	0.504246	0.495754	7.827369
41634	-7931.512	-8183.654	252.1417	0.7329622	0.5364037	0.457858	0.542142	6.78309
41640	-7942.618	-8192.903	250.2849	0.7990216	0.5310106	0.517421	0.482579	7.74931
41646	-7935.012	-8186.292	251.2793	0.7990216	0.6041067	0.553379	0.446621	7.157028
41652	-7938.515	-8189.876	251.3605	0.796155	0.5516524	0.46485	0.53515	7.157028
41658	-7947.006	-8199.275	252.2691	0.9075662	0.5346143	0.486752	0.513248	6.621432
41664	-7933.118	-8183.397	250.2797	0.7876466	0.4667175	0.479948	0.520052	7.815104
41670	-7936.525	-8187.63	251.1054	0.7944717	0.6408563	0.412371	0.587629	7.224924
41676	-7935.977	-8186.669	250.6925	0.7710886	0.5432478	0.467105	0.532895	7.535843
41682	-7936.28	-8186.52	250.2403	0.8207762	0.4840172	0.464918	0.535082	7.802616
41688	-7936.487	-8187.963	251.4762	0.7631824	0.5049446	0.464918	0.535082	7.152519
41694	-7940.376	-8190.298	249.9217	0.7537046	0.6467406	0.504559	0.495441	7.876278
41700	-7933.921	-8184.506	250.5851	0.8403213	0.5001706	0.61707	0.38293	7.593329
41706	-7941.67	-8191.954	250.2838	0.7834056	0.5879851	0.478792	0.521208	7.711667
41712	-7926.751	-8177.492	250.7417	0.7850037	0.5120857	0.496214	0.503786	7.52865
41718	-7941.21	-8192.385	251.1754	0.8206001	0.5120857	0.469874	0.530126	7.276995
41724	-7931.715	-8182.693	250.978	0.772839	0.6313444	0.48995	0.51005	7.312081
41730	-7937.13	-8188.949	251.8186	0.7328212	0.6681989	0.461313	0.538687	6.854167
41736	-7934.179	-8185.334	251.1551	0.7640631	0.550768	0.510152	0.489848	7.285317
41742	-7936.851	-8188.913	252.0616	0.8465813	0.5902741	0.462369	0.537631	6.720746
41748	-7939.043	-8189.451	250.4078	0.7958761	0.5556519	0.471726	0.528274	7.664691
41754	-7938.06	-8188.562	250.5024	0.8398913	0.5248724	0.479376	0.520624	7.616323
41760	-7925.004	-8176.153	251.1494	0.8083361	0.5506489	0.481663	0.518337	7.264729
41766	-7918.051	-8169.485	251.4338	0.7838693	0.4976417	0.479148	0.520852	7.170685
41772	-7928.682	-8179.807	251.1244	0.747685	0.6926521	0.502675	0.497325	7.202368
41778	-7940.719	-8192.085	251.3663	0.8019097	0.4919364	0.585349	0.414651	7.202368
41784	-7925.43	-8176.987	251.5566	0.8019097	0.51734	0.507419	0.492581	7.077578
41790	-7939.425	-8191.489	252.0637	0.8741937	0.5142534	0.520754	0.479246	6.76805
41796	-7934.897	-8186.146	251.2486	0.8610907	0.5990602	0.566186	0.433814	7.144091
41802	-7943.493	-8195.539	252.0461	0.8610907	0.5152844	0.495067	0.504933	6.78369
41808	-7945.081	-8196.657	251.5763	0.7801758	0.5363309	0.446233	0.553767	7.062416
41814	-7944.486	-8196.456	251.9701	0.7800435	0.5171743	0.446233	0.553767	6.866784
41820	-7945.2	-8196.412	251.2112	0.7800435	0.5141596	0.444661	0.555339	7.277733
41826	-7940.236	-8190.032	249.7967	0.7456919	0.6084525	0.482589	0.517411	7.976016
41832	-7937.48	-8188.368	250.8881	0.7767663	0.6034144	0.495599	0.504401	7.379546
41838	-7928.231	-8178.467	250.2356	0.7378554	0.5045387	0.540803	0.459197	7.831118
41844	-7924.089	-8174.622	250.5335	0.7378554	0.5910551	0.514254	0.485746	7.600019
41850	-7929.997	-8179.334	249.3374	0.7461167	0.5967877	0.493982	0.506018	8.229543
41856	-7942.71	-8193.565	250.8559	0.7656922	0.5143743	0.452732	0.547268	7.475825
41862	-7942.63	-8193.04	250.4101	0.6698186	0.6304618	0.52636	0.47364	7.672202
41868	-7930.144	-8180.745	250.6006	0.7550012	0.566466	0.485021	0.514979	7.574581
41874	-7932.332	-8183.903	251.571	0.8342178	0.566466	0.470933	0.529067	7.011144
41880	-7936.331	-8188.485	252.1543	0.8449538	0.5246099	0.524745	0.475255	6.725915
41886	-7952.775	-8203.643	250.8673	0.7805574	0.6481246	0.588362	0.411638	7.354825
41892	-7938.746	-8188.512	249.7664	0.7221806	0.6094008	0.490995	0.509005	8.004003
41898	-7946.845	-8195.883	249.0377	0.6755472	0.6161941	0.417144	0.582856	8.411625
41904	-7935.015	-8185.515	250.5	0.7956943	0.637223	0.417144	0.582856	7.551647
41910	-7948.016	-8198.83	250.8137	0.7619859	0.5370551	0.408768	0.591232	7.48101
41916	-7947.282	-8198.096	250.8137	0.7619859	0.5370551	0.467441	0.532559	7.48101
41922	-7941.343	-8191.587	250.2437	0.8307018	0.6438222	0.543516	0.456484	7.665219
41928	-7946.821	-8197.051	250.23	0.8212994	0.5033862	0.493656	0.506344	7.790538
41934	-7943.628	-8194.298	250.6698	0.8762751	0.7368503	0.515416	0.484584	7.34694
41940	-7948.398	-8199.438	251.0405	0.7833979	0.6746096	0.494489	0.505511	7.241041
41946	-7940.788	-8192.346	251.5573	0.9175533	0.6746096	0.463184	0.536816	6.890809
41952	-7934.465	-8186.349	251.8838	0.8387495	0.5067501	0.462888	0.537112	6.890809
41958	-7933.414	-8184.634	251.2198	0.8387495	0.5301529	0.475071	0.524929	7.227827
41964	-7932.811	-8183.885	251.0738	0.8478448	0.5273923	0.448601	0.551399	7.303703
41970	-7936.221	-8187.418	251.1976	0.8478448	0.4938829	0.448601	0.551399	7.266529
41976	-7947.57	-8198.226	250.6558	0.790422	0.5197058	0.533528	0.466472	7.56514
41982	-7948.619	-8199.085	250.4665	0.7999786	0.5197058	0.53139	0.46861	7.661334
41988	-7938.47	-8188.964	250.4937	0.8094328	0.4972743	0.518176	0.481824	7.661334
41994	-7929.284	-8178.07	248.7856	0.7416688	0.4695136	0.563372	0.436628	8.632458
42000	-7939.543	-8190.049	250.5055	0.7692936	0.5094216	0.577893	0.422107	7.66577
42006	-7943.422	-8192.998	249.5756	0.7311486	0.5566024	0.510638	0.489362	8.142686
42012	-7938.339	-8188.764	250.4249	0.7329233	0.5831638	0.510638	0.489362	7.667045
42018	-7937.624	-8188.046	250.422	0.7222059	0.6320497	0.512238	0.487762	7.636624
42024	-7941.154	-8192.706	251.5518	0.8052043	0.5339068	0.415266	0.584734	7.064163
42030	-7943.099	-8194.53	251.4305	0.8112237	0.6104847	0.412087	0.587913	7.064163
42036	-7940.302	-8190.524	250.2215	0.8112237	0.6349138	0.412087	0.587913	7.694094
42042	-7927.931	-8178.893	250.962	0.8826002	0.5581916	0.518506	0.481494	7.319224
42048	-7930.311	-8180.37	250.0591	0.6917173	0.6384532	0.427169	0.572831	7.842103
42054	-7934.857	-8184.762	249.9056	0.7727413	0.5580219	0.540683	0.459317	7.943434
42060	-7943.836	-8194.699	250.8634	0.7361062	0.5641317	0.514287	0.485713	7.44584
42066	-7941.291	-8192.675	251.3837	0.8505937	0.5906019	0.537679	0.462321	7.083737
42072	-7927.02	-8178.722	251.7017	0.781793	0.5638428	0.43711	0.56289	6.971091
42078	-7925.264	-8175.368	250.1048	0.7494664	0.59972	0.477906	0.522094	7.816294
42084	-7932.08	-8183.708	251.6288	0.856617	0.6135524	0.472412	0.527588	6.930618
42090	-7946.306	-8197.534	251.228	0.856617	0.6012239	0.528001	0.471999	7.155896
42096	-7938.511	-8189.785	251.2742	0.7718579	0.6281567	0.528001	0.471999	7.155896
42102	-7942.916	-8192.364	249.4473	0.7641028	0.5753324	0.408958	0.591042	8.178363
42108	-7942.594	-8193.771	251.1774	0.8100982	0.5844664	0.568477	0.431523	7.221255
42114	-7932.495	-8183.865	251.3703	0.8054212	0.4828971	0.433384	0.566616	7.206485
42120	-7926.263	-8177.788	251.5256	0.8236646	0.6128785	0.43629	0.56371	7.004454
42126	-7926.651	-8178.252	251.6008	0.8225612	0.5626788	0.541967	0.458033	7.004454
42132	-7936.352	-8187.231	250.8787	0.8225612	0.5626788	0.541967	0.458033	7.392459
42138	-7938.865	-8189.752	250.887	0.8672782	0.509366	0.450031	0.549969	7.409067
42144	-7935.112	-8184.243	249.1311	0.8438343	0.5042464	0.514	0.486	8.363509
42150	-7929.26	-8179.923	250.6637	0.8179458	0.6697073	0.517975	0.482025	7.42824
42156	-7933.327	-8183.72	250.3924	0.6839132	0.5423516	0.421019	0.578981	7.743841
42162	-7946.234	-8195.223	248.9885	0.7262699	0.487772	0.522145	0.477855	8.516341
42168	-7944.333	-8195.111	250.7778	0.7293993	0.5290111	0.470364	0.529636	7.524523
42174	-7947.257	-8199.137	251.88	0.8385654	0.5196487	0.566369	0.433631	6.881646
42180	-7945.369	-8196.789	251.4197	0.8028146	0.5518879	0.566369	0.433631	7.121442
42186	-7935.131	-8186.671	251.54	0.8037676	0.5349654	0.449984	0.550016	7.070417
42192	-7940.334	-8191.456	251.122	0.8129475	0.5526146	0.449984	0.550016	7.275314
42198	-7936.151	-8187.165	251.0146	0.8468509	0.5404844	0.508903	0.491097	7.324903
42204	-7942.543	-8193.846	251.3038	0.7406422	0.5404844	0.460401	0.539599	7.22664
42210	-7957.363	-8209.058	251.6958	0.9326004	0.5577465	0.473256	0.526744	6.898051
42216	-7940.761	-8192.892	252.1312	0.8910419	0.5082974	0.439797	0.560203	6.727731
42222	-7931.624	-8183.643	252.0185	0.8745478	0.5917362	0.505812	0.494188	6.727731
42228	-7938.317	-8190.658	252.3405	0.8678768	0.5129817	0.455577	0.544423	6.622998
42234	-7946.805	-8197.654	250.8489	0.7930514	0.548604	0.502373	0.497627	7.435853
42240	-7940.551	-8190.476	249.9258	0.7342027	0.5176264	0.433691	0.566309	7.987047
42246	-7942.548	-8194.648	252.1002	0.8428901	0.5034163	0.512328	0.487672	6.774813
42252	-7942.265	-8193.398	251.1331	0.820702	0.5783998	0.471242	0.528758	7.24422
42258	-7936.866	-8188.877	252.0102	0.8082705	0.578694	0.507018	0.492982	6.778422
42264	-7940.528	-8193.515	252.9875	0.9217521	0.7020064	0.487414	0.512586	6.094123
42270	-7926.067	-8178.162	252.0947	0.9217521	0.6005225	0.589183	0.410817	6.654106
42276	-7935.491	-8188.74	253.249	0.9275979	0.5173965	0.503138	0.496862	6.093661
42282	-7931.667	-8184.722	253.0556	0.8967822	0.542973	0.481435	0.518565	6.193616
42288	-7924.798	-8176.474	251.6758	0.8092396	0.6686319	0.494373	0.505627	6.889618
42294	-7931.822	-8182.017	250.1958	0.8442843	0.5314399	0.449916	0.550084	7.772357
42300	-7943.102	-8195.305	252.2031	0.9387885	0.6703015	0.411989	0.588011	6.533545
42306	-7932.058	-8184.321	252.2635	0.9391732	0.4996646	0.535335	0.464665	6.63788
42312	-7936.675	-8187.144	250.4692	0.7304364	0.5991619	0.53905	0.46095	7.632083
42318	-7937.433	-8187.897	250.4637	0.7359484	0.5991619	0.546887	0.453113	7.632083
42324	-7933.761	-8186.691	252.9301	1.036207	0.5577182	0.539658	0.460342	6.173632
42330	-7924.702	-8176.144	251.4415	0.815498	0.4915917	0.45148	0.54852	7.15496
42336	-7935.864	-8185.483	249.6187	0.7996634	0.6408054	0.459986	0.540014	8.017765
42342	-7932.629	-8182.557	249.928	0.7270071	0.5923664	0.464886	0.535114	7.928379
42348	-7940.191	-8190.093	249.902	0.7270071	0.6102746	0.441956	0.558044	7.928379
42354	-7941.155	-8191.184	250.0292	0.7553516	0.5086373	0.497651	0.502349	7.928379
42360	-7931.111	-8182.107	250.9956	0.7571238	0.5429218	0.476043	0.523957	7.38117
42366	-7933.71	-8184.503	250.793	0.7749061	0.5095152	0.476043	0.523957	7.508802
42372	-7940.364	-8190.87	250.5059	0.7818593	0.5499446	0.536293	0.463707	7.624419
42378	-7938.929	-8189.258	250.3283	0.7818593	0.5112109	0.428902	0.571098	7.75227
42384	-7928.262	-8179.662	251.4	0.7799483	0.6121829	0.453439	0.546561	7.096103
42390	-7941.443	-8192.978	251.5358	0.7855382	0.571015	0.504652	0.495348	7.052569
42396	-7947.059	-8199.296	252.2361	0.8576611	0.5579687	0.504652	0.495348	6.6466
42402	-7942.206	-8194.007	251.8017	0.7704893	0.5691966	0.464009	0.535991	6.918959
42408	-7934.321	-8185.413	251.0912	0.8611805	0.5642313	0.502114	0.497886	7.256405
42414	-7946.083	-8197.67	251.5869	0.8772654	0.5518426	0.482674	0.517326	6.991405
42420	-7953.137	-8206.27	253.1331	0.9952611	0.5518426	0.437642	0.562358	6.090343
42426	-7937.117	-8189.414	252.297	0.8179271	0.5518426	0.493724	0.506276	6.640294
42432	-7945.698	-8196.134	250.4365	0.8179271	0.5454055	0.493724	0.506276	7.646003
42438	-7938.782	-8191.093	252.3113	0.84663	0.4861869	0.461707	0.538293	6.67422
42444	-7951.617	-8201.869	250.2514	0.8053583	0.7503195	0.571527	0.428473	7.600174
42450	-7928.642	-8180.423	251.7817	0.7958938	0.5798645	0.453123	0.546877	6.907406
42456	-7923.762	-8175.194	251.4319	0.7704356	0.5236926	0.541144	0.458856	7.15611
42462	-7933.302	-8185.729	252.4267	0.9595126	0.5998574	0.532135	0.467865	6.454505
42468	-7937.663	-8190.72	253.0567	0.9453773	0.5134717	0.510937	0.489063	6.192096
42474	-7928.222	-8180.687	252.4653	0.8779278	0.4748475	0.510937	0.489063	6.584459
42480	-7941.827	-8194.249	252.4215	0.8819379	0.5459033	0.482772	0.517228	6.543266
42486	-7933.388	-8184.596	251.2082	0.8835813	0.5187274	0.482772	0.517228	7.219808
42492	-7929.958	-8181.632	251.6744	0.8097344	0.5498369	0.482772	0.517228	6.982335
42498	-7937.48	-8187.943	250.463	0.8097344	0.5452429	0.531542	0.468458	7.636372
42504	-7933.584	-8184.495	250.9113	0.8578546	0.5324213	0.516687	0.483313	7.381245
42510	-7936.247	-8186.861	250.6138	0.8401512	0.5324213	0.471485	0.528515	7.550144
42516	-7932.282	-8183.339	251.0564	0.7716442	0.5920337	0.471485	0.528515	7.300875
42522	-7928.999	-8180.154	251.1551	0.8023245	0.5084364	0.503845	0.496155	7.300875
42528	-7938.164	-8189.177	251.013	0.8693743	0.5316466	0.469033	0.530967	7.321164
42534	-7933.345	-8185.726	252.3806	0.8711504	0.5172712	0.452107	0.547893	6.59578
42540	-7933.149	-8185.319	252.1701	0.8605872	0.5078092	0.452107	0.547893	6.723591
42546	-7932.739	-8184.389	251.6496	0.7718943	0.5824512	0.494255	0.505745	6.989432
42552	-7937.97	-8188.787	250.8172	0.7718943	0.5238253	0.506533	0.493467	7.485104
42558	-7944.041	-8193.046	249.0047	0.7242911	0.5337963	0.506533	0.493467	8.468945
42564	-7936.246	-8186.408	250.162	0.7242911	0.5147056	0.480676	0.519324	7.868835
42570	-7938.801	-8189.557	250.7556	0.74221	0.5147056	0.480676	0.519324	7.541859
42576	-7943.417	-8193.385	249.9679	0.7950053	0.5441927	0.534035	0.465965	7.909703
42582	-7937.115	-8188.561	251.4459	0.7977609	0.6065839	0.54168	0.45832	7.066185
42588	-7940.028	-8191	250.972	0.8487766	0.5136233	0.506022	0.493978	7.369669
42594	-7934.66	-8185.632	250.9721	0.8494309	0.4223041	0.506022	0.493978	7.454195
42600	-7947.356	-8198.312	250.956	0.8477109	0.5089739	0.506022	0.493978	7.382876
42606	-7943.095	-8194.006	250.9115	0.7650025	0.5911695	0.412177	0.587823	7.382876
42612	-7948.87	-8200.185	251.3156	0.8735448	0.5995248	0.453548	0.546452	7.100994
42618	-7951.645	-8203.831	252.1861	0.861117	0.5362467	0.499007	0.500993	6.68999
42624	-7938.809	-8189.88	251.0718	0.7986269	0.5362467	0.499007	0.500993	7.323672
42630	-7940.419	-8191.264	250.8449	0.8204215	0.5709713	0.499007	0.500993	7.405016
42636	-7931.803	-8182.737	250.9337	0.824468	0.4779942	0.499007	0.500993	7.435066
42642	-7938.272	-8188.959	250.6866	0.7970815	0.4667439	0.499007	0.500993	7.592443
42648	-7924.173	-8174.533	250.3601	0.7433911	0.5012378	0.463915	0.536085	7.764575
42654	-7936.761	-8189.095	252.3337	0.8093152	0.4795524	0.456531	0.543469	6.688357
42660	-7925.705	-8177.86	252.1552	0.8681132	0.4662276	0.45871	0.54129	6.765419
42666	-7927.978	-8179.469	251.4918	0.8674418	0.6117897	0.503353	0.496647	6.99991
42672	-7933.425	-8183.881	250.4565	0.794985	0.5688216	0.429438	0.570562	7.628417
42678	-7930.681	-8180.726	250.0444	0.8024905	0.5285353	0.426666	0.573334	7.877991
42684	-7929.559	-8180.776	251.2165	0.8744738	0.552547	0.559918	0.440082	7.191569
42690	-7926.353	-8178.17	251.8166	0.8803586	0.534802	0.565768	0.434232	6.880319
42696	-7935.59	-8186.494	250.9035	0.8821448	0.3944213	0.449662	0.550338	7.501799
42702	-7928.461	-8180.439	251.9787	0.8821448	0.5747216	0.449662	0.550338	6.758752
42708	-7918.131	-8168.831	250.6997	0.860273	0.4977173	0.449662	0.550338	7.523469
42714	-7917.498	-8168.181	250.6836	0.7934223	0.5495185	0.449662	0.550338	7.523469
42720	-7917.317	-8168.939	251.6221	0.9136757	0.5435222	0.495185	0.504815	6.959776
42726	-7909.424	-8160.891	251.4669	0.8533747	0.6444662	0.495185	0.504815	6.99616
42732	-7922.992	-8174.039	251.0469	0.7694226	0.4988619	0.485122	0.514878	7.385079
42738	-7925.069	-8176.273	251.2044	0.8259217	0.588757	0.485122	0.514878	7.194864
42744	-7922.334	-8172.872	250.5373	0.7737117	0.4747842	0.459968	0.540032	7.677398
42750	-7930.991	-8182.361	251.3705	0.7629779	0.5012791	0.459968	0.540032	7.212674
42756	-7929.519	-8181.126	251.607	0.8686925	0.5012791	0.504299	0.495701	7.028616
42762	-7952.166	-8202.55	250.3838	0.7467441	0.5702083	0.458818	0.541182	7.691968
42768	-7949.202	-8200.763	251.561	0.7467441	0.5702083	0.490747	0.509253	7.060549
42774	-7947.082	-8198.52	251.4382	0.8387786	0.6107855	0.465932	0.534068	7.045002
42780	-7935.261	-8186.77	251.5083	0.7633571	0.6144529	0.435611	0.564389	7.045002
42786	-7933.46	-8183.125	249.6643	0.7633571	0.5126852	0.49898	0.50102	8.11521
42792	-7962.631	-8212.85	250.2188	0.7137326	0.5215911	0.503145	0.496855	7.838206
42798	-7953.201	-8203.031	249.8303	0.7160753	0.5828825	0.478492	0.521508	7.993825
42804	-7934.942	-8185.034	250.0919	0.7599102	0.5665388	0.478492	0.521508	7.843911
42810	-7939.183	-8188.587	249.4039	0.7118096	0.6195977	0.41629	0.58371	8.194938
42816	-7948.124	-8198.925	250.8008	0.7505792	0.5981703	0.43506	0.56494	7.444461
42822	-7951.81	-8202.57	250.7605	0.7757884	0.524411	0.556699	0.443301	7.512886
42828	-7935.98	-8185.726	249.7452	0.7037237	0.524411	0.575999	0.424001	8.09378
42834	-7944.657	-8196.868	252.211	0.8051415	0.4886774	0.533217	0.466783	6.748599
42840	-7924.781	-8174.596	249.8147	0.7357336	0.6134244	0.533217	0.466783	7.967903
42846	-7931.602	-8181.823	250.221	0.7357336	0.598845	0.517499	0.482501	7.762217
42852	-7962.054	-8213.694	251.6401	0.8238917	0.6999193	0.484931	0.515069	6.878658
42858	-7946.158	-8196.17	250.0124	0.7884917	0.6999193	0.484931	0.515069	7.77119
42864	-7944.066	-8194.787	250.7211	0.8159356	0.5321692	0.484931	0.515069	7.505872
42870	-7938.041	-8186.916	248.8743	0.679008	0.5766311	0.424511	0.575489	8.52733
42876	-7926.254	-8177.186	250.9323	0.7522471	0.5275201	0.478241	0.521759	7.430778
42882	-7946.625	-8196.42	249.7948	0.7358755	0.4595722	0.468992	0.531008	8.108041
42888	-7948.612	-8198.084	249.4714	0.8056407	0.620854	0.526515	0.473485	8.108041
42894	-7945.971	-8195.45	249.4787	0.7244761	0.5666208	0.490794	0.509206	8.189692
42900	-7945.733	-8196.113	250.3801	0.7741256	0.7040437	0.490794	0.509206	7.579341
42906	-7944.531	-8194.022	249.4905	0.7657369	0.4611853	0.540033	0.459967	8.252669
42912	-7946.541	-8196.762	250.2202	0.7657369	0.5294579	0.463992	0.536008	7.802952
42918	-7937.341	-8188.782	251.4411	0.8322253	0.5579101	0.446648	0.553352	7.089089
42924	-7936.515	-8187.638	251.1231	0.7213968	0.5639467	0.419015	0.580985	7.314592
42930	-7928.211	-8179.501	251.2896	0.7879419	0.5666728	0.453234	0.546766	7.187193
42936	-7936.167	-8187.354	251.1869	0.8044851	0.625684	0.453234	0.546766	7.187193
42942	-7939.123	-8189.905	250.7819	0.7566479	0.5051186	0.453234	0.546766	7.528417
42948	-7942.296	-8193.231	250.9349	0.7566479	0.5637754	0.549667	0.450333	7.396782
42954	-7926.274	-8176.237	249.9632	0.7547616	0.5637754	0.491788	0.508212	7.917585
42960	-7936.805	-8186.744	249.9393	0.7524811	0.451071	0.48504	0.51496	8.03014
42966	-7945.728	-8194.985	249.2561	0.7205407	0.4998032	0.505656	0.494344	8.366511
42972	-7930.738	-8180.863	250.1248	0.7205407	0.5796681	0.505656	0.494344	7.836804
42978	-7934.621	-8186.509	251.8874	0.8797344	0.4998221	0.505656	0.494344	6.872906
42984	-7936.736	-8188.224	251.4882	0.9014988	0.5797941	0.507175	0.492825	7.008694
42990	-7939.185	-8190.33	251.1451	0.8490049	0.4999919	0.507175	0.492825	7.288666
42996	-7942.152	-8191.81	249.6582	0.7198673	0.613795	0.494284	0.505716	8.05958
43002	-7939.295	-8190.402	251.1067	0.8982711	0.5154992	0.501989	0.498011	7.269205
43008	-7936.534	-8187.667	251.1324	0.8150618	0.551934	0.489131	0.510869	7.269205
43014	-7956.575	-8207.961	251.3855	0.8331805	0.7465807	0.489131	0.510869	6.978912
43020	-7931.086	-8182.343	251.2566	0.799101	0.5001995	0.459934	0.540066	7.255398
43026	-7930.421	-8180.445	250.0241	0.7097805	0.4572134	0.459934	0.540066	8.001947
43032	-7926.254	-8176.853	250.5991	0.7925623	0.6007804	0.507703	0.492297	7.52803
43038	-7934.081	-8183.924	249.8429	0.7218732	0.5362721	0.449954	0.550046	8.021987
43044	-7944.104	-8194.775	250.6714	0.7218732	0.5055566	0.502306	0.497694	7.60578
43050	-7942.911	-8194.172	251.2612	0.7723421	0.5055566	0.488897	0.511103	7.262554
43056	-7951.819	-8201.408	249.589	0.7262488	0.6168561	0.471153	0.528847	8.090691
43062	-7940.282	-8192.499	252.2172	0.7690262	0.5615628	0.471153	0.528847	6.701795
43068	-7936.045	-8186.584	250.5392	0.7812387	0.5044406	0.471153	0.528847	7.645745
43074	-7932.084	-8182.5	250.416	0.8081863	0.5654183	0.479029	0.520971	7.645745
43080	-7939.209	-8189.919	250.7099	0.7699244	0.5661712	0.481949	0.518051	7.508285
43086	-7944.463	-8194.071	249.6083	0.7121231	0.6323198	0.463096	0.536904	8.076287
43092	-7945.44	-8195.024	249.5842	0.8348596	0.5033617	0.476363	0.523637	8.127897
43098	-7946.626	-8198.266	251.6397	0.8785908	0.5033617	0.49769	0.50231	7.003877
43104	-7953.025	-8205.504	252.4797	0.8785908	0.5856997	0.497212	0.502788	6.480854
43110	-7935.317	-8186.557	251.2405	0.8777066	0.5992959	0.485377	0.514623	7.139316
43116	-7940.997	-8191.929	250.9321	0.7940941	0.6101975	0.485377	0.514623	7.341424
43122	-7935.429	-8186.939	251.5099	0.7757121	0.5659915	0.528471	0.471529	7.075902
43128	-7933.039	-8184.058	251.0189	0.729575	0.5654781	0.552278	0.447722	7.364867
43134	-7923.674	-8173.831	250.1577	0.8206582	0.6756799	0.437492	0.562508	7.693437
43140	-7936.397	-8187.423	251.0251	0.7600054	0.5263092	0.510603	0.489397	7.377882
43146	-7934.178	-8184.734	250.5557	0.8097842	0.4755138	0.552426	0.447574	7.647594
43152	-7939.907	-8191.475	251.5688	0.8079557	0.6211074	0.394256	0.605744	6.983312
43158	-7935.611	-8186.787	251.1758	0.7923537	0.5073432	0.522254	0.477746	7.296101
43164	-7938.148	-8188.61	250.4622	0.7341202	0.6582248	0.478339	0.521661	7.589416
43170	-7937.089	-8186.803	249.7148	0.7341202	0.6516873	0.478339	0.521661	7.993517
43176	-7942.421	-8192.019	249.598	0.7439682	0.5479457	0.454691	0.545309	8.131059
43182	-7953.251	-8202.747	249.4963	0.7632056	0.6029827	0.454691	0.545309	8.131059
43188	-7943.551	-8194.704	251.1532	0.8041117	0.528406	0.459673	0.540327	7.283666
43194	-7940.406	-8190.853	250.4471	0.7665729	0.514376	0.473525	0.526475	7.694191
43200	-7955.066	-8206.591	251.525	0.7665729	0.5665319	0.517339	0.482661	7.072215
43206	-7942.297	-8193.063	250.7661	0.8168749	0.6039195	0.476927	0.523073	7.423066
43212	-7932.009	-8182.767	250.7585	0.7377226	0.5498947	0.476927	0.523073	7.512878
43218	-7945.805	-8196.408	250.6027	0.7145878	0.47825	0.54927	0.45073	7.670873
43224	-7946.567	-8198.557	251.9901	0.8609072	0.5125363	0.54927	0.45073	6.81646
43230	-7948.238	-8198.502	250.2638	0.7713628	0.6057523	0.437924	0.562076	7.714923
43236	-7941.965	-8192.378	250.4132	0.6492801	0.5536388	0.468063	0.531937	7.741878
43242	-7944.184	-8193.154	248.97	0.7002273	0.5622564	0.468063	0.531937	8.476728
43248	-7945.711	-8195.873	250.1618	0.6727641	0.5588022	0.468063	0.531937	7.859408
43254	-7946.673	-8197.612	250.9393	0.7656115	0.6201852	0.468063	0.531937	7.345172
43260	-7947.453	-8198.359	250.9059	0.8063626	0.5982081	0.493065	0.506935	7.358164
43266	-7945.591	-8195.551	249.96	0.7909062	0.5030221	0.482887	0.517113	7.951291
43272	-7932.961	-8183.799	250.8376	0.8097551	0.5867319	0.482887	0.517113	7.402017
43278	-7943.254	-8195.585	252.3312	0.8629999	0.5707459	0.492458	0.507542	6.581829
43284	-7938.265	-8191.007	252.742	0.9078982	0.5189337	0.456427	0.543573	6.378603
43290	-7935.459	-8187.345	251.8862	0.79318	0.5049072	0.501635	0.498365	6.915734
43296	-7922.066	-8172.669	250.6033	0.79318	0.5013549	0.471318	0.528682	7.607752
43302	-7932.831	-8184.805	251.9746	0.8313816	0.5234675	0.471318	0.528682	6.831192
43308	-7949.659	-8198.797	249.1388	0.7602223	0.6964971	0.427773	0.572227	8.254523
43314	-7935.534	-8184.247	248.7129	0.715639	0.5939195	0.524035	0.475965	8.579984
43320	-7942.398	-8194.464	252.0661	0.9246708	0.4687495	0.524035	0.475965	6.780629
43326	-7927.381	-8179.606	252.2246	0.919625	0.5582169	0.522883	0.477117	6.619122
43332	-7927.481	-8180.002	252.5215	0.9006735	0.5302445	0.522883	0.477117	6.492262
43338	-7940.793	-8190.195	249.4022	0.7959541	0.5416959	0.430087	0.569913	8.21281
43344	-7940.781	-8190.582	249.8004	0.7899601	0.5416959	0.50587	0.49413	8.003828
43350	-7932.748	-8183.233	250.4852	0.7211645	0.443019	0.419812	0.580188	7.763152
43356	-7931.147	-8181.521	250.374	0.832403	0.443019	0.475143	0.524857	7.763152
43362	-7934.172	-8184.955	250.7835	0.7902468	0.6004344	0.446809	0.553191	7.430722
43368	-7933.796	-8185.43	251.6341	0.7856649	0.5055584	0.462788	0.537212	7.054952
43374	-7935.271	-8186.708	251.4375	0.9023043	0.55599	0.499564	0.500436	7.054952
43380	-7938.344	-8190.481	252.1369	0.7816584	0.6252226	0.476824	0.523176	6.687927
43386	-7938.963	-8190.562	251.5989	0.7915446	0.511796	0.434803	0.565197	7.065241
43392	-7939.613	-8191.093	251.4799	0.8223222	0.5241272	0.470632	0.529368	7.101992
43398	-7933.68	-8183.871	250.1902	0.7641534	0.6138973	0.485564	0.514436	7.751854
