Iteration	Posterior	Likelihood	Prior	rate_log_sd	rate_neo	root_freqs[1]	root_freqs[2]	tree_length
0	-7944.623	-8194.536	249.9124	0.7166922	0.4781537	0.493749	0.506251	8.038448
6	-7946.203	-8195.719	249.5155	0.7417307	0.4888234	0.592757	0.407243	8.226935
12	-7954.866	-8205.5	250.6343	0.7993612	0.4950094	0.453577	0.546423	7.593484
18	-7948.23	-8198.414	250.1835	0.8275973	0.5388054	0.515798	0.484202	7.781615
24	-7937.127	-8188.074	250.9477	0.723523	0.5867728	0.486615	0.513385	7.389175
30	-7943.47	-8194.189	250.719	0.7497603	0.7357824	0.504478	0.495522	7.389175
36	-7950.346	-8200.833	250.487	0.7747966	0.6141672	0.504478	0.495522	7.587221
42	-7944.645	-8194.09	249.4449	0.8162542	0.5439862	0.513132	0.486868	8.177369
48	-7942.877	-8192.537	249.6594	0.7658591	0.433949	0.515604	0.484396	8.188624
54	-7955.968	-8207.627	251.6582	0.8969825	0.6257684	0.528086	0.471914	6.883618
60	-7944.507	-8195.925	251.418	0.8969825	0.616224	0.444199	0.555801	7.020339
66	-7947.487	-8198.068	250.5808	0.7978464	0.6555774	0.573452	0.426548	7.493671
72	-7940.632	-8190.361	249.7286	0.8005367	0.6222428	0.46966	0.53034	7.9726
78	-7946.992	-8197.307	250.3146	0.8005367	0.4831729	0.46966	0.53034	7.774465
84	-7961.624	-8211.124	249.5004	0.7943787	0.49105	0.550908	0.449092	8.204972
90	-7947.351	-8197.036	249.6858	0.8073713	0.4828397	0.444296	0.555704	8.106669
96	-7937.162	-8188.243	251.0805	0.8073713	0.5456851	0.481382	0.518618	7.306366
102	-7931.502	-8183.021	251.519	0.8127332	0.5947373	0.492706	0.507294	7.02805
108	-7930.372	-8181.293	250.9213	0.8538936	0.5037826	0.545876	0.454124	7.402732
114	-7963.057	-8213.393	250.3356	0.764857	0.4812638	0.478183	0.521817	7.78404
120	-7950.643	-8200.951	250.308	0.7679199	0.4730279	0.475628	0.524372	7.804653
126	-7938.393	-8188.693	250.3	0.7449069	0.6173684	0.469791	0.530209	7.700808
132	-7944.607	-8195.824	251.2172	0.7449069	0.5507941	0.469791	0.530209	7.262273
138	-7934.635	-8184.269	249.6336	0.795711	0.6490213	0.487179	0.512821	8.005882
144	-7944.601	-8195.405	250.8046	0.7750514	0.5217147	0.487179	0.512821	7.491974
150	-7935.913	-8186.943	251.0305	0.7883003	0.5334742	0.487179	0.512821	7.353726
156	-7938.201	-8189.735	251.534	0.8478716	0.5334742	0.417716	0.582284	7.051171
162	-7948.84	-8198.835	249.995	0.8315726	0.6228658	0.436087	0.563913	7.813322
168	-7950.518	-8200.738	250.2194	0.8144292	0.5626963	0.510424	0.489576	7.749772
174	-7930.733	-8181.157	250.4247	0.7326759	0.5441849	0.510424	0.489576	7.698939
180	-7932.729	-8183.795	251.0659	0.8379311	0.5441849	0.538693	0.461307	7.299034
186	-7924.98	-8174.768	249.7882	0.8396521	0.5441849	0.538693	0.461307	7.981732
192	-7951.648	-8202.605	250.9572	0.7044324	0.5843304	0.467584	0.532416	7.396267
198	-7937.275	-8187.187	249.9118	0.7658722	0.4843364	0.467584	0.532416	8.006949
204	-7937.921	-8188.875	250.9545	0.8159496	0.568634	0.516824	0.483176	7.3505
210	-7935.968	-8186.879	250.9112	0.8678097	0.5630027	0.516824	0.483176	7.3505
216	-7940.61	-8190.79	250.1796	0.7753914	0.6080672	0.539002	0.460998	7.756029
222	-7952.421	-8202.563	250.1429	0.7044779	0.6174113	0.493262	0.506738	7.80637
228	-7939.548	-8190.066	250.5185	0.8158289	0.5132242	0.487369	0.512631	7.630645
234	-7961.523	-8212.715	251.1921	0.8881355	0.60404	0.447643	0.552357	7.156053
240	-7958.179	-8208.534	250.3551	0.7942667	0.5581098	0.447838	0.552162	7.691709
246	-7947.876	-8199.43	251.5541	0.8163581	0.6329909	0.439777	0.560223	6.977714
252	-7960.6	-8210.353	249.7531	0.726287	0.5800861	0.529147	0.470853	8.031741
258	-7944.953	-8195.13	250.1763	0.7962463	0.5305398	0.537511	0.462489	7.809215
264	-7944.239	-8194.865	250.6255	0.7962463	0.4874136	0.473452	0.526548	7.606685
270	-7970.418	-8221.485	251.0674	0.7720649	0.5490418	0.482373	0.517627	7.329526
276	-7963.323	-8215.032	251.7097	0.9344945	0.5923714	0.51819	0.48181	6.861551
282	-7953.792	-8205.919	252.127	0.9505299	0.5710949	0.465334	0.534666	6.644607
288	-7955.512	-8207.317	251.8047	0.9105926	0.6117054	0.465334	0.534666	6.80806
294	-7959.274	-8210.655	251.3812	0.7998175	0.5907771	0.427676	0.572324	7.112221
300	-7947.467	-8197.506	250.0386	0.8016937	0.5514582	0.479062	0.520938	7.862377
306	-7950.298	-8200.335	250.0368	0.8093182	0.5476617	0.501128	0.498872	7.862377
312	-7958.197	-8206.644	248.4463	0.7242863	0.5476617	0.48643	0.51357	8.753871
318	-7957.849	-8208.33	250.4812	0.8537835	0.5005181	0.48643	0.51357	7.641431
324	-7951.852	-8203.113	251.2607	0.8193221	0.5240847	0.48643	0.51357	7.221471
330	-7965.051	-8216.535	251.4847	0.7787348	0.4707594	0.450883	0.549117	7.170503
336	-7953.027	-8204.29	251.2625	0.7935028	0.6022042	0.529402	0.470598	7.170503
342	-7962.028	-8212.619	250.5913	0.7413786	0.5511484	0.397198	0.602802	7.599376
348	-7943.123	-8192.765	249.6425	0.7184437	0.5193945	0.426008	0.573992	8.144941
354	-7957.626	-8205.864	248.2377	0.7907497	0.5193945	0.465191	0.534809	8.85286
360	-7957.807	-8208.341	250.5342	0.7710457	0.5111816	0.434648	0.565352	7.64797
366	-7963.881	-8213.847	249.9661	0.7386396	0.5040509	0.434648	0.565352	7.974987
372	-7951.302	-8201.108	249.8055	0.7411356	0.5943538	0.469541	0.530459	7.984646
378	-7953.701	-8204.523	250.8218	0.7454462	0.6175693	0.579279	0.420721	7.420982
384	-7954.64	-8205.466	250.8262	0.8275857	0.6059768	0.412947	0.587053	7.38353
390	-7965.144	-8215.875	250.7313	0.7847083	0.5433166	0.453968	0.546032	7.507724
396	-7957.935	-8208.467	250.5317	0.7589776	0.6172553	0.511874	0.488126	7.569386
402	-7955.278	-8205.562	250.2844	0.7288738	0.5372521	0.486917	0.513083	7.78175
408	-7945.742	-8195.948	250.2067	0.8313119	0.5504543	0.418718	0.581282	7.757576
414	-7945.112	-8194.491	249.3789	0.7726128	0.5340141	0.410817	0.589183	8.244073
420	-7949.787	-8202.263	252.4762	0.9665702	0.5518519	0.495117	0.504883	6.462822
426	-7945.641	-8198.554	252.9132	0.9672443	0.508224	0.495117	0.504883	6.262872
432	-7941.304	-8192.572	251.2679	0.8297244	0.520198	0.471946	0.528054	7.215371
438	-7932.067	-8183.263	251.1966	0.793605	0.5818522	0.506255	0.493745	7.221921
444	-7927.89	-8179.776	251.8865	0.8312562	0.5586833	0.430441	0.569559	6.849094
450	-7947.957	-8198.726	250.769	0.8092773	0.5480248	0.457116	0.542884	7.470474
456	-7932.958	-8184.056	251.0988	0.7741674	0.5480248	0.482447	0.517553	7.312427
462	-7936.895	-8188.148	251.2523	0.7741674	0.5989809	0.547513	0.452487	7.188888
468	-7932.693	-8183.914	251.2215	0.8245639	0.5856428	0.411445	0.588555	7.188888
474	-7927.011	-8177.992	250.9811	0.7986436	0.6274318	0.418483	0.581517	7.299528
480	-7951.797	-8202.778	250.9814	0.7986436	0.6272077	0.469205	0.530795	7.299528
486	-7929.47	-8180.588	251.1179	0.8077589	0.5297476	0.469205	0.530795	7.299528
492	-7931.796	-8181.661	249.865	0.7582579	0.4859173	0.435218	0.564782	8.034535
498	-7936.099	-8186.032	249.9337	0.7426858	0.5319629	0.435218	0.564782	7.966088
504	-7928.932	-8179.038	250.1062	0.7426858	0.5373384	0.471155	0.528845	7.869534
510	-7936.114	-8186.686	250.5723	0.7761435	0.5839164	0.471155	0.528845	7.564427
516	-7936.393	-8186.271	249.8782	0.7725587	0.6933029	0.440693	0.559307	7.856018
522	-7933.105	-8183.761	250.6563	0.7727728	0.5810918	0.454817	0.545183	7.523479
528	-7945.443	-8194.613	249.1694	0.8533355	0.5810918	0.531623	0.468377	8.274224
534	-7945.767	-8195.281	249.5146	0.7824378	0.6076496	0.53442	0.46558	8.107451
540	-7950.896	-8201.506	250.6099	0.7704508	0.6076496	0.444779	0.555221	7.528742
546	-7930.914	-8180.659	249.7444	0.8282689	0.4564138	0.518884	0.481116	8.088642
552	-7942.404	-8192.638	250.234	0.7695626	0.5657736	0.518884	0.481116	7.76342
558	-7952.099	-8204.155	252.0561	0.8794795	0.606974	0.518884	0.481116	6.692774
564	-7944.735	-8194.671	249.9366	0.8398199	0.529104	0.46502	0.53498	7.915163
570	-7952.04	-8201.662	249.6219	0.6643498	0.564649	0.46502	0.53498	8.147072
576	-7948.336	-8198.816	250.4795	0.7678816	0.5066293	0.527894	0.472106	7.682889
582	-7953.514	-8204.388	250.8746	0.7979825	0.5242667	0.485385	0.514615	7.439952
588	-7945.66	-8196.508	250.8481	0.9232847	0.6157385	0.499759	0.500241	7.312915
594	-7944.194	-8196.423	252.229	0.8970686	0.610132	0.499759	0.500241	6.587346
600	-7944.508	-8193.447	248.9383	0.7832426	0.5410008	0.49746	0.50254	8.466865
606	-7952.671	-8201.723	249.0516	0.7697273	0.5788226	0.49746	0.50254	8.383156
612	-7941.809	-8192.147	250.3384	0.845557	0.6822468	0.483184	0.516816	7.57872
618	-7929.036	-8179.934	250.8971	0.7576556	0.5570651	0.483184	0.516816	7.421988
624	-7937.785	-8189.453	251.6672	0.889709	0.4336846	0.47434	0.52566	7.048034
630	-7930.529	-8182.306	251.7774	0.8798114	0.5774694	0.47434	0.52566	6.866445
636	-7925.704	-8178.091	252.3869	0.901374	0.6600342	0.440216	0.559784	6.461759
642	-7932.434	-8185.795	253.3606	0.9888607	0.4842324	0.48547	0.51453	6.029334
648	-7936.562	-8189.856	253.2947	0.8697842	0.5440497	0.48547	0.51453	6.077213
654	-7945.999	-8198.519	252.5205	0.9088088	0.6451323	0.476213	0.523787	6.396347
660	-7935.695	-8188.489	252.7938	0.8924338	0.7542556	0.476213	0.523787	6.179573
666	-7921.841	-8173.875	252.034	0.8924338	0.6540342	0.501173	0.498827	6.662016
672	-7917.113	-8168.373	251.2603	0.7854144	0.5691533	0.445858	0.554142	7.202297
678	-7921.294	-8171.246	249.9515	0.7787934	0.5555501	0.455867	0.544133	7.917696
684	-7923.925	-8173.937	250.0117	0.8149912	0.4952328	0.446076	0.553924	7.917696
690	-7929.412	-8180.299	250.887	0.7860957	0.6176071	0.497365	0.502635	7.364198
696	-7928.634	-8178.96	250.3255	0.7958713	0.5523813	0.437224	0.562776	7.711386
702	-7929.677	-8180.591	250.9139	0.8561501	0.5717689	0.438849	0.561151	7.34818
708	-7947.475	-8199.291	251.8162	0.8004087	0.6117495	0.437469	0.562531	6.861287
714	-7940.919	-8192.368	251.4489	0.8004087	0.5496673	0.431661	0.568339	7.108829
720	-7953.564	-8203.071	249.507	0.7321624	0.57707	0.492481	0.507519	8.16217
726	-7935.251	-8185.449	250.198	0.7321624	0.5434488	0.498765	0.501235	7.820997
732	-7929.886	-8180.185	250.299	0.7414425	0.4759187	0.498765	0.501235	7.820997
738	-7954.58	-8204.988	250.4072	0.854692	0.6851662	0.470776	0.529224	7.534936
744	-7938.005	-8188.721	250.7161	0.7361679	0.5516659	0.518819	0.481181	7.534936
750	-7929.471	-8180.9	251.429	0.7834598	0.6084605	0.518819	0.481181	7.081483
756	-7939.106	-8188.422	249.3163	0.7530906	0.4611511	0.518819	0.481181	8.352109
762	-7936.834	-8187.267	250.4325	0.7726437	0.5047877	0.490442	0.509558	7.707102
768	-7924.33	-8173.932	249.6016	0.7555537	0.5589936	0.473742	0.526258	8.113876
774	-7943.523	-8193.418	249.8947	0.7054039	0.5128735	0.473742	0.526258	8.023126
780	-7940.108	-8190.134	250.0267	0.6684218	0.5657245	0.510425	0.489575	7.928193
786	-7940.859	-8190.183	249.3246	0.8010293	0.494774	0.475631	0.524369	8.291713
792	-7935.03	-8184.774	249.7445	0.7087702	0.5746115	0.457051	0.542949	8.050072
798	-7936.926	-8187.162	250.2363	0.8204478	0.4770089	0.500129	0.499871	7.811294
804	-7934.276	-8183.991	249.7147	0.862737	0.4370509	0.523765	0.476235	8.104543
810	-7923.825	-8173.998	250.1732	0.8379378	0.4888821	0.528697	0.471303	7.824906
816	-7914.834	-8165.026	250.1927	0.7445544	0.5342572	0.480157	0.519843	7.824906
822	-7927.208	-8176.959	249.7517	0.7455051	0.5124498	0.534976	0.465024	8.078312
828	-7949.404	-8200.233	250.8287	0.8209872	0.5329045	0.49313	0.50687	7.444873
834	-7942.846	-8192.848	250.0024	0.7128988	0.6191401	0.489574	0.510426	7.875581
840	-7938.95	-8189.625	250.675	0.7574213	0.5376438	0.537612	0.462388	7.557256
846	-7929.471	-8180.83	251.359	0.8530123	0.5335411	0.467233	0.532767	7.142452
852	-7944.458	-8195.388	250.9297	0.8550458	0.6583227	0.480359	0.519641	7.273897
858	-7938.408	-8189.619	251.2112	0.8133364	0.4981939	0.527887	0.472113	7.273897
864	-7947.499	-8198.812	251.3128	0.9031505	0.7696387	0.479687	0.520313	6.965091
870	-7939.488	-8191.028	251.5405	0.8047719	0.5812734	0.527887	0.472113	7.031457
876	-7951.099	-8203.164	252.065	0.8331936	0.5692554	0.462022	0.537978	6.74301
882	-7932.233	-8182.178	249.9449	0.7286046	0.5380129	0.457215	0.542785	7.962556
888	-7936.085	-8185.929	249.8442	0.8489842	0.5255565	0.42346	0.57654	7.962556
894	-7946.544	-8196.341	249.7973	0.733734	0.6342875	0.407309	0.592691	7.962556
900	-7937.622	-8187.3	249.678	0.7306243	0.654405	0.517232	0.482768	8.01302
906	-7949.241	-8198.934	249.6923	0.7531415	0.5424379	0.513711	0.486289	8.08048
912	-7940.04	-8191.06	251.0203	0.8685918	0.4523082	0.486695	0.513305	7.388899
918	-7948.646	-8200.87	252.2241	0.7854461	0.6128935	0.435646	0.564354	6.648226
924	-7931.342	-8181.949	250.6072	0.8149991	0.6700112	0.449781	0.550219	7.459898
930	-7950.191	-8203.452	253.261	0.9578075	0.4505773	0.559321	0.440679	6.132279
936	-7956.177	-8210.038	253.8611	0.9747487	0.5842146	0.457444	0.542556	5.676958
942	-7963.889	-8215.463	251.5735	0.8450326	0.5271383	0.469407	0.530593	7.036862
948	-7947.446	-8198.554	251.1078	0.8450326	0.6399785	0.470892	0.529108	7.197114
954	-7927.723	-8177.59	249.8672	0.7866485	0.5468319	0.450481	0.549519	7.96568
960	-7937.992	-8186.873	248.8809	0.7866485	0.5918811	0.497372	0.502628	8.454608
966	-7948.694	-8199.473	250.7793	0.8292953	0.5541108	0.428341	0.571659	7.449144
972	-7937.486	-8188.362	250.8764	0.7646814	0.5332713	0.506112	0.493888	7.449144
978	-7940.176	-8190.706	250.5301	0.8398681	0.5515475	0.452688	0.547312	7.579095
984	-7944.072	-8195.931	251.8587	0.8923052	0.5447912	0.530222	0.469778	6.842718
990	-7943.17	-8195.434	252.2642	0.8429118	0.5134306	0.482013	0.517987	6.677374
996	-7947.337	-8199.058	251.7205	0.8258398	0.6119564	0.482013	0.517987	6.898989
1002	-7936.437	-8187.141	250.7039	0.7453849	0.5427583	0.516972	0.483028	7.543914
1008	-7928.931	-8179.531	250.5993	0.8500188	0.5427583	0.516972	0.483028	7.543914
1014	-7922.541	-8173	250.4593	0.7492231	0.5799279	0.516972	0.483028	7.642492
1020	-7939.047	-8189.481	250.4341	0.7744709	0.5798895	0.46303	0.53697	7.642492
1026	-7950.341	-8200.693	250.3524	0.7952248	0.5334534	0.53773	0.46227	7.713154
1032	-7932.113	-8182.375	250.2614	0.8065038	0.5048927	0.505832	0.494168	7.780353
1038	-7935.03	-8185.051	250.0207	0.8135985	0.4876986	0.501436	0.498564	7.920351
1044	-7945.555	-8195.44	249.8849	0.8184857	0.5699606	0.539578	0.460422	7.920351
1050	-7929.618	-8179.99	250.3726	0.8184857	0.4653485	0.539578	0.460422	7.750234
1056	-7933.532	-8184.26	250.7279	0.8458021	0.571672	0.504396	0.495604	7.453534
1062	-7932.813	-8183.264	250.4511	0.7475465	0.4990049	0.504396	0.495604	7.71569
1068	-7929.038	-8179.098	250.0594	0.7475465	0.552585	0.46884	0.53116	7.879243
1074	-7931.365	-8180.536	249.1714	0.6616194	0.6089434	0.492306	0.507694	8.353479
1080	-7930.462	-8181.543	251.0813	0.7737567	0.6690187	0.492306	0.507694	7.228367
1086	-7930.803	-8182.01	251.2076	0.8406353	0.5614625	0.514457	0.485543	7.20723
1092	-7934.701	-8185.877	251.1751	0.8644121	0.5671613	0.412412	0.587588	7.20723
1098	-7932.2	-8182.724	250.524	0.7604907	0.472994	0.469806	0.530194	7.69325
1104	-7928.479	-8178.609	250.1306	0.7604907	0.6362366	0.484778	0.515222	7.768803
1110	-7938.394	-8189.26	250.8668	0.8271313	0.5119068	0.484778	0.515222	7.439202
1116	-7949.374	-8200.151	250.7766	0.8640632	0.5951924	0.433203	0.566797	7.398966
1122	-7935.891	-8186.504	250.6139	0.7264824	0.5312757	0.456049	0.543951	7.611887
1128	-7930.612	-8181.147	250.5343	0.6279247	0.5717924	0.454249	0.545751	7.673767
1134	-7932.033	-8182.842	250.8094	0.745648	0.5452946	0.485927	0.514073	7.485173
1140	-7934.314	-8185.169	250.8551	0.828827	0.5230198	0.485927	0.514073	7.434943
1146	-7938.953	-8189.349	250.396	0.8088181	0.5801357	0.513273	0.486727	7.644311
1152	-7938.578	-8189.742	251.1638	0.8229918	0.5381581	0.508084	0.491916	7.259587
1158	-7952.973	-8203.406	250.4333	0.8019654	0.4890402	0.519044	0.480956	7.704995
1164	-7935.378	-8186.263	250.8854	0.8064618	0.487692	0.499116	0.500884	7.461791
1170	-7939.314	-8190.826	251.512	0.8137341	0.5540417	0.494611	0.505389	7.064094
1176	-7937.238	-8189.165	251.9269	0.7602283	0.5581349	0.454418	0.545582	6.866073
1182	-7940.317	-8191.004	250.6873	0.7448177	0.504442	0.454418	0.545582	7.585961
1188	-7935.534	-8186.172	250.6383	0.7899427	0.5187416	0.485506	0.514494	7.57558
1194	-7948.831	-8199.443	250.6122	0.862253	0.493219	0.441045	0.558955	7.573274
1200	-7946.248	-8197.323	251.0744	0.83426	0.4444016	0.545798	0.454202	7.385878
1206	-7940.67	-8192.23	251.5604	0.7674538	0.4911003	0.545798	0.454202	7.117308
1212	-7925.438	-8177.22	251.7822	0.8638298	0.6161396	0.484064	0.515936	6.841984
1218	-7940.296	-8191.996	251.6995	0.8638298	0.5558536	0.5063	0.4937	6.93467
1224	-7921.979	-8173.268	251.2888	0.7842063	0.5558536	0.495608	0.504392	7.198513
1230	-7930.526	-8181.752	251.2251	0.7919976	0.5930933	0.495608	0.504392	7.198513
1236	-7948.922	-8199.76	250.8374	0.7265403	0.7123686	0.495608	0.504392	7.354066
1242	-7948.105	-8199.19	251.0843	0.801943	0.5014857	0.483351	0.516649	7.345225
1248	-7930.301	-8181.597	251.296	0.694734	0.5566839	0.507002	0.492998	7.242009
1254	-7937.471	-8186.556	249.0854	0.7193603	0.5259871	0.450457	0.549543	8.435286
1260	-7938.692	-8190.353	251.6606	0.8535908	0.5303576	0.517529	0.482471	6.982564
1266	-7934.435	-8186.17	251.7347	0.7844774	0.5464905	0.496336	0.503664	6.966238
1272	-7943.418	-8196.33	252.9125	0.9425498	0.539125	0.496336	0.503664	6.249804
1278	-7933.43	-8187.18	253.7501	0.920894	0.5094738	0.473766	0.526234	5.830827
1284	-7939.976	-8191.92	251.9438	0.920894	0.527943	0.45654	0.54346	6.79567
1290	-7948.344	-8197.907	249.563	0.756433	0.598753	0.581256	0.418744	8.10235
1296	-7948.385	-8198.135	249.7499	0.7601088	0.4776982	0.497063	0.502937	8.10235
1302	-7943.252	-8193.336	250.0844	0.7857272	0.6089699	0.551887	0.448113	7.800655
1308	-7931.927	-8184.576	252.6489	0.9714688	0.5876779	0.558772	0.441228	6.337184
1314	-7938.202	-8190.577	252.3743	0.8331778	0.4778968	0.578941	0.421059	6.65504
1320	-7932.112	-8183.367	251.2552	0.7467574	0.5366136	0.578941	0.421059	7.252717
1326	-7924.783	-8174.954	250.1715	0.759376	0.5399385	0.46613	0.53387	7.82352
1332	-7931.77	-8182.309	250.5394	0.793507	0.6012467	0.46613	0.53387	7.559117
1338	-7933.119	-8183.725	250.6066	0.770455	0.571394	0.478824	0.521176	7.559117
1344	-7933.464	-8185.372	251.9076	0.8506076	0.5918692	0.42013	0.57987	6.800451
1350	-7926.877	-8178.078	251.2016	0.7981524	0.6126729	0.532711	0.467289	7.192635
1356	-7934.113	-8183.952	249.8389	0.7028387	0.5627684	0.479495	0.520505	8.012393
1362	-7925.618	-8175.967	250.3482	0.7668541	0.4956498	0.5145	0.4855	7.763318
1368	-7941.666	-8193.613	251.9473	0.909735	0.5010818	0.503741	0.496259	6.823302
1374	-7945.773	-8198.277	252.5043	0.909735	0.4628548	0.45234	0.54766	6.557356
1380	-7942.071	-8194.264	252.1931	0.7687183	0.5838801	0.45234	0.54766	6.696855
1386	-7945.307	-8196.694	251.3874	0.7930436	0.5127865	0.445342	0.554658	7.177289
1392	-7949.829	-8199.589	249.76	0.7235189	0.5321527	0.503878	0.496122	8.06878
1398	-7940.516	-8190.679	250.1627	0.8122437	0.5321527	0.484416	0.515584	7.806559
1404	-7933.613	-8184.736	251.1231	0.7181536	0.5759903	0.484416	0.515584	7.306576
1410	-7940.499	-8191.836	251.3365	0.818591	0.5759903	0.471714	0.528286	7.137962
1416	-7940.366	-8190.838	250.4726	0.8380153	0.6274269	0.496652	0.503348	7.551011
1422	-7947.294	-8198.992	251.6978	0.7949559	0.5715972	0.465257	0.534743	6.959788
1428	-7942.719	-8193.136	250.4161	0.8166029	0.6164038	0.479438	0.520562	7.6011
1434	-7930.384	-8180.62	250.2356	0.8016477	0.5722409	0.478743	0.521257	7.740206
1440	-7930.711	-8181.684	250.9735	0.7897245	0.5887481	0.4339	0.5661	7.338278
1446	-7926.742	-8177.686	250.944	0.8633387	0.5593718	0.482498	0.517502	7.338278
1452	-7924.541	-8175.305	250.7636	0.7488506	0.5760172	0.467006	0.532994	7.482898
1458	-7920.527	-8169.032	248.5044	0.7074113	0.5360228	0.467678	0.532322	8.741614
1464	-7950.83	-8201.181	250.3514	0.75905	0.5722629	0.401997	0.598003	7.701043
1470	-7924.537	-8174.738	250.2012	0.7694772	0.6398855	0.49318	0.50682	7.723558
1476	-7932.941	-8183.515	250.5744	0.8432555	0.5410339	0.49318	0.50682	7.56234
1482	-7945.242	-8194.85	249.608	0.8199873	0.4953439	0.506301	0.493699	8.130235
1488	-7939.085	-8190.113	251.0275	0.8534599	0.5473919	0.486877	0.513123	7.308663
1494	-7945.621	-8197.299	251.6784	0.8247331	0.6535849	0.486877	0.513123	6.890853
1500	-7956.554	-8207.236	250.6821	0.8367759	0.5112358	0.542906	0.457094	7.533572
1506	-7942.829	-8193.31	250.4815	0.8367759	0.6862369	0.542906	0.457094	7.503971
1512	-7944.242	-8193.015	248.7733	0.7420463	0.6483784	0.462318	0.537682	8.492843
1518	-7950.196	-8199.597	249.4018	0.7121931	0.6483784	0.486805	0.513195	8.174403
1524	-7939.98	-8189.885	249.9049	0.7181915	0.6483784	0.520874	0.479126	7.90298
1530	-7947.313	-8197.251	249.9382	0.7776156	0.4587003	0.452184	0.547816	8.010161
1536	-7939.91	-8191.482	251.5723	0.7709137	0.5359059	0.492542	0.507458	7.069908
1542	-7925.937	-8177.118	251.1808	0.7709137	0.6235937	0.504129	0.495871	7.2101
1548	-7933.909	-8185.784	251.8744	0.834054	0.645403	0.504129	0.495871	6.786183
1554	-7932.603	-8184.638	252.0347	0.7786664	0.5725267	0.554817	0.445183	6.786183
1560	-7944.073	-8194.546	250.4733	0.783764	0.5304221	0.511113	0.488887	7.657228
1566	-7944.376	-8194.761	250.3852	0.7837355	0.5880189	0.499926	0.500074	7.657228
1572	-7934.886	-8184.905	250.0186	0.734088	0.5012724	0.529274	0.470726	7.95183
1578	-7944.794	-8195.965	251.1718	0.7573393	0.504746	0.491995	0.508005	7.319323
1584	-7946.225	-8198.06	251.8343	0.7573393	0.504746	0.491995	0.508005	6.963152
1590	-7937.409	-8189.827	252.4179	0.8460824	0.5575223	0.491995	0.508005	6.554891
1596	-7942.138	-8193.266	251.1282	0.83801	0.6348322	0.480765	0.519235	7.193808
1602	-7929.945	-8180.929	250.9833	0.7475276	0.5882318	0.532241	0.467759	7.35608
1608	-7955.363	-8206.253	250.8895	0.6947596	0.5882318	0.558837	0.441163	7.434668
1614	-7949.912	-8200.539	250.6277	0.8079874	0.3913726	0.544802	0.455198	7.692331
1620	-7944.892	-8195.921	251.029	0.8054402	0.5186715	0.544802	0.455198	7.357979
1626	-7935.657	-8186.957	251.2995	0.8310013	0.5657005	0.458558	0.541442	7.159516
1632	-7931.156	-8182.234	251.0781	0.8106561	0.5117536	0.52654	0.47346	7.334855
1638	-7934.929	-8185.961	251.0315	0.7237277	0.5985685	0.572482	0.427518	7.334855
1644	-7936.442	-8186.603	250.1603	0.8178317	0.6180154	0.497099	0.502901	7.73604
1650	-7929.826	-8180.395	250.5697	0.7404517	0.5035765	0.522165	0.477835	7.651993
1656	-7934.557	-8185.838	251.2816	0.7159434	0.6164356	0.522165	0.477835	7.190916
1662	-7934.997	-8186.417	251.4206	0.823437	0.5852755	0.489695	0.510305	7.082689
1668	-7934.009	-8184.379	250.3703	0.8070119	0.6145716	0.489695	0.510305	7.632138
1674	-7935.266	-8185.177	249.9111	0.7888723	0.6025864	0.576906	0.423094	7.896426
1680	-7929.863	-8180.598	250.7352	0.7282142	0.6025864	0.576906	0.423094	7.488169
1686	-7949.582	-8201.069	251.4864	0.7316913	0.6025864	0.48901	0.51099	7.083044
1692	-7929.076	-8180.969	251.8922	0.8146104	0.5583509	0.515837	0.484163	6.855244
1698	-7931.926	-8182.905	250.979	0.7794277	0.5530781	0.515837	0.484163	7.369655
1704	-7928.637	-8179.688	251.0512	0.7715665	0.5629086	0.383289	0.616711	7.327096
1710	-7922.928	-8173.528	250.5997	0.741443	0.5167967	0.383289	0.616711	7.62392
1716	-7922.819	-8173.899	251.0802	0.7792783	0.5590214	0.543435	0.456565	7.310593
1722	-7932.456	-8183.847	251.3913	0.8146427	0.5590214	0.543435	0.456565	7.124439
1728	-7920.511	-8172.892	252.3812	0.8486491	0.5386557	0.504091	0.495909	6.589224
1734	-7933.834	-8185.14	251.306	0.8223005	0.5219423	0.504091	0.495909	7.197408
1740	-7936.993	-8188.187	251.1939	0.8255408	0.5929485	0.463235	0.536765	7.197408
1746	-7945.549	-8196.214	250.6647	0.8255408	0.4672532	0.463235	0.536765	7.588453
1752	-7949.443	-8200.764	251.3218	0.8006639	0.5304761	0.463235	0.536765	7.19322
1758	-7937.095	-8188.468	251.3724	0.7500887	0.5304761	0.49216	0.50784	7.19322
1764	-7934.6	-8186.643	252.043	0.7500887	0.4970231	0.49216	0.50784	6.861446
1770	-7931.589	-8183.367	251.7779	0.8523727	0.4560042	0.49618	0.50382	6.986999
1776	-7937.579	-8188.646	251.0668	0.8250343	0.5726606	0.439524	0.560476	7.282078
1782	-7938.513	-8189.754	251.2411	0.8070329	0.5726606	0.439524	0.560476	7.198146
1788	-7947.043	-8198.317	251.274	0.8370343	0.5318614	0.469826	0.530174	7.198146
1794	-7953.442	-8204.821	251.3785	0.8058423	0.6173696	0.440924	0.559076	7.089748
1800	-7941.43	-8192.968	251.5375	0.839285	0.4924522	0.453981	0.546019	7.089748
1806	-7938.652	-8188.563	249.9116	0.8731741	0.5048886	0.474688	0.525312	7.931547
1812	-7949.651	-8200.917	251.266	0.8744548	0.5807134	0.474688	0.525312	7.142053
1818	-7938.064	-8187.512	249.4481	0.7780757	0.622598	0.474688	0.525312	8.133844
1824	-7945.562	-8197.227	251.6642	0.7773317	0.5085991	0.48794	0.51206	7.040538
1830	-7942.653	-8196.002	253.3489	0.8381619	0.6028186	0.45734	0.54266	6.0168
1836	-7938.775	-8192.71	253.9347	0.9497076	0.5656377	0.441814	0.558186	5.66559
1842	-7923.608	-8176.506	252.8988	0.9017823	0.5656377	0.470337	0.529663	6.257188
1848	-7920.076	-8171.795	251.7187	0.8652144	0.5102888	0.466803	0.533197	6.962382
1854	-7931.737	-8183.243	251.5054	0.8746012	0.4999133	0.466803	0.533197	7.081342
1860	-7935.047	-8186.22	251.173	0.8746012	0.6107424	0.466803	0.533197	7.168403
1866	-7929.68	-8180.947	251.2677	0.9062989	0.5095747	0.509346	0.490654	7.183605
1872	-7941.875	-8193.074	251.1984	0.9062989	0.5532687	0.509346	0.490654	7.183605
1878	-7932.657	-8183.357	250.6995	0.8506443	0.5665118	0.509346	0.490654	7.470335
1884	-7925.609	-8175.471	249.8623	0.7979937	0.6017263	0.461193	0.538807	7.918317
1890	-7932.335	-8183.284	250.9482	0.8056527	0.4993906	0.474181	0.525819	7.418074
1896	-7935.74	-8185.999	250.2588	0.7617683	0.5274372	0.474181	0.525819	7.786157
1902	-7936.281	-8188.368	252.0862	0.9175858	0.6289744	0.538682	0.461318	6.639004
1908	-7938.02	-8189.127	251.1065	0.9090619	0.4593239	0.474897	0.525103	7.314284
1914	-7937.403	-8188.006	250.6036	0.9090619	0.4263702	0.474897	0.525103	7.615559
1920	-7934.966	-8185.415	250.4493	0.9041256	0.5188511	0.50618	0.49382	7.615559
1926	-7934.83	-8188.126	253.2957	0.8840503	0.5514529	0.457628	0.542372	6.062657
1932	-7939.421	-8191.195	251.7739	0.8126096	0.4788874	0.515312	0.484688	6.989216
1938	-7928.182	-8179.46	251.2781	0.7868892	0.4788874	0.48842	0.51158	7.269624
1944	-7923.835	-8175.134	251.2992	0.8262711	0.594338	0.479323	0.520677	7.139319
1950	-7925.97	-8177.407	251.4372	0.8262711	0.4337774	0.479323	0.520677	7.205739
1956	-7928.039	-8177.941	249.9021	0.721647	0.5323942	0.479323	0.520677	7.993791
1962	-7942.725	-8192.513	249.7881	0.7334555	0.746876	0.448762	0.551238	7.888527
1968	-7935.627	-8185.585	249.958	0.743701	0.4813203	0.448762	0.551238	7.996858
1974	-7935.187	-8185.333	250.1453	0.7034816	0.5817071	0.488222	0.511778	7.833363
1980	-7950.798	-8201.304	250.5062	0.8068204	0.6061901	0.488222	0.511778	7.565959
1986	-7942.044	-8193.258	251.2143	0.7911547	0.5065158	0.458892	0.541108	7.276817
1992	-7934.505	-8184.781	250.2757	0.7879899	0.4796961	0.480429	0.519571	7.805103
1998	-7940.816	-8192.29	251.474	0.7954888	0.5519755	0.562765	0.437235	7.096091
2004	-7942.976	-8194.766	251.7899	0.7954888	0.5877869	0.481188	0.518812	6.896915
2010	-7946.878	-8199.027	252.1487	0.7933667	0.4573832	0.465458	0.534542	6.817597
2016	-7936.948	-8188.227	251.2789	0.8177974	0.5995042	0.465458	0.534542	7.150709
2022	-7949.276	-8200.464	251.1888	0.7996217	0.5149023	0.434882	0.565118	7.278624
2028	-7955.649	-8207.774	252.1247	0.7996217	0.5340708	0.440437	0.559563	6.758251
2034	-7956.062	-8206.781	250.7196	0.7581374	0.568411	0.444177	0.555823	7.507612
2040	-7942.47	-8195.159	252.6892	0.8901023	0.4700776	0.547211	0.452789	6.461081
2046	-7952.639	-8204.736	252.0967	0.9094284	0.5761387	0.48429	0.51571	6.679144
2052	-7945.705	-8196.98	251.2752	0.83596	0.6169758	0.460193	0.539807	7.129425
2058	-7958.382	-8210.538	252.1556	0.8387583	0.466256	0.526157	0.473843	6.781014
2064	-7948.929	-8200.173	251.2445	0.8163279	0.5992991	0.432794	0.567206	7.170147
2070	-7948.649	-8198.262	249.6123	0.8351198	0.7316604	0.432794	0.567206	7.938235
2076	-7942.461	-8192.461	250	0.6683479	0.5643633	0.471592	0.528408	7.943602
2082	-7941.521	-8191.391	249.8699	0.7984084	0.5643633	0.500245	0.499755	7.943602
2088	-7941.081	-8191.781	250.6994	0.8297172	0.4845988	0.500245	0.499755	7.551754
2094	-7938.629	-8190.094	251.4655	0.8636827	0.4768005	0.470884	0.529116	7.129565
2100	-7946.813	-8199.461	252.6483	0.8863079	0.4188029	0.509621	0.490379	6.535136
2106	-7933.886	-8185.381	251.4954	0.8810865	0.5571113	0.509621	0.490379	7.034279
2112	-7936.83	-8188.039	251.2091	0.8243636	0.4513737	0.450395	0.549605	7.312226
2118	-7936.084	-8187.408	251.3242	0.8243636	0.4753613	0.448859	0.551141	7.227965
2124	-7950.408	-8202.291	251.8833	0.8810666	0.4753613	0.488645	0.511355	6.896596
2130	-7952.442	-8201.483	249.0412	0.758674	0.5684671	0.481608	0.518392	8.402821
2136	-7944.603	-8195.549	250.9464	0.8168491	0.5891349	0.481608	0.518392	7.337965
2142	-7936.367	-8187.862	251.4947	0.7789487	0.5170283	0.481608	0.518392	7.123489
2148	-7941.268	-8190.982	249.7138	0.793675	0.5609797	0.460152	0.539848	8.032166
2154	-7941.803	-8194.06	252.2569	0.860231	0.5543951	0.460152	0.539848	6.636951
2160	-7934.944	-8186.068	251.1242	0.8236942	0.4480502	0.532474	0.467526	7.361287
2166	-7947.919	-8199.641	251.7211	0.9025554	0.5066959	0.529155	0.470845	6.944157
2172	-7945.131	-8196.953	251.8216	0.8098704	0.5019667	0.484292	0.515708	6.944157
2178	-7954.443	-8206.673	252.23	0.8307749	0.5526521	0.482733	0.517267	6.668854
2184	-7952.842	-8204.06	251.2183	0.7694826	0.5361893	0.487036	0.512964	7.26072
2190	-7959.194	-8210.911	251.7177	0.8914333	0.5946934	0.397514	0.602486	6.878609
2196	-7958.995	-8208.898	249.9039	0.8173928	0.5223584	0.463794	0.536206	7.950325
2202	-7955.575	-8207.104	251.5295	0.7973106	0.6874473	0.428465	0.571535	6.961392
2208	-7949.351	-8200.822	251.4711	0.8973371	0.6563691	0.475931	0.524069	6.961392
2214	-7947.964	-8198.66	250.696	0.837256	0.6563691	0.475931	0.524069	7.410241
2220	-7941.94	-8194.877	252.9372	0.8879444	0.5624519	0.510882	0.489118	6.246483
2226	-7956.295	-8207.919	251.6241	0.8272097	0.5624519	0.510882	0.489118	6.989571
2232	-7952.534	-8204.445	251.9109	0.8847413	0.6331565	0.510882	0.489118	6.748298
2238	-7965.859	-8218.167	252.3078	0.9588802	0.5656579	0.510882	0.489118	6.546724
2244	-7945.864	-8199.095	253.2308	0.9006551	0.5656579	0.497156	0.502844	6.07715
2250	-7930.269	-8181.098	250.8286	0.766909	0.5908518	0.497156	0.502844	7.426554
2256	-7937.986	-8189.433	251.4478	0.832495	0.5908518	0.431821	0.568179	7.058767
2262	-7941.46	-8191.161	249.7005	0.7309899	0.5908518	0.431821	0.568179	8.04883
2268	-7939.72	-8189.487	249.7675	0.7193233	0.5175631	0.423978	0.576022	8.079469
2274	-7944.295	-8194.464	250.1689	0.7891298	0.5698006	0.447013	0.552987	7.784522
2280	-7951.372	-8201.894	250.5224	0.7197199	0.499553	0.482268	0.517732	7.69194
2286	-7947.076	-8197.381	250.3052	0.7411018	0.6281435	0.497165	0.502835	7.69194
2292	-7947.663	-8198.793	251.1301	0.8969145	0.4573312	0.497165	0.502835	7.310024
2298	-7935.42	-8187.714	252.2942	0.8851589	0.5228229	0.497165	0.502835	6.630124
2304	-7929.223	-8180.651	251.4284	0.8188544	0.5801261	0.52829	0.47171	7.085097
2310	-7934.352	-8185.091	250.7393	0.8567497	0.6057005	0.405109	0.594891	7.41469
2316	-7933.849	-8185.528	251.6788	0.9197873	0.6057005	0.434388	0.565612	6.875696
2322	-7930.869	-8181.171	250.3019	0.791173	0.4176546	0.498783	0.501217	7.848521
2328	-7965.272	-8215.983	250.7111	0.8661062	0.5451904	0.452244	0.547756	7.47339
2334	-7955.023	-8204.892	249.8688	0.7864415	0.5285223	0.502526	0.497474	7.980285
2340	-7943.619	-8195.245	251.6253	0.8212464	0.5217824	0.514868	0.485132	7.026377
2346	-7948.538	-8198.556	250.0183	0.7470756	0.5415767	0.514069	0.485931	7.910516
2352	-7957.401	-8207.044	249.6428	0.6890691	0.6283736	0.514069	0.485931	8.073163
2358	-7953.685	-8203.883	250.1986	0.7178061	0.5057121	0.460179	0.539821	7.860544
2364	-7946.643	-8197.074	250.4312	0.7843691	0.4645943	0.50633	0.49367	7.737856
2370	-7946.957	-8198.152	251.1957	0.8059366	0.5192863	0.455332	0.544668	7.267719
2376	-7942.046	-8194.108	252.0617	0.8637075	0.5406592	0.455332	0.544668	6.752082
2382	-7947.674	-8199.01	251.3359	0.8038596	0.5113902	0.471469	0.528531	7.200367
2388	-7940.254	-8190.569	250.3149	0.7809281	0.522086	0.442662	0.557338	7.750546
2394	-7938.774	-8188.943	250.1699	0.8036947	0.5223827	0.500143	0.499857	7.815612
2400	-7940.932	-8192.268	251.3363	0.8702752	0.5285528	0.533261	0.466739	7.14964
2406	-7941.433	-8192.531	251.0975	0.89125	0.5285528	0.486101	0.513899	7.266693
2412	-7951.794	-8203.3	251.5062	0.8239369	0.5487445	0.467674	0.532326	7.066159
2418	-7951.275	-8200.162	248.8864	0.6910522	0.4994741	0.467674	0.532326	8.578914
2424	-7943.689	-8195.112	251.4226	0.8371444	0.50127	0.519155	0.480845	7.144802
2430	-7938.715	-8189.635	250.9207	0.7062449	0.5131374	0.519155	0.480845	7.474005
2436	-7932.99	-8184.124	251.1339	0.8090877	0.5131374	0.448536	0.551464	7.304523
2442	-7945.138	-8195.439	250.3013	0.8090877	0.553947	0.45537	0.54463	7.715992
2448	-7949.27	-8199.038	249.7676	0.8749166	0.4333141	0.45537	0.54463	8.073449
2454	-7944.307	-8195.485	251.1782	0.7865566	0.5637783	0.468185	0.531815	7.25016
2460	-7935.307	-8186.97	251.6629	0.8575168	0.5059547	0.468185	0.531815	7.000433
2466	-7936.564	-8189.066	252.5016	0.927066	0.5547872	0.530238	0.469762	6.467991
2472	-7938.617	-8191.168	252.5503	0.8800006	0.5636097	0.471532	0.528468	6.459801
2478	-7945.15	-8196.898	251.7471	0.8800006	0.6710241	0.512116	0.487884	6.811263
2484	-7935.616	-8188.982	253.3658	0.9353399	0.4755477	0.508815	0.491185	6.063694
2490	-7936.023	-8187.112	251.0895	0.7778884	0.5491588	0.516762	0.483238	7.314484
2496	-7946.355	-8196.961	250.6056	0.8540716	0.4539711	0.496689	0.503311	7.617258
2502	-7946.854	-8197.837	250.9827	0.7995652	0.6024045	0.460206	0.539794	7.31736
2508	-7946.184	-8197.221	251.0363	0.7932199	0.5703957	0.520713	0.479287	7.31736
2514	-7937.585	-8188.388	250.8037	0.7932199	0.5236849	0.520713	0.479287	7.480988
2520	-7933.642	-8183.97	250.3278	0.8058936	0.5290628	0.520713	0.479287	7.724308
2526	-7946.463	-8198.153	251.69	0.8058936	0.508709	0.465615	0.534385	7.011211
2532	-7953.683	-8205.162	251.4795	0.8886683	0.5911691	0.465615	0.534385	7.011211
2538	-7951.012	-8200.319	249.3072	0.7491543	0.4608681	0.501527	0.498473	8.359342
2544	-7939.563	-8191.289	251.726	0.8894723	0.5501243	0.501527	0.498473	6.911334
2550	-7949.63	-8201.027	251.3975	0.8128903	0.492951	0.453495	0.546505	7.178757
2556	-7942.311	-8192.309	249.9985	0.6938692	0.5247757	0.503566	0.496434	7.963652
2562	-7941.804	-8191.77	249.9658	0.7266279	0.5247757	0.494439	0.505561	7.963652
2568	-7932.107	-8183.601	251.4934	0.7527364	0.53334	0.54216	0.45784	7.124269
2574	-7937.7	-8188.246	250.5464	0.7543148	0.5787214	0.501521	0.498479	7.594093
2580	-7939.643	-8190.236	250.593	0.8024149	0.6078444	0.423373	0.576627	7.520535
2586	-7946.712	-8198.151	251.4388	0.8881533	0.5306282	0.474783	0.525217	7.083144
2592	-7935.721	-8188.23	252.5089	0.8497509	0.5286684	0.474783	0.525217	6.52806
2598	-7956.441	-8207.497	251.0561	0.7273206	0.6264417	0.474783	0.525217	7.298279
2604	-7940.125	-8191.165	251.0397	0.7423586	0.6274393	0.474783	0.525217	7.298279
2610	-7970.312	-8221.378	251.0659	0.7294436	0.6007395	0.5454	0.4546	7.31163
2616	-7972.896	-8223.838	250.942	0.7481397	0.5776467	0.492034	0.507966	7.386303
2622	-7960.889	-8212.844	251.9551	0.8407718	0.5066449	0.472522	0.527478	6.851369
2628	-7960.504	-8211.161	250.6568	0.8041631	0.5328501	0.472522	0.527478	7.54602
2634	-7959.273	-8210.075	250.8023	0.8012453	0.5328501	0.481324	0.518676	7.469654
2640	-7957.811	-8207.653	249.8416	0.7511923	0.4961575	0.480601	0.519399	8.041643
2646	-7941.924	-8191.683	249.7591	0.7871052	0.5247326	0.486834	0.513166	8.041643
2652	-7926.917	-8177.675	250.7577	0.8061156	0.5682663	0.486834	0.513166	7.461613
2658	-7930.726	-8183.267	252.5411	0.8762262	0.4932578	0.486834	0.513166	6.527477
2664	-7946.757	-8197	250.2426	0.7798594	0.4669209	0.464772	0.535228	7.838867
2670	-7939.646	-8189.709	250.0633	0.7389807	0.6068964	0.464772	0.535228	7.838497
2676	-7942.162	-8192.295	250.1328	0.754719	0.549815	0.521555	0.478445	7.838497
2682	-7942.704	-8192.583	249.8785	0.7489267	0.5033997	0.521555	0.478445	8.016799
2688	-7938.171	-8187.984	249.8125	0.7584241	0.5314542	0.491841	0.508159	8.022783
2694	-7929.975	-8180.574	250.5984	0.7629947	0.5314542	0.448382	0.551618	7.600498
2700	-7922.386	-8173.124	250.7387	0.7640448	0.5070695	0.448382	0.551618	7.545876
2706	-7927.921	-8178.644	250.7236	0.7987415	0.4951514	0.476755	0.523245	7.545876
2712	-7930.004	-8180.347	250.3428	0.7301885	0.5007233	0.513477	0.486523	7.781303
2718	-7941.23	-8191.674	250.4439	0.7485912	0.4319242	0.513477	0.486523	7.781303
2724	-7919.122	-8170.044	250.9218	0.8344548	0.5123722	0.513477	0.486523	7.405356
2730	-7928.434	-8178.825	250.3905	0.7635018	0.5665405	0.537649	0.462351	7.682366
2736	-7923.683	-8175.554	251.8707	0.9247402	0.5200604	0.394721	0.605279	6.83987
2742	-7927.537	-8180.19	252.6534	0.8430013	0.4874361	0.453166	0.546834	6.489979
2748	-7939.669	-8190.221	250.5519	0.8139172	0.4881821	0.537695	0.462305	7.635919
2754	-7947.239	-8196.969	249.7302	0.8256054	0.4881987	0.459133	0.540867	8.068463
2760	-7942.933	-8192.292	249.3594	0.848576	0.580478	0.493941	0.506059	8.176092
2766	-7946.805	-8195.713	248.908	0.7366457	0.5676219	0.480126	0.519874	8.485969
2772	-7948.352	-8199.094	250.7414	0.7973121	0.7009366	0.488916	0.511084	7.375509
2778	-7936.224	-8186.625	250.4013	0.765427	0.5523819	0.539287	0.460713	7.687154
2784	-7933.329	-8182.425	249.0955	0.7151164	0.4894555	0.429392	0.570608	8.463905
2790	-7926.049	-8177.843	251.794	0.8388612	0.5282724	0.453542	0.546458	6.92041
2796	-7945.567	-8196.414	250.847	0.7571681	0.5406831	0.446148	0.553852	7.462696
2802	-7939.704	-8191.066	251.3616	0.8744736	0.5216091	0.446148	0.553852	7.139766
2808	-7938.003	-8190.146	252.1434	0.8925981	0.4795105	0.520289	0.479711	6.746247
2814	-7938.86	-8188.822	249.9623	0.7845336	0.5335873	0.445267	0.554733	7.927156
2820	-7940.238	-8190.198	249.9604	0.7864219	0.5335873	0.50228	0.49772	7.927156
2826	-7944.12	-8194.245	250.1253	0.6937209	0.5611971	0.50228	0.49772	7.865718
2832	-7937.386	-8187.491	250.1053	0.7315935	0.5611971	0.500872	0.499128	7.856177
2838	-7934.388	-8183.846	249.4581	0.7548563	0.5156732	0.459436	0.540564	8.226951
2844	-7936.165	-8186.787	250.6217	0.7481577	0.4853639	0.471357	0.528643	7.636286
2850	-7935.184	-8186.413	251.2293	0.7740454	0.535635	0.469246	0.530754	7.252826
2856	-7936.283	-8187.098	250.8148	0.7251357	0.5355252	0.515452	0.484548	7.501446
2862	-7926.428	-8176.282	249.8539	0.7322061	0.5242424	0.515452	0.484548	8.020778
2868	-7942.1	-8190.458	248.3577	0.6932003	0.6002441	0.515452	0.484548	8.775438
2874	-7949.733	-8201.928	252.1943	0.8882343	0.6772222	0.496601	0.503399	6.560662
2880	-7939.363	-8190.382	251.0193	0.9448129	0.4361691	0.522839	0.477161	7.364113
2886	-7925.296	-8178.683	253.3872	0.9420147	0.5095735	0.522839	0.477161	6.017408
2892	-7930.484	-8183.162	252.6785	0.8671026	0.5744816	0.503722	0.496278	6.388361
2898	-7933.04	-8183.599	250.559	0.8172431	0.5927159	0.503722	0.496278	7.542599
2904	-7920.226	-8171.4	251.1745	0.8336447	0.5834295	0.486402	0.513598	7.210986
2910	-7921.401	-8172.779	251.3782	0.8158507	0.4673332	0.492148	0.507852	7.210986
2916	-7930.274	-8181.796	251.5218	0.7829136	0.4994732	0.492148	0.507852	7.12221
2922	-7925.648	-8177.198	251.5507	0.8063792	0.4685563	0.459157	0.540843	7.12221
2928	-7922.839	-8174.279	251.4404	0.8331789	0.578094	0.459157	0.540843	7.07256
2934	-7925.186	-8177.242	252.0556	0.8573009	0.5006942	0.471184	0.528816	6.793489
2940	-7939.42	-8189.538	250.1184	0.7111302	0.5870086	0.436507	0.563493	7.839428
2946	-7944.953	-8197.497	252.5437	0.8702538	0.5827663	0.522698	0.477302	6.453048
2952	-7929.085	-8181.156	252.0709	0.9209604	0.5825144	0.529862	0.470138	6.681722
2958	-7944.311	-8195.659	251.3483	0.9006021	0.4647492	0.404722	0.595278	7.183894
2964	-7943.699	-8196.291	252.5923	0.8480654	0.6143259	0.393924	0.606076	6.413804
2970	-7927.825	-8177.536	249.7116	0.7907684	0.4915165	0.466963	0.533037	8.093966
2976	-7932.78	-8184.89	252.1101	0.8463616	0.5168146	0.466963	0.533037	6.755797
2982	-7940.294	-8191.541	251.2473	0.8889925	0.6237756	0.493352	0.506648	7.110712
2988	-7948.533	-8199.964	251.4307	0.8889925	0.568676	0.493589	0.506411	7.055344
2994	-7932.818	-8182.664	249.8462	0.7493415	0.5374382	0.467674	0.532326	8.004606
3000	-7928.13	-8179.325	251.1952	0.8562133	0.6210311	0.535653	0.464347	7.158443
3006	-7929.296	-8180.551	251.2544	0.7867086	0.5560607	0.535653	0.464347	7.215458
3012	-7932.49	-8183.423	250.933	0.8155458	0.5755581	0.555448	0.444552	7.356685
3018	-7934.079	-8183.523	249.4436	0.7389929	0.522607	0.442627	0.557373	8.237157
3024	-7930.873	-8181.168	250.2949	0.7389929	0.5315811	0.544047	0.455953	7.77555
3030	-7942.888	-8193.414	250.5259	0.7301816	0.5318523	0.455188	0.544812	7.656501
3036	-7942.197	-8192.835	250.638	0.7124482	0.5318523	0.482561	0.517439	7.606041
3042	-7944.116	-8194.399	250.283	0.8444402	0.46457	0.506908	0.493092	7.784961
3048	-7933.773	-8183.913	250.1402	0.7735143	0.4853417	0.44205	0.55795	7.880104
3054	-7940.605	-8192.914	252.309	0.889264	0.4248597	0.42475	0.57525	6.710946
3060	-7938.593	-8189.336	250.7434	0.8388437	0.4588408	0.436004	0.563996	7.547074
3066	-7936.977	-8187.528	250.5506	0.7574254	0.5975191	0.484645	0.515355	7.575326
3072	-7931.516	-8182.946	251.4293	0.8799736	0.5975191	0.52921	0.47079	7.037951
3078	-7933.009	-8185.096	252.0866	0.8729811	0.5795896	0.471391	0.528609	6.701488
3084	-7933.143	-8185.241	252.0979	0.9377521	0.5301028	0.480454	0.519546	6.701488
3090	-7935.804	-8188.288	252.4845	0.966519	0.462035	0.504713	0.495287	6.538096
3096	-7944.497	-8197.059	252.5621	0.966519	0.6246766	0.384295	0.615705	6.357987
3102	-7935.16	-8187.293	252.1335	0.8909736	0.6205099	0.432773	0.567227	6.634254
3108	-7934.653	-8185.497	250.8442	0.8298446	0.5275146	0.55735	0.44265	7.436381
3114	-7931.712	-8183.279	251.5665	0.851804	0.6009978	0.5267	0.4733	6.976478
3120	-7945.764	-8198.179	252.4147	0.9119046	0.4328832	0.517095	0.482905	6.633606
3126	-7939.383	-8191.616	252.233	0.8845023	0.5252029	0.473063	0.526937	6.661491
3132	-7944.46	-8197.306	252.8456	0.8445973	0.5296707	0.424176	0.575824	6.347458
3138	-7948.459	-8201.179	252.7209	0.9196695	0.5615748	0.444795	0.555205	6.347458
3144	-7950.653	-8203.125	252.4724	0.888462	0.595912	0.503175	0.496825	6.471339
3150	-7941.93	-8194.703	252.7728	0.8681326	0.5559134	0.506712	0.493288	6.351932
3156	-7932.528	-8184.047	251.5193	0.8236272	0.5171077	0.495952	0.504048	7.086205
3162	-7927.824	-8179.339	251.5153	0.8544388	0.500644	0.495952	0.504048	7.086205
3168	-7925.423	-8176.821	251.3984	0.8475363	0.5243495	0.458474	0.541526	7.132087
3174	-7930.372	-8182.192	251.8197	0.8882465	0.4483732	0.481287	0.518713	6.952427
3180	-7930.692	-8182.238	251.5461	0.8860616	0.5681129	0.481287	0.518713	6.995291
3186	-7943.846	-8195.098	251.2523	0.8118843	0.5681129	0.524497	0.475503	7.193224
3192	-7944.308	-8194.764	250.4558	0.8118843	0.4924008	0.521513	0.478487	7.684643
3198	-7943.157	-8194.654	251.4974	0.820156	0.5500376	0.498809	0.501191	7.07181
3204	-7944.071	-8194.125	250.0544	0.7858036	0.545406	0.432763	0.567237	7.867391
3210	-7934.692	-8185.847	251.1541	0.7885617	0.6609759	0.511303	0.488697	7.18712
3216	-7944.473	-8196.068	251.5945	0.7637696	0.5543316	0.506057	0.493943	7.046344
3222	-7933.18	-8184.117	250.9368	0.8202114	0.5005953	0.49331	0.50669	7.415329
3228	-7933.992	-8185.081	251.0892	0.7837658	0.5912264	0.5176	0.4824	7.277438
3234	-7940.437	-8192.229	251.7919	0.8195993	0.4543368	0.49381	0.50619	6.99868
3240	-7936.488	-8189.37	252.8818	0.9556871	0.5874059	0.473055	0.526945	6.219409
3246	-7947.683	-8201.188	253.5045	1.003032	0.4492864	0.529091	0.470909	5.976148
3252	-7941.926	-8192.266	250.3398	0.8582782	0.5337873	0.430691	0.569309	7.685913
3258	-7932.436	-8183.559	251.1226	0.7928645	0.5500061	0.430691	0.569309	7.287941
3264	-7943.046	-8194.92	251.8735	0.9170932	0.596844	0.530403	0.469597	6.779026
3270	-7935.599	-8185.454	249.8554	0.7947263	0.6364665	0.529915	0.470085	7.897368
3276	-7947.21	-8197.294	250.084	0.781296	0.494933	0.446747	0.553253	7.897368
3282	-7934.76	-8185.957	251.1964	0.7969499	0.606603	0.504195	0.495805	7.200738
3288	-7934.071	-8184.137	250.0667	0.8395456	0.5336458	0.48934	0.51066	7.841968
3294	-7950.352	-8201.319	250.9667	0.7545543	0.6752974	0.510039	0.489961	7.295674
3300	-7949.168	-8201.415	252.2475	0.8516313	0.5387159	0.42056	0.57944	6.659841
3306	-7944.596	-8195.079	250.4839	0.7891643	0.504528	0.471369	0.528631	7.671032
3312	-7931.03	-8182.077	251.047	0.7650133	0.462572	0.471369	0.528631	7.420428
3318	-7938.591	-8188.352	249.7605	0.7488796	0.6102883	0.474253	0.525747	7.992205
3324	-7940.505	-8193.084	252.5791	0.9100837	0.6233553	0.490235	0.509765	6.380397
3330	-7941.609	-8192.836	251.2273	0.8794963	0.4824396	0.498424	0.501576	7.243947
3336	-7943.791	-8196.295	252.5036	0.8221622	0.5995889	0.498424	0.501576	6.487461
3342	-7939.363	-8192.934	253.5708	0.9331811	0.6050624	0.518631	0.481369	5.842004
3348	-7942.214	-8195.361	253.1467	0.9331811	0.399557	0.471739	0.528261	6.259187
3354	-7939.36	-8192.761	253.4009	0.9331811	0.4237143	0.541873	0.458127	6.096038
3360	-7930.248	-8181.774	251.5259	0.7580143	0.5026694	0.430458	0.569542	7.130594
3366	-7932.921	-8183.999	251.078	0.8710075	0.5026694	0.51885	0.48115	7.310491
3372	-7948.174	-8198.996	250.8222	0.8023437	0.5584483	0.51885	0.48115	7.437032
3378	-7939.207	-8190.823	251.6162	0.7990682	0.4395481	0.507188	0.492812	7.118513
3384	-7940.842	-8191.701	250.8589	0.8335632	0.4395481	0.477776	0.522224	7.506439
3390	-7931.27	-8183.082	251.8122	0.8949709	0.4267385	0.488171	0.511829	6.973985
3396	-7933.236	-8185.091	251.8547	0.8205491	0.4383997	0.488171	0.511829	6.979701
3402	-7946.381	-8197.059	250.6779	0.7617513	0.5883237	0.469369	0.530631	7.512063
3408	-7931.581	-8181.357	249.7759	0.7029031	0.6078191	0.474851	0.525149	8.010401
3414	-7937.5	-8189.298	251.798	0.8482933	0.649017	0.458141	0.541859	6.81701
3420	-7948.16	-8200.481	252.3206	0.8920295	0.5309275	0.458141	0.541859	6.605097
3426	-7950.453	-8201.958	251.5045	0.8903903	0.5548693	0.458141	0.541859	7.026203
3432	-7954.415	-8206.839	252.4238	0.8679433	0.5842365	0.433996	0.566004	6.518101
3438	-7936.337	-8188.082	251.7449	0.8765844	0.5744196	0.47142	0.52858	6.888142
3444	-7943.124	-8194.593	251.4685	0.8414859	0.5544038	0.47142	0.52858	7.072301
3450	-7944.957	-8196.254	251.2977	0.8281547	0.5513448	0.47142	0.52858	7.173824
3456	-7940.627	-8191.98	251.3533	0.8772702	0.4863955	0.453886	0.546114	7.173824
3462	-7944.765	-8196.524	251.7583	0.7764244	0.5922626	0.449948	0.550052	6.92063
3468	-7943.643	-8195.132	251.4899	0.8765646	0.5569765	0.521679	0.478321	7.039775
3474	-7930.069	-8182.522	252.4534	0.8616021	0.5340142	0.459757	0.540243	6.547103
3480	-7946.078	-8198.451	252.3733	0.7909167	0.5420388	0.550341	0.449659	6.621822
3486	-7941.348	-8193.768	252.4198	0.8850167	0.5937396	0.550341	0.449659	6.503421
3492	-7951.685	-8203.242	251.5572	0.8590837	0.4677622	0.538929	0.461071	7.091123
3498	-7933.5	-8185.705	252.2058	0.8758131	0.5166435	0.508374	0.491626	6.688298
3504	-7945.78	-8197.97	252.1898	0.8101612	0.5689521	0.4426	0.5574	6.688298
3510	-7932.14	-8183.27	251.1297	0.902324	0.5214566	0.44928	0.55072	7.249543
3516	-7937.841	-8188.768	250.9263	0.796217	0.5085227	0.435999	0.564001	7.42681
3522	-7947.248	-8198.948	251.7001	0.8538084	0.4996326	0.512806	0.487194	6.987979
3528	-7950.751	-8202.391	251.6398	0.9034971	0.5060964	0.461153	0.538847	6.987979
3534	-7940.016	-8193.121	253.1057	0.9034971	0.5060802	0.461153	0.538847	6.19482
3540	-7943.273	-8195.037	251.7637	0.7951081	0.5307288	0.461153	0.538847	6.958251
3546	-7946.467	-8198.899	252.4321	0.9280676	0.535363	0.461153	0.538847	6.521473
3552	-7947.025	-8199.768	252.7426	0.9280676	0.6395812	0.522706	0.477294	6.269528
3558	-7947.876	-8198.723	250.8468	0.7963355	0.5760285	0.457425	0.542575	7.412822
3564	-7943.932	-8193.831	249.899	0.770793	0.564386	0.508584	0.491416	7.942781
3570	-7945.047	-8195.046	249.9993	0.789669	0.5375309	0.508584	0.491416	7.901328
3576	-7947.426	-8197.272	249.8459	0.789669	0.6415648	0.48245	0.51755	7.901328
3582	-7945.97	-8197.21	251.24	0.8674053	0.6706611	0.460394	0.539606	7.091514
3588	-7947.942	-8197.625	249.6833	0.7679589	0.5554671	0.503986	0.496014	8.066625
3594	-7940.741	-8190.896	250.1547	0.6912125	0.5406946	0.503986	0.496014	7.868284
3600	-7937.063	-8186.199	249.1361	0.7590713	0.5404987	0.503986	0.496014	8.375009
3606	-7941.171	-8191.548	250.3764	0.7373361	0.5389949	0.504926	0.495074	7.726602
3612	-7950.134	-8199.011	248.8771	0.7533204	0.5840812	0.429111	0.570889	8.480465
3618	-7932.623	-8183.109	250.4859	0.8278199	0.5833672	0.429111	0.570889	7.583438
3624	-7934.596	-8185.205	250.6094	0.8372441	0.4985427	0.464891	0.535109	7.583438
3630	-7930.616	-8181.332	250.7161	0.7742753	0.4886824	0.4675	0.5325	7.568815
3636	-7932.15	-8182.717	250.5672	0.7687657	0.5564957	0.4675	0.5325	7.593236
3642	-7942.783	-8193.534	250.7512	0.7060144	0.4804692	0.497404	0.502596	7.594013
3648	-7942.498	-8193.426	250.928	0.8549747	0.499762	0.45018	0.54982	7.402156
3654	-7944.607	-8197.073	252.4663	0.8988263	0.5551824	0.439772	0.560228	6.502076
3660	-7945.179	-8197.921	252.7423	0.8988263	0.5546174	0.439772	0.560228	6.35293
3666	-7948.425	-8200.242	251.8167	0.8283375	0.4767409	0.439772	0.560228	6.959657
3672	-7939.964	-8190.191	250.2262	0.7816698	0.5497791	0.439772	0.560228	7.77425
3678	-7946.05	-8196.742	250.6926	0.803479	0.5497791	0.439772	0.560228	7.513023
3684	-7954.638	-8205.451	250.8128	0.8126348	0.4705475	0.457779	0.542221	7.513023
3690	-7944.875	-8195.953	251.0786	0.830414	0.5743477	0.506673	0.493327	7.271509
3696	-7951.079	-8201.948	250.8686	0.9028351	0.5935819	0.440873	0.559127	7.330042
3702	-7943.424	-8194.431	251.0067	0.7647272	0.5935819	0.493354	0.506646	7.330042
3708	-7948.469	-8198.212	249.7432	0.9025825	0.5440717	0.464516	0.535484	7.972297
3714	-7951.689	-8202.942	251.2527	0.948705	0.5440717	0.464516	0.535484	7.139265
3720	-7957.813	-8210.431	252.6177	0.923254	0.5709771	0.527756	0.472244	6.393766
3726	-7943.461	-8195.783	252.3214	0.923254	0.5750347	0.527756	0.472244	6.551017
3732	-7938.47	-8188.699	250.2296	0.7900647	0.5750347	0.465886	0.534114	7.747358
3738	-7950.432	-8200.452	250.0203	0.7900647	0.5174193	0.466829	0.533171	7.907026
3744	-7946.118	-8196.031	249.9133	0.7900647	0.5867172	0.442054	0.557946	7.907026
3750	-7941.926	-8192.52	250.5935	0.7920945	0.5450009	0.442054	0.557946	7.576188
3756	-7943.482	-8194.15	250.668	0.7583019	0.5426325	0.460185	0.539815	7.556336
3762	-7939.039	-8189.771	250.7321	0.8303805	0.5882251	0.446443	0.553557	7.446335
3768	-7950.369	-8201.017	250.648	0.8829997	0.6099012	0.451719	0.548281	7.446335
3774	-7945.241	-8196.208	250.967	0.8282272	0.4520586	0.489779	0.510221	7.439354
3780	-7940.139	-8190.683	250.5436	0.768091	0.5630904	0.529169	0.470831	7.600832
3786	-7941.928	-8192.374	250.4456	0.7512457	0.5589455	0.466041	0.533959	7.665658
3792	-7941.92	-8192.164	250.2436	0.7521882	0.6472128	0.466041	0.533959	7.704709
3798	-7945.57	-8195.888	250.3177	0.8427264	0.5075184	0.466041	0.533959	7.728591
3804	-7943.29	-8194.883	251.5929	0.803343	0.5950315	0.529687	0.470313	6.993082
3810	-7947.53	-8197.545	250.0152	0.8076621	0.5063631	0.383475	0.616525	7.909928
3816	-7941.937	-8191.966	250.0284	0.8340153	0.5799906	0.467036	0.532964	7.827458
3822	-7948.244	-8198.707	250.4635	0.9177188	0.5061571	0.445293	0.554707	7.611694
3828	-7948.128	-8197.206	249.0779	0.8053274	0.6134942	0.445293	0.554707	8.323291
3834	-7949.319	-8198.697	249.378	0.7018751	0.4962904	0.466963	0.533037	8.314694
3840	-7961.446	-8212.718	251.2716	0.819945	0.5488289	0.486101	0.513899	7.194378
3846	-7959.25	-8209.529	250.2791	0.8291111	0.5639982	0.505308	0.494692	7.708961
3852	-7949.847	-8201.317	251.4703	0.76005	0.4425272	0.498094	0.501906	7.214997
3858	-7958.627	-8210.445	251.8185	0.9166932	0.5567117	0.43463	0.56537	6.841316
3864	-7950.38	-8203.162	252.7817	0.960785	0.5051898	0.537329	0.462671	6.340528
3870	-7942.668	-8195.972	253.3042	0.9439951	0.5896257	0.548366	0.451634	5.993998
3876	-7931.14	-8182.791	251.651	0.8560191	0.5597367	0.401363	0.598637	6.96181
3882	-7931.839	-8183.602	251.7638	0.8412717	0.4981188	0.401363	0.598637	6.96181
3888	-7945.328	-8196.613	251.2846	0.7441689	0.5802671	0.494494	0.505506	7.202425
3894	-7946.135	-8194.94	248.8046	0.7963549	0.5313603	0.52082	0.47918	8.539022
3900	-7949.365	-8199.029	249.6641	0.7849358	0.5077325	0.431459	0.568541	8.108127
3906	-7950.27	-8199.883	249.6136	0.755042	0.5585254	0.48905	0.51095	8.108127
3912	-7928.482	-8179.721	251.2387	0.8027571	0.5816765	0.49644	0.50356	7.194481
3918	-7924.483	-8175.768	251.2852	0.7045069	0.6172529	0.494488	0.505512	7.194481
3924	-7922.773	-8176.069	253.2951	0.8427314	0.6079221	0.494488	0.505512	6.039611
3930	-7933.046	-8185.832	252.786	0.9724708	0.4629726	0.494488	0.505512	6.370618
3936	-7931.6	-8182.624	251.0244	0.8496373	0.513684	0.494488	0.505512	7.341082
3942	-7935.079	-8186.235	251.1564	0.7889716	0.551794	0.5066	0.4934	7.270408
3948	-7934.446	-8185.258	250.8117	0.7525686	0.4977612	0.513806	0.486194	7.521105
3954	-7942.398	-8193.25	250.8512	0.7028551	0.5039465	0.488145	0.511855	7.521105
3960	-7933.27	-8184.207	250.9368	0.7892401	0.6081907	0.449924	0.550076	7.34302
3966	-7930.919	-8182.665	251.746	0.7892401	0.6045585	0.475501	0.524499	6.910718
3972	-7942.711	-8194.374	251.6623	0.8709213	0.6059847	0.544664	0.455336	6.910718
3978	-7938.705	-8189.036	250.3306	0.7949671	0.5278873	0.538591	0.461409	7.72967
3984	-7942.265	-8193.284	251.0192	0.8403571	0.4657807	0.532804	0.467196	7.391937
3990	-7928.015	-8178.939	250.9239	0.8247441	0.448976	0.469515	0.530485	7.467264
3996	-7930.364	-8180.86	250.496	0.7605018	0.5326056	0.469515	0.530485	7.655668
4002	-7917.497	-8169.563	252.0665	0.8348468	0.5778504	0.469515	0.530485	6.734337
4008	-7949.521	-8199.692	250.1715	0.8291994	0.5098413	0.467353	0.532647	7.81194
4014	-7947.97	-8197.113	249.1428	0.7456517	0.6333846	0.467353	0.532647	8.305555
4020	-7947.117	-8196.773	249.6561	0.7456517	0.5308718	0.431551	0.568449	8.113435
4026	-7942.641	-8193.479	250.8374	0.7338118	0.5738817	0.431551	0.568449	7.453091
4032	-7947.026	-8197.719	250.6927	0.8033009	0.6256085	0.468549	0.531451	7.453091
4038	-7937.97	-8189.092	251.1225	0.7698911	0.5871132	0.472233	0.527767	7.270256
4044	-7941.451	-8192.562	251.1113	0.778557	0.617195	0.467862	0.532138	7.24816
4050	-7942.925	-8194.878	251.9537	0.7492893	0.4743175	0.51209	0.48791	6.930669
4056	-7934.922	-8186.675	251.7528	0.8541902	0.5325982	0.52092	0.47908	6.930669
4062	-7936.604	-8186.296	249.6923	0.6542117	0.5537536	0.52342	0.47658	8.12381
4068	-7932.343	-8183.359	251.0162	0.7496679	0.5644617	0.465852	0.534148	7.356324
4074	-7937.45	-8186.045	248.5949	0.6783941	0.4999586	0.456769	0.543231	8.739859
4080	-7936.536	-8185.765	249.23	0.7853041	0.4680374	0.462214	0.537786	8.374552
4086	-7932.007	-8183.438	251.4317	0.8807844	0.5106076	0.501753	0.498247	7.10821
4092	-7931.07	-8182.524	251.4543	0.8223191	0.5549869	0.474775	0.525225	7.089734
4098	-7917.1	-8168.507	251.4064	0.8223191	0.5477126	0.471641	0.528359	7.12156
4104	-7935.911	-8187.018	251.1066	0.8641751	0.5766901	0.498117	0.501883	7.236463
4110	-7935.655	-8185.909	250.2542	0.7429544	0.5765249	0.502188	0.497812	7.758212
4116	-7925.234	-8176.541	251.3071	0.8858951	0.4794794	0.494266	0.505734	7.200326
4122	-7937.876	-8190.005	252.1298	0.8296765	0.5100888	0.494266	0.505734	6.760035
4128	-7939.69	-8192.118	252.4276	0.8056261	0.5100888	0.387977	0.612023	6.612105
4134	-7932.348	-8182.307	249.959	0.79665	0.5100888	0.431459	0.568541	7.942555
4140	-7934.955	-8184.933	249.9789	0.6912789	0.5644289	0.409784	0.590216	7.942555
4146	-7937.66	-8187.557	249.8965	0.7262759	0.596259	0.426763	0.573237	7.942555
4152	-7933.349	-8183.634	250.2848	0.8089736	0.4977898	0.492038	0.507962	7.772821
4158	-7927.298	-8179.78	252.4818	0.8682487	0.4972253	0.48869	0.51131	6.560321
4164	-7920.529	-8171.95	251.421	0.829441	0.5732752	0.495968	0.504032	7.088897
4170	-7921.63	-8173.542	251.9124	0.7920017	0.5732752	0.42025	0.57975	6.844378
4176	-7936.376	-8187.678	251.3018	0.8273259	0.5389136	0.394451	0.605549	7.182491
4182	-7930.081	-8180.306	250.225	0.7310045	0.5834313	0.434907	0.565093	7.774711
4188	-7943.72	-8193.093	249.3724	0.7758292	0.6206637	0.483511	0.516489	8.176781
4194	-7945.236	-8197.383	252.1464	0.9239355	0.5247232	0.524517	0.475483	6.687376
4200	-7962.382	-8215.508	253.1261	0.9655033	0.5647682	0.468555	0.531445	6.099577
4206	-7944.564	-8197.097	252.5331	0.8654091	0.525506	0.425155	0.574845	6.509175
4212	-7947.292	-8197.987	250.695	0.8553511	0.525506	0.476426	0.523574	7.504388
4218	-7950.968	-8201.949	250.9815	0.8683714	0.6679703	0.566005	0.433995	7.231901
4224	-7937.118	-8187.463	250.3444	0.7885357	0.6228528	0.480924	0.519076	7.649582
4230	-7948.963	-8199.767	250.8032	0.8055905	0.5587934	0.505459	0.494541	7.44522
4236	-7958.64	-8208.505	249.8648	0.8046453	0.6474583	0.51194	0.48806	7.878933
4242	-7961.143	-8211.203	250.0597	0.7862376	0.6239128	0.51194	0.48806	7.8022
4248	-7941.333	-8191.107	249.774	0.7862376	0.5349464	0.459601	0.540399	8.025507
4254	-7951.123	-8201.791	250.6675	0.7838961	0.5385355	0.487077	0.512923	7.546325
4260	-7953.126	-8202.999	249.8737	0.8229197	0.5453701	0.480121	0.519879	7.944052
4266	-7954.722	-8205.763	251.0413	0.780684	0.5519493	0.497252	0.502748	7.336536
4272	-7958.292	-8209.469	251.1777	0.7980242	0.5979171	0.526186	0.473814	7.216959
4278	-7946.553	-8198.106	251.5536	0.8449535	0.5103259	0.48806	0.51194	7.062192
4284	-7937.19	-8187.54	250.3501	0.7555378	0.5964465	0.44817	0.55183	7.684459
4290	-7947.823	-8198.398	250.5753	0.7311861	0.5964465	0.493611	0.506389	7.57703
4296	-7938.18	-8189.341	251.1612	0.7180013	0.534935	0.493611	0.506389	7.320064
4302	-7936.135	-8187.697	251.5619	0.8125746	0.6379274	0.493611	0.506389	6.971838
4308	-7935.713	-8187.809	252.0951	0.7996499	0.495105	0.524022	0.475978	6.808278
4314	-7954.15	-8204.691	250.5416	0.7417838	0.495105	0.590745	0.409255	7.673825
4320	-7955.409	-8205.29	249.8812	0.795764	0.5146845	0.472797	0.527203	7.980575
4326	-7957.094	-8208.465	251.3715	0.8067149	0.5146845	0.36669	0.63331	7.176853
4332	-7944.426	-8194.853	250.4273	0.7109092	0.6029032	0.449563	0.550437	7.662044
4338	-7932.357	-8183.025	250.6686	0.804352	0.5508052	0.518628	0.481372	7.524554
4344	-7952.602	-8202.263	249.6611	0.794941	0.6159046	0.509826	0.490174	8.016363
4350	-7935.975	-8187.534	251.559	0.7925962	0.5069549	0.441472	0.558528	7.090411
4356	-7936.101	-8186.87	250.7684	0.8549428	0.4698862	0.482607	0.517393	7.51473
4362	-7942.972	-8193.44	250.4681	0.7535896	0.5609392	0.411409	0.588591	7.650734
4368	-7944.531	-8195.13	250.5994	0.7271686	0.6368925	0.484166	0.515834	7.535369
4374	-7949.408	-8198.694	249.2854	0.7450934	0.4574738	0.484166	0.515834	8.376264
4380	-7933.467	-8182.982	249.5146	0.7130931	0.5029341	0.484166	0.515834	8.230186
4386	-7938.574	-8187.774	249.1998	0.7524813	0.4686527	0.458593	0.541407	8.407474
4392	-7941.868	-8191.281	249.4124	0.7200626	0.5044822	0.497323	0.502677	8.279497
4398	-7935.63	-8184.823	249.1934	0.6705434	0.5231475	0.497323	0.502677	8.40625
4404	-7941.16	-8190.232	249.0721	0.7434497	0.6319788	0.51157	0.48843	8.345364
4410	-7940.298	-8190.121	249.8231	0.8118381	0.5009866	0.51157	0.48843	8.014901
4416	-7955.036	-8205.845	250.8089	0.8085723	0.5917738	0.512301	0.487699	7.414082
4422	-7947.603	-8198.472	250.8687	0.811768	0.416347	0.513815	0.486185	7.53571
4428	-7945.743	-8196.863	251.1199	0.7597201	0.4471901	0.513815	0.486185	7.398766
4434	-7943.582	-8194.664	251.0818	0.8199737	0.4348693	0.513815	0.486185	7.398766
4440	-7945.424	-8197.118	251.6942	0.7824861	0.4687082	0.531162	0.468838	7.057697
4446	-7943.925	-8195.52	251.5952	0.7824861	0.5284461	0.517196	0.482804	7.057697
4452	-7943.152	-8193.821	250.6699	0.7340746	0.6424479	0.4997	0.5003	7.489756
4458	-7935.787	-8186.589	250.802	0.7991661	0.5109198	0.4997	0.5003	7.489756
4464	-7936.96	-8187.724	250.7642	0.715501	0.5894549	0.4997	0.5003	7.489756
4470	-7943.169	-8192.874	249.7044	0.7758633	0.5758824	0.494446	0.505554	8.034628
4476	-7927.7	-8177.906	250.2059	0.7244141	0.4420325	0.497524	0.502476	7.911535
4482	-7936.654	-8188.166	251.5111	0.7785891	0.5188598	0.428006	0.571994	7.113288
4488	-7939.077	-8190.038	250.961	0.7893709	0.4970844	0.481258	0.518742	7.421975
4494	-7952.914	-8203.641	250.7274	0.8534119	0.6068421	0.492225	0.507775	7.421975
4500	-7948.878	-8199.742	250.8635	0.870328	0.5148121	0.493192	0.506808	7.415278
4506	-7949.101	-8199.538	250.4379	0.7846235	0.6502089	0.493192	0.506808	7.581207
4512	-7933.681	-8186.183	252.5018	0.9159174	0.5619444	0.458183	0.541817	6.467992
4518	-7939.204	-8189.689	250.4846	0.6996635	0.5701596	0.420425	0.579575	7.663274
4524	-7939.908	-8188.138	248.2296	0.6631358	0.535695	0.455705	0.544295	8.911008
4530	-7940.113	-8189.775	249.6623	0.6631358	0.4783	0.492184	0.507816	8.200142
4536	-7953.636	-8204.51	250.874	0.7348819	0.5411019	0.480116	0.519884	7.45985
4542	-7928.291	-8179.886	251.5943	0.812653	0.5411019	0.466281	0.533719	7.031227
4548	-7944.733	-8195.617	250.8836	0.8135008	0.4481381	0.465888	0.534112	7.495689
4554	-7937.421	-8188.459	251.0382	0.8145983	0.4568258	0.438107	0.561893	7.403963
4560	-7946.505	-8197.47	250.9648	0.82824	0.57516	0.495779	0.504221	7.333129
4566	-7955.556	-8206.625	251.0683	0.7926273	0.4567014	0.505578	0.494422	7.399709
4572	-7934.811	-8185.558	250.747	0.7914575	0.6028236	0.514324	0.485676	7.447778
4578	-7940.729	-8190.886	250.1577	0.8308412	0.5933882	0.582394	0.417606	7.749493
4584	-7934.829	-8185.118	250.289	0.8184304	0.5160934	0.551121	0.448879	7.749493
4590	-7928.494	-8180.01	251.5162	0.8184304	0.5882763	0.461938	0.538062	7.031566
4596	-7937.119	-8188.835	251.7163	0.7751025	0.4954145	0.463107	0.536893	7.025432
4602	-7945.545	-8195.501	249.9558	0.7238821	0.459976	0.504429	0.495571	8.028262
4608	-7948.711	-8199.521	250.8103	0.7731004	0.6895517	0.446279	0.553721	7.35954
4614	-7953.303	-8202.593	249.2907	0.760027	0.5294796	0.520352	0.479648	8.301538
4620	-7944.078	-8193.933	249.8551	0.7244703	0.5209351	0.418651	0.581349	8.027095
4626	-7937.6	-8186.795	249.1953	0.7645363	0.5923332	0.487579	0.512421	8.298838
4632	-7937.092	-8186.993	249.901	0.7745623	0.6435686	0.487579	0.512421	7.878536
4638	-7933.644	-8183.733	250.089	0.7692882	0.5207534	0.487579	0.512421	7.878536
4644	-7930.01	-8180.165	250.1555	0.7521751	0.4906858	0.463323	0.536677	7.878536
4650	-7940.32	-8190.007	249.6869	0.6895069	0.5734638	0.492678	0.507322	8.091935
4656	-7941.978	-8191.488	249.5097	0.7693988	0.4830442	0.498299	0.501701	8.2205
4662	-7934.824	-8184.292	249.4673	0.7592785	0.5147391	0.498299	0.501701	8.2205
4668	-7934.308	-8183.765	249.4568	0.7913033	0.4596647	0.498299	0.501701	8.258457
4674	-7927.614	-8178.777	251.1632	0.7549993	0.54948	0.511794	0.488206	7.286904
4680	-7923.309	-8173.812	250.5024	0.8240576	0.54948	0.478756	0.521244	7.604091
4686	-7933.466	-8186.054	252.5878	0.8240576	0.5605976	0.478756	0.521244	6.472265
4692	-7938.028	-8190.487	252.4586	0.8240576	0.5605976	0.484239	0.515761	6.54228
4698	-7924.659	-8177.723	253.0636	0.8800004	0.5538861	0.484239	0.515761	6.18918
4704	-7917.487	-8170.329	252.8426	0.8800004	0.5538861	0.465264	0.534736	6.309286
4710	-7919.863	-8171.508	251.6449	0.8403621	0.6105858	0.465264	0.534736	6.932988
4716	-7926.616	-8178.316	251.7001	0.8072929	0.5952996	0.476153	0.523847	6.932988
4722	-7922.702	-8174.197	251.495	0.8387822	0.5811598	0.476153	0.523847	7.037688
4728	-7937.632	-8189.194	251.5614	0.7800949	0.5760368	0.45509	0.54491	7.037688
4734	-7958.807	-8208.786	249.9789	0.7183716	0.5077482	0.515695	0.484305	7.975737
4740	-7947.935	-8199.2	251.2658	0.7563543	0.5731251	0.461932	0.538068	7.211725
4746	-7946.345	-8198.698	252.3535	0.9117798	0.4752461	0.461932	0.538068	6.626268
4752	-7954.49	-8205.605	251.1146	0.8612527	0.5431234	0.543571	0.456429	7.261276
4758	-7956.105	-8206.721	250.6156	0.7841577	0.6058297	0.543571	0.456429	7.519772
4764	-7952.399	-8203.327	250.9278	0.8278981	0.4854899	0.485369	0.514631	7.429534
4770	-7951.759	-8201.339	249.5798	0.7777107	0.5139718	0.485369	0.514631	8.151446
4776	-7961.461	-8210.962	249.5012	0.7218197	0.5974629	0.51248	0.48752	8.154752
4782	-7942.879	-8192.914	250.0348	0.7076811	0.5818242	0.560012	0.439988	7.890018
4788	-7941.241	-8192.628	251.3866	0.7839258	0.5183793	0.514925	0.485075	7.17778
4794	-7935.563	-8186.751	251.1876	0.7998798	0.6495399	0.514925	0.485075	7.171444
4800	-7938.689	-8188.021	249.3321	0.7911426	0.4869517	0.524031	0.475969	8.29995
4806	-7927.724	-8177.319	249.5956	0.7761458	0.4673813	0.537494	0.462506	8.185438
4812	-7940.083	-8189.816	249.7335	0.7606862	0.510426	0.432879	0.567121	8.081722
4818	-7945.446	-8198.002	252.556	0.8646902	0.5225433	0.481103	0.518897	6.499739
4824	-7950.109	-8198.997	248.8882	0.7706583	0.6520207	0.456978	0.543022	8.413945
4830	-7945.777	-8196.448	250.6708	0.8009484	0.5187647	0.504117	0.495883	7.552308
4836	-7941.321	-8193.39	252.0697	0.8381966	0.6309708	0.512558	0.487442	6.689309
4842	-7954.067	-8206.186	252.1183	0.8942321	0.5594702	0.529107	0.470893	6.689309
4848	-7955.249	-8208.838	253.589	0.9311861	0.6091408	0.556672	0.443328	5.829893
4854	-7946.359	-8197.281	250.922	0.8364683	0.5510301	0.446571	0.553429	7.371357
4860	-7939.959	-8190.483	250.5242	0.7093765	0.5300541	0.530783	0.469217	7.670071
4866	-7949.075	-8199.214	250.1392	0.6978057	0.5016347	0.542907	0.457093	7.906522
4872	-7952.332	-8201.106	248.7738	0.6978057	0.4437654	0.541332	0.458668	8.686048
4878	-7942.885	-8194.358	251.4726	0.7998396	0.6775806	0.526449	0.473551	6.997697
4884	-7933.156	-8183.86	250.7045	0.7398905	0.5603266	0.524555	0.475445	7.532037
4890	-7933.607	-8183.896	250.2892	0.8409096	0.5824525	0.524555	0.475445	7.682403
4896	-7919.628	-8171.243	251.6146	0.8409096	0.4970629	0.4527	0.5473	7.043239
4902	-7932.826	-8184.028	251.2026	0.8409096	0.5029682	0.4527	0.5473	7.259479
4908	-7927.454	-8177.233	249.7794	0.7554812	0.5029682	0.493901	0.506099	8.066537
4914	-7938.715	-8189.916	251.2004	0.7554812	0.5555345	0.493901	0.506099	7.261693
4920	-7929.312	-8179.701	250.3889	0.7606905	0.5429041	0.479269	0.520731	7.704182
4926	-7935.521	-8185.361	249.8405	0.7391772	0.6345202	0.479269	0.520731	7.936417
4932	-7942.653	-8192.208	249.5545	0.7283006	0.5468142	0.440839	0.559161	8.163494
4938	-7934.679	-8184.723	250.0441	0.8017078	0.5468142	0.507029	0.492971	7.863237
4944	-7929.299	-8178.616	249.3177	0.7466943	0.5379779	0.49457	0.50543	8.287129
4950	-7934.467	-8185.322	250.8547	0.7600067	0.5044453	0.537528	0.462472	7.488189
4956	-7944.655	-8194.86	250.2056	0.8280049	0.4990098	0.408307	0.591693	7.80389
4962	-7942.121	-8192.783	250.6613	0.7748612	0.5779119	0.447793	0.552207	7.522222
4968	-7942.057	-8193.79	251.733	0.7751101	0.4909079	0.44999	0.55001	7.020457
4974	-7932.733	-8182.712	249.9788	0.7454018	0.5848778	0.578794	0.421206	7.897351
4980	-7937.403	-8188.761	251.358	0.7801565	0.5962686	0.542744	0.457256	7.130955
4986	-7949.713	-8201.421	251.7087	0.8473952	0.5962686	0.563714	0.436286	6.90595
4992	-7949.535	-8202.135	252.6	0.9420222	0.4802327	0.434463	0.565537	6.471822
4998	-7942.6	-8195.19	252.5896	0.9057536	0.5385064	0.434463	0.565537	6.445568
5004	-7952.057	-8203.61	251.553	0.9186751	0.52627	0.510421	0.489579	7.008983
5010	-7943.014	-8194.092	251.0782	0.838729	0.5791787	0.510421	0.489579	7.263405
5016	-7947.206	-8197.897	250.691	0.875567	0.4895687	0.48334	0.51666	7.52723
5022	-7948.919	-8198.929	250.0095	0.8207699	0.5573455	0.442886	0.557114	7.862866
5028	-7952.392	-8202.47	250.0777	0.8207699	0.5121996	0.442886	0.557114	7.864476
5034	-7941.669	-8193.118	251.4485	0.8130791	0.5535853	0.47086	0.52914	7.098988
5040	-7941.69	-8193.863	252.173	0.7878259	0.5994372	0.47086	0.52914	6.685059
5046	-7933.576	-8185.032	251.4554	0.7946419	0.6254049	0.525738	0.474262	7.048291
5052	-7932.277	-8184.651	252.3738	0.9751613	0.4889861	0.428108	0.571892	6.56835
5058	-7932.646	-8186.059	253.4137	0.9255076	0.6061422	0.456213	0.543787	5.931155
5064	-7937.328	-8188.12	250.7922	0.8504104	0.5751143	0.52769	0.47231	7.41383
5070	-7959.13	-8210.201	251.0703	0.778938	0.5410282	0.52769	0.47231	7.331004
5076	-7944.807	-8195.557	250.7497	0.8228505	0.5109778	0.443183	0.556817	7.50507
5082	-7938.399	-8189.117	250.7175	0.7243955	0.5185652	0.475645	0.524355	7.568428
5088	-7935.199	-8185.089	249.8905	0.7261001	0.5179011	0.4885	0.5115	8.009984
5094	-7943.789	-8194.303	250.5135	0.7344478	0.5936917	0.456256	0.543744	7.610473
5100	-7931.681	-8182.283	250.6018	0.7344478	0.5551398	0.466799	0.533201	7.594193
5106	-7947.021	-8197.267	250.2458	0.8260266	0.4776894	0.542437	0.457563	7.802579
5112	-7950.026	-8201.741	251.7156	0.911711	0.5253057	0.49736	0.50264	6.925944
5118	-7943.122	-8194.168	251.0457	0.8097745	0.5714695	0.486945	0.513055	7.30257
5124	-7944.269	-8198.421	254.1523	1.006807	0.5390047	0.53273	0.46727	5.537325
5130	-7944.074	-8194.901	250.8265	0.8062158	0.5744605	0.513749	0.486251	7.419648
5136	-7950.048	-8201.043	250.995	0.8062158	0.5431252	0.474092	0.525908	7.354982
5142	-7944.301	-8195.019	250.7187	0.7838755	0.5668552	0.474092	0.525908	7.495581
5148	-7949.046	-8201.034	251.9879	0.7983679	0.4861784	0.488081	0.511919	6.874901
5154	-7932.617	-8185.248	252.6314	0.8907218	0.5306308	0.488081	0.511919	6.437776
5160	-7943.814	-8196.362	252.5475	0.8907218	0.6353395	0.407061	0.592939	6.398907
5166	-7945.219	-8196.985	251.7659	0.91015	0.6137704	0.464981	0.535019	6.827617
5172	-7950.469	-8201.596	251.1271	0.8546927	0.6721994	0.499357	0.500643	7.15798
5178	-7945.678	-8196.721	251.0428	0.8211222	0.4962414	0.448776	0.551224	7.361844
5184	-7955.507	-8204.958	249.4509	0.6622613	0.5161637	0.508615	0.491385	8.279661
5190	-7932.926	-8182.76	249.8346	0.7929262	0.5756884	0.508615	0.491385	7.95626
5196	-7931.674	-8182.039	250.3648	0.7356379	0.5895774	0.470006	0.529994	7.692634
5202	-7922.229	-8174.094	251.8649	0.8097337	0.5714587	0.470006	0.529994	6.861879
5208	-7928.077	-8179.668	251.591	0.8082409	0.5326245	0.442368	0.557632	7.042552
5214	-7922.707	-8174.837	252.1295	0.7954992	0.6088148	0.485778	0.514222	6.697053
5220	-7929.091	-8179.876	250.7842	0.6990136	0.5365544	0.514186	0.485814	7.530989
5226	-7930.179	-8180.625	250.4462	0.846396	0.6677161	0.497756	0.502244	7.530989
5232	-7928.454	-8179.757	251.3033	0.7893907	0.6677161	0.497756	0.502244	7.101567
5238	-7926.721	-8177.767	251.0459	0.7893907	0.5552133	0.517954	0.482046	7.326679
5244	-7937.595	-8188.047	250.4516	0.7724568	0.5764277	0.517954	0.482046	7.636932
5250	-7964.123	-8214.309	250.1857	0.7095241	0.4866125	0.487579	0.512421	7.888827
5256	-7945.897	-8196.228	250.3306	0.8264465	0.6465767	0.557754	0.442246	7.618966
5262	-7946.359	-8197.239	250.8799	0.7746588	0.4816344	0.480328	0.519672	7.487266
5268	-7945.219	-8195.75	250.5303	0.7508057	0.5813605	0.456372	0.543628	7.602504
5274	-7927.991	-8179.333	251.3419	0.8271286	0.511936	0.493764	0.506236	7.184202
5280	-7940.972	-8192.758	251.7856	0.8459228	0.5562194	0.502494	0.497506	6.897616
5286	-7936.033	-8185.967	249.934	0.7789918	0.4774744	0.439284	0.560716	7.994315
5292	-7928.575	-8179.329	250.7543	0.8190664	0.6544149	0.475289	0.524711	7.390176
5298	-7922.08	-8172.736	250.6567	0.7471671	0.5027296	0.491606	0.508394	7.602588
5304	-7935.589	-8186.533	250.9434	0.8313302	0.4783851	0.424653	0.575347	7.425797
5310	-7928.462	-8178.634	250.1721	0.7647534	0.5046967	0.507851	0.492149	7.850562
5316	-7939.596	-8190.534	250.9376	0.822083	0.5050696	0.464493	0.535507	7.409922
5322	-7927.631	-8177.889	250.2576	0.7477275	0.5267948	0.464493	0.535507	7.794862
5328	-7928.949	-8179.814	250.8656	0.7198611	0.5853197	0.464493	0.535507	7.436353
5334	-7926.623	-8178.673	252.0505	0.8072507	0.5172985	0.460164	0.539836	6.80866
5340	-7921.234	-8173.192	251.957	0.8574295	0.5172985	0.466888	0.533112	6.831996
5346	-7938.098	-8189.938	251.8397	0.8834257	0.5713965	0.473475	0.526525	6.835795
5352	-7925.406	-8177.702	252.2962	0.8066151	0.4970321	0.46486	0.53514	6.694244
5358	-7932.494	-8183.209	250.7154	0.7856222	0.4810745	0.514239	0.485761	7.56999
5364	-7936.396	-8188.299	251.9034	0.7822464	0.5427632	0.467045	0.532955	6.879664
5370	-7925.02	-8178.017	252.9969	0.8514862	0.4908564	0.499335	0.500665	6.295932
5376	-7924.569	-8176.107	251.5385	0.8452259	0.5004328	0.499335	0.500665	7.078889
5382	-7934.55	-8184.174	249.6239	0.7521983	0.5984934	0.487698	0.512302	8.072375
5388	-7944.716	-8195.857	251.1406	0.8235104	0.6184318	0.518558	0.481442	7.207349
5394	-7942.541	-8194.492	251.9505	0.8308108	0.5868773	0.509192	0.490808	6.791906
5400	-7956.69	-8208.389	251.6997	0.8836183	0.5532701	0.437323	0.562677	6.926037
5406	-7953.283	-8204.965	251.6822	0.8101181	0.5811691	0.451252	0.548748	6.952332
5412	-7936.955	-8188.279	251.3236	0.7710832	0.518708	0.434114	0.565886	7.218243
5418	-7941.644	-8191.556	249.9119	0.7578102	0.6100607	0.434114	0.565886	7.906827
5424	-7944.848	-8196.276	251.428	0.8795497	0.4543611	0.54278	0.45722	7.162166
5430	-7934.881	-8184.365	249.4845	0.8094421	0.5179373	0.444025	0.555975	8.181893
5436	-7941.478	-8191.943	250.4646	0.7797242	0.512671	0.490492	0.509508	7.679254
5442	-7941.334	-8191.516	250.1824	0.8000798	0.4417881	0.490492	0.509508	7.883951
5448	-7938.555	-8189.836	251.2815	0.9392472	0.6698499	0.486771	0.513229	7.031108
5454	-7930.573	-8180.893	250.3203	0.7775444	0.5476175	0.496208	0.503792	7.727931
5460	-7931.481	-8183.265	251.7843	0.8977743	0.5704174	0.467664	0.532336	6.858714
5466	-7934.116	-8187.118	253.0024	0.9403439	0.6262246	0.487066	0.512934	6.131698
5472	-7932.812	-8182.762	249.9506	0.6692205	0.5091871	0.470191	0.529809	8.015794
5478	-7942.976	-8193.417	250.4407	0.7510728	0.5212559	0.502104	0.497896	7.699967
5484	-7937.791	-8188.162	250.371	0.7646631	0.5570268	0.502104	0.497896	7.699967
5490	-7949.571	-8200.67	251.0984	0.8208432	0.557509	0.507189	0.492811	7.279755
5496	-7944.435	-8195.529	251.0941	0.802674	0.5722582	0.496724	0.503276	7.279755
5502	-7939.833	-8191.588	251.7547	0.795957	0.5071771	0.477371	0.522629	6.983076
5508	-7932.87	-8185.148	252.2777	0.795957	0.5592737	0.491163	0.508837	6.656398
5514	-7943.682	-8197.634	253.9516	0.944743	0.5592737	0.491163	0.508837	5.664362
5520	-7929.774	-8180.789	251.0145	0.8606517	0.5413193	0.456492	0.543508	7.316852
5526	-7944.509	-8194.726	250.2167	0.8081215	0.5413193	0.50357	0.49643	7.772196
5532	-7939.801	-8192.939	253.1384	0.8731302	0.5511489	0.50357	0.49643	6.154503
5538	-7935.579	-8187.578	251.9991	0.9142254	0.660951	0.416114	0.583886	6.664035
5544	-7935.34	-8185.806	250.4661	0.792597	0.5702472	0.499646	0.500354	7.623387
5550	-7935.837	-8187.498	251.6606	0.8535284	0.5393111	0.45895	0.54105	6.975004
5556	-7958.805	-8210.044	251.2394	0.7710244	0.5841251	0.45895	0.54105	7.209238
5562	-7949.766	-8201.086	251.3197	0.8023539	0.512124	0.495503	0.504497	7.209238
5568	-7938.609	-8189.824	251.2145	0.7759492	0.6059557	0.525719	0.474281	7.202827
5574	-7929.605	-8181.126	251.5209	0.8315507	0.5363608	0.525719	0.474281	7.064519
5580	-7946.789	-8198.256	251.4675	0.8658033	0.6768774	0.525719	0.474281	6.96544
5586	-7944.381	-8195.703	251.3223	0.8198926	0.6282075	0.464317	0.535683	7.104179
5592	-7939.857	-8191.105	251.2477	0.9139502	0.5345438	0.464317	0.535683	7.16869
5598	-7945.536	-8197.163	251.6277	0.8617203	0.6616355	0.470533	0.529467	6.892369
5604	-7942.318	-8193.244	250.9258	0.8159713	0.589096	0.490056	0.509944	7.34952
5610	-7942.18	-8193.827	251.6464	0.7996235	0.6438251	0.470599	0.529401	6.92891
5616	-7963.821	-8214.521	250.6995	0.8306619	0.565237	0.470599	0.529401	7.482086
5622	-7941.166	-8191.739	250.5729	0.7515822	0.5799825	0.51267	0.48733	7.580388
5628	-7951.807	-8203.02	251.2124	0.8737831	0.6419892	0.510126	0.489874	7.12395
5634	-7936.601	-8187.381	250.7793	0.8291939	0.6231118	0.506731	0.493269	7.394684
5640	-7945.066	-8196.068	251.0014	0.8038879	0.7173941	0.506731	0.493269	7.221045
5646	-7952.535	-8204.32	251.7856	0.8275323	0.774968	0.458069	0.541931	6.747437
5652	-7946.159	-8198.101	251.942	0.8993871	0.7792759	0.471676	0.528324	6.621244
5658	-7934.277	-8187.453	253.176	0.9641303	0.6155176	0.487134	0.512866	6.032413
5664	-7934.857	-8187.444	252.5865	0.9483	0.6192442	0.487134	0.512866	6.358772
5670	-7948.304	-8199.347	251.043	0.7905204	0.5863246	0.487134	0.512866	7.302464
5676	-7960.833	-8212.101	251.2679	0.7710125	0.6352879	0.49027	0.50973	7.15436
5682	-7942.036	-8194.591	252.554	0.9173311	0.4832626	0.49027	0.50973	6.507335
5688	-7943.159	-8195.046	251.8873	0.8748944	0.4832626	0.49027	0.50973	6.890551
5694	-7935.094	-8186.268	251.1739	0.7830184	0.5221693	0.489607	0.510393	7.28925
5700	-7938.864	-8189.386	250.5223	0.7622145	0.5961274	0.479003	0.520997	7.589009
5706	-7935.336	-8186.452	251.1161	0.8859248	0.5931397	0.534449	0.465551	7.206624
5712	-7934.64	-8185.567	250.927	0.6636994	0.5937477	0.536801	0.463199	7.42686
5718	-7927.409	-8178.829	251.4201	0.7620338	0.5880988	0.499555	0.500445	7.113755
5724	-7932.963	-8182.401	249.4373	0.7069675	0.5398825	0.477529	0.522471	8.243004
5730	-7945.904	-8196.971	251.0677	0.8079719	0.6616605	0.491128	0.508872	7.222611
5736	-7931.859	-8182.482	250.6233	0.7426007	0.5715631	0.491128	0.508872	7.564957
5742	-7933.106	-8183.275	250.1699	0.7215034	0.6609811	0.452782	0.547218	7.750499
5748	-7925.767	-8176.183	250.4157	0.7631418	0.5007671	0.452782	0.547218	7.724678
5754	-7925.158	-8176.798	251.6397	0.841428	0.5583411	0.476909	0.523091	6.976897
5760	-7924.894	-8176.557	251.6631	0.8422912	0.5426645	0.476909	0.523091	6.976897
5766	-7943.818	-8195.158	251.3392	0.8422912	0.5256567	0.465617	0.534383	7.165609
5772	-7940.363	-8192.143	251.7796	0.8769526	0.546332	0.465617	0.534383	6.892351
5778	-7942.565	-8194.014	251.449	0.7877468	0.6178087	0.486825	0.513175	7.061218
5784	-7942.184	-8192.729	250.5452	0.8341424	0.611484	0.486416	0.513584	7.526326
5790	-7936.093	-8187.998	251.905	0.7496614	0.5484104	0.520185	0.479815	6.891634
5796	-7940.801	-8193.21	252.409	0.8844885	0.4866326	0.437116	0.562884	6.600511
5802	-7941.804	-8191.763	249.9593	0.7914728	0.5001403	0.461995	0.538005	7.953854
5808	-7949.983	-8199.163	249.1802	0.7104336	0.5022374	0.482146	0.517854	8.410105
5814	-7962.412	-8212.076	249.6643	0.6917538	0.5562937	0.457399	0.542601	8.116649
5820	-7960.987	-8211.336	250.3492	0.7714762	0.5562937	0.457399	0.542601	7.708559
5826	-7944.777	-8196.159	251.3818	0.8351516	0.5562971	0.555443	0.444557	7.120758
5832	-7947.96	-8198.895	250.935	0.8790903	0.5452576	0.52371	0.47629	7.346302
5838	-7938.93	-8188.775	249.8451	0.7644177	0.5417501	0.477342	0.522658	7.993541
5844	-7943.119	-8192.968	249.8488	0.6781187	0.5964911	0.477342	0.522658	7.993541
5850	-7930.103	-8180.927	250.8243	0.7417339	0.5478634	0.476469	0.523531	7.477146
5856	-7935.009	-8186.83	251.8209	0.8947111	0.5374232	0.471979	0.528021	6.867999
5862	-7938.386	-8189.075	250.6897	0.806009	0.640414	0.43748	0.56252	7.442148
5868	-7941.851	-8191.824	249.9734	0.839593	0.5523785	0.507257	0.492743	7.876161
5874	-7942.95	-8192.878	249.9283	0.6985691	0.68281	0.521799	0.478201	7.876161
5880	-7943.901	-8193.987	250.0854	0.7328168	0.5490291	0.521799	0.478201	7.876161
5886	-7950.589	-8200.59	250.0011	0.818508	0.5917096	0.476499	0.523501	7.841018
5892	-7945.892	-8197.028	251.1355	0.8572134	0.4798862	0.473063	0.526937	7.307494
5898	-7942.982	-8193.889	250.9071	0.8707739	0.5574774	0.473063	0.526937	7.355628
5904	-7943.76	-8195.286	251.5264	0.9345498	0.5421257	0.497442	0.502558	7.001285
5910	-7934.945	-8186.543	251.5976	0.867158	0.5396902	0.518052	0.481948	7.001285
5916	-7941.687	-8192.185	250.4972	0.735214	0.5063296	0.518052	0.481948	7.69115
5922	-7939.17	-8190.682	251.5115	0.7321082	0.5311074	0.491035	0.508965	7.127558
5928	-7939.707	-8190.253	250.5461	0.7563697	0.5326724	0.428554	0.571446	7.631027
5934	-7950.928	-8200.373	249.4445	0.7186583	0.5320939	0.509815	0.490185	8.239481
5940	-7950.456	-8201.432	250.9757	0.8253632	0.5862225	0.509815	0.490185	7.319973
5946	-7942.955	-8194.004	251.049	0.823756	0.5391582	0.47942	0.52058	7.319973
5952	-7943.422	-8192.745	249.3234	0.7743914	0.5671329	0.480617	0.519383	8.245429
5958	-7952.774	-8202.976	250.2019	0.8447772	0.5502116	0.532845	0.467155	7.753115
5964	-7942.225	-8191.861	249.6357	0.667959	0.4908493	0.530797	0.469203	8.200406
5970	-7939.777	-8189.815	250.0373	0.7375169	0.5095691	0.530797	0.469203	7.932787
5976	-7942.002	-8192.421	250.4185	0.874591	0.5129866	0.509611	0.490389	7.652914
5982	-7934.929	-8185.247	250.3182	0.7244072	0.578418	0.457533	0.542467	7.73238
5988	-7928.897	-8180.037	251.1403	0.7684036	0.5453264	0.457533	0.542467	7.295457
5994	-7937.376	-8188.492	251.1153	0.7507059	0.5732971	0.451	0.549	7.295457
6000	-7939.791	-8190.802	251.0109	0.7631254	0.6000604	0.451	0.549	7.323622
6006	-7949.148	-8200.411	251.2627	0.8837282	0.5586717	0.444354	0.555646	7.15675
6012	-7946.597	-8195.378	248.7813	0.7696163	0.5792877	0.444354	0.555646	8.526477
6018	-7946.277	-8196.703	250.4259	0.8223573	0.4760392	0.488745	0.511255	7.709792
6024	-7943.812	-8193.817	250.005	0.8446439	0.5798158	0.445068	0.554932	7.834397
6030	-7949.358	-8201.686	252.3281	0.8446439	0.5353553	0.51525	0.48475	6.62293
6036	-7941.72	-8192.963	251.2432	0.8573524	0.5152225	0.451552	0.548448	7.218125
6042	-7926.61	-8177.927	251.3168	0.7834439	0.515393	0.503572	0.496428	7.218125
6048	-7917.514	-8168.509	250.995	0.8382378	0.5222931	0.479958	0.520042	7.355478
6054	-7925.201	-8176.702	251.5014	0.833156	0.5222931	0.479958	0.520042	7.086217
6060	-7931.344	-8182.461	251.1165	0.7982336	0.5222931	0.475441	0.524559	7.311772
6066	-7945.297	-8195.406	250.1087	0.7544304	0.5219513	0.475441	0.524559	7.874971
6072	-7944.316	-8196.158	251.8424	0.8045651	0.5877367	0.49368	0.50632	6.86373
6078	-7945.533	-8196.475	250.9421	0.8455312	0.4300459	0.49368	0.50632	7.464689
6084	-7937.758	-8188.826	251.0687	0.7950826	0.5435141	0.435832	0.564168	7.321111
6090	-7946.6	-8199.482	252.8824	0.9081365	0.4878922	0.435832	0.564168	6.330008
6096	-7938.802	-8190.444	251.6417	0.8388391	0.4726958	0.484842	0.515158	7.051957
6102	-7945.268	-8197.045	251.7772	0.8120285	0.4918481	0.447335	0.552665	6.975939
6108	-7950.778	-8201.677	250.8992	0.7653842	0.6594049	0.447335	0.552665	7.337567
6114	-7932.33	-8182.722	250.3913	0.8146877	0.6358214	0.494115	0.505885	7.600724
6120	-7940.189	-8191.465	251.2757	0.753579	0.5449432	0.495576	0.504424	7.231053
6126	-7932.909	-8182.752	249.8435	0.7086056	0.4557263	0.479003	0.520997	8.10023
6132	-7930.052	-8179.076	249.0246	0.7647379	0.5136063	0.479003	0.520997	8.454076
6138	-7928.321	-8179.277	250.9555	0.8015322	0.5606991	0.479003	0.520997	7.36414
6144	-7942.045	-8193.958	251.9128	0.8168616	0.5668861	0.475739	0.524261	6.83595
6150	-7928.281	-8178.718	250.4366	0.7328855	0.4617507	0.477283	0.522717	7.765152
6156	-7937.054	-8187.336	250.2815	0.7265445	0.4758613	0.439685	0.560315	7.838345
6162	-7939.832	-8189.876	250.0438	0.7905407	0.5851202	0.451367	0.548633	7.838345
6168	-7935.688	-8185.765	250.0769	0.7198148	0.6109535	0.509583	0.490417	7.838345
6174	-7930.006	-8179.258	249.2516	0.7234807	0.6314771	0.463017	0.536983	8.26089
6180	-7931.259	-8180.931	249.6711	0.7279686	0.4974155	0.509308	0.490692	8.143774
6186	-7935.156	-8185.799	250.6431	0.7690961	0.5583916	0.463893	0.536107	7.550852
6192	-7952.872	-8203.554	250.6816	0.7580037	0.5406644	0.40848	0.59152	7.550852
6198	-7939.547	-8190.131	250.5841	0.7724174	0.5956372	0.452693	0.547307	7.550852
6204	-7936.436	-8187.482	251.0457	0.801661	0.4907983	0.488573	0.511427	7.375634
6210	-7933.615	-8182.847	249.2314	0.7039974	0.4746507	0.488573	0.511427	8.410946
6216	-7931.119	-8181.818	250.6994	0.7600279	0.509348	0.457876	0.542124	7.567054
6222	-7940.214	-8190.441	250.2267	0.7258739	0.5022035	0.457876	0.542124	7.844342
6228	-7926.389	-8176.067	249.6776	0.713701	0.5609045	0.52198	0.47802	8.094153
6234	-7928.97	-8180.401	251.4305	0.8982368	0.4694236	0.52198	0.47802	7.136624
6240	-7930.878	-8182.241	251.3628	0.754394	0.53613	0.448388	0.551612	7.191227
6246	-7947.723	-8197.943	250.2194	0.7527558	0.5128692	0.454896	0.545104	7.824569
6252	-7931.206	-8182.27	251.0633	0.7766176	0.5630196	0.464221	0.535779	7.317798
6258	-7943.43	-8194.476	251.0461	0.8184824	0.6216985	0.398492	0.601508	7.258303
6264	-7948.161	-8200.192	252.0307	0.8184824	0.6720813	0.473072	0.526928	6.690564
6270	-7952.288	-8202.883	250.5949	0.8293818	0.6153855	0.516065	0.483935	7.499266
6276	-7966.154	-8217.82	251.6659	0.8781253	0.5568581	0.50082	0.49918	6.944258
6282	-7947.412	-8198.906	251.4947	0.9082498	0.6488738	0.441394	0.558606	6.948335
6288	-7940.759	-8192.819	252.06	0.8855839	0.5254116	0.441394	0.558606	6.754199
6294	-7933.891	-8184.952	251.0612	0.8209679	0.5564706	0.449848	0.550152	7.300491
6300	-7938.223	-8188.705	250.4821	0.8081092	0.5163791	0.540022	0.459978	7.651487
6306	-7936.255	-8187.681	251.4264	0.8081092	0.5575835	0.540022	0.459978	7.110249
6312	-7938.324	-8190.637	252.3135	0.8302882	0.5848093	0.506874	0.493126	6.597693
6318	-7928.988	-8180.26	251.2716	0.8729412	0.5824517	0.520161	0.479839	7.138473
6324	-7928.164	-8179.384	251.2198	0.8837722	0.6105155	0.52856	0.47144	7.138473
6330	-7927.25	-8178.053	250.8026	0.7620289	0.5629868	0.549039	0.450961	7.465473
6336	-7934.784	-8184.399	249.6147	0.6700056	0.5025494	0.487312	0.512688	8.200189
6342	-7921.38	-8171.006	249.6258	0.6872761	0.5222898	0.487312	0.512688	8.167975
6348	-7924.61	-8176.03	251.4202	0.7851763	0.5219251	0.456152	0.543848	7.155962
6354	-7930.228	-8181.373	251.1456	0.8289173	0.4974931	0.511727	0.488273	7.301379
6360	-7941.408	-8192.083	250.6752	0.7618551	0.6388347	0.457243	0.542757	7.474725
6366	-7940.876	-8192.184	251.3076	0.8268929	0.4783762	0.472929	0.527071	7.232769
6372	-7933.207	-8184.591	251.3848	0.8249022	0.5034123	0.472929	0.527071	7.169837
6378	-7934.915	-8186.667	251.7522	0.8249022	0.5693249	0.495238	0.504762	6.916204
6384	-7930.573	-8182.344	251.7711	0.8575539	0.5358942	0.495238	0.504762	6.916204
6390	-7924.659	-8176.096	251.4376	0.8078031	0.5310226	0.511122	0.488878	7.12666
6396	-7936.464	-8187.713	251.2483	0.7588151	0.5310226	0.512242	0.487758	7.254694
6402	-7947.384	-8197.508	250.124	0.7513056	0.5859766	0.489186	0.510814	7.815794
6408	-7957.052	-8207.182	250.1307	0.7121911	0.6276781	0.464736	0.535264	7.800997
6414	-7958.868	-8208.473	249.6056	0.7121911	0.4941481	0.46859	0.53141	8.18995
6420	-7950.13	-8200.338	250.2082	0.8382228	0.4870487	0.402178	0.597822	7.80767
6426	-7959.474	-8211.529	252.0548	0.8617905	0.4870487	0.402178	0.597822	6.803777
6432	-7943.686	-8195.668	251.9817	0.7885963	0.5241146	0.465127	0.534873	6.849897
6438	-7935.826	-8185.643	249.8166	0.6949931	0.535858	0.438582	0.561418	8.050715
6444	-7950.491	-8200.443	249.9516	0.7365387	0.6004425	0.452373	0.547627	7.904435
6450	-7944.42	-8194.345	249.9249	0.7899532	0.6500565	0.497413	0.502587	7.852766
6456	-7940.688	-8190.62	249.932	0.7572814	0.6064398	0.467764	0.532236	7.899161
6462	-7942.369	-8192.118	249.7485	0.735559	0.5441648	0.493549	0.506451	8.058442
6468	-7948.333	-8198.947	250.6143	0.8240577	0.6785854	0.493549	0.506451	7.445078
6474	-7928.712	-8180.181	251.4688	0.8511541	0.5184193	0.47003	0.52997	7.097388
6480	-7941.457	-8192.74	251.2832	0.7870112	0.6904683	0.47003	0.52997	7.097388
6486	-7949.495	-8202.446	252.9511	0.9409455	0.6636434	0.500426	0.499574	6.131173
6492	-7947.721	-8199.7	251.9792	0.89692	0.568212	0.532373	0.467627	6.755798
6498	-7931.839	-8183.575	251.736	0.8800569	0.5189804	0.532373	0.467627	6.937505
6504	-7949.5	-8201.376	251.8761	0.8564174	0.6570618	0.494689	0.505311	6.764569
6510	-7957.351	-8208.734	251.383	0.8461039	0.4598079	0.51066	0.48934	7.199172
6516	-7958.203	-8209.666	251.4632	0.8286445	0.5704835	0.491893	0.508107	7.068862
6522	-7952.263	-8204.696	252.4333	0.8312416	0.6025211	0.545222	0.454778	6.518309
6528	-7958.305	-8208.605	250.3009	0.8135154	0.5671824	0.402149	0.597851	7.703065
6534	-7942.956	-8193.593	250.6365	0.8265546	0.6176134	0.524134	0.475866	7.476804
6540	-7943.01	-8194.631	251.6212	0.8306533	0.5679748	0.547124	0.452876	6.984781
6546	-7937.411	-8188.604	251.1927	0.866678	0.5492309	0.547124	0.452876	7.21134
6552	-7930.429	-8181.67	251.241	0.8003744	0.4901429	0.472494	0.527506	7.272064
6558	-7923.473	-8173.2	249.7274	0.8003744	0.5001628	0.462109	0.537891	8.07275
6564	-7929.377	-8180.469	251.0922	0.8697528	0.6021226	0.534441	0.465559	7.221084
6570	-7924.456	-8175.193	250.7369	0.7421163	0.5415424	0.441451	0.558549	7.529007
6576	-7948.658	-8199.463	250.8057	0.8318563	0.457649	0.483375	0.516625	7.518527
6582	-7945.818	-8195.767	249.9495	0.7238238	0.5997197	0.498391	0.501609	7.912877
6588	-7956.516	-8205.267	248.7507	0.7437505	0.4811273	0.531525	0.468475	8.639298
6594	-7965.86	-8216.028	250.1681	0.7786108	0.582463	0.455238	0.544762	7.780429
6600	-7956.678	-8206.901	250.223	0.7107827	0.582463	0.444285	0.555715	7.787372
6606	-7967.896	-8218.29	250.3943	0.7616746	0.4924788	0.542981	0.457019	7.744272
6612	-7966.489	-8217.71	251.2208	0.7501596	0.4805842	0.444299	0.555701	7.318542
6618	-7971.864	-8222.637	250.7729	0.8767543	0.5625984	0.463762	0.536238	7.420218
6624	-7942.827	-8193.308	250.481	0.7593278	0.5625984	0.463762	0.536238	7.639421
6630	-7929.129	-8180.697	251.5673	0.8037595	0.5595932	0.463762	0.536238	7.035126
6636	-7943.431	-8193.465	250.034	0.7500195	0.6228539	0.473896	0.526104	7.83605
6642	-7941.789	-8193.637	251.8481	0.7842111	0.6082567	0.492195	0.507805	6.855524
6648	-7937.8	-8189.632	251.8313	0.7725182	0.6282603	0.492195	0.507805	6.855524
6654	-7949.257	-8199.758	250.5013	0.6918679	0.6282603	0.431195	0.568805	7.613247
6660	-7943.5	-8193.081	249.5805	0.7554715	0.6518448	0.468794	0.531206	8.053619
6666	-7942.941	-8193.428	250.487	0.7542079	0.6058202	0.488679	0.511321	7.604659
6672	-7944.313	-8195.335	251.0229	0.7964711	0.5050334	0.509769	0.490231	7.377968
6678	-7940.054	-8192.138	252.0847	0.9022684	0.5432395	0.538983	0.461017	6.716639
6684	-7942.474	-8193.188	250.7145	0.7973033	0.5655393	0.473393	0.526607	7.491681
6690	-7947.53	-8198.36	250.8302	0.7370174	0.5342325	0.473393	0.526607	7.487949
6696	-7942.45	-8193.015	250.5653	0.7118322	0.5489093	0.480889	0.519111	7.630956
6702	-7939.243	-8189.537	250.2943	0.7103754	0.6307262	0.455868	0.544132	7.712209
6708	-7924.061	-8176.41	252.3493	0.7950378	0.5884513	0.42477	0.57523	6.594487
6714	-7924.833	-8176.415	251.5817	0.7730191	0.5795596	0.509092	0.490908	7.027703
6720	-7935.344	-8186.588	251.2444	0.7807259	0.6200751	0.509092	0.490908	7.173319
6726	-7935.896	-8187.156	251.2603	0.767218	0.6183723	0.509092	0.490908	7.173319
6732	-7943.007	-8195.238	252.2308	0.7670614	0.5526119	0.546746	0.453254	6.702906
6738	-7958.268	-8209.496	251.228	0.8838476	0.4575037	0.456822	0.543178	7.264331
6744	-7931.57	-8182.076	250.5056	0.7872068	0.5148164	0.48804	0.51196	7.651462
6750	-7921.196	-8172.506	251.3094	0.794158	0.5851236	0.48804	0.51196	7.158362
6756	-7927.791	-8179.524	251.733	0.7515553	0.5851236	0.489903	0.510097	6.953367
6762	-7936.923	-8188.969	252.0469	0.8439914	0.5575419	0.440446	0.559554	6.756603
6768	-7939.448	-8191.379	251.9311	0.8537158	0.5917625	0.440446	0.559554	6.786172
6774	-7940.748	-8192.276	251.5275	0.8123871	0.5334927	0.528786	0.471214	7.073734
6780	-7936.936	-8187.65	250.7133	0.7234219	0.5721392	0.541733	0.458267	7.526548
6786	-7925.089	-8175.814	250.7243	0.7436061	0.4940808	0.541733	0.458267	7.576021
6792	-7929.341	-8180.513	251.1726	0.795096	0.5785078	0.523083	0.476917	7.236663
6798	-7939.717	-8191.385	251.6674	0.8745111	0.4941363	0.537929	0.462071	6.999351
6804	-7945.516	-8196.976	251.4597	0.7885159	0.5542934	0.528077	0.471923	7.105593
6810	-7926.423	-8177.755	251.3321	0.8834746	0.5758433	0.42773	0.57227	7.105593
6816	-7926.212	-8177.683	251.4708	0.81852	0.5280273	0.468279	0.531721	7.105593
6822	-7943.131	-8194.022	250.8909	0.8342341	0.6558763	0.486973	0.513027	7.307645
6828	-7944.927	-8195.232	250.3057	0.7163199	0.6383135	0.466206	0.533794	7.697307
6834	-7931.145	-8182.278	251.1327	0.7850643	0.6181649	0.466206	0.533794	7.232423
6840	-7951.425	-8202.568	251.1433	0.7850643	0.6107549	0.473052	0.526948	7.232423
6846	-7939.593	-8190.177	250.5844	0.7593178	0.599267	0.460474	0.539526	7.554893
6852	-7923.812	-8174.256	250.4442	0.7593178	0.5025093	0.460474	0.539526	7.709981
6858	-7931.462	-8181.794	250.3324	0.8085737	0.5025093	0.522014	0.477986	7.743415
6864	-7932.115	-8182.484	250.3692	0.7912918	0.4907627	0.522014	0.477986	7.743415
6870	-7937.737	-8187.913	250.1758	0.7915076	0.615911	0.448125	0.551875	7.743415
6876	-7949.1	-8200.744	251.6436	0.7876685	0.615911	0.489267	0.510733	6.957931
6882	-7930.571	-8181.681	251.1101	0.7876685	0.5312489	0.489267	0.510733	7.313192
6888	-7936.902	-8188.098	251.1961	0.7761683	0.4856746	0.497401	0.502599	7.313192
6894	-7924.468	-8173.702	249.2332	0.6826284	0.5464831	0.466245	0.533755	8.359071
6900	-7933.869	-8184.192	250.3232	0.7686728	0.5175363	0.466245	0.533755	7.756574
6906	-7943.495	-8194.617	251.1223	0.8160044	0.7017567	0.534034	0.465966	7.16036
6912	-7939.669	-8189.984	250.3147	0.801909	0.5655337	0.455645	0.544355	7.703194
6918	-7950.494	-8200.685	250.1918	0.701	0.7274864	0.423667	0.576333	7.703194
6924	-7944.471	-8194.377	249.9059	0.8124653	0.7037104	0.55023	0.44977	7.812658
6930	-7942.981	-8192.776	249.7955	0.7585548	0.5773912	0.418538	0.581462	7.994086
6936	-7938.322	-8188.337	250.015	0.7492304	0.5773912	0.418538	0.581462	7.881918
6942	-7943.924	-8194.855	250.9312	0.8680929	0.54782	0.454706	0.545294	7.352129
6948	-7941.447	-8192.359	250.9123	0.8222587	0.5440143	0.430658	0.569342	7.390011
6954	-7932.492	-8182.978	250.4859	0.786859	0.5564787	0.452124	0.547876	7.627068
6960	-7943.08	-8194.295	251.2146	0.8036001	0.5905186	0.474176	0.525824	7.199999
6966	-7955.407	-8205.896	250.4885	0.7594629	0.5905186	0.543086	0.456914	7.61296
6972	-7939.701	-8189.78	250.0792	0.8012689	0.6245518	0.522457	0.477543	7.783248
6978	-7939.162	-8189.925	250.763	0.8012689	0.7049703	0.522457	0.477543	7.358978
6984	-7950.441	-8202.344	251.9025	0.8750554	0.5069772	0.538534	0.461466	6.860977
6990	-7952.863	-8204.734	251.8716	0.8846153	0.506122	0.535363	0.464637	6.873198
6996	-7948.347	-8199.736	251.3891	0.8601172	0.5296219	0.562236	0.437764	7.125826
7002	-7940.587	-8193.689	253.102	0.8601172	0.5063772	0.556765	0.443235	6.220146
7008	-7935.671	-8187.672	252.0013	0.7984937	0.5685345	0.4702	0.5298	6.796759
7014	-7936.092	-8186.983	250.891	0.7636768	0.5685345	0.462804	0.537196	7.412654
7020	-7935.849	-8186.014	250.1649	0.8010927	0.5751889	0.418818	0.581182	7.775958
7026	-7948.317	-8197.846	249.529	0.690735	0.5956777	0.441337	0.558663	8.157886
7032	-7938.196	-8188.065	249.8689	0.7033565	0.5513519	0.469114	0.530886	8.005477
7038	-7943.221	-8194.03	250.8087	0.821561	0.4580849	0.469175	0.530825	7.522061
7044	-7952.947	-8203.7	250.7523	0.8314706	0.4850729	0.450346	0.549654	7.522061
7050	-7939.877	-8189.799	249.9215	0.7762593	0.4805333	0.481392	0.518608	7.99971
7056	-7953.706	-8203.759	250.053	0.743744	0.542477	0.478664	0.521336	7.893058
7062	-7953.333	-8205.624	252.2907	0.8296671	0.6041839	0.542794	0.457206	6.595025
7068	-7947.009	-8199.084	252.0751	0.8381811	0.6041839	0.481157	0.518843	6.707016
7074	-7946.423	-8198.572	252.1489	0.8323959	0.558453	0.494437	0.505563	6.707016
7080	-7938.174	-8190.326	252.1527	0.8286255	0.558453	0.433365	0.566635	6.707016
7086	-7939.831	-8191.797	251.9662	0.8332413	0.5154245	0.433365	0.566635	6.841727
7092	-7941.121	-8192.917	251.7959	0.802555	0.5425798	0.499046	0.500954	6.926836
7098	-7942.899	-8193.191	250.2922	0.7796318	0.5372244	0.525317	0.474683	7.750492
7104	-7943.036	-8194.098	251.0614	0.8269107	0.5372244	0.463391	0.536609	7.313229
7110	-7936.337	-8186.833	250.4961	0.7552291	0.5063075	0.463391	0.536609	7.681053
7116	-7945.505	-8196.514	251.0092	0.7665117	0.5827369	0.454592	0.545408	7.336372
7122	-7939.573	-8191.021	251.4476	0.7665117	0.5594125	0.488344	0.511656	7.119726
7128	-7930.894	-8182.262	251.3679	0.8453315	0.5600051	0.537882	0.462118	7.119726
7134	-7947.278	-8198.751	251.4735	0.8599311	0.4850826	0.495219	0.504781	7.119726
7140	-7931.795	-8181.625	249.8296	0.7739911	0.5178833	0.486893	0.513107	8.0169
7146	-7928.301	-8178.846	250.5452	0.8002839	0.5828645	0.498011	0.501989	7.56686
7152	-7930.351	-8180.983	250.6321	0.7803824	0.5389081	0.45618	0.54382	7.56686
7158	-7921.281	-8171.941	250.6599	0.7173786	0.552744	0.45618	0.54382	7.574175
7164	-7934.306	-8184.24	249.9342	0.7801459	0.6763142	0.519898	0.480102	7.834042
7170	-7941.384	-8191.543	250.159	0.7323109	0.5033599	0.519898	0.480102	7.876048
7176	-7951.432	-8201.448	250.0157	0.7420126	0.6116516	0.485976	0.514024	7.858642
7182	-7954.807	-8203.883	249.0756	0.7287896	0.4917292	0.439765	0.560235	8.465232
7188	-7933.644	-8184.569	250.9251	0.8661434	0.5326918	0.495513	0.504487	7.369153
7194	-7926.371	-8178.355	251.9832	0.8896887	0.5678153	0.495513	0.504487	6.757887
7200	-7929.166	-8180.872	251.7058	0.8279904	0.5754112	0.495513	0.504487	6.934615
7206	-7938.691	-8189.51	250.8191	0.8279904	0.5083695	0.490153	0.509847	7.467386
7212	-7940.287	-8189.818	249.5315	0.7122866	0.5512186	0.45044	0.54956	8.180615
7218	-7934.039	-8183.934	249.8942	0.7068894	0.4961409	0.424155	0.575845	8.037243
7224	-7944.42	-8194.779	250.3587	0.7553413	0.5652057	0.486381	0.513619	7.704831
7230	-7945.159	-8195.611	250.4515	0.7553413	0.506321	0.481526	0.518474	7.704831
7236	-7942.326	-8193.147	250.8212	0.7352046	0.5544472	0.468494	0.531506	7.476838
7242	-7951.057	-8201.686	250.6289	0.7352046	0.5377149	0.509843	0.490157	7.593782
7248	-7930.21	-8180.773	250.5632	0.7857678	0.5977132	0.517262	0.482738	7.553278
7254	-7945.286	-8195.68	250.3939	0.8276655	0.6897651	0.540019	0.459981	7.553278
7260	-7952.867	-8204.3	251.4329	0.8083527	0.5451006	0.530553	0.469447	7.117024
7266	-7963.304	-8214.454	251.15	0.8484996	0.5075007	0.492748	0.507252	7.27965
7272	-7949.698	-8200.234	250.5364	0.8282109	0.5023169	0.496884	0.503116	7.623991
7278	-7947.323	-8197.679	250.3563	0.840804	0.6113828	0.496884	0.503116	7.623991
7284	-7949.273	-8200.97	251.6972	0.7977307	0.5517266	0.473815	0.526185	6.974944
7290	-7945.618	-8197.313	251.6955	0.7767699	0.5665641	0.534213	0.465787	6.974944
7296	-7933.627	-8184.101	250.4743	0.7606817	0.5218916	0.546653	0.453347	7.676299
7302	-7938.964	-8189.384	250.4202	0.761433	0.6303741	0.439083	0.560917	7.617856
7308	-7938.766	-8188.981	250.2142	0.8083199	0.6432664	0.473137	0.526863	7.69333
7314	-7927.769	-8177.931	250.162	0.7500518	0.6031247	0.512992	0.487008	7.782784
7320	-7932.248	-8182.018	249.7692	0.7748006	0.5401422	0.528604	0.471396	8.029814
7326	-7943.12	-8194.861	251.7407	0.8895807	0.5510267	0.46826	0.53174	6.902607
7332	-7947.817	-8198.663	250.8461	0.7867983	0.5510267	0.463938	0.536062	7.438677
7338	-7939.053	-8190.264	251.2112	0.8304481	0.5118751	0.463938	0.536062	7.25266
7344	-7943.45	-8194.195	250.7455	0.7943884	0.600321	0.48315	0.51685	7.448972
7350	-7939.019	-8190.733	251.7138	0.8201647	0.4402501	0.48315	0.51685	7.053951
7356	-7949.345	-8201.57	252.2251	0.8004996	0.4828925	0.502634	0.497366	6.74874
7362	-7940.809	-8193.402	252.5932	0.8783612	0.6575142	0.469404	0.530596	6.36422
7368	-7943.894	-8192.833	248.9392	0.7242992	0.5134277	0.483733	0.516267	8.521045
7374	-7939.785	-8191.052	251.267	0.7508711	0.5308414	0.501394	0.498606	7.249093
7380	-7943.08	-8192.979	249.8983	0.7493309	0.5702094	0.523357	0.476643	7.94994
7386	-7938.267	-8187.095	248.828	0.7084691	0.5618332	0.489676	0.510324	8.548132
7392	-7944.883	-8195.285	250.4011	0.6807246	0.4787041	0.417447	0.582553	7.796328
7398	-7941.779	-8192.507	250.7271	0.7655355	0.640335	0.425911	0.574089	7.443854
7404	-7952.2	-8202.816	250.6156	0.6878279	0.5230781	0.479084	0.520916	7.638652
7410	-7951.033	-8200.55	249.5175	0.655955	0.6608859	0.52177	0.47823	8.133654
7416	-7941.85	-8193.063	251.2125	0.7678439	0.5173704	0.473678	0.526322	7.280797
7422	-7937.423	-8190.045	252.6225	0.8780933	0.5173704	0.394726	0.605274	6.460956
7428	-7947.04	-8200.295	253.2545	0.7831781	0.5371698	0.394726	0.605274	6.152144
7434	-7943.765	-8197.577	253.8128	0.9007991	0.5418658	0.492698	0.507302	5.779239
7440	-7944.764	-8197.817	253.0536	0.9305478	0.5022317	0.492698	0.507302	6.211849
7446	-7930.031	-8182.838	252.8066	0.8788845	0.5659848	0.472488	0.527512	6.319422
7452	-7942.443	-8194.684	252.2411	0.8788845	0.5171315	0.487122	0.512878	6.667175
7458	-7937.28	-8188.609	251.3293	0.8466172	0.5328834	0.506337	0.493663	7.162411
7464	-7939.581	-8190.707	251.1265	0.8386748	0.4638126	0.464294	0.535706	7.337143
7470	-7930.687	-8182.765	252.0781	0.7885468	0.6127362	0.464294	0.535706	6.725537
7476	-7934.452	-8184.634	250.182	0.7327166	0.5451246	0.529568	0.470432	7.827835
7482	-7934.18	-8184.363	250.1827	0.7718615	0.5416416	0.453099	0.546901	7.809474
7488	-7937.12	-8187.716	250.5962	0.7232245	0.5176837	0.453099	0.546901	7.63477
7494	-7933.444	-8184.54	251.0959	0.8255657	0.5972884	0.504037	0.495963	7.246603
7500	-7949.335	-8200.481	251.1458	0.85203	0.5465816	0.495814	0.504186	7.246603
7506	-7966.139	-8217.728	251.5895	0.8927469	0.5364299	0.458376	0.541624	6.994635
7512	-7954.025	-8206.507	252.4814	0.8822771	0.5459142	0.500979	0.499021	6.510621
7518	-7966.424	-8218.88	252.4562	0.9443537	0.3918252	0.536056	0.463944	6.635534
7524	-7959.878	-8212.778	252.9001	0.9207836	0.5318226	0.394514	0.605486	6.274618
7530	-7955.407	-8207.125	251.7183	0.7982847	0.5571601	0.529494	0.470506	6.958773
7536	-7945.038	-8194.975	249.9378	0.8126771	0.5793396	0.493241	0.506759	7.887741
7542	-7941.816	-8192.534	250.7184	0.8247745	0.5793396	0.439117	0.560883	7.463733
7548	-7935.387	-8186.869	251.4824	0.8272197	0.5319916	0.512928	0.487072	7.091305
7554	-7946.588	-8198.397	251.8096	0.898613	0.4945889	0.486666	0.513334	6.909389
7560	-7944.73	-8196.4	251.67	0.8206739	0.6561758	0.486666	0.513334	6.895704
7566	-7934.615	-8185.034	250.4182	0.7546689	0.5548809	0.400552	0.599448	7.681813
7572	-7953.552	-8204.401	250.8485	0.7855167	0.5524321	0.481968	0.518032	7.436916
7578	-7950.893	-8202.603	251.7098	0.7751241	0.6026546	0.542949	0.457051	6.939312
7584	-7938.503	-8189.312	250.8093	0.7873053	0.6006599	0.508025	0.491975	7.418297
7590	-7953.959	-8204.122	250.1624	0.7716795	0.5171845	0.452203	0.547797	7.841155
7596	-7947.62	-8198.152	250.5323	0.7593883	0.5572369	0.448943	0.551057	7.616304
7602	-7947.072	-8197.362	250.2897	0.8291584	0.5795268	0.524032	0.475968	7.690727
7608	-7935.081	-8187.638	252.557	0.9041355	0.4701749	0.546917	0.453083	6.524995
7614	-7950.089	-8201.102	251.0125	0.7682948	0.606731	0.502666	0.497334	7.314777
7620	-7947.421	-8199.113	251.692	0.8200064	0.6906783	0.546151	0.453849	6.859257
7626	-7925.433	-8176.742	251.309	0.8366305	0.564918	0.546151	0.453849	7.152044
7632	-7937.482	-8188.25	250.7685	0.7769617	0.5288144	0.491202	0.508798	7.504214
7638	-7937.755	-8189.388	251.6332	0.7440571	0.5510143	0.485766	0.514234	7.038921
7644	-7944.539	-8192.944	248.4051	0.6690408	0.5510143	0.48794	0.51206	8.802225
7650	-7939.433	-8190.276	250.8425	0.7865639	0.6238556	0.48794	0.51206	7.383069
7656	-7952.732	-8202.722	249.9901	0.6995217	0.548422	0.528439	0.471561	7.945279
7662	-7955.134	-8205.582	250.4483	0.7083669	0.5287872	0.525553	0.474447	7.712308
7668	-7948.419	-8198.764	250.3457	0.7648167	0.5583322	0.468773	0.531227	7.712308
7674	-7937.468	-8188.759	251.2907	0.7940929	0.5583322	0.446333	0.553667	7.190111
7680	-7944.777	-8194.693	249.9163	0.7296804	0.5845025	0.488874	0.511126	7.939397
7686	-7952.151	-8204.34	252.1891	0.7644916	0.5181362	0.488874	0.511126	6.756185
7692	-7934.819	-8186.463	251.6434	0.8022064	0.4963196	0.506362	0.493638	7.04928
7698	-7938.605	-8189.934	251.3286	0.8068827	0.4781213	0.53792	0.46208	7.23244
7704	-7945.913	-8197.199	251.286	0.7996931	0.5079923	0.43683	0.56317	7.23244
7710	-7941.4	-8192.657	251.2574	0.8282502	0.5079923	0.43683	0.56317	7.23244
7716	-7931.649	-8182.839	251.1899	0.8157551	0.5372398	0.469589	0.530411	7.250227
7722	-7926.717	-8178.486	251.7683	0.8820873	0.5372398	0.472513	0.527487	6.903349
7728	-7925.806	-8176.936	251.1293	0.8083627	0.5228942	0.457197	0.542803	7.298939
7734	-7931.952	-8183.147	251.1953	0.868681	0.4481641	0.457231	0.542769	7.298939
7740	-7942.992	-8195.236	252.2438	0.856148	0.5973574	0.530799	0.469201	6.611475
7746	-7928.548	-8181.552	253.0043	0.9805391	0.5705378	0.530799	0.469201	6.152927
7752	-7929.091	-8181.074	251.9829	0.9351052	0.4850292	0.53214	0.46786	6.804865
7758	-7936.814	-8189.366	252.5519	0.8957581	0.5645164	0.53214	0.46786	6.449636
7764	-7937.893	-8191.104	253.211	0.9734523	0.5940425	0.53214	0.46786	6.025186
7770	-7939.68	-8191.659	251.9795	0.8431953	0.5350581	0.509589	0.490411	6.812256
7776	-7944.128	-8196.574	252.4464	0.9361567	0.5531964	0.509589	0.490411	6.494303
7782	-7946.54	-8199.058	252.5174	0.9361567	0.5084094	0.509589	0.490411	6.494303
7788	-7950.3	-8200.639	250.3391	0.7895067	0.5843798	0.493531	0.506469	7.681701
7794	-7946.789	-8197.029	250.2395	0.7116496	0.6304691	0.532696	0.467304	7.741042
7800	-7935.181	-8184.345	249.1637	0.6781103	0.5778503	0.423145	0.576855	8.373037
7806	-7942.157	-8192.008	249.851	0.7739673	0.510565	0.520044	0.479956	8.011859
7812	-7944.033	-8194.952	250.9193	0.8040124	0.5379956	0.436988	0.563012	7.401115
7818	-7947.368	-8198.164	250.7962	0.8040124	0.5379956	0.481311	0.518689	7.467056
7824	-7937.161	-8187.068	249.9068	0.861989	0.4961626	0.44134	0.55866	7.947798
7830	-7944.923	-8197.119	252.1961	0.8833373	0.6214776	0.466943	0.533057	6.603784
7836	-7951.361	-8202.126	250.7648	0.8150946	0.5148253	0.44856	0.55144	7.497795
7842	-7959.291	-8209.87	250.5791	0.8787192	0.5133526	0.4929	0.5071	7.56442
7848	-7947.491	-8198.137	250.646	0.7887442	0.5277034	0.448735	0.551265	7.56442
7854	-7944.307	-8195.619	251.3117	0.7996568	0.5295823	0.493502	0.506498	7.19992
7860	-7954.921	-8205.168	250.2471	0.7052352	0.6022521	0.54705	0.45295	7.761898
7866	-7948.072	-8198.313	250.241	0.8038447	0.5408611	0.496203	0.503797	7.761898
7872	-7950.671	-8199.807	249.1359	0.7821814	0.5150134	0.491443	0.508557	8.384404
7878	-7929.717	-8180.358	250.6407	0.8165796	0.5692579	0.477733	0.522267	7.517851
7884	-7928.223	-8179.284	251.061	0.7978296	0.5534819	0.490703	0.509297	7.315488
7890	-7933.291	-8184.008	250.7174	0.7835707	0.6057448	0.490703	0.509297	7.465601
7896	-7931.377	-8182.506	251.1288	0.7696096	0.5381885	0.489107	0.510893	7.307
7902	-7937.057	-8187.375	250.3175	0.8505107	0.5763877	0.496823	0.503177	7.666954
7908	-7931.997	-8183.253	251.2561	0.7850732	0.5902457	0.480306	0.519694	7.187842
7914	-7941.236	-8191.332	250.0955	0.7822209	0.4814111	0.462306	0.537694	7.902867
7920	-7942.131	-8192.116	249.9853	0.7822209	0.5797091	0.440659	0.559341	7.878347
7926	-7957.48	-8208.323	250.8428	0.7678456	0.53039	0.407308	0.592692	7.467933
7932	-7955.58	-8206.368	250.7876	0.7681788	0.5657959	0.439695	0.560305	7.467933
7938	-7949.162	-8199.729	250.5668	0.6941583	0.5185609	0.518232	0.481768	7.665282
7944	-7955.515	-8207.122	251.6071	0.8430572	0.5185609	0.517106	0.482894	7.02722
7950	-7938.317	-8190.206	251.8888	0.8568891	0.4943393	0.506411	0.493589	6.889378
7956	-7926.434	-8177.994	251.5598	0.7869984	0.6082336	0.481591	0.518409	7.00939
7962	-7918.291	-8169.716	251.4253	0.7742437	0.5788012	0.481591	0.518409	7.111814
7968	-7942.508	-8195.233	252.7247	0.8536057	0.576784	0.522607	0.477393	6.368776
7974	-7939.326	-8189.998	250.6714	0.782733	0.5177254	0.537728	0.462272	7.562619
7980	-7935.271	-8186.376	251.105	0.8126217	0.553207	0.450222	0.549778	7.284153
7986	-7932.67	-8183.729	251.0583	0.8068784	0.5880011	0.450222	0.549778	7.284153
7992	-7931.197	-8181.226	250.0289	0.6909125	0.5958352	0.568968	0.431032	7.891078
7998	-7931.869	-8180.587	248.718	0.6910375	0.5533283	0.460853	0.539147	8.622694
8004	-7937.4	-8187.114	249.714	0.750175	0.4894944	0.460853	0.539147	8.116142
8010	-7939.452	-8189.997	250.5451	0.8374668	0.6648651	0.461056	0.538944	7.484806
8016	-7941.672	-8192.868	251.1957	0.7981142	0.5563201	0.461056	0.538944	7.240685
8022	-7928.569	-8179.532	250.9628	0.7701011	0.5388097	0.50455	0.49545	7.395283
8028	-7939.729	-8190.848	251.1189	0.8215784	0.5213955	0.50455	0.49545	7.29875
8034	-7938.338	-8190.8	252.4618	0.9348677	0.5931755	0.466064	0.533936	6.454131
8040	-7933.804	-8186.887	253.0827	0.8542884	0.5998303	0.466064	0.533936	6.155406
8046	-7940.771	-8194.648	253.8775	0.992064	0.6798592	0.439631	0.560369	5.584894
8052	-7931.42	-8184.874	253.4548	0.905652	0.6747716	0.480462	0.519538	5.867487
8058	-7937.523	-8189.498	251.9751	0.8917608	0.6177857	0.456197	0.543803	6.721554
8064	-7938.602	-8191.149	252.5474	0.9200958	0.6177857	0.460098	0.539902	6.396413
8070	-7934.71	-8185.998	251.2882	0.8534993	0.5077148	0.460098	0.539902	7.202552
8076	-7939.735	-8190.364	250.6289	0.8351038	0.5523485	0.464108	0.535892	7.528085
8082	-7930.42	-8180.245	249.8251	0.7264683	0.5492513	0.445453	0.554547	8.018218
8088	-7932.459	-8182.679	250.2199	0.7280476	0.5535468	0.478324	0.521676	7.803119
8094	-7937.891	-8188.914	251.023	0.7489898	0.5433436	0.463062	0.536938	7.370515
8100	-7949.292	-8201.089	251.7967	0.8397403	0.5536205	0.448165	0.551835	6.897141
8106	-7940.934	-8191.808	250.8743	0.7393743	0.4893532	0.477722	0.522278	7.502167
8112	-7927.156	-8176.466	249.3099	0.7133965	0.606285	0.440709	0.559291	8.254256
8118	-7919.363	-8170.292	250.929	0.8069036	0.5426567	0.461247	0.538753	7.390403
8124	-7927.827	-8179.545	251.718	0.8225377	0.5119057	0.461247	0.538753	6.984334
8130	-7936.284	-8186.933	250.6487	0.8182283	0.6000433	0.476623	0.523377	7.488265
8136	-7940.881	-8192.71	251.8286	0.7707445	0.5605403	0.506753	0.493247	6.911384
8142	-7939.677	-8189.529	249.8515	0.7943837	0.5256212	0.462634	0.537366	7.987744
8148	-7949.192	-8199.209	250.017	0.7824989	0.5145191	0.462634	0.537366	7.915328
8154	-7948.85	-8199.414	250.5642	0.7824989	0.5166431	0.461965	0.538035	7.621057
8160	-7937.855	-8187.819	249.9637	0.6776743	0.5887892	0.482679	0.517321	7.938488
8166	-7943.346	-8193.423	250.0775	0.6776743	0.5830648	0.486302	0.513698	7.882268
8172	-7941.514	-8191.248	249.7338	0.6774975	0.5554705	0.429427	0.570573	8.0879
8178	-7924.91	-8175.309	250.3988	0.6870447	0.5382154	0.476197	0.523803	7.742161
8184	-7939.473	-8190.661	251.1882	0.8149711	0.4544492	0.476197	0.523803	7.325559
8190	-7961.732	-8211.544	249.8128	0.6458343	0.5069269	0.536337	0.463663	8.103715
8196	-7949.84	-8201.027	251.1872	0.8304342	0.4492661	0.462087	0.537913	7.322723
8202	-7939.94	-8192.14	252.2001	0.8666214	0.6385822	0.465383	0.534617	6.597693
8208	-7933.844	-8186.473	252.6295	0.8134221	0.603638	0.485931	0.514069	6.420799
8214	-7924.489	-8174.144	249.6547	0.8211402	0.5168007	0.485931	0.514069	8.085979
8220	-7918.555	-8168.421	249.8655	0.7498652	0.5634596	0.507097	0.492903	7.972571
8226	-7932.34	-8182.339	249.9989	0.7498652	0.4804525	0.46312	0.53688	7.972571
8232	-7929.189	-8179.721	250.532	0.7960548	0.5082847	0.578011	0.421989	7.638322
8238	-7943.641	-8194.448	250.8071	0.7355151	0.5339466	0.486424	0.513576	7.50135
8244	-7940.777	-8192.821	252.0443	0.8687265	0.5393375	0.496068	0.503932	6.759874
8250	-7939.493	-8190.604	251.1113	0.8589264	0.5024375	0.474051	0.525949	7.299295
8256	-7943.344	-8195.308	251.9645	0.8817291	0.5231203	0.454386	0.545614	6.809782
8262	-7971.624	-8222.85	251.2254	0.9954416	0.6485815	0.454386	0.545614	7.046601
8268	-7972.525	-8225.675	253.1495	0.9607995	0.648468	0.558547	0.441453	6.023547
8274	-7934.862	-8186.709	251.8472	0.823009	0.6465556	0.530486	0.469514	6.805948
8280	-7940.124	-8191.475	251.3512	0.9363674	0.5238523	0.431368	0.568632	7.110099
8286	-7947.839	-8199.244	251.4048	0.8423949	0.5495123	0.542853	0.457147	7.110099
8292	-7939.679	-8191.136	251.4573	0.8423949	0.5163148	0.509368	0.490632	7.110099
8298	-7931.017	-8182.68	251.6627	0.8853006	0.5716114	0.509368	0.490632	6.930053
8304	-7937.559	-8189.962	252.4039	0.8898235	0.5854572	0.44617	0.55383	6.516031
8310	-7933.681	-8185.991	252.3096	0.8070745	0.4950712	0.530317	0.469683	6.68852
8316	-7941.625	-8194.407	252.7821	0.8501879	0.476102	0.451342	0.548658	6.426708
8322	-7946.743	-8198.957	252.2131	0.9225889	0.6118445	0.473207	0.526793	6.580798
8328	-7939	-8190.315	251.3157	0.7820945	0.6118445	0.491157	0.508843	7.140575
8334	-7931.621	-8183.046	251.4251	0.7498767	0.5596475	0.467222	0.532778	7.140575
8340	-7930.187	-8182.159	251.9718	0.8643639	0.5826593	0.527195	0.472805	6.765674
8346	-7933.557	-8186.231	252.6748	0.8842538	0.4918587	0.527195	0.472805	6.452001
8352	-7939.141	-8190.673	251.5323	0.7533465	0.5139286	0.451463	0.548537	7.119734
8358	-7947.054	-8198.316	251.2616	0.7822563	0.624599	0.506787	0.493213	7.159786
8364	-7941.795	-8192.13	250.3351	0.7822563	0.624599	0.464437	0.535563	7.656611
8370	-7940.627	-8192.054	251.4265	0.8094038	0.5422472	0.482527	0.517473	7.12227
8376	-7949.617	-8200.199	250.5816	0.7496395	0.6139978	0.467846	0.532154	7.550195
8382	-7954.309	-8203.292	248.9832	0.6418993	0.6139978	0.458618	0.541382	8.460165
8388	-7951.53	-8202.49	250.9605	0.7468281	0.4913495	0.458618	0.541382	7.450214
8394	-7930.765	-8181.761	250.9955	0.8331189	0.5020087	0.498762	0.501238	7.37568
8400	-7933.211	-8183.856	250.6451	0.8331189	0.5416054	0.50398	0.49602	7.529385
8406	-7947.032	-8196.975	249.9434	0.6943064	0.5531592	0.534844	0.465156	7.969075
8412	-7937.574	-8187.416	249.8419	0.7650924	0.5733508	0.534844	0.465156	7.969075
8418	-7942.493	-8192.741	250.2488	0.8561127	0.5336817	0.534844	0.465156	7.735801
8424	-7951.972	-8203.052	251.0803	0.8561127	0.6172716	0.422418	0.577582	7.223139
8430	-7949.774	-8201.001	251.2271	0.7620158	0.5810412	0.446919	0.553081	7.223139
8436	-7952.563	-8203.883	251.3204	0.8793594	0.5547267	0.521491	0.478509	7.131299
8442	-7945.08	-8196.192	251.1125	0.7845785	0.6484989	0.487715	0.512285	7.220771
8448	-7933.371	-8184.524	251.1526	0.7625025	0.5451264	0.503138	0.496862	7.292208
8454	-7940.526	-8191.078	250.5524	0.7864715	0.5338965	0.591821	0.408179	7.610479
8460	-7938.026	-8188.722	250.6962	0.7509717	0.4683621	0.479155	0.520845	7.610479
8466	-7925.843	-8176.564	250.7214	0.7257341	0.4683621	0.523829	0.476171	7.610479
8472	-7936.86	-8186.097	249.2366	0.724873	0.6854784	0.415038	0.584962	8.229006
8478	-7935.446	-8184.811	249.3658	0.734269	0.5862493	0.415038	0.584962	8.229006
8484	-7929.338	-8180.824	251.4862	0.8302287	0.5688291	0.481647	0.518353	7.057002
8490	-7935.501	-8187.411	251.9097	0.7938887	0.5476235	0.494813	0.505187	6.86589
8496	-7931.308	-8180.874	249.5667	0.7741568	0.5476235	0.467063	0.532937	8.131904
8502	-7928.01	-8178.623	250.6125	0.7700307	0.4887136	0.49107	0.50893	7.626491
8508	-7941.997	-8193.096	251.0985	0.7495699	0.4863407	0.428171	0.571829	7.379248
8514	-7937.441	-8188.389	250.9483	0.825607	0.531744	0.521674	0.478326	7.379248
8520	-7933.226	-8184.382	251.1558	0.7745603	0.5295552	0.506265	0.493735	7.297148
8526	-7936.103	-8187.259	251.1558	0.7745603	0.5295552	0.484996	0.515004	7.297148
8532	-7931.455	-8182.875	251.4204	0.8110208	0.5459149	0.506416	0.493584	7.12158
8538	-7930.812	-8182.399	251.5866	0.8015247	0.5968621	0.506416	0.493584	6.995981
8544	-7940.214	-8192.457	252.2428	0.7651236	0.5968621	0.410635	0.589365	6.661583
8550	-7938.767	-8189.496	250.729	0.7342062	0.5895186	0.503329	0.496671	7.498512
8556	-7929.513	-8179.089	249.5756	0.7523308	0.5512287	0.426567	0.573433	8.135797
8562	-7935.656	-8185.517	249.8616	0.7661473	0.4867428	0.461028	0.538972	8.031409
8568	-7953.024	-8202.228	249.2042	0.7314433	0.5084735	0.471166	0.528834	8.380721
8574	-7936.126	-8186.238	250.1128	0.721719	0.4666779	0.488469	0.511531	7.939426
8580	-7927.825	-8179.819	251.9941	0.771696	0.5897278	0.461742	0.538258	6.798026
8586	-7927.232	-8177.788	250.5568	0.7585199	0.6980563	0.461742	0.538258	7.497281
8592	-7927.088	-8177.334	250.246	0.7812209	0.4672491	0.535058	0.464942	7.836015
8598	-7930.758	-8181.838	251.0802	0.7628908	0.5265073	0.535058	0.464942	7.346614
8604	-7932.522	-8183.535	251.0133	0.7726185	0.4797979	0.436103	0.563897	7.418505
8610	-7936.702	-8187.441	250.7392	0.7741954	0.4602499	0.436103	0.563897	7.582583
8616	-7939.838	-8190.887	251.0483	0.8757831	0.5946814	0.473801	0.526199	7.247227
8622	-7932.781	-8182.212	249.4311	0.7521851	0.528615	0.43722	0.56278	8.231721
8628	-7930.751	-8182.272	251.5209	0.809307	0.5906533	0.518146	0.481854	7.032065
8634	-7930.508	-8181.564	251.0558	0.800314	0.5464211	0.462958	0.537042	7.322772
8640	-7938.361	-8189.635	251.2739	0.8901284	0.5464211	0.47445	0.52555	7.157439
8646	-7947.773	-8198.227	250.4539	0.8487661	0.5464211	0.479727	0.520273	7.619391
8652	-7940.207	-8190.728	250.5207	0.8674607	0.5747367	0.490279	0.509721	7.550481
8658	-7936.473	-8186.852	250.3794	0.7664413	0.4526094	0.490279	0.509721	7.786341
8664	-7938.766	-8189.811	251.0446	0.7664413	0.6449553	0.490279	0.509721	7.269588
8670	-7943.689	-8194.201	250.5115	0.6709215	0.64981	0.486746	0.513254	7.602997
8676	-7934.004	-8184.562	250.5576	0.7542053	0.5603851	0.497981	0.502019	7.602997
8682	-7937.647	-8186.667	249.0199	0.7044871	0.543836	0.497981	0.502019	8.463022
8688	-7939.578	-8188.794	249.216	0.6499571	0.5911302	0.497981	0.502019	8.349739
8694	-7959.052	-8208.174	249.1227	0.6686511	0.6434941	0.497981	0.502019	8.349739
8700	-7954.648	-8205.306	250.658	0.7047099	0.4523899	0.481072	0.518928	7.670652
8706	-7935.612	-8184.64	249.028	0.7096541	0.4523899	0.498148	0.501852	8.536657
8712	-7933.052	-8184.19	251.1384	0.8447892	0.5548141	0.452003	0.547997	7.247625
8718	-7923.045	-8174.484	251.4387	0.8218498	0.5704175	0.471876	0.528124	7.085761
8724	-7939.05	-8189.053	250.0028	0.7325536	0.5154595	0.456131	0.543869	7.948712
8730	-7939.022	-8191.461	252.4393	0.8663973	0.6513295	0.474607	0.525393	6.458729
8736	-7930.173	-8180.497	250.3233	0.7915281	0.6245044	0.474779	0.525221	7.658022
8742	-7932.579	-8184.309	251.7303	0.927988	0.6860506	0.45317	0.54683	6.783622
8748	-7928.819	-8178.928	250.1091	0.7762704	0.5110131	0.443146	0.556854	7.872528
8754	-7925.007	-8174.934	249.9276	0.757729	0.5529432	0.456731	0.543269	7.943864
8760	-7946.997	-8197.339	250.3421	0.7261502	0.660451	0.401054	0.598946	7.656288
8766	-7953.364	-8203.71	250.3465	0.7553308	0.5762968	0.502978	0.497022	7.702437
8772	-7935.851	-8185.623	249.7713	0.7343419	0.6873227	0.515227	0.484773	7.937661
8778	-7941.986	-8192.32	250.3339	0.7343419	0.5338306	0.479695	0.520305	7.755291
8784	-7938.598	-8189.307	250.7094	0.6947901	0.5965041	0.538467	0.461533	7.52464
8790	-7944.771	-8195.951	251.18	0.755624	0.4815047	0.464522	0.535478	7.336688
8796	-7944.209	-8196.291	252.0822	0.8105513	0.5848945	0.551686	0.448314	6.733363
8802	-7989.41	-8241.247	251.8376	0.7574978	0.5307027	0.452431	0.547569	6.93872
8808	-7988.676	-8238.904	250.2279	0.7430874	0.5964653	0.467973	0.532027	7.756459
8814	-7939.868	-8191.676	251.8072	0.7754159	0.5621699	0.442086	0.557914	6.919102
8820	-7930.177	-8181.25	251.0731	0.7725547	0.6290726	0.442086	0.557914	7.262869
8826	-7922.648	-8174.926	252.2783	0.8365426	0.6046944	0.523026	0.476974	6.597615
8832	-7924.77	-8175.64	250.8707	0.8365426	0.6046944	0.465309	0.534691	7.355818
8838	-7926.379	-8176.833	250.4545	0.7869067	0.5830343	0.522894	0.477106	7.622426
8844	-7919.472	-8170.316	250.8446	0.7705492	0.5457539	0.451929	0.548071	7.452594
8850	-7945.013	-8196.435	251.4216	0.811287	0.5397548	0.504386	0.495614	7.126002
8856	-7929.024	-8180.504	251.4804	0.7993778	0.5104071	0.504386	0.495614	7.126002
8862	-7934.831	-8185.621	250.7899	0.7591968	0.5004609	0.494488	0.505512	7.526854
8868	-7938.524	-8188.984	250.4598	0.8004666	0.4355462	0.475824	0.524176	7.741597
8874	-7942.564	-8194.045	251.4803	0.8463199	0.5289589	0.466568	0.533432	7.084725
8880	-7942.988	-8193.366	250.3781	0.8258435	0.5734608	0.479941	0.520059	7.65009
8886	-7942.967	-8194.345	251.3776	0.7456709	0.5579455	0.500255	0.499745	7.169788
8892	-7940.719	-8191.016	250.2969	0.7142942	0.5866049	0.421024	0.578976	7.742708
8898	-7948.986	-8199.097	250.1107	0.7769471	0.5866049	0.456201	0.543799	7.808723
8904	-8025.507	-8275.372	249.8652	0.7953365	0.6474179	0.56819	0.43181	7.883675
8910	-7924.165	-8175.597	251.4314	0.8166964	0.6126632	0.501208	0.498792	7.059092
8916	-7934.36	-8186.904	252.5438	0.8332322	0.5320449	0.523023	0.476977	6.515169
8922	-7930.746	-8181.548	250.8016	0.8142117	0.5953625	0.443745	0.556255	7.412144
8928	-7938.875	-8189.708	250.8337	0.80258	0.4603778	0.443745	0.556255	7.516644
8934	-7942.321	-8192.278	249.9567	0.7443627	0.5901435	0.48442	0.51558	7.905576
8940	-7953.409	-8201.551	248.1422	0.6366077	0.5659285	0.518142	0.481858	8.946617
8946	-7952.016	-8200.213	248.1964	0.6582927	0.5174256	0.536082	0.463918	8.946617
8952	-7945.671	-8196.757	251.0858	0.7650369	0.6403263	0.46457	0.53543	7.251654
8958	-7944.755	-8195.69	250.9352	0.8226182	0.7099414	0.462379	0.537621	7.251654
8964	-7947.19	-8198.096	250.9059	0.7350129	0.5935128	0.486165	0.513835	7.400125
8970	-7952.035	-8202.857	250.8219	0.8329104	0.494056	0.486165	0.513835	7.475944
8976	-7952.98	-8203.773	250.7932	0.7615757	0.5414836	0.457424	0.542576	7.488482
8982	-7944.534	-8196.409	251.8752	0.8377639	0.5799549	0.509047	0.490953	6.83433
8988	-7946.342	-8196.764	250.4215	0.7804767	0.5901145	0.490542	0.509458	7.637882
8994	-7947.408	-8198.049	250.6413	0.7620086	0.5536082	0.526367	0.473633	7.559535
9000	-7939.756	-8190.363	250.6073	0.7394458	0.5912427	0.526367	0.473633	7.559535
9006	-7949.354	-8199.048	249.6938	0.8472296	0.5252113	0.584532	0.415468	8.044002
9012	-7933.008	-8184.752	251.7441	0.8472296	0.5277761	0.50985	0.49015	6.943229
9018	-7945.014	-8195.944	250.9295	0.8305832	0.5427662	0.487612	0.512388	7.377376
9024	-7949.131	-8200.051	250.9196	0.8248972	0.5427662	0.505123	0.494877	7.385713
9030	-7935.496	-8186.996	251.4998	0.7965111	0.5427662	0.505123	0.494877	7.089337
9036	-7935.559	-8186.787	251.2285	0.8585741	0.5761041	0.541559	0.458441	7.174479
9042	-7943.775	-8193.913	250.1375	0.8323347	0.4893065	0.378893	0.621107	7.846582
9048	-7943.448	-8195.035	251.5877	0.8168793	0.4893065	0.410184	0.589816	7.077653
9054	-7940.718	-8192.52	251.8019	0.7861954	0.49768	0.499782	0.500218	6.97134
9060	-7935.585	-8185.795	250.2101	0.807848	0.49768	0.499782	0.500218	7.813417
9066	-7931.609	-8181.381	249.7718	0.7238318	0.4833607	0.454108	0.545892	8.104866
9072	-7931.434	-8182.674	251.2394	0.8627105	0.5501069	0.444347	0.555653	7.187631
9078	-7930.542	-8181.004	250.4622	0.7226987	0.5277587	0.547304	0.452696	7.698083
9084	-7941.252	-8192.849	251.597	0.7965143	0.5895023	0.557473	0.442527	6.998898
9090	-7935.574	-8186.243	250.6681	0.7222296	0.5120713	0.467711	0.532289	7.601661
9096	-7942.978	-8194.639	251.6612	0.7324022	0.5393487	0.505039	0.494961	7.039862
9102	-7942.551	-8194.942	252.3902	0.8742123	0.5551298	0.466926	0.533074	6.556637
9108	-7939.383	-8188.984	249.6001	0.7512921	0.5081527	0.486741	0.513259	8.159749
9114	-7929.705	-8180.555	250.8501	0.7686447	0.6486958	0.477051	0.522949	7.370053
9120	-7952.459	-8203.24	250.7819	0.8195692	0.5620894	0.525635	0.474365	7.446456
9126	-7953.118	-8204.317	251.1991	0.7876962	0.6535151	0.440739	0.559261	7.16885
9132	-7945.922	-8197.615	251.6929	0.8370814	0.5226714	0.486032	0.513968	6.980653
9138	-7947.651	-8197.919	250.2684	0.8370814	0.5475396	0.534937	0.465063	7.723914
9144	-7950.012	-8202.274	252.2617	0.8517319	0.6169447	0.456307	0.543693	6.588871
9150	-7958.732	-8211.085	252.3531	0.859786	0.6511066	0.491154	0.508846	6.509223
9156	-7952.207	-8203.003	250.7961	0.7596139	0.5277555	0.469409	0.530591	7.499587
9162	-7962.787	-8213.327	250.5394	0.8936075	0.5068159	0.533659	0.466341	7.58342
9168	-7971.086	-8223.445	252.3593	0.9548403	0.4100034	0.521818	0.478182	6.663352
9174	-7942.721	-8193.729	251.0074	0.8020781	0.4560542	0.528723	0.471277	7.427919
9180	-7938.922	-8190.184	251.2618	0.8132683	0.6296736	0.538675	0.461325	7.139191
9186	-7950.022	-8201.954	251.932	0.8231234	0.5946563	0.539309	0.460691	6.799896
9192	-7945.05	-8196.522	251.4721	0.8074866	0.4387621	0.473648	0.526352	7.192175
9198	-7934.652	-8185.193	250.541	0.8074866	0.4999371	0.48431	0.51569	7.634729
9204	-7931.538	-8182.375	250.8377	0.747026	0.5578718	0.493706	0.506294	7.458854
9210	-7932.229	-8183.02	250.7905	0.7445382	0.5492546	0.493706	0.506294	7.492621
9216	-7934.652	-8185.13	250.4786	0.7547432	0.4781504	0.444366	0.555634	7.715866
9222	-7932.217	-8182.639	250.4219	0.8010922	0.4842176	0.452716	0.547284	7.715866
9228	-7945.799	-8196.191	250.3924	0.7971507	0.5179208	0.479964	0.520036	7.704026
9234	-7945.867	-8196.343	250.4761	0.7059219	0.5225694	0.479964	0.520036	7.704026
9240	-7929.092	-8179.201	250.1092	0.7691157	0.6365934	0.488145	0.511855	7.775373
9246	-7932.613	-8184.15	251.5372	0.8655515	0.522521	0.504863	0.495137	7.04929
9252	-7941.377	-8191.914	250.5373	0.8682368	0.505981	0.504863	0.495137	7.598835
9258	-7931.185	-8182.672	251.487	0.8010915	0.5829957	0.475078	0.524922	7.060853
9264	-7932.106	-8182.921	250.8145	0.7635452	0.5829957	0.484502	0.515498	7.442174
9270	-7937.367	-8188.094	250.7272	0.7776772	0.5715044	0.404705	0.595295	7.490567
9276	-7939.654	-8189.353	249.6987	0.7488247	0.5409277	0.520654	0.479346	8.080596
9282	-7945.533	-8195.106	249.573	0.6752248	0.6176934	0.471765	0.528235	8.125768
9288	-7944.404	-8194.036	249.6327	0.7849844	0.4927948	0.471765	0.528235	8.137988
9294	-7936.778	-8186.593	249.8148	0.7826591	0.6207584	0.512721	0.487279	7.937267
9300	-7933.402	-8185.416	252.0142	0.8540145	0.5396482	0.518406	0.481594	6.783789
9306	-7946.226	-8198.363	252.1376	0.8540145	0.5301396	0.518406	0.481594	6.725244
9312	-7934.4	-8186.729	252.3286	0.8678567	0.5393362	0.503555	0.496445	6.606695
9318	-7923.707	-8175.215	251.5081	0.8326163	0.5393362	0.549094	0.450906	7.068317
9324	-7929.326	-8181.173	251.8471	0.8326163	0.5403662	0.457883	0.542117	6.884867
9330	-7935.71	-8186.409	250.6991	0.7432498	0.6125435	0.457883	0.542117	7.49176
9336	-7925.462	-8175.865	250.4035	0.811367	0.6125435	0.457883	0.542117	7.613592
9342	-7938.821	-8190.5	251.6785	0.8305875	0.6254763	0.527464	0.472536	6.908701
9348	-7933.571	-8186.098	252.5266	0.8026854	0.6465775	0.489846	0.510154	6.449526
9354	-7944.981	-8197.328	252.3475	0.9297823	0.4337195	0.561454	0.438546	6.659421
9360	-7928.763	-8180.582	251.8189	0.848424	0.5179109	0.463755	0.536245	6.910814
9366	-7920.565	-8170.576	250.0112	0.7452795	0.510634	0.523685	0.476315	7.941621
9372	-7932.056	-8183.262	251.2058	0.7638746	0.510634	0.523685	0.476315	7.292384
9378	-7944.254	-8195.303	251.0492	0.7400862	0.4804632	0.488706	0.511294	7.416134
9384	-7952.085	-8201.894	249.8089	0.7590131	0.5645367	0.462514	0.537486	7.997042
9390	-7953.693	-8203.918	250.2251	0.770363	0.566677	0.483626	0.516374	7.767051
9396	-7947.681	-8197.36	249.679	0.8423488	0.6006934	0.468006	0.531994	7.993204
9402	-7947.353	-8197.017	249.6648	0.7112674	0.5540888	0.525561	0.474439	8.107793
9408	-7948.71	-8199.552	250.8422	0.8160241	0.5170586	0.525561	0.474439	7.453861
9414	-7946.115	-8196.027	249.9113	0.722503	0.4871624	0.487335	0.512665	8.027818
9420	-7944.25	-8195.882	251.6321	0.8222684	0.5500948	0.487335	0.512665	6.998154
9426	-7948.271	-8199.511	251.2397	0.8045736	0.5737516	0.474616	0.525384	7.199353
9432	-7930.065	-8181.702	251.6362	0.8182521	0.5285901	0.503705	0.496295	7.016254
9438	-7919.665	-8171.315	251.6499	0.8372481	0.4874445	0.430827	0.569173	7.034863
9444	-7938.106	-8189.524	251.4176	0.8772748	0.4959203	0.511338	0.488662	7.130708
9450	-7970.536	-8221.027	250.4909	0.7728682	0.4910341	0.530529	0.469471	7.68796
9456	-7962.055	-8211.97	249.9142	0.7457821	0.6010586	0.553697	0.446303	7.91896
9462	-7965.437	-8214.751	249.3144	0.7260135	0.5045918	0.461103	0.538897	8.328386
9468	-7947.981	-8199.233	251.2517	0.8478266	0.518118	0.491306	0.508694	7.216144
9474	-7933.555	-8184.077	250.5216	0.815637	0.518118	0.504767	0.495233	7.624842
9480	-7931.692	-8181.982	250.2901	0.7494988	0.5484115	0.459915	0.540085	7.758379
9486	-7945.725	-8195.847	250.1215	0.7916733	0.7753564	0.467319	0.532681	7.660616
9492	-7934.138	-8184.076	249.938	0.7812733	0.4684235	0.517727	0.482273	7.999277
9498	-7930.443	-8181.462	251.0196	0.7745633	0.4616606	0.512735	0.487265	7.430863
9504	-7949.148	-8198.975	249.827	0.8486461	0.4660468	0.512735	0.487265	8.024748
9510	-7932.242	-8182.87	250.6284	0.7796852	0.5856271	0.478465	0.521535	7.531114
9516	-7928.893	-8180.089	251.1951	0.8162111	0.5542574	0.478465	0.521535	7.232972
9522	-7932.663	-8183.898	251.2352	0.7739301	0.5295552	0.435192	0.564808	7.254885
9528	-7943.881	-8195.011	251.13	0.8240092	0.5732522	0.470189	0.529811	7.248234
9534	-7943.433	-8194.565	251.1322	0.8475469	0.4899181	0.503617	0.496383	7.305378
9540	-7936.077	-8187.259	251.182	0.8004489	0.5380938	0.460738	0.539262	7.261969
9546	-7937.035	-8188.073	251.0387	0.7677068	0.4935451	0.489651	0.510349	7.395126
9552	-7940.201	-8191.201	251.0003	0.7104293	0.5532486	0.489651	0.510349	7.395126
9558	-7946.838	-8196.935	250.0972	0.7346295	0.5174563	0.470951	0.529049	7.895515
9564	-7951.197	-8200.547	249.3498	0.7557976	0.4951904	0.470951	0.529049	8.301995
9570	-7934.5	-8184.633	250.1331	0.7520641	0.6326304	0.463002	0.536998	7.774688
9576	-7940.951	-8193.353	252.4021	0.8626285	0.5863007	0.463002	0.536998	6.531067
9582	-7937.763	-8189.396	251.6323	0.8626285	0.5676452	0.463002	0.536998	6.961831
9588	-7924.373	-8176.115	251.7413	0.8699398	0.4943383	0.478425	0.521575	6.961831
9594	-7941.164	-8192.157	250.9934	0.7716217	0.5834216	0.526708	0.473292	7.341555
9600	-7930.833	-8181.234	250.4005	0.7798331	0.5289314	0.485579	0.514421	7.69951
9606	-7939.562	-8189.917	250.3551	0.8529125	0.5117123	0.485579	0.514421	7.69951
9612	-7936.786	-8189.513	252.7274	0.9418215	0.5117123	0.485579	0.514421	6.374472
9618	-7942.065	-8193.318	251.253	0.8032718	0.5435134	0.481513	0.518487	7.217747
9624	-7938.025	-8189.814	251.7893	0.8426731	0.4868311	0.494362	0.505638	6.957444
9630	-7934.54	-8186.244	251.7045	0.8426731	0.5652739	0.488002	0.511998	6.935656
9636	-7934.896	-8185.766	250.8701	0.8248571	0.6195878	0.502348	0.497652	7.350953
9642	-7943.797	-8194.436	250.6392	0.7760796	0.5141652	0.437537	0.562463	7.58649
9648	-7953.676	-8204.044	250.3679	0.8149675	0.6759541	0.437537	0.562463	7.583818
9654	-7940.527	-8192.127	251.5994	0.8211992	0.5763358	0.492444	0.507556	6.994849
9660	-7939.689	-8191.317	251.6273	0.8211992	0.5867634	0.542888	0.457112	6.971469
9666	-7926.9	-8178.303	251.4031	0.8243034	0.4937195	0.504455	0.495545	7.168957
9672	-7920.909	-8170.271	249.3626	0.7382272	0.6104778	0.504455	0.495545	8.209765
9678	-7924.619	-8174.428	249.8099	0.7240074	0.5604242	0.451042	0.548958	8.018515
9684	-7929.257	-8179.87	250.6133	0.7322773	0.4976489	0.451042	0.548958	7.638309
9690	-7947.304	-8198.627	251.3234	0.7718188	0.5507599	0.479303	0.520697	7.190766
9696	-7944.045	-8195.423	251.3777	0.726998	0.5446825	0.538762	0.461238	7.190766
9702	-7956.601	-8207.801	251.1998	0.8749228	0.525216	0.437186	0.562814	7.223353
9708	-7958.708	-8209.917	251.2092	0.8268143	0.5498581	0.398033	0.601967	7.223353
9714	-7956.065	-8207.342	251.2767	0.8231983	0.5096357	0.487229	0.512771	7.223353
9720	-7966.673	-8215.105	248.4311	0.7153185	0.621003	0.559979	0.440021	8.708979
9726	-7951.481	-8201.254	249.7727	0.769223	0.5764621	0.528997	0.471003	8.001322
9732	-7947.122	-8196.148	249.0258	0.7102628	0.5547266	0.473341	0.526659	8.447861
9738	-7952.317	-8201.501	249.1836	0.6338015	0.4673274	0.487348	0.512652	8.480375
9744	-7951.826	-8200.609	248.7829	0.6862083	0.4886072	0.479206	0.520794	8.646046
9750	-7960.966	-8213.479	252.5134	0.8420074	0.5302362	0.503333	0.496667	6.528423
9756	-7955.781	-8207.993	252.2121	0.8258505	0.5723065	0.493465	0.506535	6.66505
9762	-7960.534	-8211.255	250.7212	0.7770827	0.5751928	0.469958	0.530042	7.491124
9768	-7958.647	-8209.422	250.7753	0.8053101	0.5188857	0.559672	0.440328	7.493882
9774	-7952.308	-8202.579	250.2711	0.7775541	0.6460555	0.501171	0.498829	7.677297
9780	-7952.902	-8204.56	251.6578	0.8284823	0.5064915	0.501213	0.498787	7.018336
9786	-7954.217	-8202.95	248.7325	0.6974087	0.6118593	0.475955	0.524045	8.565471
9792	-7945.992	-8195.378	249.386	0.7417245	0.6118593	0.475955	0.524045	8.194391
9798	-7934.387	-8184.485	250.0981	0.7888793	0.5463976	0.522157	0.477843	7.841593
9804	-7949.838	-8200.679	250.8407	0.8304667	0.4761468	0.489847	0.510153	7.483372
9810	-7942.217	-8191.787	249.57	0.7541307	0.5801625	0.474791	0.525209	8.11444
9816	-7945.264	-8195.562	250.2981	0.8326121	0.5645851	0.452934	0.547066	7.696447
9822	-7924.624	-8176.452	251.8279	0.8374215	0.5235597	0.536007	0.463993	6.906974
9828	-7927.394	-8177.476	250.0813	0.7465823	0.5235597	0.541605	0.458395	7.892376
9834	-7936.518	-8185.44	248.9218	0.8481587	0.4899739	0.510228	0.489772	8.48508
9840	-7941.648	-8192.633	250.9855	0.8477975	0.4399391	0.426802	0.573198	7.430583
9846	-7943.803	-8195.349	251.5461	0.853972	0.4756105	0.52156	0.47844	7.092564
9852	-7933.827	-8185.751	251.9241	0.850854	0.671549	0.467801	0.532199	6.73109
9858	-7929.562	-8180.07	250.5082	0.850854	0.5479721	0.478493	0.521507	7.587891
9864	-7938.359	-8189.003	250.6442	0.8082292	0.5218965	0.468917	0.531083	7.559951
9870	-7945.407	-8195.896	250.489	0.7872542	0.6341788	0.408628	0.591372	7.564348
9876	-7937.276	-8187.8	250.524	0.7640226	0.5433666	0.462666	0.537334	7.629739
9882	-7941.072	-8192.151	251.0791	0.6797108	0.5660428	0.462666	0.537334	7.358835
9888	-7939.339	-8189.699	250.3607	0.7594423	0.6082126	0.484308	0.515692	7.66759
9894	-7935.299	-8185.637	250.338	0.7821894	0.6082126	0.442874	0.557126	7.66759
9900	-7927.113	-8177.959	250.8461	0.870474	0.6082126	0.516006	0.483994	7.348124
9906	-7935.15	-8186.904	251.754	0.8829535	0.5808821	0.430357	0.569643	6.874596
9912	-7936.962	-8188.059	251.097	0.7653021	0.5959968	0.511859	0.488141	7.279417
9918	-7933.408	-8184.244	250.8361	0.8087426	0.5042088	0.469997	0.530003	7.472256
9924	-7936.877	-8187.453	250.5767	0.7493219	0.5173479	0.433599	0.566401	7.631519
9930	-7943.261	-8192.652	249.3918	0.70697	0.5048947	0.495625	0.504375	8.297078
9936	-7925.24	-8176.68	251.4405	0.8680695	0.4999733	0.465261	0.534739	7.119706
9942	-7932.565	-8183.927	251.3626	0.8285663	0.5034414	0.465261	0.534739	7.179777
9948	-7929.021	-8180.151	251.1293	0.8030177	0.518412	0.465261	0.534739	7.305694
9954	-7928.996	-8179.807	250.8111	0.8046681	0.5695483	0.465261	0.534739	7.432718
9960	-7928.35	-8178.794	250.4438	0.765444	0.5616879	0.491135	0.508865	7.65681
9966	-7942.424	-8192.861	250.437	0.765444	0.5641464	0.491135	0.508865	7.658431
9972	-7937.261	-8187.835	250.5738	0.7671274	0.5521394	0.459099	0.540901	7.594171
9978	-7935.183	-8186.03	250.8464	0.7541144	0.6220259	0.452384	0.547616	7.399741
9984	-7937.455	-8187.633	250.178	0.6977126	0.5448314	0.424582	0.575418	7.848945
9990	-7944.6	-8194.756	250.1564	0.7921926	0.4993794	0.424582	0.575418	7.848945
9996	-7930.068	-8181.779	251.7117	0.8484199	0.5764999	0.496949	0.503051	6.919531
10002	-7927.345	-8179.745	252.3996	0.8757316	0.5356211	0.496924	0.503076	6.567156
10008	-7933.816	-8185.399	251.5837	0.8757316	0.4700638	0.430227	0.569773	7.065759
10014	-7937.362	-8188.41	251.0478	0.822959	0.5634357	0.49968	0.50032	7.30092
10020	-7939.714	-8190.74	251.0264	0.764087	0.6179812	0.509847	0.490153	7.30092
10026	-7945.763	-8196.599	250.8362	0.8150677	0.7215071	0.3738	0.6262	7.30092
10032	-7936.292	-8186.665	250.3729	0.748456	0.7215071	0.58054	0.41946	7.584944
10038	-7934.198	-8184.434	250.2362	0.8145377	0.5334026	0.4647	0.5353	7.765023
10044	-7940.095	-8190.757	250.6621	0.7901799	0.5107647	0.459113	0.540887	7.569639
10050	-7937.286	-8188.893	251.6067	0.8229551	0.5107647	0.499367	0.500633	7.045067
10056	-7934.777	-8184.635	249.8577	0.7631163	0.4997871	0.508139	0.491861	8.023522
10062	-7923.572	-8173.839	250.2668	0.7881449	0.5445978	0.526419	0.473581	7.753379
10068	-7925.698	-8175.573	249.8754	0.8030871	0.499486	0.498123	0.501877	7.993008
10074	-7924.349	-8174.279	249.9302	0.7155497	0.5195324	0.498123	0.501877	7.993008
10080	-7932.997	-8183.333	250.3365	0.7720962	0.4954136	0.411669	0.588331	7.766968
10086	-7933.01	-8183.299	250.2896	0.8459609	0.5744914	0.480875	0.519125	7.685829
10092	-7935.338	-8187.102	251.7643	0.8459609	0.5007098	0.494189	0.505811	6.956691
10098	-7944.142	-8196.739	252.5977	0.8459609	0.5007098	0.460064	0.539936	6.506547
10104	-7965.469	-8215.482	250.0136	0.795743	0.651475	0.583456	0.416544	7.801254
10110	-7946.588	-8196.812	250.2238	0.7214046	0.5278125	0.535599	0.464401	7.826145
10116	-7944.435	-8195.307	250.8725	0.8021059	0.5804108	0.526593	0.473407	7.392458
10122	-7943.306	-8192.832	249.5258	0.8011474	0.651781	0.465962	0.534038	8.05847
10128	-7952.684	-8202.951	250.2671	0.727298	0.5634486	0.487662	0.512338	7.77021
10134	-7951.031	-8202.528	251.4975	0.8034268	0.6005533	0.455042	0.544958	7.040042
10140	-7942.713	-8194.11	251.3963	0.7977321	0.6321201	0.455042	0.544958	7.07336
10146	-7935.069	-8186.917	251.848	0.8709784	0.6245448	0.490391	0.509609	6.796186
10152	-7933.413	-8184.5	251.0869	0.8277676	0.5735616	0.464251	0.535749	7.269111
10158	-7936.05	-8186.831	250.781	0.8084476	0.6241419	0.538043	0.461957	7.404103
10164	-7935.273	-8185.972	250.6997	0.7750696	0.5039622	0.491408	0.508592	7.563549
10170	-7937.64	-8189.383	251.7434	0.7930588	0.5875855	0.545441	0.454559	6.923416
10176	-7921.785	-8172.007	250.2218	0.8170386	0.6547216	0.495244	0.504756	7.676184
10182	-7917.647	-8169.512	251.8646	0.8508786	0.5615633	0.418288	0.581712	6.847921
10188	-7924.249	-8174.885	250.6363	0.7681423	0.5417305	0.489895	0.510105	7.568822
10194	-7930.049	-8180.639	250.5904	0.7470869	0.543344	0.465557	0.534443	7.603312
10200	-7932.893	-8183.456	250.5624	0.74088	0.543344	0.46449	0.53551	7.621601
10206	-7937.011	-8186.042	249.0312	0.700703	0.543344	0.419456	0.580544	8.459428
10212	-7950.833	-8201.487	250.6542	0.7180648	0.5637324	0.481502	0.518498	7.5679
10218	-7945.24	-8195.671	250.4311	0.7988462	0.4785632	0.439973	0.560027	7.717313
10224	-7943.377	-8193.012	249.6341	0.7601637	0.4710639	0.43994	0.56006	8.170068
10230	-7931.469	-8181.173	249.7046	0.6809408	0.6062208	0.510887	0.489113	8.061361
10236	-7932.151	-8183.777	251.6266	0.9067313	0.5157098	0.412036	0.587964	6.98491
10242	-7936.271	-8186.769	250.4977	0.8107959	0.5636493	0.52221	0.47779	7.602063
10248	-7940.097	-8192.145	252.0484	0.8077084	0.6395846	0.52221	0.47779	6.710794
10254	-7951.624	-8202.336	250.7126	0.7733419	0.5126869	0.474824	0.525176	7.549937
10260	-7939.245	-8189.15	249.9044	0.7720543	0.5863629	0.400288	0.599712	7.921666
10266	-7939.504	-8189.602	250.0984	0.7720543	0.5147184	0.496365	0.503635	7.87725
10272	-7957.92	-8209.439	251.519	0.8347074	0.5809995	0.517162	0.482838	7.027083
10278	-7948.732	-8198.797	250.065	0.7563773	0.5397998	0.513804	0.486196	7.88212
10284	-7935.608	-8185.69	250.0819	0.732711	0.5441597	0.454304	0.545696	7.88212
10290	-7959.182	-8210.378	251.196	0.7556892	0.6791408	0.408829	0.591171	7.16915
10296	-7957.34	-8207.1	249.7596	0.7775058	0.6791408	0.501125	0.498875	7.926689
10302	-7956.088	-8205.144	249.0562	0.7378833	0.5742907	0.46094	0.53906	8.401215
10308	-7950.504	-8200.767	250.2633	0.7293373	0.5876757	0.417483	0.582517	7.75175
10314	-7954.749	-8206.222	251.4726	0.822231	0.5140061	0.494452	0.505548	7.114743
10320	-7937.208	-8188.932	251.7239	0.8149401	0.4855367	0.494452	0.505548	7.008766
10326	-7937.021	-8187.969	250.9476	0.8292054	0.4599748	0.513112	0.486888	7.44177
10332	-7946.858	-8198.232	251.3745	0.9458631	0.4885747	0.4282	0.5718	7.123593
10338	-7940.462	-8193.255	252.7938	0.9458631	0.5128239	0.494032	0.505968	6.33529
10344	-7947.441	-8199.163	251.7219	0.9657162	0.5128239	0.453019	0.546981	6.904285
10350	-7959.419	-8209.805	250.3857	0.8678137	0.5921616	0.536829	0.463171	7.608728
10356	-7943.341	-8193.902	250.5607	0.7637135	0.5483195	0.540549	0.459451	7.60617
10362	-7944.203	-8195.366	251.1624	0.8087115	0.5993754	0.540549	0.459451	7.218328
10368	-7932.128	-8182.969	250.8402	0.8776139	0.5064483	0.481311	0.518689	7.431151
10374	-7934.637	-8186.373	251.7368	0.7788519	0.5846351	0.492731	0.507269	6.936963
10380	-7956.353	-8208.151	251.7983	0.8992862	0.490153	0.468613	0.531387	6.919116
10386	-7951.389	-8202.019	250.6295	0.7458747	0.5125648	0.469657	0.530343	7.60923
10392	-7933.785	-8184.954	251.1688	0.7935061	0.5658586	0.459026	0.540974	7.249783
10398	-7918.802	-8168.613	249.8113	0.7558939	0.5747895	0.538675	0.461325	7.989178
10404	-7923.924	-8174.556	250.6315	0.7790546	0.5573808	0.444405	0.555595	7.552568
10410	-7930.543	-8180.808	250.2648	0.7808821	0.5719612	0.475162	0.524838	7.735919
10416	-7931.393	-8181.505	250.1121	0.7061726	0.5000349	0.42282	0.57718	7.91796
10422	-7927.364	-8178.389	251.0247	0.805429	0.5008707	0.457706	0.542294	7.375888
10428	-7949.052	-8200.576	251.5243	0.7759603	0.5005275	0.417379	0.582621	7.12371
10434	-7956.688	-8207.363	250.6748	0.8891404	0.5212375	0.464633	0.535367	7.500777
10440	-7938.442	-8189.168	250.7253	0.7426615	0.5212375	0.424282	0.575718	7.552203
10446	-7956.512	-8206.83	250.3173	0.7321799	0.530173	0.424282	0.575718	7.768409
10452	-7942.833	-8192.114	249.2814	0.7341962	0.5225332	0.424282	0.575718	8.32611
10458	-7938.71	-8190.559	251.8486	0.7372698	0.5225332	0.505488	0.494512	6.950702
10464	-7945.073	-8196.999	251.9256	0.8595903	0.5598129	0.505488	0.494512	6.811772
10470	-7933.672	-8184.587	250.9146	0.7844248	0.5405361	0.505488	0.494512	7.41197
10476	-7944.66	-8195.724	251.0633	0.8896232	0.6817302	0.526317	0.473683	7.166636
10482	-7933.751	-8184.901	251.1497	0.8549609	0.6201706	0.526317	0.473683	7.184219
10488	-7939.275	-8188.714	249.4393	0.7025117	0.6398109	0.519323	0.480677	8.165888
10494	-7949.689	-8201.326	251.6374	0.7768325	0.6261442	0.519323	0.480677	6.959302
10500	-7947.815	-8199.594	251.7795	0.871303	0.4737559	0.50853	0.49147	6.959302
10506	-7945.277	-8195.975	250.6982	0.730754	0.5158034	0.486064	0.513936	7.577753
10512	-7956.259	-8207.877	251.6181	0.8534088	0.5966601	0.418024	0.581976	6.951221
10518	-7949.391	-8199.124	249.7326	0.7981639	0.6060879	0.506771	0.493229	7.984037
10524	-7946.591	-8198.419	251.8278	0.9319642	0.601232	0.506771	0.493229	6.792218
10530	-7944.004	-8194.054	250.0504	0.7992984	0.5537002	0.51812	0.48188	7.85546
10536	-7956.524	-8207.602	251.0774	0.9136045	0.5068884	0.437234	0.562766	7.284246
10542	-7953.781	-8204.363	250.5821	0.8162286	0.4857661	0.449957	0.550043	7.62072
10548	-7939.064	-8189.307	250.243	0.823292	0.4847737	0.501533	0.498467	7.799141
10554	-7946.062	-8197.698	251.6352	0.823292	0.5269668	0.442531	0.557469	7.015474
10560	-7944.349	-8195.39	251.041	0.823292	0.5144232	0.494046	0.505954	7.345646
10566	-7946.787	-8197.757	250.9701	0.8565206	0.5310614	0.519333	0.480667	7.351571
10572	-7933.164	-8183.954	250.7892	0.7821215	0.5310614	0.512474	0.487526	7.488411
10578	-7937.511	-8189.203	251.6917	0.7821215	0.6068398	0.512474	0.487526	6.94204
10584	-7931.415	-8181.5	250.0847	0.8087089	0.5651085	0.517529	0.482471	7.822843
10590	-7955.659	-8205.714	250.0548	0.7588823	0.5372796	0.507777	0.492223	7.888342
10596	-7951.812	-8201.137	249.3257	0.8191016	0.6557703	0.437484	0.562516	8.152624
10602	-7930.132	-8180.345	250.2127	0.7780614	0.5562137	0.424437	0.575563	7.77806
10608	-7924.997	-8176.056	251.0586	0.8341271	0.5054362	0.474333	0.525667	7.338237
10614	-7929.049	-8177.612	248.5637	0.7738145	0.5690753	0.421556	0.578444	8.647933
10620	-7929.45	-8179.625	250.1747	0.6984748	0.6260953	0.496992	0.503008	7.785975
10626	-7939.163	-8189.433	250.2699	0.7253127	0.6664679	0.414626	0.585374	7.691008
10632	-7934.044	-8183.899	249.8552	0.7816088	0.4814282	0.503768	0.496232	8.031385
10638	-7944.881	-8197.099	252.2177	0.8670609	0.6621924	0.549028	0.450972	6.570397
10644	-7939.341	-8190.433	251.0916	0.7733827	0.5834726	0.479137	0.520863	7.287853
10650	-7927.541	-8178.049	250.5083	0.7605407	0.4657866	0.487613	0.512387	7.708275
10656	-7929.014	-8178.979	249.9647	0.7348378	0.5280528	0.487613	0.512387	7.957051
10662	-7949.887	-8200.789	250.9018	0.7939091	0.4996311	0.585067	0.414933	7.449055
10668	-7933.326	-8185.058	251.7322	0.8125938	0.5168579	0.543084	0.456916	6.977735
10674	-7934.222	-8185.501	251.2795	0.8869608	0.4892849	0.480043	0.519957	7.205703
10680	-7934.027	-8185.463	251.4366	0.8452654	0.618847	0.480043	0.519957	7.036175
10686	-7933.952	-8185.401	251.449	0.8738979	0.4518356	0.472318	0.527682	7.156313
10692	-7941.134	-8192.983	251.8494	0.9044787	0.4693859	0.480824	0.519176	6.907821
10698	-7943.107	-8193.253	250.146	0.7557917	0.5082046	0.496778	0.503222	7.866176
10704	-7953.185	-8203.496	250.3118	0.7029342	0.531702	0.429739	0.570261	7.785687
10710	-7948.008	-8198.821	250.8126	0.7336993	0.531702	0.507219	0.492781	7.501299
10716	-7936.058	-8187.252	251.1938	0.776841	0.5013033	0.53346	0.46654	7.300105
10722	-7935.376	-8185.767	250.3915	0.7302492	0.5576648	0.431804	0.568196	7.706856
10728	-7933.457	-8184.506	251.0492	0.7524419	0.6227837	0.431804	0.568196	7.291286
10734	-7953.632	-8203.719	250.0865	0.8159818	0.5354237	0.424325	0.575675	7.842503
10740	-7952.013	-8202.597	250.584	0.884842	0.5512099	0.468891	0.531109	7.526415
10746	-7946.249	-8196.83	250.5803	0.8041704	0.6078281	0.513475	0.486525	7.526415
10752	-7944.023	-8195.821	251.7977	0.7406231	0.5289569	0.510751	0.489249	6.970757
10758	-7939.165	-8191.289	252.1237	0.8821922	0.5196691	0.510751	0.489249	6.726594
10764	-7924.191	-8174.875	250.6839	0.7915152	0.6547323	0.49207	0.50793	7.442422
10770	-7962.517	-8212.847	250.3294	0.8230828	0.5482988	0.492243	0.507757	7.698173
10776	-7953.924	-8203.099	249.1756	0.7746768	0.6021574	0.454635	0.545365	8.296285
10782	-7941.544	-8192.007	250.4632	0.7391625	0.5666821	0.454635	0.545365	7.656403
10788	-7945.831	-8198.165	252.3333	0.910964	0.5023622	0.4935	0.5065	6.612995
10794	-7944.928	-8197.19	252.2614	0.8736238	0.5717314	0.456019	0.543981	6.612995
10800	-7941.242	-8191.684	250.4422	0.728813	0.5717314	0.505564	0.494436	7.66912
10806	-7942.623	-8193.085	250.4622	0.8554343	0.467514	0.505564	0.494436	7.680574
10812	-7945.27	-8197.587	252.3164	0.8496743	0.5367116	0.505564	0.494436	6.625337
10818	-7934.51	-8183.956	249.4458	0.7270993	0.5296174	0.537614	0.462386	8.236377
10824	-7932.338	-8182.326	249.9882	0.7380253	0.4767973	0.494078	0.505922	7.987883
10830	-7933.966	-8185.967	252.0004	0.8085284	0.49832	0.500035	0.499965	6.851737
10836	-7939.526	-8191.21	251.6841	0.7894823	0.5079165	0.500035	0.499965	7.023911
10842	-7937.048	-8188.535	251.4864	0.8763636	0.5788878	0.508641	0.491359	7.023911
10848	-7944.405	-8194.316	249.9111	0.8095521	0.5636028	0.480324	0.519676	7.916312
10854	-7945.466	-8197.065	251.5989	0.9166279	0.5636028	0.480324	0.519676	6.954035
10860	-7944.128	-8193.768	249.6398	0.7899504	0.5083258	0.480324	0.519676	8.117847
10866	-7930.22	-8179.78	249.5605	0.7675128	0.5427124	0.480324	0.519676	8.142817
10872	-7946.169	-8196.167	249.9975	0.7253636	0.5299745	0.480324	0.519676	7.942962
10878	-7950.694	-8200.616	249.9217	0.8043451	0.4948615	0.44409	0.55591	7.971762
10884	-7949.514	-8199.096	249.5824	0.74729	0.5139544	0.486522	0.513478	8.166308
10890	-7946.389	-8197.125	250.7356	0.7228191	0.4790419	0.500939	0.499061	7.594627
10896	-7964.743	-8215.597	250.8539	0.7385488	0.6211165	0.466286	0.533714	7.404773
10902	-7959.177	-8210.56	251.3832	0.7644949	0.6211165	0.466286	0.533714	7.106613
10908	-7952.29	-8202.106	249.8158	0.8831195	0.4667868	0.548548	0.451452	8.011632
10914	-7941.663	-8191.918	250.2548	0.854578	0.4667868	0.476684	0.523316	7.79257
10920	-7932.791	-8184.492	251.7014	0.854578	0.5577871	0.512353	0.487647	6.937049
10926	-7954.03	-8206.712	252.6816	0.9145346	0.565835	0.536465	0.463535	6.368029
10932	-7942.886	-8195.576	252.6893	0.8627179	0.5427387	0.4832	0.5168	6.411243
10938	-7969.464	-8222.065	252.6011	0.8572654	0.6061992	0.49092	0.50908	6.410377
10944	-7947.05	-8199.529	252.4783	0.8684493	0.5617265	0.485035	0.514965	6.506616
10950	-7957.034	-8207.421	250.3871	0.766475	0.5617265	0.422931	0.577069	7.686526
10956	-7946.357	-8197.872	251.5143	0.8433887	0.566421	0.449508	0.550492	7.03675
10962	-7936.42	-8187.493	251.0736	0.8433887	0.5592168	0.429737	0.570263	7.279518
10968	-7946.47	-8197.702	251.2317	0.7503293	0.5504607	0.420005	0.579995	7.251859
10974	-7931.986	-8182.517	250.5311	0.8290739	0.5504607	0.484874	0.515126	7.585246
10980	-7930.445	-8181.457	251.0114	0.8090617	0.5359589	0.462314	0.537686	7.350718
10986	-7927.353	-8178.411	251.0585	0.8022006	0.5316681	0.486147	0.513853	7.332759
10992	-7932.302	-8182.2	249.8976	0.7973106	0.5193585	0.486147	0.513853	7.966937
10998	-7949.268	-8200.674	251.4051	0.8297669	0.5272566	0.506477	0.493523	7.135565
11004	-7946.143	-8195.67	249.5269	0.7566535	0.429366	0.506477	0.493523	8.268518
11010	-7951.66	-8202.96	251.3004	0.815208	0.5630106	0.566617	0.433383	7.169759
11016	-7952.795	-8204.727	251.9318	0.8407609	0.4575112	0.474381	0.525619	6.908883
11022	-7943.345	-8195.255	251.9102	0.8160922	0.4843634	0.474381	0.525619	6.908883
11028	-7959.041	-8210.835	251.7945	0.8467982	0.5364948	0.464085	0.535915	6.908883
11034	-7946.387	-8196.945	250.5582	0.8347246	0.5434395	0.502289	0.497711	7.57355
11040	-7955.953	-8206.234	250.2809	0.8021671	0.591089	0.493838	0.506162	7.700738
11046	-7937.859	-8188.048	250.1891	0.7447901	0.6262162	0.493838	0.506162	7.753479
11052	-7936.926	-8187.118	250.1922	0.7892572	0.5931201	0.490319	0.509681	7.753479
11058	-7945.769	-8195.557	249.7882	0.7648081	0.5850297	0.527483	0.472517	7.988587
11064	-7937.612	-8188.72	251.1072	0.7648081	0.5850297	0.504389	0.495611	7.282855
11070	-7944.841	-8197.016	252.1749	0.755434	0.6619781	0.450021	0.549979	6.654053
11076	-7943.504	-8195.482	251.9779	0.782757	0.5222988	0.450021	0.549979	6.856672
11082	-7959.603	-8209.885	250.2818	0.7004006	0.5167605	0.496959	0.503041	7.815813
11088	-7952.863	-8204.223	251.3596	0.771311	0.5864573	0.518138	0.481862	7.142593
11094	-7944.619	-8194.894	250.2753	0.745763	0.5226027	0.461746	0.538254	7.79002
11100	-7935.93	-8186.812	250.8812	0.8207043	0.6088588	0.431468	0.568532	7.355464
11106	-7937.787	-8188.935	251.1473	0.8094432	0.5675288	0.483185	0.516815	7.251383
11112	-7928.731	-8179.248	250.5169	0.7235686	0.5675288	0.479947	0.520053	7.635323
11118	-7929.78	-8180.9	251.1203	0.873032	0.4876482	0.515393	0.484607	7.300143
11124	-7937.361	-8189.86	252.4988	0.8673808	0.5797562	0.496355	0.503645	6.481374
11130	-7929.378	-8181.881	252.5026	0.9171907	0.4582047	0.399983	0.600017	6.558653
11136	-7934.994	-8187.069	252.0746	0.8475283	0.5688351	0.438469	0.561531	6.730427
11142	-7933.555	-8184.478	250.9233	0.8566515	0.63273	0.483873	0.516127	7.295419
11148	-7935.613	-8185.153	249.5398	0.7707518	0.4436655	0.4752	0.5248	8.240291
11154	-7941.195	-8189.658	248.4634	0.7818444	0.5897761	0.456141	0.543859	8.680506
11160	-7963.7	-8213.634	249.9339	0.6904042	0.5794822	0.489377	0.510623	7.95497
11166	-7944.131	-8194.106	249.9745	0.8003547	0.6102204	0.449151	0.550849	7.85058
11172	-7939.043	-8189.733	250.6898	0.8003547	0.5498217	0.528332	0.471668	7.516186
11178	-7939.118	-8188.541	249.422	0.8003547	0.6157642	0.528332	0.471668	8.14102
11184	-7937.818	-8188.526	250.7075	0.8880448	0.5383036	0.479464	0.520536	7.46932
11190	-7941.74	-8192.425	250.685	0.7712146	0.515676	0.488763	0.511237	7.563273
11196	-7950.503	-8204.047	253.5441	0.9082783	0.515676	0.414934	0.585066	5.944821
11202	-7943.697	-8194.766	251.0689	0.8680104	0.5673312	0.472468	0.527532	7.262217
11208	-7957.104	-8206.186	249.0821	0.7686536	0.5551713	0.528425	0.471575	8.386543
11214	-7955.976	-8209.465	253.489	0.9547202	0.4809551	0.477445	0.522555	5.980916
11220	-7942.591	-8192.793	250.2024	0.7867952	0.5664474	0.474977	0.525023	7.770578
11226	-7927.083	-8177.371	250.2879	0.7867952	0.5090855	0.467837	0.532163	7.773086
11232	-7940.214	-8191.3	251.0855	0.7585329	0.5251793	0.457603	0.542397	7.347234
11238	-7929.391	-8180.955	251.5637	0.8807029	0.4292735	0.486414	0.513586	7.112911
11244	-7950.53	-8199.959	249.4299	0.7423838	0.4213925	0.486414	0.513586	8.335569
11250	-7938.823	-8188.777	249.9549	0.7711836	0.452907	0.51367	0.48633	8.01015
11256	-7937.696	-8188.141	250.4451	0.774948	0.5286762	0.51367	0.48633	7.678468
11262	-7945.623	-8196.014	250.3909	0.8841712	0.4948918	0.508401	0.491599	7.678468
11268	-7947.763	-8198.998	251.235	0.8137746	0.5138044	0.442911	0.557089	7.247147
11274	-7942.845	-8194.47	251.6253	0.8227187	0.6162034	0.509276	0.490724	6.948731
11280	-7942.829	-8193.413	250.584	0.7881992	0.4676746	0.509276	0.490724	7.651207
11286	-7947.077	-8198.123	251.046	0.8408268	0.5120878	0.505182	0.494818	7.335615
11292	-7944.36	-8193.49	249.13	0.7298299	0.4848714	0.530326	0.469674	8.441867
11298	-7947.758	-8198.171	250.4128	0.7523219	0.505902	0.518256	0.481744	7.72754
11304	-7960.46	-8209.815	249.3557	0.7278978	0.4380661	0.536234	0.463766	8.366437
11310	-7954.187	-8205.148	250.9603	0.7838062	0.5099321	0.465033	0.534967	7.414018
11316	-7951.068	-8202.034	250.9655	0.7755792	0.5635168	0.465033	0.534967	7.370421
11322	-7953.248	-8204.377	251.1289	0.7641437	0.4696429	0.480588	0.519412	7.370421
11328	-7948.087	-8197.8	249.7137	0.6651832	0.5712314	0.572953	0.427047	8.092381
11334	-7944.668	-8193.888	249.2202	0.765862	0.597051	0.545006	0.454994	8.281217
11340	-7946.694	-8196.705	250.0113	0.8262364	0.6777777	0.535888	0.464112	7.767212
11346	-7944.529	-8195.791	251.2624	0.7571597	0.5172354	0.507474	0.492526	7.259871
11352	-7945.955	-8197.632	251.6772	0.8696667	0.5513166	0.487746	0.512254	6.947316
11358	-7952.043	-8203.295	251.2521	0.8249833	0.5661855	0.498955	0.501045	7.187856
11364	-7946.015	-8197.887	251.8726	0.8249833	0.5661855	0.541154	0.458846	6.853784
11370	-7935.097	-8186.197	251.1004	0.7523003	0.5433643	0.512892	0.487108	7.327175
11376	-7945.984	-8198.05	252.066	0.8769661	0.5587304	0.435021	0.564979	6.727496
11382	-7941.344	-8192.03	250.6856	0.8058767	0.5587304	0.484698	0.515302	7.508141
11388	-7942.084	-8192.82	250.7355	0.7469165	0.5175261	0.506293	0.493707	7.547637
11394	-7941.137	-8193.778	252.6414	0.8461565	0.4697663	0.506293	0.493707	6.511042
11400	-7937.084	-8189.549	252.4655	0.8924937	0.5491013	0.49634	0.50366	6.511042
11406	-7944.568	-8196.122	251.5543	0.8833937	0.5491013	0.49634	0.50366	7.00794
11412	-7942.096	-8192.911	250.8147	0.9584592	0.6646108	0.509883	0.490117	7.275529
11418	-7935.111	-8185.633	250.5224	0.8478295	0.5790724	0.436582	0.563418	7.556596
11424	-7925.287	-8175.599	250.312	0.8363081	0.5398526	0.436582	0.563418	7.707413
11430	-7934.363	-8184.447	250.0844	0.7443644	0.6050918	0.527075	0.472925	7.825729
11436	-7929.979	-8180.783	250.8036	0.807935	0.5458104	0.527075	0.472925	7.454461
11442	-7926.686	-8177.207	250.5204	0.7744561	0.5441776	0.514903	0.485097	7.625426
11448	-7923.042	-8174.971	251.9288	0.8592718	0.5636775	0.514903	0.485097	6.807055
11454	-7932.937	-8184.219	251.282	0.8395228	0.5636775	0.517902	0.482098	7.165993
11460	-7938.633	-8190.072	251.4395	0.8652171	0.5535186	0.540424	0.459576	7.075855
11466	-7936.622	-8188.522	251.8996	0.9038484	0.5546724	0.455531	0.544469	6.806146
11472	-7941.722	-8192.502	250.7801	0.8703868	0.5551664	0.459625	0.540375	7.425847
11478	-7946.304	-8197.686	251.3822	0.8527943	0.5091072	0.478912	0.521088	7.151228
11484	-7944.217	-8195.693	251.4753	0.8527943	0.650796	0.478912	0.521088	6.987263
11490	-7936.229	-8187.953	251.7237	0.7334145	0.5614993	0.511916	0.488084	6.987263
11496	-7954.223	-8203.163	248.9401	0.7216426	0.5083537	0.528465	0.471535	8.526386
11502	-7953.99	-8202.932	248.9416	0.7822807	0.6613723	0.483536	0.516464	8.372573
11508	-7935.416	-8186.082	250.6653	0.8404093	0.4640293	0.483536	0.516464	7.583173
11514	-7932.908	-8183.079	250.1707	0.7246251	0.528582	0.46401	0.53599	7.852102
11520	-7936.718	-8189.834	253.1154	0.9092364	0.4534942	0.466207	0.533793	6.235072
11526	-7933	-8183.976	250.976	0.8672149	0.533475	0.492508	0.507492	7.340624
11532	-7939.606	-8192.629	253.0233	0.9075349	0.5908761	0.477133	0.522867	6.165853
11538	-7948.885	-8200.404	251.5183	0.7582157	0.5718504	0.476905	0.523095	7.075992
11544	-7939.924	-8191.049	251.1246	0.7790981	0.5005897	0.505249	0.494751	7.33666
11550	-7937.844	-8188.985	251.1411	0.8498403	0.5873901	0.45915	0.54085	7.217082
11556	-7934.354	-8186.462	252.1086	0.8595257	0.6917679	0.521759	0.478241	6.612167
11562	-7939.211	-8189.852	250.6414	0.7749831	0.4694708	0.535674	0.464326	7.62595
11568	-7938.549	-8189.503	250.9547	0.8634655	0.4890125	0.544398	0.455602	7.392854
11574	-7937.998	-8188.356	250.3583	0.7914543	0.5369495	0.544398	0.455602	7.709094
11580	-7940.543	-8191.001	250.4578	0.7636471	0.4927138	0.460369	0.539631	7.709094
11586	-7932.529	-8184.1	251.5709	0.8224423	0.5009865	0.484681	0.515319	7.073202
11592	-7932.524	-8184.699	252.1747	0.9387651	0.5009865	0.481659	0.518341	6.684914
11598	-7948.236	-8197.728	249.4922	0.8103481	0.5609086	0.480714	0.519286	8.141393
11604	-7944.406	-8195.628	251.2219	0.7714325	0.5392153	0.436056	0.563944	7.25519
11610	-7955.631	-8205.322	249.6912	0.7794333	0.6081495	0.425893	0.574107	8.01454
11616	-7946.435	-8197.626	251.1912	0.8235343	0.5126292	0.525761	0.474239	7.266488
11622	-7938.091	-8189.236	251.1449	0.7686591	0.5775873	0.564697	0.435303	7.266488
11628	-7931.059	-8181.649	250.5899	0.7755496	0.6386214	0.520431	0.479569	7.513263
11634	-7931.959	-8181.45	249.4903	0.7561148	0.6008871	0.556928	0.443072	8.139645
11640	-7923.002	-8174.049	251.0474	0.7717236	0.5588777	0.435626	0.564374	7.332346
11646	-7928.283	-8180.064	251.7806	0.7717236	0.584205	0.494244	0.505756	6.917576
11652	-7939.293	-8192.325	253.0321	0.9262566	0.6864546	0.432356	0.567644	6.078466
11658	-7938.68	-8191.146	252.4665	0.9329196	0.5602932	0.457812	0.542188	6.47927
11664	-7934.87	-8187.313	252.4426	0.9616301	0.4384222	0.503118	0.496882	6.586161
11670	-7944.079	-8196.669	252.5905	0.9616301	0.606144	0.503118	0.496882	6.359566
11676	-7944.898	-8197.035	252.1366	0.8419682	0.553266	0.502152	0.497848	6.712812
11682	-7938.682	-8189.992	251.31	0.8915393	0.4829259	0.47792	0.52208	7.192577
11688	-7959.787	-8211.773	251.9859	0.8915393	0.5862805	0.47792	0.52208	6.740489
11694	-7933.864	-8183.966	250.1017	0.7571248	0.5819708	0.512213	0.487787	7.827806
11700	-7937.972	-8189.206	251.2343	0.7769655	0.5095479	0.525413	0.474587	7.271022
11706	-7941.805	-8192.756	250.9502	0.7133205	0.5658618	0.493049	0.506951	7.410104
11712	-7934.132	-8184.535	250.4037	0.7626154	0.5601835	0.458343	0.541657	7.680973
11718	-7930.395	-8180.759	250.3637	0.7743171	0.5378117	0.44202	0.55798	7.714633
11724	-7948.897	-8200.604	251.7073	0.8759562	0.4136351	0.454446	0.545554	7.053844
11730	-7939.241	-8191.529	252.2876	0.8519317	0.4136351	0.499358	0.500642	6.753967
11736	-7943.228	-8194.753	251.5249	0.8310423	0.5465607	0.492941	0.507059	7.054054
11742	-7936.387	-8185.547	249.1596	0.7484755	0.5683067	0.449718	0.550282	8.345403
11748	-7932.059	-8182.701	250.6419	0.7484755	0.5512267	0.449718	0.550282	7.568441
11754	-7926.149	-8177.665	251.5164	0.8442781	0.5108723	0.451024	0.548976	7.082093
11760	-7934.873	-8185.902	251.0288	0.8442781	0.5723219	0.484072	0.515928	7.292447
11766	-7932.662	-8184.438	251.7765	0.8950618	0.6719279	0.484072	0.515928	6.786605
11772	-7942.161	-8192.376	250.2148	0.8044536	0.6719279	0.484072	0.515928	7.674222
11778	-7943.143	-8192.886	249.7436	0.7354721	0.5142895	0.444219	0.555781	8.086404
11784	-7948.765	-8197.321	248.5558	0.7176249	0.5142895	0.562043	0.437957	8.727374
11790	-7933.02	-8183.711	250.6905	0.787983	0.4653948	0.502764	0.497236	7.596498
11796	-7940.626	-8191.9	251.2744	0.7917455	0.4523328	0.529665	0.470335	7.293751
11802	-7937.498	-8189.177	251.6786	0.8224844	0.6232939	0.474273	0.525727	6.914675
11808	-7952.615	-8203.175	250.5602	0.8430376	0.4459952	0.458202	0.541798	7.655018
11814	-7950.882	-8200.818	249.9363	0.8223482	0.4738734	0.458202	0.541798	7.973279
11820	-7948.563	-8200.929	252.3655	0.9420122	0.582533	0.487067	0.512933	6.510915
11826	-7949.838	-8201.836	251.9979	0.8898521	0.511939	0.487067	0.512933	6.797116
11832	-7944.518	-8196.042	251.5242	0.8348969	0.5821934	0.45806	0.54194	7.023273
11838	-7936.318	-8186.754	250.4354	0.7704178	0.5166172	0.476805	0.523195	7.696434
11844	-7927.696	-8178.721	251.0248	0.8064303	0.5582335	0.478484	0.521516	7.3264
11850	-7929.614	-8179.893	250.2792	0.7409866	0.5582335	0.529481	0.470519	7.760716
11856	-7938.625	-8188.377	249.7524	0.6827542	0.6051517	0.434268	0.565732	8.035767
11862	-7937.455	-8187.009	249.5536	0.7142833	0.5369517	0.535533	0.464467	8.17964
11868	-7934.834	-8186.165	251.3308	0.7142833	0.5626451	0.476995	0.523005	7.207933
11874	-7943.097	-8193.371	250.2734	0.7750862	0.5511539	0.469828	0.530172	7.751404
11880	-7932.646	-8182.59	249.9441	0.7710614	0.6518967	0.433123	0.566877	7.851259
11886	-7930.448	-8181.734	251.2859	0.8049191	0.6756369	0.401616	0.598384	7.096848
11892	-7940.706	-8191.429	250.723	0.7511045	0.5752175	0.401644	0.598356	7.504074
11898	-7940.845	-8192.077	251.2313	0.781687	0.5752175	0.543592	0.456408	7.214971
11904	-7932.626	-8184.074	251.4481	0.8573474	0.5315425	0.510454	0.489546	7.093946
11910	-7927.966	-8178.309	250.3431	0.7913039	0.516222	0.496006	0.503994	7.73497
11916	-7934.504	-8186.249	251.7446	0.8376517	0.5589101	0.511164	0.488836	6.921961
11922	-7925.866	-8177.804	251.9384	0.80206	0.5560252	0.42189	0.57811	6.839057
11928	-7942.849	-8194.455	251.6066	0.7628125	0.5373278	0.508813	0.491187	7.054618
11934	-7931.977	-8183.799	251.8222	0.8715085	0.6580641	0.461542	0.538458	6.784743
11940	-7953.422	-8205.543	252.1207	0.8854811	0.5322006	0.476935	0.523065	6.715626
11946	-7925.825	-8177.41	251.585	0.8854811	0.5322006	0.494683	0.505317	7.004531
11952	-7924.043	-8176.572	252.5283	0.8854811	0.5072848	0.456405	0.543595	6.516834
11958	-7923.711	-8175.419	251.7077	0.90786	0.4699913	0.491951	0.508049	6.981746
11964	-7939.582	-8192.532	252.9506	0.9253953	0.5560486	0.498039	0.501961	6.224163
11970	-7940.37	-8194.553	254.1831	1.115668	0.5098557	0.498039	0.501961	5.486167
11976	-7930.068	-8184.279	254.2103	1.03652	0.5312436	0.432243	0.567757	5.495837
11982	-7937.087	-8190.955	253.8684	0.962524	0.5928981	0.432243	0.567757	5.67267
11988	-7926.376	-8178.139	251.7628	0.8071562	0.4416347	0.494578	0.505422	7.033245
11994	-7935.677	-8187.845	252.1677	0.7620645	0.5074046	0.484739	0.515261	6.778439
12000	-7945.404	-8197.597	252.193	0.8973582	0.596565	0.514209	0.485791	6.61725
12006	-7945.181	-8196.072	250.8917	0.8861601	0.4642453	0.514209	0.485791	7.437173
12012	-7942.785	-8194.217	251.4314	0.7994632	0.5213101	0.540004	0.459996	7.142813
12018	-7954.029	-8205.016	250.9871	0.7072635	0.5213101	0.540004	0.459996	7.430807
12024	-7941.742	-8192.206	250.4634	0.7969951	0.6642612	0.540004	0.459996	7.550689
12030	-7930.806	-8182.56	251.754	0.7969951	0.5392804	0.540004	0.459996	6.955188
12036	-7936.546	-8187.205	250.6592	0.759851	0.5612649	0.421894	0.578106	7.544858
12042	-7946.987	-8197.726	250.7396	0.802286	0.5383497	0.484157	0.515843	7.498051
12048	-7939.657	-8190.866	251.2091	0.8143659	0.5985476	0.484157	0.515843	7.190858
12054	-7959.977	-8210.114	250.1374	0.8182699	0.5523046	0.463294	0.536706	7.800045
12060	-7947.63	-8199.22	251.5908	0.8126674	0.5479893	0.463294	0.536706	7.027281
12066	-7946.436	-8197.53	251.0937	0.8438775	0.5479893	0.542787	0.457213	7.277751
12072	-7936.472	-8186.44	249.9673	0.7309046	0.5234462	0.435747	0.564253	7.961694
12078	-7922.15	-8172.977	250.8275	0.7304189	0.4970358	0.490089	0.509911	7.525195
12084	-7922.341	-8172.886	250.5443	0.7819988	0.4970358	0.425843	0.574157	7.649147
12090	-7914.19	-8165.642	251.4518	0.8705369	0.4970358	0.40999	0.59001	7.114958
12096	-7918.706	-8169.235	250.529	0.8728074	0.5740327	0.464064	0.535936	7.543726
12102	-7930.373	-8182.448	252.0752	0.8728074	0.5437872	0.464064	0.535936	6.737202
12108	-7940.786	-8192.565	251.7792	0.7964905	0.5784032	0.458223	0.541777	6.909617
12114	-7952.312	-8203.691	251.3792	0.8224518	0.4472271	0.418249	0.581751	7.225901
12120	-7936.516	-8186.696	250.1794	0.7483826	0.6168506	0.418249	0.581751	7.763834
12126	-7942.1	-8193.483	251.3834	0.8379552	0.53955	0.50107	0.49893	7.132366
12132	-7937.338	-8188.161	250.8229	0.8187718	0.6260034	0.460257	0.539743	7.374667
12138	-7931.317	-8182.299	250.9815	0.7729667	0.5910245	0.460257	0.539743	7.341207
12144	-7928.375	-8179.669	251.2938	0.8476174	0.4508741	0.460257	0.539743	7.254767
12150	-7930.143	-8182.08	251.937	0.8556667	0.6044249	0.532659	0.467341	6.771982
12156	-7939.86	-8191.777	251.9178	0.8585309	0.6157434	0.498865	0.501135	6.771982
12162	-7937.467	-8188.784	251.317	0.7284206	0.6711834	0.498865	0.501135	7.124467
12168	-7936.054	-8186.989	250.9352	0.7602169	0.5182131	0.438921	0.561079	7.432931
12174	-7923.029	-8174.156	251.1267	0.7602169	0.5754708	0.476069	0.523931	7.282497
12180	-7931.453	-8184.385	252.9318	0.9704788	0.6424854	0.471079	0.528921	6.141354
12186	-7918.846	-8171.802	252.9563	0.8658804	0.4869409	0.471079	0.528921	6.31374
12192	-7913.775	-8165.586	251.8114	0.8658804	0.4823121	0.471079	0.528921	6.937134
12198	-7930.877	-8182.067	251.1895	0.8970632	0.56483	0.471721	0.528279	7.183874
12204	-7942.231	-8193.066	250.8351	0.8549007	0.4461279	0.45431	0.54569	7.5014
12210	-7927.145	-8177.819	250.6748	0.8499127	0.5453351	0.564265	0.435735	7.5014
12216	-7934.752	-8184.63	249.8784	0.7079793	0.5453351	0.510807	0.489193	8.00289
12222	-7934.379	-8185.098	250.7191	0.801734	0.5453351	0.454697	0.545303	7.503449
12228	-7937.237	-8187.761	250.5237	0.801734	0.5158481	0.454697	0.545303	7.633112
12234	-7933.763	-8183.637	249.8733	0.7476442	0.5767901	0.454697	0.545303	7.958893
12240	-7938.194	-8188.186	249.9924	0.7316311	0.5106838	0.435497	0.564503	7.958893
12246	-7940.553	-8192.486	251.9329	0.8307772	0.6400885	0.441837	0.558163	6.760357
12252	-7927.531	-8178.24	250.7092	0.8347143	0.6440327	0.441837	0.558163	7.4136
12258	-7922.244	-8173.327	251.0836	0.7496582	0.5531192	0.465029	0.534971	7.329476
12264	-7935.827	-8185.581	249.754	0.7315985	0.5531192	0.510012	0.489988	8.05023
12270	-7939.968	-8189.59	249.6219	0.7315985	0.5429539	0.516613	0.483387	8.129001
12276	-7938.288	-8188.066	249.7784	0.7315985	0.5331985	0.511917	0.488083	8.05378
12282	-7955.103	-8206.299	251.1962	0.8246125	0.563037	0.511977	0.488023	7.220673
12288	-7939.741	-8191.492	251.7512	0.8157995	0.597967	0.479098	0.520902	6.898745
12294	-7955.699	-8207.852	252.1535	0.8157995	0.5038941	0.540903	0.459097	6.7602
12300	-7942.572	-8192.581	250.0092	0.7844021	0.620989	0.505553	0.494447	7.832367
12306	-7942.455	-8193.192	250.737	0.8847703	0.4485336	0.505553	0.494447	7.535653
12312	-7949.717	-8201	251.2838	0.8872543	0.5275837	0.477164	0.522836	7.169582
12318	-7929.392	-8180.271	250.8787	0.8295679	0.4614571	0.477164	0.522836	7.477087
12324	-7938.915	-8190.392	251.4769	0.8107242	0.6801774	0.478322	0.521678	6.987694
12330	-7935.69	-8186.792	251.1025	0.7906622	0.6080973	0.478322	0.521678	7.253382
12336	-7938.264	-8189.351	251.0866	0.8456519	0.58143	0.53218	0.46782	7.253382
12342	-7942.716	-8194.965	252.2488	0.8516079	0.5073476	0.53218	0.46782	6.686345
12348	-7933.954	-8185.327	251.3734	0.7245285	0.6251245	0.478837	0.521163	7.130309
12354	-7936.939	-8188.257	251.3177	0.8081354	0.6056327	0.431282	0.568718	7.130309
12360	-7943.579	-8195.695	252.1165	0.8668406	0.5558893	0.457624	0.542376	6.708008
12366	-7944.799	-8196.85	252.051	0.9088375	0.5713546	0.41165	0.58835	6.708008
12372	-7939.808	-8190.182	250.3738	0.7564112	0.5674227	0.41165	0.58835	7.694415
12378	-7936.893	-8186.79	249.8971	0.7548361	0.6645189	0.498663	0.501337	7.875829
12384	-7940.624	-8192.092	251.4679	0.7548361	0.4615612	0.498663	0.501337	7.200956
12390	-7952.288	-8202.485	250.1974	0.7225818	0.5885509	0.464904	0.535096	7.789902
12396	-7948.626	-8198.413	249.7871	0.7377387	0.5831192	0.464904	0.535096	8.005146
12402	-7942.008	-8194.371	252.3634	0.8554389	0.5648879	0.484963	0.515037	6.573262
12408	-7922.783	-8174.341	251.5578	0.8253046	0.5648879	0.518347	0.481653	7.024332
12414	-7944.28	-8193.366	249.0857	0.6624781	0.4989804	0.501848	0.498152	8.488656
12420	-7935.932	-8184.872	248.9398	0.6712183	0.5867883	0.508787	0.491213	8.488656
12426	-7933.625	-8183.789	250.1645	0.7556177	0.5026579	0.454261	0.545739	7.861268
12432	-7931.687	-8181.764	250.0767	0.8271833	0.5126128	0.46172	0.53828	7.861268
12438	-7934.335	-8184.443	250.1081	0.796789	0.5564841	0.496741	0.503259	7.82372
12444	-7936.632	-8187.445	250.8128	0.7748835	0.581282	0.468217	0.531783	7.438329
12450	-7944.101	-8193.652	249.551	0.7576286	0.6048865	0.445683	0.554317	8.103391
12456	-7949.444	-8197.615	248.1706	0.6843458	0.5701638	0.486907	0.513093	8.902921
12462	-7930.046	-8181.02	250.974	0.7364577	0.4955955	0.455348	0.544652	7.444729
12468	-7944.793	-8196.358	251.5647	0.8679447	0.4954034	0.500425	0.499575	7.057049
12474	-7935.862	-8186.899	251.0374	0.8649457	0.5175355	0.500425	0.499575	7.322535
12480	-7915.851	-8166.315	250.4642	0.8408137	0.5611367	0.500425	0.499575	7.606003
12486	-7923.356	-8174.042	250.6854	0.8061367	0.535236	0.557146	0.442854	7.527633
12492	-7937.142	-8188.102	250.9605	0.8061367	0.5138566	0.557146	0.442854	7.398509
12498	-7942.98	-8193.524	250.5437	0.8552721	0.4867225	0.50938	0.49062	7.619507
12504	-7933.27	-8184.596	251.3259	0.7642086	0.5739269	0.50938	0.49062	7.174577
12510	-7933.996	-8186.287	252.2908	0.8842272	0.5341571	0.471602	0.528398	6.622677
12516	-7952.236	-8205.472	253.2364	0.9234095	0.5269858	0.484642	0.515358	6.094424
12522	-7945.425	-8196.901	251.4756	0.8877227	0.5917307	0.469317	0.530683	7.01337
12528	-7938.766	-8189.698	250.9321	0.7864919	0.6180382	0.469317	0.530683	7.33945
12534	-7944.751	-8196.4	251.6486	0.8752244	0.5306438	0.50354	0.49646	6.977171
12540	-7935.817	-8186.551	250.7339	0.7864529	0.5220573	0.50354	0.49646	7.523444
12546	-7940.672	-8191.563	250.8905	0.8036655	0.5787647	0.482937	0.517063	7.383274
12552	-7944.067	-8193.946	249.8793	0.7904208	0.5392849	0.491554	0.508446	7.963482
12558	-7935.373	-8185.712	250.3386	0.7589339	0.5098406	0.452708	0.547292	7.760205
12564	-7924.743	-8176.229	251.486	0.7697026	0.5621171	0.487623	0.512377	7.095127
12570	-7932.457	-8185.23	252.7733	0.833624	0.5621171	0.480903	0.519097	6.36526
12576	-7929.685	-8182.521	252.8354	0.8088136	0.5971278	0.480903	0.519097	6.316678
12582	-7932.364	-8183.305	250.9418	0.8088136	0.5118454	0.524373	0.475627	7.408869
12588	-7938.773	-8189.965	251.192	0.762791	0.5557566	0.524373	0.475627	7.262074
12594	-7933.516	-8183.973	250.4566	0.7655493	0.5712199	0.529046	0.470954	7.642134
12600	-7932.855	-8185.486	252.6313	0.7605291	0.5411721	0.529046	0.470954	6.499362
12606	-7941.993	-8194.555	252.5613	0.8787884	0.510948	0.505388	0.494612	6.499362
12612	-7946.223	-8197.195	250.9717	0.8856906	0.5788073	0.466297	0.533703	7.295649
12618	-7929.336	-8180.562	251.2265	0.8080159	0.6178434	0.466297	0.533703	7.169958
12624	-7928.687	-8179.636	250.9493	0.7939258	0.5674573	0.482131	0.517869	7.366079
12630	-7936.345	-8187.868	251.5231	0.8189807	0.5604925	0.482131	0.517869	7.050011
12636	-7932.881	-8184.457	251.5759	0.8189807	0.5265935	0.451899	0.548101	7.050011
12642	-7943.71	-8195.104	251.3945	0.8127207	0.5451375	0.451899	0.548101	7.135256
12648	-7931.57	-8181.016	249.4467	0.7138845	0.5451375	0.451899	0.548101	8.229974
12654	-7946.268	-8196.058	249.79	0.7448247	0.5171292	0.449394	0.550606	8.054251
12660	-7953.632	-8203.829	250.1978	0.8215952	0.558002	0.444754	0.555246	7.761313
12666	-7947.889	-8198.487	250.5978	0.6908678	0.5808629	0.444754	0.555246	7.598842
12672	-7934.864	-8185.48	250.6157	0.7733121	0.5161301	0.420471	0.579529	7.598842
12678	-7940.227	-8191.452	251.2249	0.7405578	0.5161301	0.469474	0.530526	7.289874
12684	-7933.024	-8184.156	251.1316	0.8030951	0.6025268	0.474676	0.525324	7.235405
12690	-7948.01	-8199.771	251.7605	0.8602509	0.5701751	0.474676	0.525324	6.891994
12696	-7939.74	-8190.797	251.057	0.8126589	0.602985	0.562522	0.437478	7.270001
12702	-7935.466	-8187.473	252.0071	0.8442385	0.6345314	0.562522	0.437478	6.717182
12708	-7951.825	-8203.435	251.6101	0.8149604	0.5728042	0.539889	0.460111	6.995311
12714	-7928.47	-8180.214	251.7439	0.7349595	0.537748	0.496062	0.503938	6.995311
12720	-7924.397	-8176.388	251.991	0.751251	0.6059404	0.466547	0.533453	6.797977
12726	-7935.379	-8186.626	251.2464	0.8428421	0.5943089	0.470532	0.529468	7.158831
12732	-7952.964	-8204.864	251.8999	0.8432588	0.4911125	0.510749	0.489251	6.893671
12738	-7942.819	-8194.219	251.4004	0.8001156	0.5111971	0.471885	0.528115	7.167915
12744	-7953.637	-8204.453	250.8162	0.8001156	0.4462947	0.471885	0.528115	7.540714
12750	-7948.369	-8199.5	251.1309	0.8001156	0.5317514	0.489384	0.510616	7.294932
12756	-7941.756	-8192.053	250.2971	0.7375626	0.5300868	0.489384	0.510616	7.776396
12762	-7933.101	-8184.515	251.4137	0.8027931	0.4812451	0.479263	0.520737	7.186102
12768	-7940.053	-8191.526	251.4729	0.7412067	0.4826517	0.479263	0.520737	7.186102
12774	-7940.558	-8190.175	249.6167	0.773006	0.5543875	0.448562	0.551438	8.100288
12780	-7953.716	-8203.575	249.8591	0.7199217	0.6953876	0.448562	0.551438	7.892847
12786	-7949.553	-8199.305	249.7529	0.7302627	0.615676	0.507673	0.492327	8.002095
12792	-7943.985	-8193.265	249.2799	0.6840432	0.5602729	0.488356	0.511644	8.322189
12798	-7930.229	-8180.945	250.7154	0.7521842	0.5205861	0.488356	0.511644	7.552971
12804	-7934.009	-8184.055	250.0467	0.7567171	0.5205861	0.494227	0.505773	7.908006
12810	-7938.313	-8189.326	251.0122	0.8048798	0.581033	0.494227	0.505773	7.315505
12816	-7940.198	-8192.15	251.9524	0.930018	0.550228	0.46742	0.53258	6.767242
12822	-7929.295	-8179.654	250.3591	0.8501981	0.5567316	0.46742	0.53258	7.660834
12828	-7943.64	-8194.185	250.5448	0.7879198	0.480237	0.46742	0.53258	7.660834
12834	-7946.275	-8196.81	250.5349	0.7361981	0.480237	0.46742	0.53258	7.693776
12840	-7941.309	-8192.32	251.0104	0.7106958	0.4931988	0.467897	0.532103	7.441136
12846	-7939.684	-8189.45	249.766	0.7401759	0.4864053	0.467897	0.532103	8.096531
12852	-7927.891	-8177.881	249.9903	0.7153785	0.5969792	0.514102	0.485898	7.897743
12858	-7939.643	-8188.454	248.8108	0.6521453	0.5620603	0.495437	0.504563	8.586953
12864	-7935.944	-8185.665	249.721	0.7090243	0.5819725	0.469922	0.530078	8.056593
12870	-7938.333	-8187.939	249.606	0.7662518	0.6217562	0.453904	0.546096	8.056593
12876	-7928.317	-8178.377	250.0599	0.6950046	0.4868455	0.488329	0.511671	7.963531
12882	-7945.679	-8195.451	249.772	0.809727	0.5379417	0.471678	0.528322	8.011562
12888	-7937.078	-8186.547	249.4697	0.7884778	0.5258454	0.521722	0.478278	8.194167
12894	-7933.676	-8183.883	250.2066	0.7025041	0.5355004	0.441401	0.558599	7.838911
12900	-7933.251	-8183.02	249.7687	0.7692442	0.5998647	0.506491	0.493509	7.984994
12906	-7930.318	-8180.09	249.772	0.6995817	0.573112	0.527875	0.472125	8.041475
12912	-7937.455	-8187.383	249.9272	0.7744988	0.4715289	0.527875	0.472125	8.005783
12918	-7951.003	-8200.466	249.4628	0.8039336	0.4907307	0.409379	0.590621	8.220172
12924	-7938.988	-8188.366	249.3779	0.7256066	0.5361295	0.43204	0.56796	8.267821
12930	-7940.562	-8191.477	250.9146	0.7823548	0.5306283	0.499143	0.500857	7.421478
12936	-7932.765	-8183.351	250.5856	0.7964784	0.5198027	0.499143	0.500857	7.599415
12942	-7942.975	-8194.824	251.8494	0.7964784	0.5815493	0.499479	0.500521	6.86923
12948	-7933.892	-8184.896	251.0042	0.7304798	0.6441969	0.480816	0.519184	7.311165
12954	-7936.472	-8187.565	251.093	0.8516808	0.504521	0.450296	0.549704	7.311165
12960	-7939.954	-8192.572	252.6183	0.917714	0.5208491	0.51964	0.48036	6.438709
12966	-7939.059	-8190.902	251.8426	0.8319684	0.5141216	0.51964	0.48036	6.910176
12972	-7951.602	-8202.994	251.3919	0.8377822	0.5413368	0.446832	0.553168	7.126404
12978	-7937.353	-8188.492	251.1395	0.7049297	0.6198167	0.477964	0.522036	7.270556
12984	-7935.33	-8186.683	251.3531	0.8082574	0.5886411	0.477964	0.522036	7.124529
12990	-7931.243	-8183.434	252.1917	0.8597417	0.5201188	0.471166	0.528834	6.70162
12996	-7925.43	-8176.935	251.5052	0.8811781	0.4609256	0.430511	0.569489	7.113608
13002	-7933.042	-8185.424	252.3822	0.9325635	0.573441	0.496573	0.503427	6.514372
13008	-7934.808	-8185.628	250.8198	0.6985836	0.5815411	0.496573	0.503427	7.475277
13014	-7945.318	-8196.671	251.3524	0.9111099	0.5035368	0.526866	0.473134	7.140812
13020	-7925.963	-8176.942	250.9798	0.7981804	0.4803957	0.502056	0.497944	7.422217
13026	-7933.907	-8184.472	250.5651	0.7981804	0.5920333	0.502056	0.497944	7.550085
13032	-7930.094	-8181.485	251.391	0.8310096	0.5902639	0.491881	0.508119	7.090594
13038	-7932.471	-8184.605	252.1337	0.9202255	0.4202679	0.484017	0.515983	6.793463
13044	-7931.834	-8182.397	250.5628	0.8778074	0.5399432	0.484017	0.515983	7.550961
13050	-7923.656	-8173.949	250.293	0.7515257	0.6520941	0.463944	0.536056	7.675109
13056	-7934.627	-8185.672	251.0449	0.7877201	0.5882349	0.546402	0.453598	7.301438
13062	-7934.076	-8183.853	249.7764	0.6742423	0.5882349	0.541006	0.458994	8.040651
13068	-7935.524	-8186.654	251.1304	0.7533805	0.5853668	0.404773	0.595227	7.276247
13074	-7944.675	-8194.072	249.3967	0.709432	0.5080516	0.512657	0.487343	8.290434
13080	-7942.225	-8193.735	251.5102	0.764552	0.5229671	0.512657	0.487343	7.117773
13086	-7933.093	-8183.162	250.0697	0.7696469	0.4931307	0.512657	0.487343	7.912813
13092	-7937.06	-8187.022	249.9628	0.6667223	0.6304932	0.544807	0.455193	7.912813
13098	-7939.788	-8189.735	249.9466	0.7119318	0.5083013	0.544807	0.455193	7.995898
13104	-7935.08	-8185.955	250.8753	0.8715239	0.5460627	0.443945	0.556055	7.381717
13110	-7933.845	-8184.456	250.6116	0.7842588	0.513572	0.462421	0.537579	7.597423
13116	-7925.318	-8176.761	251.4429	0.8340247	0.513572	0.500288	0.499712	7.124745
13122	-7936.235	-8188.026	251.7912	0.7644417	0.6505589	0.495938	0.504062	6.864785
13128	-7936.239	-8187.421	251.1828	0.8940796	0.757873	0.495938	0.504062	7.047718
13134	-7936.176	-8188.199	252.0236	0.8172512	0.5942052	0.454225	0.545775	6.753951
13140	-7935.999	-8186.28	250.2813	0.7398652	0.5942052	0.484099	0.515901	7.731387
13146	-7930.666	-8181.897	251.2312	0.7569926	0.5462309	0.535449	0.464551	7.252076
13152	-7935.084	-8185.383	250.2996	0.80075	0.4883857	0.422538	0.577462	7.777674
13158	-7942.564	-8192.909	250.3454	0.7442964	0.4884169	0.511399	0.488601	7.783342
13164	-7939.784	-8191.752	251.9682	0.8725324	0.4864665	0.459695	0.540305	6.845274
13170	-7932.558	-8184.408	251.8502	0.9092292	0.4923892	0.459695	0.540305	6.88372
13176	-7946.094	-8197.363	251.2686	0.8274232	0.524561	0.462951	0.537049	7.212487
13182	-7934.666	-8185.821	251.1546	0.7723501	0.6032345	0.487053	0.512947	7.239021
13188	-7929.289	-8182.028	252.739	0.8084366	0.5971449	0.487053	0.512947	6.369186
13194	-7925.606	-8177.845	252.2384	0.9078764	0.5971449	0.465418	0.534582	6.586548
13200	-7929.934	-8181.401	251.4668	0.9258826	0.5971449	0.483247	0.516753	6.993297
13206	-7930.759	-8183.018	252.2594	0.9061496	0.7032098	0.483247	0.516753	6.497225
13212	-7942.035	-8193.993	251.9578	0.9061496	0.6015308	0.458842	0.541158	6.735759
13218	-7943.61	-8194.037	250.4269	0.7619182	0.5192769	0.528194	0.471806	7.703248
13224	-7927.289	-8178.114	250.825	0.7813693	0.5655786	0.502377	0.497623	7.440948
13230	-7941.686	-8194.056	252.3697	0.8399251	0.5063102	0.523091	0.476909	6.628189
13236	-7940.373	-8191.881	251.5076	0.8424923	0.5063102	0.523091	0.476909	7.09178
13242	-7944.201	-8195.673	251.4723	0.7688214	0.560319	0.426435	0.573565	7.104478
13248	-7942.933	-8194.561	251.6283	0.8102111	0.5312651	0.4574	0.5426	7.022562
13254	-7930.68	-8180.972	250.2919	0.7454773	0.5423834	0.487606	0.512394	7.764575
13260	-7935.739	-8185.868	250.1288	0.7557376	0.569621	0.432884	0.567116	7.82391
13266	-7936.149	-8186.486	250.3372	0.7863236	0.6059457	0.432884	0.567116	7.667538
13272	-7932.26	-8182.537	250.2774	0.7335796	0.5462388	0.469706	0.530294	7.775513
13278	-7917.565	-8167.483	249.9178	0.7477972	0.5645851	0.446549	0.553451	7.944868
13284	-7933.897	-8184.042	250.1446	0.7477972	0.489594	0.529312	0.470688	7.887649
13290	-7919.633	-8169.69	250.0568	0.7897876	0.5174768	0.45816	0.54184	7.887649
13296	-7927.869	-8179.613	251.744	0.8486207	0.5789715	0.525982	0.474018	6.900057
13302	-7938.05	-8188.717	250.6667	0.8486207	0.5081705	0.515978	0.484022	7.538147
13308	-7934.452	-8185.597	251.1454	0.8497094	0.4578976	0.524106	0.475894	7.326642
13314	-7920.047	-8170.777	250.7297	0.8497094	0.4699328	0.440425	0.559575	7.538211
13320	-7926.387	-8177.852	251.4652	0.8526918	0.6139512	0.440425	0.559575	7.020536
13326	-7922.2	-8171.984	249.7836	0.7878286	0.603879	0.492353	0.507647	7.964044
13332	-7921.92	-8173.186	251.2658	0.8524507	0.4551122	0.460148	0.539852	7.263151
13338	-7926.063	-8177.654	251.5906	0.8304077	0.6340078	0.482702	0.517298	6.949714
13344	-7931.738	-8183.804	252.066	0.8304077	0.568779	0.475986	0.524014	6.744368
13350	-7935.253	-8185.813	250.5596	0.8056857	0.6452438	0.487929	0.512071	7.508427
13356	-7932.418	-8182.661	250.2429	0.8056857	0.638282	0.487929	0.512071	7.683112
13362	-7937.873	-8188.271	250.3977	0.7878261	0.6115091	0.487929	0.512071	7.630093
13368	-7926.215	-8177.121	250.9054	0.7868208	0.6545987	0.487929	0.512071	7.326263
13374	-7927.712	-8178.073	250.3618	0.7876676	0.5508968	0.487929	0.512071	7.697601
13380	-7922.683	-8172.694	250.0109	0.7500386	0.6130072	0.484669	0.515331	7.85588
13386	-7918.397	-8169.464	251.0679	0.8144856	0.5837765	0.455998	0.544002	7.278277
13392	-7935.521	-8185.526	250.0049	0.7859884	0.5630806	0.508636	0.491364	7.879223
13398	-7937.367	-8187.66	250.2933	0.7735498	0.5374658	0.458162	0.541838	7.752976
13404	-7928.323	-8178.711	250.3876	0.7627799	0.59027	0.458162	0.541838	7.665382
13410	-7929.245	-8179.751	250.5057	0.7502829	0.5215191	0.458162	0.541838	7.665382
13416	-7927.38	-8177.174	249.7939	0.7059046	0.5658778	0.410472	0.589528	8.032273
13422	-7934.107	-8184.264	250.1569	0.6760387	0.5658778	0.410472	0.589528	7.854496
13428	-7934.936	-8185.846	250.9107	0.7051265	0.5963101	0.517497	0.482503	7.411412
13434	-7941.088	-8191.55	250.4622	0.7406679	0.5963101	0.438583	0.561417	7.632548
13440	-7929.688	-8179.941	250.253	0.8019216	0.5832313	0.50129	0.49871	7.721982
13446	-7940.515	-8192.014	251.4992	0.8092635	0.5528395	0.50129	0.49871	7.074412
13452	-7951.258	-8203.704	252.4459	0.8908644	0.5234461	0.477761	0.522239	6.544395
13458	-7945.821	-8197.801	251.9806	0.8896157	0.5765228	0.50006	0.49994	6.752238
13464	-7945.462	-8197.114	251.6516	0.803781	0.5765228	0.459151	0.540849	6.97594
13470	-7936.277	-8187.556	251.2795	0.7909205	0.6302979	0.477032	0.522968	7.141195
13476	-7936.76	-8187.463	250.7023	0.7909205	0.6584946	0.477032	0.522968	7.43013
13482	-7941.029	-8192.297	251.2677	0.7851192	0.6154801	0.543114	0.456886	7.161943
13488	-7930.944	-8181.514	250.5699	0.7102027	0.522498	0.457413	0.542587	7.651623
13494	-7932.269	-8183.222	250.9531	0.8086668	0.5462423	0.457413	0.542587	7.373588
13500	-7931.188	-8180.123	248.9357	0.6874254	0.5462423	0.525196	0.474804	8.514834
13506	-7935.358	-8186.153	250.7948	0.821255	0.5839877	0.387189	0.612811	7.420998
13512	-7931.236	-8181.481	250.2444	0.7207738	0.6033395	0.455572	0.544428	7.754229
13518	-7939.629	-8190.418	250.7898	0.7181081	0.6727723	0.541038	0.458962	7.411969
13524	-7934.311	-8184.875	250.564	0.8021244	0.5863926	0.459139	0.540861	7.55297
13530	-7924.131	-8175.605	251.4734	0.7391519	0.5641917	0.459139	0.540861	7.116672
13536	-7925.152	-8176.442	251.2893	0.8240525	0.5421633	0.441751	0.558249	7.188209
13542	-7931.767	-8183.887	252.1199	0.8207593	0.6056266	0.526377	0.473623	6.691066
13548	-7940.134	-8191.627	251.4929	0.8207593	0.5215407	0.473037	0.526963	7.098094
13554	-7932.383	-8185.476	253.0935	0.8837595	0.5672442	0.473037	0.526963	6.159772
13560	-7935.938	-8187.264	251.3262	0.8610555	0.586747	0.500481	0.499519	7.112112
13566	-7930.194	-8182.673	252.4786	0.8564047	0.5853686	0.500481	0.499519	6.493737
13572	-7925.163	-8175.946	250.7827	0.7753421	0.5853686	0.500481	0.499519	7.451006
13578	-7938.705	-8190.111	251.4065	0.8960664	0.5926632	0.476442	0.523558	7.045357
13584	-7926.491	-8179.387	252.8961	0.8647619	0.6007766	0.527396	0.472604	6.250413
13590	-7929.607	-8179.681	250.0733	0.6729596	0.5530668	0.447467	0.552533	7.911247
13596	-7929.277	-8179.998	250.7212	0.743286	0.5409563	0.461338	0.538662	7.537292
13602	-7927.613	-8177.101	249.4886	0.7230892	0.5409563	0.461338	0.538662	8.206201
13608	-7928.446	-8178.862	250.4158	0.7953475	0.4969073	0.461338	0.538662	7.710852
13614	-7932.697	-8182.892	250.1953	0.7855234	0.6497599	0.430792	0.569208	7.710852
13620	-7933.472	-8183.791	250.3187	0.7828818	0.5659843	0.491419	0.508581	7.710852
13626	-7933.137	-8183.462	250.3254	0.7762111	0.5659843	0.484483	0.515517	7.710852
13632	-7937.217	-8187.024	249.8077	0.7278408	0.5532631	0.492531	0.507469	8.02347
13638	-7937.551	-8188.474	250.9232	0.7969799	0.5516427	0.450012	0.549988	7.391385
13644	-7945.522	-8197.945	252.4234	0.8457889	0.6102582	0.4449	0.5551	6.509759
13650	-7938.673	-8189.761	251.0881	0.8333591	0.682333	0.4449	0.5551	7.183107
13656	-7953.957	-8206.607	252.6509	0.796093	0.6245759	0.4449	0.5551	6.402313
13662	-7945.285	-8194.215	248.9295	0.7876993	0.5154465	0.554325	0.445675	8.490829
13668	-7946.824	-8198.491	251.6673	0.8641447	0.5003443	0.375546	0.624454	6.999477
13674	-7949.762	-8201.236	251.4737	0.7110267	0.5253728	0.482799	0.517201	7.164121
13680	-7933.111	-8183.48	250.3697	0.728439	0.6190695	0.479538	0.520462	7.671042
13686	-7925.975	-8177.55	251.575	0.8704379	0.6702442	0.477067	0.522933	6.909821
13692	-7937.088	-8187.789	250.7011	0.8322061	0.5893758	0.511725	0.488275	7.4611
13698	-7929.968	-8180.397	250.4287	0.7314107	0.5444828	0.521217	0.478783	7.697234
13704	-7936.414	-8186.355	249.9414	0.7239454	0.636847	0.532856	0.467144	7.888946
13710	-7937.119	-8186.77	249.6519	0.812614	0.5680799	0.532856	0.467144	8.049289
13716	-7931.176	-8181.879	250.703	0.7808427	0.4965667	0.464819	0.535181	7.565259
13722	-7939.436	-8189.163	249.7274	0.7437548	0.5677191	0.548393	0.451607	8.046059
13728	-7936.921	-8187.662	250.7409	0.7368943	0.5847885	0.505677	0.494323	7.494472
13734	-7941.838	-8191.956	250.1175	0.7111199	0.5315719	0.524403	0.475597	7.885209
13740	-7930.394	-8179.222	248.8286	0.6748569	0.5186527	0.532787	0.467213	8.60159
13746	-7926.128	-8175.707	249.5791	0.7672381	0.482662	0.499935	0.500065	8.185028
13752	-7922.952	-8172.815	249.8635	0.6949502	0.5733394	0.486332	0.513668	7.995003
13758	-7931.347	-8180.464	249.1163	0.6919134	0.5189994	0.492732	0.507268	8.439384
13764	-7927.267	-8177.793	250.5258	0.8149799	0.634597	0.436617	0.563383	7.529491
13770	-7928.201	-8177.463	249.2626	0.6806516	0.5775985	0.436617	0.563383	8.319264
13776	-7950.209	-8199.598	249.3889	0.6632064	0.5074537	0.586377	0.413623	8.319685
13782	-7948.617	-8198.04	249.4228	0.7185902	0.5759809	0.505558	0.494442	8.215114
13788	-7933.711	-8185.806	252.0953	0.8157012	0.5759809	0.44668	0.55332	6.730652
13794	-7953.391	-8205.935	252.5445	0.9319422	0.5125398	0.486675	0.513325	6.478301
13800	-7938.558	-8191.621	253.0629	0.8699923	0.5360407	0.486675	0.513325	6.210095
13806	-7934.936	-8186.339	251.4028	0.8772525	0.6677338	0.457389	0.542611	7.00071
13812	-7937.802	-8189.486	251.6843	0.8021309	0.5266524	0.505336	0.494664	7.00071
13818	-7945.831	-8195.457	249.6255	0.8083745	0.578648	0.534198	0.465802	8.057155
13824	-7947.44	-8198.045	250.6056	0.7994232	0.578648	0.415572	0.584428	7.538335
13830	-7940.125	-8190.684	250.5589	0.7623669	0.5825479	0.500495	0.499505	7.580067
13836	-7941.088	-8191.653	250.5653	0.8363234	0.5704962	0.500495	0.499505	7.546654
13842	-7932.185	-8181.866	249.6809	0.7875379	0.6196152	0.462676	0.537324	8.00693
13848	-7941.211	-8192.818	251.6064	0.8125026	0.4936839	0.462676	0.537324	7.065996
13854	-7943.266	-8193.501	250.2351	0.8125026	0.5907349	0.529872	0.470128	7.719975
13860	-7930.282	-8180.997	250.7152	0.8062291	0.5487329	0.416718	0.583282	7.50034
13866	-7925.427	-8176.931	251.5033	0.7325724	0.5463483	0.456715	0.543285	7.118856
13872	-7938.357	-8189.811	251.4538	0.8022052	0.5566762	0.478561	0.521439	7.099473
13878	-7921.66	-8173.071	251.4106	0.8453795	0.5566762	0.457189	0.542811	7.099473
13884	-7920.495	-8171.05	250.5549	0.7744399	0.5453428	0.467345	0.532655	7.606007
13890	-7927.37	-8179.67	252.3001	0.872013	0.6208495	0.493957	0.506043	6.55412
13896	-7931.896	-8184.239	252.3436	0.8226146	0.5548566	0.515125	0.484875	6.610019
13902	-7935.034	-8186.7	251.666	0.8517865	0.5265823	0.515125	0.484875	6.9839
13908	-7924.943	-8174.62	249.6772	0.7294726	0.5265823	0.524392	0.475608	8.114429
13914	-7921.062	-8171.821	250.7584	0.7118416	0.5265823	0.462469	0.537531	7.546385
13920	-7928.135	-8178.408	250.2732	0.6702463	0.5265823	0.432568	0.567432	7.828093
13926	-7933.7	-8183.926	250.2259	0.7176013	0.5265823	0.506575	0.493425	7.828093
13932	-7936.809	-8188.356	251.5477	0.8326708	0.5248823	0.498936	0.501064	7.059338
13938	-7945.578	-8195.042	249.464	0.7988511	0.4579862	0.513141	0.486859	8.252157
13944	-7951.153	-8201.804	250.6503	0.8167592	0.5541738	0.518763	0.481237	7.524959
13950	-7956.556	-8208.197	251.6411	0.8721763	0.489669	0.538758	0.461242	7.018812
13956	-7940.219	-8191.444	251.2247	0.8546722	0.5293422	0.490943	0.509057	7.217346
13962	-7939.903	-8191.203	251.3004	0.8786105	0.4691631	0.490943	0.509057	7.217346
13968	-7936.728	-8188.568	251.8396	0.8149215	0.6082327	0.460113	0.539887	6.843544
13974	-7945.993	-8198.169	252.1756	0.8149215	0.6037914	0.521057	0.478943	6.665589
13980	-7947.754	-8200.2	252.446	0.8766433	0.5519427	0.48979	0.51021	6.527822
13986	-7944.979	-8196.451	251.4723	0.9000492	0.5064239	0.482531	0.517469	7.079688
13992	-7945.659	-8197.268	251.6088	0.8144097	0.5917224	0.4495	0.5505	6.981142
13998	-7954.058	-8205.654	251.5958	0.8717165	0.5621012	0.4495	0.5505	6.981142
14004	-7939.411	-8191.069	251.6575	0.7231208	0.6212509	0.456573	0.543427	6.981142
14010	-7941.95	-8192.116	250.1655	0.7687678	0.5839414	0.487267	0.512733	7.785903
14016	-7926.059	-8176.265	250.2063	0.7279544	0.5839414	0.487267	0.512733	7.785903
14022	-7939.69	-8190.935	251.2441	0.7599418	0.5670171	0.475898	0.524102	7.226395
14028	-7957.15	-8208.756	251.6062	0.8629682	0.604715	0.415632	0.584368	6.946201
14034	-7953.192	-8204.386	251.1945	0.8724307	0.586974	0.537916	0.462084	7.176578
14040	-7945.109	-8195.841	250.732	0.7502956	0.5667556	0.390316	0.609684	7.506482
14046	-7956.324	-8205.734	249.4105	0.7274863	0.5753312	0.397493	0.602507	8.217425
14052	-7941.615	-8192.424	250.8089	0.7674896	0.5034049	0.436206	0.563794	7.509636
14058	-7937.131	-8188.953	251.8213	0.8581545	0.4871263	0.438156	0.561844	6.931611
14064	-7948.911	-8199.266	250.3554	0.7581679	0.4590992	0.505451	0.494549	7.797461
14070	-7926.363	-8177.891	251.5276	0.8112391	0.5718104	0.519914	0.480086	7.042491
14076	-7925.474	-8175.465	249.9906	0.8074967	0.6124357	0.511844	0.488156	7.836457
14082	-7936.112	-8187.004	250.8915	0.8483542	0.4940805	0.513286	0.486714	7.430335
14088	-7932.125	-8182.862	250.7366	0.779787	0.5614466	0.513286	0.486714	7.492577
14094	-7927.546	-8178.612	251.0663	0.8307544	0.5852135	0.513274	0.486726	7.269262
14100	-7935.31	-8186.689	251.3794	0.8353419	0.5641593	0.463745	0.536255	7.115495
14106	-7932.017	-8182.938	250.921	0.7171603	0.5959982	0.456838	0.543162	7.399634
14112	-7925.269	-8176.284	251.0142	0.7556546	0.5105971	0.442163	0.557837	7.399634
14118	-7936.161	-8186.615	250.4545	0.7556546	0.5470791	0.474859	0.525141	7.668291
14124	-7940.812	-8190.929	250.1172	0.7732904	0.5882462	0.480387	0.519613	7.805904
14130	-7942.23	-8192.479	250.2491	0.7386736	0.5381781	0.480387	0.519613	7.794628
14136	-7957.485	-8209.197	251.7123	0.7386736	0.5530342	0.532261	0.467739	6.997519
14142	-7949.146	-8200.688	251.5419	0.8733035	0.5107916	0.454779	0.545221	7.052822
14148	-7958.526	-8211.067	252.5413	0.8626596	0.541451	0.503072	0.496928	6.492582
14154	-7953.961	-8205.477	251.5164	0.8478727	0.541451	0.503072	0.496928	7.053874
14160	-7958.762	-8209.895	251.1325	0.8590379	0.5771616	0.523562	0.476438	7.224939
14166	-7934.983	-8186.118	251.1352	0.8856142	0.557823	0.523562	0.476438	7.224939
14172	-7939.542	-8190.343	250.8011	0.7798959	0.5417612	0.498493	0.501507	7.474213
14178	-7943.254	-8193.087	249.8332	0.645413	0.6462281	0.498493	0.501507	7.981633
14184	-7948.552	-8197.535	248.9831	0.645413	0.5433625	0.494764	0.505236	8.514372
14190	-7951.842	-8203.262	251.4193	0.8103674	0.522195	0.479461	0.520539	7.142707
14196	-7943.07	-8193.478	250.4082	0.8002524	0.581324	0.47314	0.52686	7.641374
14202	-7955.277	-8206.462	251.185	0.8132074	0.6122469	0.506946	0.493054	7.193747
14208	-7950.443	-8200.991	250.5479	0.8049482	0.5469272	0.51047	0.48953	7.592091
14214	-7949.207	-8200.293	251.0861	0.7994279	0.5334919	0.507819	0.492181	7.317865
14220	-7937.89	-8189.504	251.6138	0.7992438	0.4918832	0.456537	0.543463	7.070771
14226	-7936.234	-8186.472	250.2377	0.7381399	0.5515602	0.456537	0.543463	7.789889
14232	-7928.53	-8180.038	251.5086	0.839466	0.5043285	0.457066	0.542934	7.094638
14238	-7937.678	-8188.459	250.781	0.8536118	0.5046838	0.457066	0.542934	7.477341
14244	-7943.399	-8193.777	250.3779	0.8056386	0.5788427	0.429906	0.570094	7.656712
14250	-7947.285	-8197.766	250.4811	0.6873679	0.533159	0.429906	0.570094	7.70229
14256	-7952.136	-8201.002	248.8654	0.7656352	0.4842313	0.45928	0.54072	8.564011
14262	-7951.763	-8202.549	250.7863	0.8649165	0.6274658	0.45928	0.54072	7.368463
14268	-7949.677	-8201.202	251.5252	0.9111635	0.5598011	0.469719	0.530281	6.999832
14274	-7955.041	-8206.478	251.4365	0.7935993	0.5522672	0.496889	0.503111	7.117023
14280	-7953.763	-8204.002	250.2391	0.7346815	0.6061557	0.421853	0.578147	7.747449
14286	-7948.764	-8197.92	249.1565	0.6956151	0.5546534	0.444215	0.555785	8.386251
14292	-7938.323	-8187.635	249.3121	0.7516467	0.5182809	0.514712	0.485288	8.304125
14298	-7932.296	-8182.339	250.0428	0.7334192	0.5182809	0.516215	0.483785	7.924468
14304	-7946.153	-8197.657	251.5044	0.7424186	0.5608202	0.436871	0.563129	7.101001
14310	-7957.429	-8207.137	249.7074	0.8313092	0.594264	0.527478	0.472522	7.98897
14316	-7940.859	-8190.775	249.9162	0.7709804	0.4988364	0.488004	0.511996	7.98897
14322	-7936.756	-8187.652	250.8961	0.7355524	0.5309703	0.449457	0.550543	7.456185
14328	-7946.926	-8197.895	250.9692	0.6610252	0.53188	0.483788	0.516212	7.456185
14334	-7941.922	-8192.389	250.4664	0.7739398	0.5744951	0.425384	0.574616	7.629778
14340	-7940.807	-8191.239	250.432	0.7739398	0.4883319	0.501647	0.498353	7.72129
14346	-7934.782	-8185.297	250.515	0.7739398	0.593029	0.489432	0.510568	7.589092
14352	-7942.032	-8193.558	251.5263	0.7789766	0.593029	0.506467	0.493533	7.043601
14358	-7930.165	-8180.7	250.5356	0.8241073	0.5535184	0.479157	0.520843	7.582943
14364	-7931.526	-8181.37	249.844	0.7862345	0.4909732	0.481878	0.518122	8.026321
14370	-7934.209	-8185.116	250.9067	0.7241691	0.5898038	0.481878	0.518122	7.408428
14376	-7930.294	-8180.599	250.3056	0.7072976	0.5084093	0.50736	0.49264	7.806678
14382	-7938.252	-8188.26	250.0077	0.7785205	0.5640021	0.50736	0.49264	7.880982
14388	-7927.709	-8178.555	250.8456	0.7897041	0.4932676	0.50736	0.49264	7.487064
14394	-7932.636	-8183.102	250.4657	0.7964247	0.5828838	0.50736	0.49264	7.611453
14400	-7937.151	-8188.465	251.3149	0.8189562	0.522771	0.473821	0.526179	7.193703
14406	-7936.657	-8186.965	250.308	0.7955235	0.554784	0.473821	0.526179	7.718955
14412	-7932.912	-8183.643	250.7302	0.7955235	0.4705003	0.47267	0.52733	7.56643
14418	-7931.253	-8181.992	250.7385	0.7872792	0.4705003	0.419009	0.580991	7.56643
14424	-7930.685	-8181.321	250.6362	0.7444168	0.6571548	0.453859	0.546141	7.491482
14430	-7930.7	-8180.844	250.144	0.6910522	0.547098	0.452734	0.547266	7.868746
14436	-7942.236	-8193.73	251.4944	0.8160809	0.5478698	0.499272	0.500728	7.077459
14442	-7946.741	-8197.197	250.456	0.770637	0.516655	0.499272	0.500728	7.685295
14448	-7941.264	-8191.706	250.4419	0.7334651	0.5490505	0.557354	0.442646	7.685295
14454	-7943.412	-8193.165	249.7526	0.7523028	0.5681116	0.463686	0.536314	8.027756
14460	-7931.478	-8182.202	250.7237	0.782233	0.5681116	0.501409	0.498591	7.492739
14466	-7940.94	-8191.327	250.3865	0.807048	0.608199	0.517949	0.482051	7.628345
14472	-7949.911	-8200.513	250.6022	0.7425509	0.4921179	0.491001	0.508999	7.64364
14478	-7951.792	-8202.613	250.8212	0.7425509	0.5592733	0.435812	0.564188	7.468949
14484	-7930.953	-8181.569	250.6169	0.8216284	0.6455681	0.4564	0.5436	7.468949
14490	-7940.208	-8191.245	251.0372	0.707961	0.6005807	0.496949	0.503051	7.338694
14496	-7936.387	-8186.063	249.6756	0.7899453	0.5054074	0.492356	0.507644	8.101347
14502	-7927.653	-8177.272	249.6191	0.7512368	0.5658142	0.492356	0.507644	8.101347
14508	-7935.834	-8184.71	248.8765	0.7346207	0.6193366	0.492356	0.507644	8.463544
14514	-7931.314	-8182.161	250.847	0.8692945	0.6666343	0.457754	0.542246	7.304581
14520	-7941.186	-8191.805	250.6187	0.809812	0.5088919	0.496343	0.503657	7.584027
14526	-7931.169	-8181.85	250.6803	0.7857559	0.5450027	0.544226	0.455774	7.533063
14532	-7935.897	-8186.554	250.6572	0.8305319	0.5312147	0.544226	0.455774	7.533063
14538	-7931.696	-8183.062	251.3658	0.8047584	0.6519549	0.553631	0.446369	7.071187
14544	-7927.734	-8178.481	250.7465	0.7790579	0.4770691	0.508605	0.491395	7.560525
14550	-7932.39	-8183.878	251.4884	0.7679665	0.6603785	0.503158	0.496842	7.018819
14556	-7934.397	-8185.457	251.0601	0.7360422	0.6035119	0.513398	0.486602	7.309067
14562	-7931.732	-8182.509	250.7768	0.8487849	0.5163086	0.513398	0.486602	7.472027
14568	-7935.513	-8187.909	252.3959	0.8341657	0.4736246	0.513398	0.486602	6.646803
14574	-7926.702	-8177.055	250.3531	0.7646723	0.6089669	0.422976	0.577024	7.668283
14580	-7920.452	-8170.79	250.3378	0.8263068	0.4863815	0.446466	0.553534	7.745396
14586	-7930.204	-8181.835	251.6311	0.85575	0.5044595	0.496469	0.503531	7.019817
14592	-7935.595	-8187.787	252.1914	0.8389558	0.5306223	0.426838	0.573162	6.703925
14598	-7939.446	-8191.726	252.2802	0.8870225	0.5847207	0.504349	0.495651	6.585124
14604	-7946.59	-8199.015	252.4246	0.8041039	0.5442051	0.496695	0.503305	6.585124
14610	-7943.896	-8195.29	251.3935	0.8616204	0.4935935	0.496724	0.503276	7.154139
14616	-7936.67	-8187.08	250.4091	0.7262743	0.5285708	0.468765	0.531235	7.723834
14622	-7919.082	-8169.342	250.26	0.8124401	0.5692513	0.452176	0.547824	7.723834
14628	-7928.785	-8179.291	250.506	0.757565	0.4975552	0.420611	0.579389	7.682267
14634	-7931.589	-8181.925	250.336	0.7103747	0.640987	0.575232	0.424768	7.682267
14640	-7930.76	-8181.119	250.3587	0.8271939	0.5841247	0.515796	0.484204	7.651217
14646	-7929.051	-8179.839	250.788	0.7787196	0.6220861	0.465325	0.534675	7.417817
14652	-7927.113	-8176.97	249.857	0.8224685	0.4727383	0.482625	0.517375	8.016552
14658	-7926.63	-8177.979	251.3488	0.8224685	0.5040688	0.47856	0.52144	7.189905
14664	-7940.674	-8191.97	251.2958	0.8509513	0.6029514	0.479908	0.520092	7.121118
14670	-7940.068	-8190.734	250.6663	0.7535508	0.5478791	0.514881	0.485119	7.555412
14676	-7925.591	-8177.155	251.5645	0.8014457	0.5885614	0.391317	0.608683	7.014519
14682	-7931.178	-8181.456	250.2783	0.8185441	0.5781016	0.47982	0.52018	7.703674
14688	-7956.295	-8206.114	249.8194	0.7757088	0.5336273	0.42203	0.57797	8.008038
14694	-7936.687	-8187.703	251.0159	0.7967603	0.4954297	0.484894	0.515106	7.390067
14700	-7939.594	-8191.377	251.7831	0.7852085	0.6069707	0.516889	0.483111	6.891029
14706	-7957.138	-8206.706	249.5682	0.707712	0.5602539	0.484422	0.515578	8.156155
14712	-7936.024	-8187.407	251.3829	0.8081057	0.5722833	0.523589	0.476411	7.121669
14718	-7955.607	-8207.373	251.766	0.7965422	0.6647284	0.432619	0.567381	6.850667
14724	-7963.699	-8214.757	251.0578	0.8945833	0.4896615	0.490202	0.509798	7.320287
14730	-7940.184	-8190.175	249.9911	0.7599611	0.484847	0.457757	0.542243	7.967371
14736	-7946.572	-8197.031	250.4593	0.7712494	0.5685606	0.43428	0.56572	7.639797
14742	-7937.65	-8189.031	251.3814	0.8586895	0.4394641	0.498966	0.501034	7.212706
14748	-7951.461	-8202.865	251.4039	0.8655445	0.4234299	0.498966	0.501034	7.212706
14754	-7937.596	-8188.309	250.713	0.8510178	0.426247	0.451046	0.548954	7.588234
14760	-7932.477	-8183.07	250.593	0.7743058	0.5540155	0.451046	0.548954	7.5785
14766	-7936.949	-8188.541	251.592	0.8140876	0.5540155	0.446603	0.553397	7.020868
14772	-7926.829	-8177.606	250.7763	0.7925909	0.5640335	0.509966	0.490034	7.462312
14778	-7923.424	-8174.739	251.3154	0.795018	0.6593475	0.499533	0.500467	7.098102
14784	-7940.153	-8192.105	251.9515	0.795018	0.5873256	0.540981	0.459019	6.810339
14790	-7931.869	-8183.641	251.7725	0.8264189	0.5218862	0.512155	0.487845	6.944218
14796	-7926.468	-8177.616	251.1482	0.8650542	0.5611849	0.512155	0.487845	7.226222
14802	-7954.018	-8204.226	250.2087	0.7464097	0.6087918	0.486176	0.513824	7.755391
14808	-7945.655	-8195.872	250.2168	0.7395181	0.6079183	0.472688	0.527312	7.755391
14814	-7938.023	-8189.989	251.9657	0.7395181	0.4776118	0.465362	0.534638	6.92642
14820	-7923.345	-8174.061	250.7158	0.7772901	0.5268569	0.551684	0.448316	7.533887
14826	-7926.949	-8177.798	250.849	0.7279976	0.6631698	0.505093	0.494907	7.38183
14832	-7934.692	-8185.268	250.5765	0.700658	0.5367689	0.511719	0.488281	7.64107
14838	-7936.03	-8186.41	250.3803	0.8465764	0.5694439	0.459573	0.540427	7.64107
14844	-7946.16	-8196.751	250.5917	0.7228509	0.5133911	0.493718	0.506282	7.64107
14850	-7933.637	-8184.191	250.5538	0.760756	0.5133911	0.493718	0.506282	7.64107
14856	-7933.37	-8184.83	251.4601	0.9038465	0.5194334	0.493718	0.506282	7.07286
14862	-7945.202	-8196.988	251.7865	0.8247457	0.6013229	0.493718	0.506282	6.872262
14868	-7949.217	-8201.196	251.9799	0.7480002	0.5266156	0.493718	0.506282	6.870629
14874	-7936.537	-8186.751	250.2137	0.7549543	0.6011184	0.493718	0.506282	7.754066
14880	-7933.804	-8184.213	250.4088	0.7518549	0.5021118	0.542226	0.457774	7.733243
14886	-7929.703	-8179.905	250.2019	0.7923984	0.6103438	0.474544	0.525456	7.733243
14892	-7935.196	-8185.351	250.1551	0.7667124	0.5583931	0.474544	0.525456	7.813144
14898	-7943.353	-8193.666	250.313	0.7253343	0.4858105	0.471143	0.528857	7.813144
14904	-7942.555	-8192.946	250.3914	0.7913078	0.5049555	0.432551	0.567449	7.718953
14910	-7933.379	-8183.691	250.3116	0.8130393	0.5931091	0.521312	0.478688	7.676902
14916	-7930.686	-8181.724	251.0384	0.78941	0.5453624	0.521312	0.478688	7.338869
14922	-7930.949	-8181.392	250.4432	0.809187	0.5772789	0.441619	0.558381	7.621108
14928	-7930.113	-8181.646	251.5333	0.8978223	0.6042445	0.514482	0.485518	6.967066
14934	-7933.566	-8183.737	250.1717	0.8471952	0.5100262	0.514482	0.485518	7.802081
14940	-7947.523	-8199.75	252.2268	0.9630069	0.4954976	0.475448	0.524552	6.648582
14946	-7938.91	-8191.188	252.2783	0.9630069	0.5615854	0.471376	0.528624	6.563823
14952	-7935.229	-8187.109	251.8795	0.9097648	0.5389326	0.552422	0.447578	6.827035
14958	-7933.163	-8184.69	251.5275	0.8222946	0.5636078	0.524221	0.475779	7.043287
14964	-7932.507	-8185.295	252.7888	0.9447451	0.5036078	0.500217	0.499783	6.346759
14970	-7941.183	-8193.204	252.0213	0.9010946	0.5903959	0.500217	0.499783	6.712944
14976	-7950.35	-8202.421	252.0703	0.885477	0.4629915	0.50987	0.49013	6.804874
14982	-7931.893	-8183.067	251.174	0.8424943	0.518339	0.50987	0.49013	7.26055
14988	-7928.372	-8179.726	251.3535	0.8325484	0.5043929	0.536605	0.463395	7.181676
14994	-7950.406	-8201.757	251.3513	0.8623051	0.5296615	0.501643	0.498357	7.144909
15000	-7944.55	-8195.871	251.3206	0.8599397	0.5130415	0.566319	0.433681	7.177032
15006	-7968.11	-8219.883	251.7737	0.7219184	0.5234062	0.394793	0.605207	6.998532
15012	-7940.73	-8193.838	253.1082	0.9310314	0.4804835	0.459534	0.540466	6.20172
15018	-7942.856	-8193.841	250.9851	0.7944403	0.5845153	0.499674	0.500326	7.33287
15024	-7934.338	-8185.826	251.4875	0.8710273	0.5269949	0.470262	0.529738	7.069275
15030	-7943.604	-8196.122	252.5186	0.8921307	0.5665981	0.43621	0.56379	6.467924
15036	-7953.434	-8203.795	250.3605	0.7812478	0.5215728	0.43621	0.56379	7.726418
15042	-7943.541	-8193.841	250.2999	0.7734571	0.5654464	0.492089	0.507911	7.726418
15048	-7932.687	-8183.934	251.2472	0.7797684	0.5654464	0.431018	0.568982	7.21538
15054	-7948.477	-8199.338	250.8605	0.8084344	0.5894285	0.517377	0.482623	7.388327
15060	-7933.58	-8184.848	251.2685	0.8283761	0.4988702	0.469778	0.530222	7.234461
15066	-7930.727	-8181.594	250.8674	0.8283761	0.5571129	0.498818	0.501182	7.39996
15072	-7934.156	-8185.011	250.8555	0.8080715	0.5218018	0.450388	0.549612	7.44691
15078	-7936.631	-8188.855	252.2244	0.9388738	0.4633224	0.513956	0.486044	6.692545
15084	-7936.684	-8186.808	250.1243	0.8416089	0.5207699	0.513956	0.486044	7.821095
15090	-7940.913	-8191.101	250.1889	0.7449513	0.5764616	0.506191	0.493809	7.792068
15096	-7942.286	-8193.167	250.8813	0.7764457	0.5249931	0.482826	0.517174	7.447296
15102	-7946.986	-8198.574	251.5882	0.8649112	0.6048399	0.486056	0.513944	6.954768
15108	-7931.867	-8182.805	250.9381	0.8535473	0.5267275	0.484105	0.515895	7.374029
15114	-7933.255	-8184.25	250.9958	0.8569133	0.4734991	0.484105	0.515895	7.388455
15120	-7929.328	-8180.122	250.7941	0.8193145	0.5882951	0.517741	0.482259	7.418997
15126	-7943.771	-8193.909	250.1377	0.8003975	0.6017481	0.504877	0.495123	7.769927
15132	-7928.337	-8179.579	251.2425	0.8285742	0.5055521	0.504877	0.495123	7.242427
15138	-7936.765	-8188.347	251.582	0.8968355	0.6381391	0.504877	0.495123	6.91544
15144	-7926.455	-8178.57	252.1157	0.9081783	0.5102124	0.504877	0.495123	6.725178
15150	-7937.459	-8188.36	250.9007	0.8799714	0.6020796	0.504877	0.495123	7.318482
15156	-7940.424	-8191.399	250.9743	0.8427458	0.5773553	0.518906	0.481094	7.318482
15162	-7938.492	-8189.556	251.0645	0.8427458	0.4905023	0.472554	0.527446	7.343749
15168	-7951.456	-8204.137	252.6814	0.9095841	0.5090906	0.431645	0.568355	6.419215
15174	-7933.919	-8185.7	251.7816	0.8269126	0.5134992	0.406094	0.593906	6.946326
15180	-7927.828	-8178.463	250.6349	0.7270479	0.5208638	0.446078	0.553922	7.609239
15186	-7939.439	-8190.317	250.8778	0.805461	0.5906128	0.500316	0.499684	7.379719
15192	-7947.883	-8199.872	251.9894	0.8128803	0.4839251	0.479111	0.520889	6.868317
15198	-7952.534	-8202.972	250.4382	0.7250812	0.4895418	0.500729	0.499271	7.743016
15204	-7954.331	-8205.695	251.364	0.8425825	0.4769196	0.481728	0.518272	7.195397
15210	-7937.716	-8187.906	250.1898	0.8568642	0.5340538	0.496958	0.503042	7.766615
15216	-7938.909	-8189.127	250.218	0.9036983	0.4512568	0.496958	0.503042	7.800544
15222	-7946.612	-8199.743	253.1304	1.027517	0.5270244	0.489177	0.510823	6.095419
15228	-7940.912	-8193.667	252.7549	0.9694738	0.6011982	0.480545	0.519455	6.269935
15234	-7935.507	-8188.076	252.569	0.9221661	0.5408948	0.42157	0.57843	6.445818
15240	-7937.301	-8189.164	251.8629	0.8891304	0.5049214	0.42157	0.57843	6.876525
15246	-7923.273	-8174.827	251.5541	0.8576847	0.5525532	0.467673	0.532327	7.019041
15252	-7922.402	-8174.319	251.9169	0.8373445	0.5766951	0.484278	0.515722	6.814689
15258	-7913.641	-8164.268	250.6272	0.7550593	0.5236751	0.46013	0.53987	7.595993
15264	-7918.136	-8168.913	250.7764	0.7847465	0.5020301	0.46013	0.53987	7.519025
15270	-7928.018	-8179.672	251.6539	0.8110019	0.5322718	0.418713	0.581287	7.007461
15276	-7929.744	-8180.428	250.6844	0.7332085	0.5398874	0.452284	0.547716	7.563317
15282	-7926.756	-8177.153	250.397	0.7688244	0.5985924	0.513778	0.486222	7.650601
15288	-7926.047	-8175.295	249.2477	0.7761509	0.5128522	0.460118	0.539882	8.329998
15294	-7950.613	-8201.816	251.2037	0.8500541	0.5687171	0.417414	0.582586	7.198307
15300	-7931.028	-8182.362	251.3346	0.7936076	0.5788121	0.475221	0.524779	7.150195
15306	-7941.002	-8192.935	251.933	0.8224908	0.517242	0.459614	0.540386	6.863852
15312	-7942.065	-8192.4	250.3348	0.7637038	0.53618	0.451408	0.548592	7.737125
15318	-7927.702	-8178.834	251.1321	0.8348455	0.5374954	0.492389	0.507611	7.270807
15324	-7935.316	-8187.371	252.0553	0.8348455	0.64098	0.453271	0.546729	6.691365
15330	-7936.357	-8187.798	251.4403	0.8093004	0.466466	0.443951	0.556049	7.181906
15336	-7934.658	-8184.896	250.2385	0.8283235	0.466466	0.462137	0.537863	7.815608
15342	-7931.552	-8182.968	251.4159	0.8043417	0.5839914	0.518866	0.481134	7.09652
15348	-7949.841	-8201.281	251.4397	0.8758465	0.4823846	0.518866	0.481134	7.131818
15354	-7946.736	-8197.849	251.1134	0.7614698	0.5546242	0.474578	0.525422	7.30593
15360	-7954.728	-8205.678	250.9499	0.8420289	0.6618631	0.519514	0.480486	7.267421
15366	-7949.927	-8201.159	251.2317	0.7940915	0.6618631	0.501709	0.498291	7.141798
15372	-7955.742	-8207.415	251.673	0.8239628	0.4866336	0.528507	0.471493	7.030313
15378	-7944.451	-8195.931	251.4803	0.8603667	0.5857499	0.472023	0.527977	7.030313
15384	-7941.722	-8193.824	252.1016	0.900917	0.4954218	0.485002	0.514998	6.749866
15390	-7940.221	-8192.653	252.4324	0.8851581	0.4775916	0.485002	0.514998	6.595811
15396	-7933.034	-8184.638	251.604	0.8480431	0.4775916	0.513953	0.486047	7.062789
15402	-7952.436	-8203.337	250.9005	0.8038823	0.5134758	0.564053	0.435947	7.432206
15408	-7956.818	-8208.026	251.2087	0.7970113	0.5763132	0.367324	0.632676	7.217987
15414	-7942.427	-8193.78	251.3532	0.7970269	0.4875096	0.457878	0.542122	7.216019
15420	-7951.381	-8201.702	250.3203	0.7326791	0.4552802	0.498915	0.501085	7.833452
15426	-7955.455	-8205.613	250.1581	0.7370333	0.5088351	0.52032	0.47968	7.869175
15432	-7953.446	-8204.204	250.7577	0.8275921	0.5605867	0.539499	0.460501	7.456332
15438	-7959.842	-8211.359	251.5169	0.7412206	0.5909846	0.394264	0.605736	7.070601
15444	-7945.895	-8196.115	250.2201	0.7756244	0.5223108	0.50583	0.49417	7.803817
15450	-7949.666	-8201.315	251.6486	0.9072167	0.5482523	0.505409	0.494591	6.945045
15456	-7934.286	-8185.839	251.5532	0.7970649	0.5580057	0.466076	0.533924	7.047654
15462	-7925.721	-8176.049	250.3284	0.8182351	0.632611	0.519669	0.480331	7.634912
15468	-7927.152	-8178.361	251.2085	0.8172186	0.5722731	0.440819	0.559181	7.210492
15474	-7918.375	-8170.601	252.2267	0.8730066	0.52291	0.440819	0.559181	6.673091
15480	-7923.112	-8173.931	250.8185	0.8730066	0.5350265	0.427798	0.572202	7.420668
15486	-7933.313	-8184.707	251.3936	0.9090637	0.6344446	0.438805	0.561195	7.013133
15492	-7931.205	-8183.305	252.0997	0.9090637	0.5273471	0.528422	0.471578	6.718411
15498	-7933.849	-8186.413	252.5635	0.8418165	0.449319	0.502302	0.497698	6.574987
15504	-7925.76	-8176.972	251.2124	0.936213	0.5651036	0.502496	0.497504	7.150292
15510	-7927.895	-8179.154	251.2588	0.9333584	0.396465	0.477946	0.522054	7.281672
15516	-7932.629	-8182.806	250.177	0.8357536	0.6104215	0.490408	0.509592	7.723341
15522	-7932.945	-8183.872	250.9268	0.8290913	0.5166231	0.528401	0.471599	7.401886
15528	-7940.275	-8190.58	250.3042	0.7361624	0.4853476	0.444291	0.555709	7.812443
15534	-7940.791	-8190.897	250.106	0.8071452	0.5648902	0.444291	0.555709	7.812443
15540	-7940.775	-8189.535	248.76	0.7886002	0.6133614	0.492222	0.507778	8.501259
15546	-7939.979	-8188.915	248.9363	0.76863	0.5061539	0.522056	0.477944	8.505365
15552	-7938.031	-8187.806	249.7755	0.769477	0.5626897	0.522056	0.477944	8.010751
15558	-7927.671	-8178.868	251.1977	0.8065603	0.5626897	0.522056	0.477944	7.229852
15564	-7933.95	-8185.112	251.1626	0.773538	0.6087263	0.525045	0.474955	7.229852
15570	-7940.861	-8192.186	251.3245	0.7808223	0.5573851	0.535055	0.464945	7.179853
15576	-7943.013	-8193.986	250.9728	0.8302425	0.5634825	0.52676	0.47324	7.337218
15582	-7946.926	-8197.58	250.6542	0.8036937	0.6162358	0.425086	0.574914	7.480623
15588	-7943.611	-8195.492	251.8807	0.8587081	0.5430484	0.449912	0.550088	6.850447
15594	-7941.21	-8193.081	251.8704	0.874246	0.5397105	0.466626	0.533374	6.850447
15600	-7948.418	-8200.277	251.859	0.7689791	0.6180587	0.457185	0.542815	6.850278
15606	-7941.18	-8193.393	252.2133	0.9261111	0.5127038	0.49404	0.50596	6.660555
15612	-7942.992	-8193.731	250.7386	0.7920426	0.6161756	0.491737	0.508263	7.441689
15618	-7941.442	-8191.058	249.6163	0.6664292	0.545986	0.491737	0.508263	8.164215
15624	-7955.964	-8207.75	251.786	0.836086	0.5557806	0.472216	0.527784	6.90308
15630	-7952.821	-8203.317	250.4958	0.8218157	0.553974	0.437473	0.562527	7.605111
15636	-7944.878	-8196.067	251.1891	0.8040654	0.553974	0.437473	0.562527	7.242935
15642	-7942.786	-8194.342	251.5563	0.8179278	0.538053	0.406626	0.593374	7.051413
15648	-7935.69	-8187.52	251.8299	0.8815378	0.5249404	0.515504	0.484496	6.880918
15654	-7948.998	-8201.005	252.0067	0.8886089	0.4494744	0.468748	0.531252	6.850395
15660	-7952.501	-8204.783	252.282	0.7615368	0.5495607	0.468748	0.531252	6.680769
15666	-7945.82	-8196.1	250.2794	0.7593825	0.4957435	0.465783	0.534217	7.804008
15672	-7946.293	-8197.577	251.2839	0.74725	0.4857004	0.529693	0.470307	7.281612
15678	-7927.79	-8178.848	251.058	0.790489	0.6026353	0.529693	0.470307	7.281612
15684	-7936.465	-8188.557	252.0918	0.8349391	0.5239614	0.509635	0.490365	6.765602
15690	-7928.64	-8180.199	251.5585	0.8882181	0.6823956	0.504377	0.495623	6.900362
15696	-7946.899	-8197.266	250.3668	0.8974174	0.5268553	0.504377	0.495623	7.656392
15702	-7956.795	-8206.642	249.8471	0.8123587	0.5427606	0.453725	0.546275	7.966088
15708	-7941.989	-8193.345	251.3559	0.8183976	0.5757829	0.453725	0.546275	7.127815
15714	-7935.787	-8186.927	251.1408	0.7285756	0.5845964	0.480566	0.519434	7.284621
15720	-7940.404	-8191.915	251.5112	0.8987731	0.5501107	0.463088	0.536912	7.022038
15726	-7934.983	-8186.234	251.2509	0.8182838	0.5501107	0.449532	0.550468	7.205296
15732	-7938.578	-8190.039	251.4606	0.8257872	0.5208713	0.502905	0.497095	7.113309
15738	-7937.809	-8188.428	250.6189	0.7098302	0.6847002	0.502905	0.497095	7.499476
15744	-7926.458	-8177.63	251.1724	0.7982745	0.6553783	0.502905	0.497095	7.176177
15750	-7933.71	-8184.956	251.2451	0.7982745	0.6036229	0.502905	0.497095	7.176177
15756	-7935.175	-8186.58	251.4048	0.8536881	0.5411715	0.513935	0.486065	7.111048
15762	-7953.485	-8202.291	248.806	0.8358025	0.5411715	0.510664	0.489336	8.509105
15768	-7952.684	-8203.033	250.3485	0.7845822	0.5977181	0.481227	0.518773	7.668831
15774	-7954.65	-8205.014	250.364	0.7690618	0.5977181	0.457237	0.542763	7.668831
15780	-7944.208	-8194.273	250.0655	0.7233601	0.5842421	0.482245	0.517755	7.863347
15786	-7941.269	-8191.949	250.6799	0.8018777	0.707082	0.482245	0.517755	7.401766
15792	-7945.672	-8198.311	252.6388	0.8419657	0.707082	0.482245	0.517755	6.323571
15798	-7955.385	-8207.289	251.9039	0.8371123	0.4900773	0.482245	0.517755	6.895776
15804	-7938.704	-8191.487	252.783	0.8990167	0.4984149	0.480921	0.519079	6.379374
15810	-7945.529	-8198.032	252.5024	0.8899662	0.5620346	0.472175	0.527825	6.481641
15816	-7943.762	-8195.051	251.2892	0.9327247	0.4529376	0.472107	0.527893	7.209563
15822	-7936.752	-8187.477	250.7253	0.7454136	0.5688834	0.433851	0.566149	7.51098
15828	-7926.11	-8176.851	250.7404	0.7454136	0.5688834	0.489938	0.510062	7.502874
15834	-7942.127	-8192.94	250.8125	0.8039775	0.4869026	0.475578	0.524422	7.502874
15840	-7945.176	-8195.575	250.3997	0.7223767	0.5602169	0.43106	0.56894	7.704601
15846	-7933.563	-8183.362	249.7996	0.7080735	0.4745525	0.43106	0.56894	8.106463
15852	-7936.906	-8188.64	251.7336	0.8052096	0.5955037	0.464051	0.535949	6.915909
15858	-7939.338	-8189.446	250.1079	0.811928	0.5470787	0.444663	0.555337	7.823523
15864	-7944.863	-8195.669	250.8059	0.7642782	0.4753931	0.432215	0.567785	7.538152
15870	-7949.16	-8200.962	251.8015	0.8379744	0.6285374	0.491522	0.508478	6.836059
15876	-7950.541	-8200.064	249.523	0.8379744	0.527492	0.491522	0.508478	8.138022
15882	-7949.579	-8200.754	251.1748	0.8879252	0.620851	0.491522	0.508478	7.1525
15888	-7939.034	-8189.063	250.029	0.7382327	0.5159871	0.47635	0.52365	7.931292
15894	-7941.884	-8191.589	249.7056	0.7835997	0.4923499	0.47635	0.52365	8.100238
15900	-7949.626	-8199.833	250.2067	0.7449225	0.6090722	0.451569	0.548431	7.757036
15906	-7958.875	-8211.128	252.2534	0.8532275	0.6816333	0.510882	0.489118	6.544439
15912	-7962.543	-8213.46	250.9173	0.8180901	0.645605	0.530235	0.469765	7.309732
15918	-7960.111	-8210.029	249.9177	0.7225411	0.5265097	0.512963	0.487037	7.990021
15924	-7953.291	-8202.486	249.1952	0.6307197	0.5265097	0.498317	0.501683	8.423596
15930	-7973.165	-8224.372	251.2065	0.8427642	0.5304072	0.558347	0.441653	7.232586
15936	-7952.597	-8201.735	249.1387	0.8017515	0.4827085	0.532363	0.467637	8.400975
15942	-7941.547	-8191.952	250.4055	0.7689578	0.563428	0.483699	0.516301	7.673964
15948	-7926.239	-8177.664	251.4256	0.8384553	0.563428	0.476884	0.523116	7.089557
15954	-7943.844	-8195.524	251.6803	0.8577813	0.563428	0.449579	0.550421	6.942037
15960	-7943.284	-8193.892	250.6073	0.888496	0.5387601	0.560707	0.439293	7.522376
15966	-7949.156	-8199.844	250.6879	0.8520861	0.5604908	0.451949	0.548051	7.480677
15972	-7959.438	-8210.611	251.1725	0.9397565	0.5498252	0.429651	0.570349	7.18239
15978	-7949.049	-8201.01	251.9605	0.9319215	0.4789543	0.429651	0.570349	6.824213
15984	-7944.565	-8196.105	251.54	0.7583217	0.593449	0.512799	0.487201	7.047011
15990	-7931.661	-8182.722	251.0613	0.7538732	0.5170872	0.514736	0.485264	7.369662
15996	-7936.304	-8186.881	250.5767	0.7895222	0.5170872	0.492725	0.507275	7.610199
16002	-7940.567	-8191.972	251.4051	0.7873883	0.5103305	0.542389	0.457611	7.172963
16008	-7942.674	-8193.992	251.3183	0.8651369	0.5223479	0.542389	0.457611	7.16739
16014	-7934.343	-8185.677	251.3345	0.8269345	0.5362342	0.497272	0.502728	7.16739
16020	-7950.555	-8201.161	250.606	0.7672256	0.4826623	0.439276	0.560724	7.636945
16026	-7935.934	-8187.697	251.7623	0.8479213	0.4952534	0.439276	0.560724	6.961581
16032	-7946.031	-8197.491	251.4607	0.8611139	0.5215661	0.485468	0.514532	7.093679
16038	-7948.898	-8198.452	249.5533	0.8479728	0.5209997	0.516002	0.483998	8.122084
16044	-7936.34	-8187.696	251.3567	0.8288492	0.5606298	0.504259	0.495741	7.134083
16050	-7933.945	-8185.814	251.8687	0.8272352	0.5908789	0.483141	0.516859	6.834835
16056	-7923.062	-8171.903	248.8407	0.736001	0.5742893	0.486476	0.513524	8.516764
16062	-7935.32	-8186.68	251.3604	0.7891518	0.5191476	0.525511	0.474489	7.188387
16068	-7934.215	-8183.083	248.8673	0.7136846	0.6352105	0.466412	0.533588	8.467677
16074	-7930.808	-8180.123	249.3148	0.7017814	0.5008326	0.473588	0.526412	8.34435
16080	-7934.058	-8183.42	249.3619	0.7730311	0.4768494	0.473588	0.526412	8.302821
16086	-7934.942	-8184.668	249.7259	0.7370765	0.4942463	0.473588	0.526412	8.112551
16092	-7937.836	-8188.461	250.6243	0.7982444	0.5226399	0.494107	0.505893	7.575268
16098	-7934.164	-8185.72	251.5561	0.8168207	0.6205931	0.432386	0.567614	6.985774
16104	-7930.889	-8182.336	251.447	0.820366	0.475759	0.553789	0.446211	7.163752
16110	-7939.546	-8192.106	252.5597	0.8888066	0.6914645	0.552922	0.447078	6.352099
16116	-7937.02	-8189.19	252.1706	0.8540413	0.517484	0.503386	0.496614	6.718389
16122	-7931.194	-8183.663	252.4693	0.8143525	0.5884762	0.503386	0.496614	6.519077
16128	-7944.925	-8195.949	251.0247	0.7975614	0.50254	0.433921	0.566079	7.378623
16134	-7954.564	-8206.603	252.0386	0.7551091	0.5808186	0.557182	0.442818	6.79011
16140	-7945.661	-8197.685	252.0237	0.7859892	0.5722431	0.538469	0.461531	6.788405
16146	-7934.24	-8187.075	252.8343	0.8341683	0.5761263	0.507081	0.492919	6.320366
16152	-7930.465	-8180.968	250.5024	0.8085623	0.5748792	0.503332	0.496668	7.591686
16158	-7934.833	-8185.524	250.6918	0.7459601	0.494583	0.503332	0.496668	7.591686
16164	-7928.106	-8179.181	251.0748	0.7841115	0.5404563	0.552293	0.447707	7.326293
16170	-7933.182	-8183.733	250.5512	0.7772627	0.5192736	0.489297	0.510703	7.628528
16176	-7934.459	-8185.433	250.9743	0.7346103	0.5110883	0.510329	0.489671	7.43187
16182	-7939.331	-8190.67	251.3381	0.7658567	0.5487706	0.495702	0.504298	7.187721
16188	-7936.374	-8188.062	251.6874	0.9022074	0.5374626	0.474596	0.525404	6.935887
16194	-7947.747	-8198.634	250.8865	0.8289311	0.5024271	0.480523	0.519477	7.435999
16200	-7943.66	-8194.598	250.9386	0.7283046	0.5324599	0.522701	0.477299	7.435999
16206	-7935.836	-8187.139	251.3025	0.770938	0.5802455	0.487484	0.512516	7.178479
16212	-7941.865	-8193.033	251.1681	0.8405361	0.563452	0.519402	0.480598	7.226865
16218	-7932.023	-8182.887	250.8641	0.7976956	0.4728982	0.494623	0.505377	7.491376
16224	-7947.422	-8197.956	250.533	0.7834035	0.6371121	0.492203	0.507797	7.54064
16230	-7947.885	-8198.799	250.9131	0.7856883	0.4753177	0.494081	0.505919	7.469334
16236	-7944.018	-8194.135	250.1167	0.6983898	0.4618769	0.482081	0.517919	7.954259
16242	-7943.364	-8193.028	249.664	0.7952236	0.6291857	0.482081	0.517919	8.004627
16248	-7940.262	-8190.051	249.7889	0.750423	0.5740375	0.482081	0.517919	8.004627
16254	-7936.484	-8187.083	250.5994	0.7902953	0.5378726	0.482081	0.517919	7.579936
16260	-7929.596	-8180.353	250.7568	0.7580042	0.5941219	0.4808	0.5192	7.467272
16266	-7949.034	-8200.218	251.1842	0.8790967	0.5812543	0.4808	0.5192	7.183098
16272	-7935.651	-8186.87	251.2194	0.8384497	0.5849305	0.478411	0.521589	7.183098
16278	-7932.638	-8183.818	251.1795	0.8406926	0.6107554	0.54761	0.45239	7.183098
16284	-7925.01	-8176.017	251.0066	0.7171945	0.525885	0.429805	0.570195	7.411098
16290	-7926.516	-8177.294	250.7782	0.7983748	0.4906543	0.486911	0.513089	7.520893
16296	-7924.073	-8174.795	250.7221	0.7528014	0.5616977	0.488189	0.511811	7.514557
16302	-7928.813	-8180.566	251.7537	0.7813318	0.5270384	0.4355	0.5645	6.974211
16308	-7928.026	-8179.754	251.7271	0.8284189	0.5142531	0.470363	0.529637	6.974211
16314	-7928.805	-8179.29	250.4855	0.8068948	0.5142531	0.470363	0.529637	7.652194
16320	-7940.256	-8189.552	249.2955	0.6805305	0.5368831	0.532206	0.467794	8.335013
16326	-7939.535	-8190.605	251.0702	0.7139861	0.5368831	0.423244	0.576756	7.369387
16332	-7941.952	-8192.97	251.0187	0.8228999	0.5349001	0.489428	0.510572	7.340257
16338	-7946.164	-8197.319	251.1554	0.8228999	0.6011638	0.53823	0.46177	7.213057
16344	-7948.799	-8199.739	250.94	0.827048	0.4756182	0.480623	0.519377	7.43244
16350	-7932.319	-8183.56	251.2404	0.8619992	0.5788895	0.480623	0.519377	7.163969
16356	-7933.968	-8185.401	251.4329	0.7997814	0.4961067	0.480623	0.519377	7.163969
16362	-7933.295	-8184.547	251.2523	0.8394967	0.5860387	0.571691	0.428309	7.163969
16368	-7932.255	-8183.476	251.221	0.7492372	0.5690941	0.468677	0.531323	7.242872
16374	-7929.841	-8181.491	251.6499	0.8576467	0.5528616	0.489002	0.510998	6.967182
16380	-7928.491	-8180.055	251.5641	0.919175	0.5687824	0.535059	0.464941	6.967182
16386	-7943.702	-8196.371	252.6689	0.9211879	0.7102112	0.464766	0.535234	6.262005
16392	-7919.952	-8170.974	251.0228	0.8881442	0.4928122	0.464766	0.535234	7.339675
16398	-7919.948	-8170.853	250.9056	0.7826741	0.6393013	0.48661	0.51339	7.339675
16404	-7926.978	-8178.326	251.3478	0.7826741	0.5320404	0.426376	0.573624	7.187565
16410	-7928.919	-8180.294	251.3756	0.7819888	0.5421695	0.526833	0.473167	7.164443
16416	-7934.406	-8184.287	249.881	0.8524904	0.6303411	0.526833	0.473167	7.857438
16422	-7931.163	-8183.068	251.9046	0.7901711	0.5739374	0.496286	0.503714	6.849003
16428	-7937.64	-8189.093	251.4531	0.875393	0.4723479	0.48222	0.51778	7.134053
16434	-7917.964	-8169.417	251.4529	0.7977991	0.5191307	0.454354	0.545646	7.134053
16440	-7944.175	-8194.784	250.6095	0.7904464	0.5569595	0.464051	0.535949	7.558607
16446	-7951.436	-8201.983	250.5471	0.7836437	0.5414693	0.464051	0.535949	7.608458
16452	-7944.162	-8194.264	250.1018	0.7317094	0.5068054	0.457134	0.542866	7.903878
16458	-7936.021	-8186.017	249.9959	0.7126139	0.5872225	0.513131	0.486869	7.903878
16464	-7942.382	-8193.735	251.353	0.7901851	0.5096602	0.4559	0.5441	7.200042
16470	-7939.647	-8190.438	250.7908	0.7748545	0.5462068	0.425024	0.574976	7.478752
16476	-7946.851	-8197.743	250.8915	0.7750252	0.5595079	0.524177	0.475823	7.41368
16482	-7947.438	-8198.201	250.7625	0.8344444	0.5701647	0.516582	0.483418	7.442305
16488	-7939.426	-8190.886	251.46	0.8394804	0.5701647	0.516582	0.483418	7.065006
16494	-7935.448	-8184.751	249.3022	0.7093216	0.6068782	0.43676	0.56324	8.260094
16500	-7934.546	-8184.037	249.4914	0.7373983	0.4689412	0.483507	0.516493	8.260094
16506	-7930.062	-8180.65	250.5887	0.7180863	0.5146182	0.480799	0.519201	7.644151
16512	-7936.903	-8187.198	250.2952	0.7690593	0.5058454	0.48132	0.51868	7.781482
16518	-7939.107	-8190.511	251.4043	0.8167824	0.6813135	0.475886	0.524114	7.022702
16524	-7929.563	-8181.011	251.4474	0.7996448	0.5274655	0.47021	0.52979	7.128814
16530	-7950.665	-8200.269	249.6031	0.7016175	0.5221352	0.508565	0.491435	8.172559
16536	-7953.099	-8202.619	249.5199	0.7547469	0.5410953	0.541311	0.458689	8.172559
16542	-7938.055	-8189.56	251.5044	0.8427569	0.5369024	0.527334	0.472666	7.066952
16548	-7948.845	-8199.466	250.6207	0.789927	0.6059205	0.494561	0.505439	7.51386
16554	-7942.111	-8192.428	250.3173	0.789927	0.5874983	0.494561	0.505439	7.690644
16560	-7936.349	-8186.866	250.5165	0.8523014	0.5834843	0.503387	0.496613	7.553872
16566	-7944.894	-8197.233	252.3385	0.8063828	0.5188032	0.485484	0.514516	6.652238
16572	-7929.809	-8181.736	251.9274	0.859061	0.5381053	0.515459	0.484541	6.829243
16578	-7935.593	-8185.676	250.0831	0.8344192	0.482484	0.531758	0.468242	7.880665
16584	-7944.312	-8195.49	251.1776	0.8018196	0.5232538	0.531758	0.468242	7.276199
16590	-7944.808	-8196.446	251.6385	0.8448814	0.7791877	0.443014	0.556986	6.814696
16596	-7946.585	-8198.536	251.9514	0.9678762	0.5526433	0.466265	0.533735	6.745351
16602	-7938.612	-8190.782	252.17	0.8282737	0.5029986	0.497305	0.502695	6.745351
16608	-7943.585	-8195.258	251.6732	0.8260317	0.5002056	0.497305	0.502695	7.016909
16614	-7958.111	-8210.221	252.1103	0.8882655	0.5449289	0.478031	0.521969	6.708961
16620	-7962.306	-8214	251.6941	0.8522579	0.5226498	0.49197	0.50803	6.971893
16626	-7945.339	-8197.105	251.766	0.8520731	0.4791896	0.49197	0.50803	6.971893
16632	-7946.816	-8197.988	251.1715	0.7862302	0.4963472	0.486794	0.513206	7.311421
16638	-7951.022	-8203.408	252.3861	0.8465521	0.4892118	0.486794	0.513206	6.631119
16644	-7945.067	-8196.642	251.5751	0.7860145	0.5636827	0.445801	0.554199	7.037152
16650	-7938.309	-8189.432	251.1232	0.7655416	0.5197209	0.402108	0.597892	7.327916
16656	-7954.405	-8205.438	251.0325	0.7767188	0.5881999	0.475872	0.524128	7.314028
16662	-7960.844	-8210.305	249.4614	0.7717613	0.6177769	0.52283	0.47717	8.133724
16668	-7959.328	-8209.743	250.4147	0.771285	0.5513146	0.447338	0.552662	7.677721
16674	-7967.932	-8219.785	251.8525	0.8927535	0.5145743	0.435771	0.564229	6.871692
16680	-7950.932	-8201.033	250.1019	0.7117438	0.7294067	0.48715	0.51285	7.744171
16686	-7940.153	-8190.049	249.8957	0.6597872	0.5828523	0.463816	0.536184	7.98897
16692	-7949.16	-8199.05	249.8905	0.6571288	0.5881739	0.529238	0.470762	7.98897
16698	-7953.599	-8202.946	249.3468	0.6953503	0.5996243	0.398186	0.601814	8.249377
16704	-7946.021	-8196.502	250.4806	0.6994583	0.6227129	0.398186	0.601814	7.624473
16710	-7953.784	-8204.061	250.2776	0.8182423	0.5563542	0.467467	0.532533	7.721808
16716	-7944.736	-8196.136	251.3999	0.8182423	0.5563542	0.450397	0.549603	7.120056
16722	-7933.182	-8184.985	251.8037	0.8036672	0.489841	0.450397	0.549603	6.967988
16728	-7936.453	-8187.384	250.9304	0.8036672	0.5537223	0.45045	0.54955	7.382235
16734	-7935.048	-8186.814	251.7668	0.8739995	0.4671786	0.482304	0.517696	6.970814
16740	-7938.802	-8189.874	251.0717	0.829088	0.6369089	0.482922	0.517078	7.227418
16746	-7927.073	-8178.331	251.2577	0.7884866	0.6399359	0.427016	0.572984	7.147019
16752	-7933.173	-8184.628	251.4556	0.8375172	0.5776867	0.469604	0.530396	7.062397
16758	-7936.75	-8187.207	250.4563	0.770613	0.4940173	0.469604	0.530396	7.70498
16764	-7944.73	-8195.191	250.4603	0.756625	0.5933994	0.469604	0.530396	7.627348
16770	-7940.085	-8191.745	251.6603	0.8912487	0.4871244	0.452387	0.547613	7.00048
16776	-7949.072	-8200.82	251.7483	0.8697825	0.56101	0.4274	0.5726	6.900905
16782	-7936.603	-8187.107	250.5032	0.7678949	0.521529	0.538609	0.461391	7.657268
16788	-7950.606	-8201.743	251.1366	0.8811827	0.5973116	0.548107	0.451893	7.194866
16794	-7950.068	-8200.694	250.6268	0.7978327	0.589148	0.479891	0.520109	7.519472
16800	-7947.653	-8198.257	250.6039	0.8274961	0.5522251	0.479891	0.520109	7.545663
16806	-7944.307	-8195.903	251.5952	0.8427832	0.4811951	0.479891	0.520109	7.067055
16812	-7942.455	-8193.956	251.5015	0.8410584	0.5396709	0.455078	0.544922	7.067055
16818	-7938.214	-8190.876	252.6623	0.9125215	0.545693	0.448418	0.551582	6.396376
16824	-7950.007	-8202.149	252.1414	0.9083533	0.5906711	0.448418	0.551582	6.643875
16830	-7922.011	-8174.384	252.3728	0.8494915	0.4813325	0.479877	0.520123	6.643875
16836	-7941.161	-8193.389	252.2276	0.8911958	0.5450656	0.497963	0.502037	6.643875
16842	-7948.5	-8200.975	252.4743	0.8489799	0.4978498	0.55156	0.44844	6.574273
16848	-7945.379	-8195.807	250.4289	0.9015704	0.5080145	0.521593	0.478407	7.637247
16854	-7932.885	-8182.978	250.0932	0.8756941	0.4999017	0.440883	0.559117	7.837669
16860	-7931.708	-8182.332	250.6246	0.7892036	0.5226236	0.476262	0.523738	7.579965
16866	-7943.027	-8193.775	250.7478	0.8103048	0.5701757	0.476262	0.523738	7.463112
16872	-7940.564	-8191.662	251.0975	0.7733243	0.6290326	0.410027	0.589973	7.249389
16878	-7943.993	-8196.526	252.5323	0.8438753	0.6399145	0.458729	0.541271	6.429097
16884	-7944.004	-8194.172	250.1683	0.7930647	0.5251965	0.453118	0.546882	7.819702
16890	-7951.151	-8202.369	251.218	0.8478802	0.6341356	0.444571	0.555429	7.140755
16896	-7937.419	-8187.994	250.5753	0.7986333	0.6341356	0.444571	0.555429	7.512057
16902	-7944.328	-8195.611	251.2837	0.7986333	0.5778981	0.486404	0.513596	7.175563
16908	-7940.968	-8192.363	251.3953	0.7630407	0.5285655	0.465691	0.534309	7.175563
16914	-7948.614	-8198.975	250.3615	0.7848316	0.48259	0.53993	0.46007	7.758318
16920	-7951.97	-8202.183	250.2127	0.7848316	0.5761162	0.437926	0.562074	7.758318
16926	-7960.333	-8210.381	250.0473	0.7271295	0.5418843	0.518273	0.481727	7.905461
16932	-7958.79	-8209.772	250.9818	0.8510986	0.5473851	0.57197	0.42803	7.33445
16938	-7940.441	-8191.532	251.0911	0.7900307	0.5169208	0.418537	0.581463	7.33445
16944	-7930.409	-8181.382	250.9725	0.7900307	0.4952755	0.521944	0.478056	7.417118
16950	-7953.855	-8204.111	250.2564	0.7441314	0.5864916	0.529563	0.470437	7.748485
16956	-7940.459	-8191.555	251.0959	0.7696454	0.5975617	0.529563	0.470437	7.276409
16962	-7950.083	-8201.016	250.9329	0.7696454	0.7171155	0.510836	0.489164	7.276409
16968	-7941.448	-8192.403	250.9552	0.7725932	0.5588222	0.468936	0.531064	7.381361
16974	-7936.304	-8187.688	251.384	0.8250181	0.6018582	0.475727	0.524273	7.088503
16980	-7944.929	-8197.453	252.5239	0.8250181	0.6018582	0.428897	0.571103	6.473113
16986	-7935.823	-8187.528	251.7045	0.8251644	0.4775016	0.457201	0.542799	7.021085
16992	-7931.188	-8182.712	251.5243	0.814471	0.5968518	0.491669	0.508331	7.022602
16998	-7947.147	-8198.747	251.6007	0.8393494	0.5302676	0.491669	0.508331	7.022602
17004	-7950.426	-8201.048	250.6217	0.7418155	0.5127821	0.433683	0.566317	7.615413
17010	-7941.906	-8192.967	251.0609	0.7418155	0.6244164	0.419446	0.580554	7.289476
17016	-7949.998	-8200.678	250.6801	0.7881831	0.6036418	0.524883	0.475117	7.484778
17022	-7949.791	-8199.735	249.9439	0.7333949	0.539363	0.471813	0.528187	7.95937
17028	-7941.039	-8189.316	248.277	0.7060234	0.539363	0.471813	0.528187	8.860118
17034	-7955.008	-8204.434	249.4253	0.7423722	0.473808	0.494051	0.505949	8.288179
17040	-7945.607	-8196.856	251.2491	0.7432084	0.5857523	0.485085	0.514915	7.217661
17046	-7955.472	-8205.714	250.2424	0.8075305	0.529453	0.424288	0.575712	7.768786
17052	-7949.391	-8200.125	250.734	0.7668747	0.5164058	0.452647	0.547353	7.538737
17058	-7955.976	-8206.873	250.8971	0.7881852	0.5164058	0.472638	0.527362	7.439909
17064	-7965.264	-8216.081	250.8173	0.7758133	0.5756667	0.472638	0.527362	7.439909
17070	-7964.939	-8215.248	250.3093	0.7577976	0.5156896	0.496001	0.503999	7.771415
17076	-7951.958	-8202.055	250.097	0.7589223	0.5751679	0.474797	0.525203	7.834765
17082	-7954.618	-8204.824	250.2056	0.7355758	0.5202101	0.504926	0.495074	7.834765
17088	-7957.157	-8207.224	250.0676	0.7355758	0.5655656	0.489048	0.510952	7.870627
17094	-7946.947	-8196.627	249.6793	0.8214278	0.4941198	0.489048	0.510952	8.092534
17100	-7936.739	-8187.309	250.5694	0.808386	0.5150972	0.489048	0.510952	7.605729
17106	-7941.302	-8191.832	250.5293	0.808386	0.540301	0.508102	0.491898	7.605729
17112	-7932.332	-8183.539	251.2067	0.7926597	0.4727783	0.509518	0.490482	7.310488
17118	-7939.036	-8191.241	252.2043	0.7817484	0.5154162	0.438842	0.561158	6.741035
17124	-7943.409	-8193.795	250.3851	0.7076133	0.584666	0.4438	0.5562	7.700675
17130	-7962.751	-8213.627	250.8765	0.7135885	0.5262468	0.48011	0.51989	7.482497
17136	-7943.036	-8193.855	250.8189	0.6792345	0.5861154	0.460956	0.539044	7.482497
17142	-7930.691	-8180.454	249.7629	0.8236871	0.5134716	0.488783	0.511217	8.029801
17148	-7929.185	-8179.672	250.4869	0.7640521	0.5134716	0.449009	0.550991	7.675004
17154	-7930.345	-8181.025	250.6797	0.7662133	0.5996046	0.434426	0.565574	7.499901
17160	-7935.938	-8185.749	249.8108	0.749566	0.6108683	0.493784	0.506216	7.964552
17166	-7927.463	-8177.988	250.5248	0.7483272	0.585371	0.471317	0.528683	7.603594
17172	-7935.839	-8186.305	250.4663	0.7483272	0.6369928	0.426341	0.573659	7.595213
17178	-7937.199	-8188.107	250.908	0.7846543	0.5862364	0.480412	0.519588	7.378139
17184	-7932.684	-8184.153	251.4691	0.7816338	0.5862364	0.48918	0.51082	7.078356
17190	-7939.401	-8190.888	251.4869	0.8671997	0.6297587	0.449674	0.550326	6.988955
17196	-7938.493	-8189.03	250.5366	0.7996961	0.565775	0.449674	0.550326	7.585485
17202	-7948.951	-8199.182	250.2309	0.7974298	0.565775	0.508521	0.491479	7.750214
17208	-7952.802	-8203.301	250.4993	0.7041408	0.5837745	0.469224	0.530776	7.642153
17214	-7943.015	-8193.533	250.518	0.7867274	0.5181962	0.469224	0.530776	7.642153
17220	-7935.823	-8186.359	250.5362	0.7811731	0.5103989	0.466534	0.533466	7.642153
17226	-7930.399	-8180.292	249.8931	0.7370132	0.6219601	0.462529	0.537471	7.91892
17232	-7938.576	-8188.688	250.1118	0.6889553	0.5095623	0.415969	0.584031	7.91892
17238	-7936.729	-8187.337	250.6081	0.7203808	0.5894608	0.5328	0.4672	7.570719
17244	-7941.114	-8190.024	248.9104	0.7397893	0.5083312	0.453695	0.546305	8.532525
17250	-7939.651	-8189.426	249.7742	0.745873	0.5865779	0.453695	0.546305	8.004943
17256	-7936.713	-8187.451	250.7374	0.7868924	0.6059882	0.545039	0.454961	7.452917
17262	-7929.391	-8180.809	251.4178	0.8265741	0.6861816	0.522286	0.477714	7.006662
17268	-7937.414	-8189.057	251.6423	0.7994006	0.5491778	0.522286	0.477714	7.00572
17274	-7944.881	-8194.306	249.4254	0.7994006	0.750377	0.436451	0.563549	8.04454
17280	-7945.717	-8196.467	250.7497	0.8213258	0.564374	0.391287	0.608713	7.460883
17286	-7949.287	-8201.156	251.8685	0.9216799	0.5514944	0.401584	0.598416	6.815961
17292	-7945.324	-8196.63	251.3063	0.7742258	0.5970332	0.552647	0.447353	7.161344
17298	-7941.169	-8192.088	250.9189	0.7736157	0.5201629	0.501087	0.498913	7.432795
17304	-7940.515	-8191.29	250.7744	0.7544764	0.5201629	0.501087	0.498913	7.520475
17310	-7934.892	-8184.962	250.0698	0.8396513	0.4459654	0.474049	0.525951	7.918914
17316	-7930.72	-8181.266	250.5462	0.7259546	0.5195137	0.474049	0.525951	7.658434
17322	-7934.154	-8185.382	251.228	0.7587464	0.6132298	0.474049	0.525951	7.199191
17328	-7938.626	-8190.319	251.6929	0.7695966	0.5295656	0.488578	0.511422	7.011081
17334	-7957.522	-8207.36	249.8378	0.7691556	0.4982998	0.48637	0.51363	8.032224
17340	-7939.409	-8190.782	251.3734	0.8388686	0.5108472	0.442657	0.557343	7.161896
17346	-7931.885	-8183.103	251.2182	0.8755497	0.5873443	0.48754	0.51246	7.161896
17352	-7936.915	-8188.171	251.2559	0.8523111	0.5775672	0.512248	0.487752	7.161896
17358	-7950.279	-8201.685	251.4058	0.8674305	0.5296299	0.43074	0.56926	7.112891
17364	-7945.3	-8196.772	251.4726	0.8768271	0.5260614	0.418443	0.581557	7.074935
17370	-7931.829	-8184.105	252.2765	0.8768271	0.5663568	0.411232	0.588768	6.607528
17376	-7942.545	-8194.875	252.3304	0.8465018	0.5244037	0.440108	0.559892	6.630067
17382	-7937.774	-8190.519	252.7457	0.8928161	0.5306579	0.487945	0.512055	6.374608
17388	-7943.482	-8194.727	251.2452	0.8928161	0.4654242	0.487945	0.512055	7.242848
17394	-7946.926	-8197.554	250.6275	0.7816785	0.5877404	0.487945	0.512055	7.528842
17400	-7933.805	-8183.999	250.1944	0.7092696	0.557849	0.424036	0.575964	7.823261
17406	-7940.357	-8191.119	250.7612	0.7253313	0.557849	0.440557	0.559443	7.511501
17412	-7944.513	-8194.058	249.5449	0.7420857	0.6110119	0.466908	0.533092	8.11024
17418	-7937.38	-8186.859	249.4789	0.7267159	0.5893825	0.466908	0.533092	8.170312
17424	-7949.349	-8199.009	249.66	0.6563469	0.5174968	0.454914	0.545086	8.170312
17430	-7947.155	-8197.804	250.6493	0.7921974	0.5107185	0.44921	0.55079	7.57547
17436	-7949.464	-8201.953	252.4896	0.872824	0.5696597	0.441737	0.558263	6.49161
17442	-7948.711	-8199.551	250.8401	0.7657563	0.5611924	0.420542	0.579458	7.444797
17448	-7962.201	-8212.22	250.0196	0.7309181	0.4587496	0.442432	0.557568	7.99163
17454	-7949.265	-8199.498	250.2334	0.7867346	0.4340422	0.442432	0.557568	7.871293
17460	-7950.074	-8200.498	250.4249	0.8910738	0.4799599	0.509536	0.490464	7.67004
17466	-7939.462	-8190.898	251.4359	0.911271	0.6133712	0.539196	0.460804	7.005217
17472	-7946.596	-8197.296	250.7	0.7496429	0.6324353	0.427954	0.572046	7.472765
17478	-7944.257	-8194.519	250.2614	0.800165	0.6002053	0.524047	0.475953	7.7051
17484	-7940.193	-8190.481	250.2886	0.7510631	0.6154566	0.485827	0.514173	7.7051
17490	-7943.558	-8194.305	250.7463	0.7510631	0.5311309	0.485827	0.514173	7.527988
17496	-7926.614	-8176.831	250.2165	0.7456632	0.5411632	0.502998	0.497002	7.805805
17502	-7929.822	-8179.988	250.1663	0.7392078	0.5782565	0.497409	0.502591	7.805805
17508	-7934.489	-8185.309	250.8203	0.7221466	0.4983186	0.41326	0.58674	7.53229
17514	-7935.008	-8186.08	251.0728	0.7777851	0.55556	0.442839	0.557161	7.318192
17520	-7924.45	-8175.881	251.4312	0.820572	0.6188929	0.499945	0.500055	7.052304
17526	-7941.411	-8191.853	250.4424	0.7048965	0.6052628	0.468539	0.531461	7.655353
17532	-7951.356	-8203.424	252.0673	0.8097163	0.5099762	0.490872	0.509128	6.804643
17538	-7955.633	-8207.233	251.5991	0.8215176	0.6760527	0.50363	0.49637	6.918968
17544	-7941.467	-8192.313	250.8462	0.7905997	0.5501659	0.487271	0.512729	7.437326
17550	-7932.69	-8183.358	250.6681	0.741464	0.5234525	0.505473	0.494527	7.581523
17556	-7931.288	-8183.48	252.1918	0.808458	0.5816075	0.432196	0.567804	6.677906
17562	-7916.221	-8167.709	251.4889	0.7619415	0.6138442	0.468649	0.531351	7.05669
17568	-7930.392	-8181.545	251.1523	0.7599818	0.5026979	0.452004	0.547996	7.330174
17574	-7935.682	-8185.993	250.3106	0.7821654	0.5470259	0.483494	0.516506	7.73114
17580	-7930.663	-8180.247	249.5835	0.6975672	0.5470259	0.503565	0.496435	8.164258
17586	-7927.132	-8177.466	250.3336	0.7053692	0.5668792	0.503565	0.496435	7.743642
17592	-7946.084	-8196.686	250.6023	0.7777865	0.6158505	0.565153	0.434847	7.522608
17598	-7941.58	-8190.539	248.9591	0.7081781	0.6637387	0.565153	0.434847	8.400973
17604	-7931.251	-8182.341	251.0897	0.9110972	0.5389694	0.486416	0.513584	7.251368
17610	-7939.7	-8190.934	251.2345	0.8144319	0.5089173	0.561108	0.438892	7.251368
17616	-7953.125	-8204.325	251.2005	0.8144319	0.5300088	0.522788	0.477212	7.251368
17622	-7953.294	-8204.056	250.7618	0.7955992	0.5300088	0.472928	0.527072	7.496755
17628	-7963.619	-8213.939	250.3196	0.8998553	0.5387567	0.439053	0.560947	7.670286
17634	-7947.744	-8198.29	250.5455	0.7672286	0.537823	0.429706	0.570294	7.621186
17640	-7940.202	-8190.777	250.5748	0.7378971	0.537823	0.510554	0.489446	7.621186
17646	-7934.619	-8185.512	250.8923	0.7431523	0.537823	0.458205	0.541795	7.448355
17652	-7950.708	-8200.51	249.8022	0.7390149	0.537823	0.449892	0.550108	8.033279
17658	-7942.886	-8192.696	249.8097	0.7337576	0.5047162	0.517936	0.482064	8.060398
17664	-7928.785	-8179.071	250.2859	0.7757299	0.5242077	0.470063	0.529937	7.76698
17670	-7938.85	-8188.593	249.7427	0.7594471	0.5429363	0.52594	0.47406	8.049847
17676	-7935.009	-8186.288	251.2789	0.8105208	0.5458183	0.444019	0.555981	7.197995
17682	-7948.879	-8200.664	251.7845	0.8332443	0.5698432	0.490735	0.509265	6.893867
17688	-7943.366	-8193.801	250.4345	0.7671287	0.4824566	0.550255	0.449745	7.728891
17694	-7942.667	-8194.02	251.3532	0.7984174	0.4707788	0.550255	0.449745	7.230585
17700	-7942.898	-8193.683	250.7852	0.8124474	0.5375625	0.528741	0.471259	7.468827
17706	-7943.939	-8193.415	249.4762	0.7686544	0.5357328	0.455596	0.544404	8.19292
17712	-7935.381	-8185.292	249.9115	0.794525	0.5699496	0.517026	0.482974	7.91896
17718	-7938.679	-8189.447	250.768	0.8330732	0.4540257	0.503504	0.496496	7.541505
17724	-7940.557	-8191.174	250.617	0.7753523	0.5421634	0.54458	0.45542	7.574901
17730	-7943.282	-8193.656	250.3737	0.8367221	0.5454761	0.491482	0.508518	7.669519
17736	-7947.009	-8197.428	250.4186	0.777846	0.6146311	0.549036	0.450964	7.621858
17742	-7943.165	-8194.344	251.1793	0.7748701	0.5908894	0.437327	0.562673	7.234082
17748	-7939.048	-8190.376	251.3285	0.8075048	0.5267359	0.519167	0.480833	7.189127
17754	-7937.67	-8190.551	252.8807	0.8630197	0.5684056	0.429569	0.570431	6.285811
17760	-7935.429	-8186.716	251.2876	0.8893895	0.512979	0.477902	0.522098	7.179013
17766	-7937.346	-8186.839	249.4933	0.7504721	0.590029	0.477902	0.522098	8.149491
17772	-7943.275	-8193.61	250.3343	0.7733875	0.5811746	0.47265	0.52735	7.695417
17778	-7948.29	-8199.51	251.2198	0.8415227	0.5811746	0.41864	0.58136	7.184249
17784	-7955.37	-8205.303	249.9331	0.7658051	0.6751575	0.427056	0.572944	7.843142
17790	-7949.004	-8200.127	251.1237	0.8018827	0.6560709	0.501831	0.498169	7.199877
17796	-7950.677	-8201.039	250.3622	0.761384	0.6437143	0.470763	0.529237	7.638982
17802	-7932.441	-8182.467	250.0266	0.7331209	0.5406181	0.454306	0.545694	7.914373
17808	-7936.62	-8188.36	251.7402	0.7794059	0.5285392	0.571238	0.428762	6.981237
17814	-7924.863	-8176.196	251.3332	0.7697807	0.5742294	0.465498	0.534502	7.167398
17820	-7939.763	-8191.076	251.3134	0.8472085	0.536761	0.475548	0.524452	7.167398
17826	-7936.253	-8188.149	251.8955	0.8510226	0.6017956	0.475548	0.524452	6.798927
17832	-7926.078	-8178.41	252.3314	0.8297694	0.5283504	0.508662	0.491338	6.635192
17838	-7933.485	-8183.567	250.0823	0.7340252	0.6006849	0.494157	0.505843	7.835773
17844	-7949.267	-8198.922	249.6548	0.7340252	0.4951122	0.450278	0.549722	8.151263
17850	-7930.184	-8180.165	249.9816	0.7340252	0.4946383	0.524116	0.475884	7.977473
17856	-7940.925	-8192.435	251.5102	0.8039263	0.5677598	0.524116	0.475884	7.059096
17862	-7931.863	-8182.749	250.8865	0.78848	0.538662	0.539352	0.460648	7.426423
17868	-7928.988	-8180.465	251.4774	0.832422	0.5063491	0.512621	0.487379	7.113408
17874	-7935.69	-8185.168	249.4787	0.7976505	0.504894	0.476418	0.523582	8.202569
17880	-7922.864	-8173.379	250.5149	0.7629951	0.6081151	0.481524	0.518476	7.583233
17886	-7938.924	-8189.402	250.4778	0.7600639	0.6363845	0.510252	0.489748	7.583233
17892	-7932.038	-8182.653	250.6142	0.7491739	0.5508155	0.510252	0.489748	7.583233
17898	-7931.103	-8180.945	249.8415	0.7734103	0.5183143	0.510252	0.489748	8.010495
17904	-7933.85	-8185.002	251.152	0.7907416	0.6192486	0.510252	0.489748	7.218193
17910	-7934.846	-8185.205	250.3591	0.6876019	0.5250412	0.477335	0.522665	7.774269
17916	-7919.533	-8169.376	249.8429	0.802755	0.4831836	0.434993	0.565007	8.025077
17922	-7920.654	-8171.643	250.9894	0.7920689	0.4721099	0.439724	0.560276	7.427932
17928	-7942.258	-8193.794	251.5354	0.7920689	0.6690519	0.479297	0.520703	6.974249
17934	-7948.062	-8199.118	251.0562	0.7256847	0.5489671	0.462263	0.537737	7.360512
17940	-7946.24	-8198.426	252.1856	0.7993622	0.4773965	0.476399	0.523601	6.775726
17946	-7943.981	-8195.125	251.1434	0.8467858	0.5358703	0.44746	0.55254	7.259698
17952	-7941.211	-8192.376	251.1645	0.8030749	0.5503451	0.44746	0.55254	7.259698
17958	-7942.901	-8192.693	249.792	0.6753381	0.5503451	0.434134	0.565866	8.062238
17964	-7944.908	-8194.97	250.0615	0.7365117	0.5267389	0.464306	0.535694	7.905605
17970	-7945.65	-8194.974	249.3235	0.7334678	0.5923061	0.418152	0.581848	8.24719
17976	-7945.677	-8196.156	250.4789	0.7277889	0.5742613	0.510521	0.489479	7.647964
17982	-7936.674	-8185.714	249.0398	0.6911817	0.5742613	0.466988	0.533012	8.434824
17988	-7937.299	-8187.479	250.1793	0.7267607	0.5468175	0.433228	0.566772	7.83108
17994	-7934.587	-8184.524	249.9367	0.6840976	0.5468175	0.554428	0.445572	7.983328
18000	-7950.86	-8202.547	251.6871	0.7807728	0.4644228	0.516267	0.483733	7.066444
18006	-7945.558	-8197.074	251.5157	0.7986929	0.629428	0.512187	0.487813	7.010594
18012	-7953.497	-8204.296	250.7989	0.8132783	0.5053077	0.468214	0.531786	7.488807
18018	-7958.693	-8209.668	250.975	0.7610875	0.5703539	0.421617	0.578383	7.367564
18024	-7945.263	-8194.397	249.1344	0.6719683	0.5418362	0.44521	0.55479	8.42112
18030	-7947.686	-8198.418	250.7323	0.7436144	0.5418362	0.48626	0.51374	7.530461
18036	-7964.212	-8214.715	250.503	0.7504803	0.6089566	0.476616	0.523384	7.595654
18042	-7952.112	-8203.414	251.3025	0.7904167	0.513035	0.508646	0.491354	7.224146
18048	-7942.804	-8194.318	251.514	0.7904167	0.5131239	0.508646	0.491354	7.110389
18054	-7936.779	-8187.198	250.4185	0.7751539	0.4759239	0.446901	0.553099	7.739122
18060	-7924.881	-8175.308	250.4268	0.7430625	0.4899316	0.505977	0.494023	7.739122
18066	-7913.565	-8163.743	250.1775	0.7430625	0.5469421	0.483662	0.516338	7.823231
18072	-7917.454	-8168.798	251.3433	0.7343996	0.5907632	0.521003	0.478997	7.167784
18078	-7928.005	-8179.289	251.2836	0.7971444	0.5887044	0.444449	0.555551	7.167784
18084	-7931.777	-8183.001	251.2239	0.7620154	0.4781017	0.444449	0.555551	7.312778
18090	-7924.233	-8175.036	250.8032	0.7728984	0.5324404	0.444449	0.555551	7.484681
18096	-7919.722	-8170.385	250.6633	0.8037749	0.6045714	0.482795	0.517205	7.484681
18102	-7920.845	-8171.439	250.5942	0.7746346	0.5071772	0.494022	0.505978	7.617431
18108	-7932.508	-8183.743	251.2353	0.8259013	0.5713179	0.515694	0.484306	7.192214
18114	-7937.248	-8188.646	251.3979	0.7951658	0.4851152	0.43006	0.56994	7.19513
18120	-7935.602	-8187.295	251.6933	0.863335	0.5308664	0.518672	0.481328	6.959265
18126	-7939.912	-8191.215	251.303	0.8174887	0.5308664	0.518672	0.481328	7.193961
18132	-7933.747	-8183.948	250.201	0.8098337	0.5662239	0.52502	0.47498	7.759181
18138	-7936.312	-8188.325	252.0131	0.8397617	0.501869	0.52502	0.47498	6.824838
18144	-7945.106	-8196.569	251.4632	0.8784812	0.5985837	0.52502	0.47498	7.01963
18150	-7939.391	-8191.449	252.0579	0.8784812	0.5796804	0.500711	0.499289	6.713943
18156	-7931.638	-8183.067	251.429	0.7929828	0.5074812	0.526544	0.473456	7.159643
18162	-7937.296	-8187.691	250.3948	0.7929828	0.6755831	0.526544	0.473456	7.581421
18168	-7929.726	-8180.114	250.3882	0.7797634	0.6906067	0.489277	0.510723	7.581421
18174	-7960.684	-8211.173	250.4884	0.8790269	0.4856139	0.486597	0.513403	7.637393
18180	-7951.763	-8202.425	250.6622	0.9390933	0.5226947	0.486597	0.513403	7.479489
18186	-7940.392	-8192.234	251.8423	0.856513	0.4578563	0.486597	0.513403	6.948293
18192	-7953.197	-8205.247	252.0496	0.9000575	0.471726	0.485346	0.514654	6.800022
18198	-7937.63	-8188.82	251.1897	0.7670796	0.5478648	0.485346	0.514654	7.267567
18204	-7947.838	-8197.225	249.3876	0.7304411	0.5478648	0.470809	0.529191	8.250317
18210	-7940.915	-8191.654	250.7397	0.8115343	0.5478648	0.420351	0.579649	7.48507
18216	-7944.975	-8196.743	251.7681	0.7869411	0.6219792	0.528621	0.471379	6.88658
18222	-7937.059	-8187.217	250.158	0.8076059	0.5782532	0.493841	0.506159	7.773712
18228	-7929.62	-8180.858	251.2385	0.7829318	0.4830449	0.524775	0.475225	7.28919
18234	-7931.471	-8183.314	251.8434	0.8436942	0.5882008	0.480502	0.519498	6.84171
18240	-7936.566	-8188.43	251.8648	0.8006585	0.6093883	0.460861	0.539139	6.836755
18246	-7936.412	-8188.162	251.7493	0.8424656	0.6622205	0.493535	0.506465	6.836755
18252	-7944.455	-8195.944	251.489	0.7946963	0.6798818	0.4884	0.5116	6.989994
18258	-7930.405	-8182.139	251.7337	0.8093159	0.5040134	0.454915	0.545085	6.989994
18264	-7941.573	-8192.111	250.5382	0.7378776	0.5570425	0.486882	0.513118	7.624824
18270	-7950.355	-8200.679	250.3234	0.7378776	0.664685	0.486882	0.513118	7.656964
18276	-7950.161	-8200.842	250.6805	0.7699733	0.5245915	0.466764	0.533236	7.558683
18282	-7952.734	-8204.674	251.9402	0.815831	0.5384724	0.482276	0.517724	6.845347
18288	-7950.77	-8202.569	251.7997	0.8821796	0.5871794	0.53729	0.46271	6.845347
18294	-7956.992	-8207.892	250.9	0.7508157	0.5376434	0.517386	0.482614	7.440258
18300	-7946.096	-8195.797	249.701	0.7431662	0.5992843	0.528142	0.471858	8.035487
18306	-7940.585	-8191.44	250.8544	0.7426533	0.5686204	0.505671	0.494329	7.443499
18312	-7937.355	-8188.996	251.6407	0.8306378	0.521531	0.505671	0.494329	7.01324
18318	-7945.612	-8196.64	251.0282	0.7667221	0.5073801	0.505671	0.494329	7.389
18324	-7960.892	-8211.228	250.3355	0.6435494	0.4830149	0.431887	0.568113	7.847321
18330	-7951.78	-8201.848	250.068	0.8296038	0.5610249	0.47227	0.52773	7.823885
18336	-7942.506	-8192.698	250.1926	0.8619051	0.4872136	0.520399	0.479601	7.803215
18342	-7929.307	-8180.278	250.9709	0.792343	0.562436	0.472897	0.527103	7.359415
18348	-7939.339	-8188.333	248.9937	0.7669831	0.562436	0.506246	0.493754	8.428502
18354	-7930.165	-8180.127	249.9624	0.8097481	0.5454331	0.495083	0.504917	7.903732
18360	-7933.854	-8184.022	250.1675	0.7925445	0.5635997	0.473292	0.526708	7.788479
18366	-7927.45	-8179.385	251.9347	0.8571918	0.6201566	0.526948	0.473052	6.760183
18372	-7934.686	-8185.271	250.5843	0.8501065	0.5560303	0.526948	0.473052	7.540905
18378	-7942.525	-8192.967	250.4425	0.7367812	0.5615742	0.537182	0.462818	7.672884
18384	-7938.505	-8189.928	251.4231	0.7787963	0.5308494	0.534133	0.465867	7.150209
18390	-7949.433	-8200.767	251.3335	0.8261573	0.6077525	0.513561	0.486439	7.110427
18396	-7944.842	-8196.854	252.012	0.8399064	0.5558584	0.458119	0.541881	6.779013
18402	-7947.066	-8198.233	251.1664	0.8090754	0.5315848	0.514276	0.485724	7.271197
18408	-7933.602	-8183.617	250.0155	0.7448645	0.5645397	0.516141	0.483859	7.89436
18414	-7933.78	-8183.953	250.173	0.774103	0.5645397	0.459277	0.540723	7.794611
18420	-7948.202	-8198.51	250.3081	0.786657	0.5595376	0.459277	0.540723	7.719758
18426	-7948.28	-8199.592	251.312	0.8100471	0.5563622	0.456223	0.543777	7.17171
18432	-7942.29	-8193.547	251.2574	0.7487536	0.5328032	0.470599	0.529401	7.253719
18438	-7925.646	-8176.565	250.9184	0.8455236	0.7022242	0.470599	0.529401	7.253719
18444	-7923.16	-8174.035	250.8755	0.7689059	0.5758534	0.470599	0.529401	7.412291
18450	-7934.674	-8187.576	252.9014	0.892111	0.6031311	0.470599	0.529401	6.230823
18456	-7925.381	-8175.242	249.8618	0.7387857	0.500167	0.470599	0.529401	8.033957
18462	-7929.322	-8180.806	251.4838	0.7517945	0.5562454	0.432946	0.567054	7.110785
18468	-7933.279	-8184.059	250.7798	0.7026095	0.4601222	0.484212	0.515788	7.599273
18474	-7934.589	-8184.58	249.9913	0.7379677	0.5156158	0.484212	0.515788	7.951856
18480	-7931.484	-8181.482	249.9971	0.7158366	0.5257766	0.502107	0.497893	7.951856
18486	-7937.034	-8186.94	249.9059	0.8522849	0.4979332	0.502107	0.497893	7.951856
18492	-7946.907	-8196.026	249.1189	0.7149588	0.5468463	0.560467	0.439533	8.402375
18498	-7936.193	-8186.899	250.7064	0.7731644	0.47489	0.501106	0.498894	7.587099
18504	-7926.95	-8178.069	251.1182	0.8071577	0.5038089	0.524103	0.475897	7.322179
18510	-7935.173	-8185.389	250.2157	0.812916	0.4793584	0.524103	0.475897	7.824141
18516	-7925.904	-8176.075	250.1702	0.7843892	0.5242269	0.524103	0.475897	7.824141
18522	-7926.774	-8178.694	251.9206	0.8465949	0.5382543	0.538944	0.461056	6.839512
18528	-7922.921	-8174.758	251.837	0.8703782	0.5118949	0.485849	0.514151	6.89444
18534	-7917.211	-8168.231	251.0199	0.7587951	0.6085766	0.534913	0.465087	7.314503
18540	-7929.986	-8182.303	252.3172	0.8757109	0.5944877	0.535658	0.464342	6.563443
18546	-7931.29	-8183.837	252.5472	0.8437968	0.6107086	0.501637	0.498363	6.443427
18552	-7928.299	-8178.982	250.6836	0.8200547	0.5011799	0.48122	0.51878	7.550543
18558	-7932.418	-8182.484	250.0662	0.6817125	0.5563766	0.438821	0.561179	7.907652
18564	-7937.348	-8188.974	251.6257	0.8961812	0.573464	0.563796	0.436204	6.942581
18570	-7947.519	-8199.299	251.7796	0.8376526	0.599086	0.563796	0.436204	6.870773
18576	-7925.187	-8175.648	250.4603	0.8175673	0.5409111	0.476558	0.523442	7.637217
18582	-7948.645	-8199.172	250.5268	0.8007635	0.5098187	0.476558	0.523442	7.637217
18588	-7938.312	-8188.846	250.5343	0.757111	0.5323163	0.476558	0.523442	7.637217
18594	-7951.74	-8200.728	248.9881	0.7319942	0.5723357	0.462859	0.537141	8.442127
18600	-7934.852	-8185.916	251.0649	0.829631	0.4884609	0.462859	0.537141	7.352427
18606	-7945.229	-8197.005	251.7763	0.8690234	0.6112744	0.482509	0.517491	6.846143
18612	-7941.093	-8192.513	251.4199	0.7601675	0.5555805	0.466631	0.533369	7.141173
18618	-7947.872	-8199.684	251.8119	0.8933947	0.4560785	0.47187	0.52813	6.946499
18624	-7933.707	-8184.043	250.336	0.7606865	0.5581949	0.43635	0.56365	7.719818
18630	-7947.083	-8197.458	250.3745	0.7718519	0.5263966	0.502252	0.497748	7.719818
18636	-7941.473	-8191.753	250.2793	0.7747673	0.5865413	0.492203	0.507797	7.719818
18642	-7946.845	-8197.521	250.6755	0.8195883	0.5865413	0.492203	0.507797	7.483807
18648	-7938.979	-8189.548	250.5693	0.7836288	0.5628062	0.455745	0.544255	7.578998
18654	-7932.863	-8183.692	250.8289	0.8119284	0.6139467	0.449001	0.550999	7.384289
18660	-7947.988	-8198.957	250.9687	0.805785	0.4677855	0.458702	0.541298	7.435696
18666	-7933.473	-8185.451	251.9785	0.8936185	0.4737336	0.458702	0.541298	6.839986
18672	-7933.9	-8186.182	252.2828	0.8564563	0.4737336	0.476307	0.523693	6.695792
18678	-7933.961	-8185.059	251.0978	0.8433624	0.5470618	0.476307	0.523693	7.276622
18684	-7959.115	-8210.164	251.0491	0.8542746	0.5282791	0.484681	0.515319	7.31275
18690	-7945.502	-8196.165	250.6634	0.7723644	0.5201692	0.441895	0.558105	7.570333
18696	-7952	-8202.701	250.7013	0.8208969	0.4683281	0.559761	0.440239	7.570333
18702	-7943.02	-8192.803	249.7835	0.7130565	0.5294356	0.598429	0.401571	8.064117
18708	-7941.844	-8192.7	250.8564	0.7961691	0.5095225	0.508134	0.491866	7.463467
18714	-7937.708	-8187.75	250.0423	0.7923656	0.5174541	0.484885	0.515115	7.894033
18720	-7947.323	-8198.503	251.18	0.8963375	0.4125257	0.492849	0.507151	7.327347
18726	-7945.493	-8196.318	250.8251	0.809896	0.6437363	0.486446	0.513554	7.364986
18732	-7934.26	-8185.369	251.109	0.7835229	0.5442151	0.489325	0.510675	7.305076
18738	-7944.325	-8194.781	250.4559	0.7809635	0.5475619	0.511221	0.488779	7.653607
18744	-7945.382	-8194.89	249.5083	0.8265213	0.5475619	0.499563	0.500437	8.135158
18750	-7940.286	-8190.191	249.9052	0.8232758	0.5993443	0.487027	0.512973	7.883721
18756	-7936.811	-8186.777	249.9664	0.762152	0.5993443	0.493417	0.506583	7.883721
18762	-7929.712	-8181.085	251.3735	0.7530953	0.5675199	0.493417	0.506583	7.16018
18768	-7932.777	-8183.394	250.6171	0.7915081	0.5862755	0.493417	0.506583	7.53033
18774	-7933.275	-8184.751	251.4759	0.7594583	0.5291927	0.503143	0.496857	7.133606
18780	-7941.936	-8191.64	249.7037	0.7584767	0.5109504	0.500093	0.499907	8.098286
18786	-7936.313	-8187.701	251.388	0.766839	0.5931863	0.4634	0.5366	7.124419
18792	-7935.675	-8186.556	250.8815	0.8521846	0.7239061	0.4634	0.5366	7.25503
18798	-7943.615	-8195.025	251.4105	0.8804089	0.5763068	0.527887	0.472113	7.064672
18804	-7938.084	-8189.352	251.2678	0.7376215	0.5122105	0.509304	0.490696	7.271832
18810	-7934.414	-8186.252	251.8379	0.798253	0.4968373	0.508577	0.491423	6.946173
18816	-7934.501	-8185.179	250.6785	0.798253	0.5347397	0.501934	0.498066	7.535947
18822	-7940.111	-8190.414	250.3029	0.6682188	0.5856801	0.502039	0.497961	7.764827
18828	-7937.704	-8187.938	250.234	0.6682188	0.6336639	0.502039	0.497961	7.764827
18834	-7949.401	-8200.584	251.1832	0.8606072	0.5358225	0.529536	0.470464	7.230933
18840	-7943.796	-8195.738	251.9419	0.6832286	0.6016352	0.463935	0.536065	6.864557
18846	-7921.702	-8173.222	251.5203	0.7955267	0.5446099	0.45735	0.54265	7.07729
18852	-7924.342	-8175.557	251.215	0.7758098	0.529159	0.489	0.511	7.265066
18858	-7919.32	-8171.255	251.9351	0.7980989	0.5584768	0.474869	0.525131	6.84092
18864	-7935.724	-8186.851	251.1268	0.7980989	0.6316993	0.474869	0.525131	7.218331
18870	-7929.009	-8179.151	250.1413	0.7955729	0.5923738	0.537113	0.462887	7.777868
18876	-7933.037	-8183.797	250.7591	0.7955729	0.7214297	0.467514	0.532486	7.352824
18882	-7932.725	-8183.191	250.4651	0.7621505	0.5462437	0.495061	0.504939	7.659876
18888	-7931.857	-8182.267	250.4096	0.7130412	0.6165099	0.502373	0.497627	7.659876
18894	-7933.971	-8183.955	249.9841	0.7446545	0.5996375	0.470781	0.529219	7.883349
18900	-7936.884	-8185.794	248.9105	0.6781092	0.5862823	0.431788	0.568212	8.500965
18906	-7934.742	-8185.836	251.0937	0.7896574	0.5862823	0.410648	0.589352	7.275741
18912	-7946.107	-8197.408	251.3017	0.7815471	0.5104684	0.412603	0.587397	7.231574
18918	-7928.737	-8180.893	252.1563	0.8807281	0.4759668	0.527293	0.472707	6.748909
18924	-7934.18	-8186.016	251.8357	0.8322899	0.6127774	0.493043	0.506957	6.832731
18930	-7931.607	-8183.333	251.7259	0.8396921	0.6013422	0.493493	0.506507	6.896872
18936	-7923.804	-8174.932	251.1278	0.8588937	0.5409219	0.417467	0.582533	7.2573
18942	-7939.627	-8189.756	250.1282	0.8588937	0.5388495	0.53668	0.46332	7.794408
18948	-7940.453	-8191.613	251.1603	0.757161	0.54041	0.489163	0.510837	7.294884
18954	-7932.546	-8182.319	249.7735	0.7741378	0.5817709	0.460758	0.539242	7.994012
18960	-7935.497	-8186.655	251.1572	0.7867053	0.504965	0.460758	0.539242	7.311195
18966	-7938.664	-8189.806	251.1426	0.8032794	0.5037982	0.441913	0.558087	7.311195
18972	-7929.276	-8181.574	252.2982	0.8032794	0.58081	0.501083	0.498917	6.623834
18978	-7940.577	-8191.526	250.9488	0.7461993	0.6472144	0.425766	0.574234	7.330196
18984	-7945.235	-8196.623	251.3876	0.7973208	0.5189395	0.41152	0.58848	7.16954
18990	-7947.159	-8199.318	252.1589	0.8323085	0.6256959	0.488847	0.511153	6.648292
18996	-7936.643	-8187.348	250.7045	0.6943084	0.6109046	0.432015	0.567985	7.516341
19002	-7930.707	-8180.864	250.1567	0.6929381	0.5342602	0.432015	0.567985	7.871718
19008	-7925.947	-8176.832	250.8858	0.7662474	0.5906889	0.498393	0.501607	7.396366
19014	-7940.174	-8190.975	250.8008	0.7826219	0.5896658	0.435458	0.564542	7.434002
19020	-7929.321	-8179.583	250.2617	0.8241969	0.5263104	0.517438	0.482562	7.752249
19026	-7944.148	-8194.223	250.0759	0.7763222	0.5207082	0.444515	0.555485	7.881859
19032	-7939.881	-8191.966	252.0848	0.8852057	0.5645766	0.444515	0.555485	6.708065
19038	-7969.288	-8220.384	251.0962	0.7443304	0.5645766	0.531218	0.468782	7.316202
19044	-7949.864	-8200.685	250.821	0.7987418	0.5645766	0.531218	0.468782	7.434591
19050	-7953.06	-8204.468	251.4076	0.7987418	0.5526892	0.531218	0.468782	7.129446
19056	-7962.203	-8213.421	251.2183	0.8247529	0.605841	0.458455	0.541545	7.174619
19062	-7944.119	-8195.166	251.0467	0.783253	0.5882839	0.539809	0.460191	7.302839
19068	-7942.928	-8193.48	250.5518	0.7747863	0.541253	0.539809	0.460191	7.610874
19074	-7946.514	-8196.878	250.364	0.7937914	0.5680731	0.426485	0.573515	7.679114
19080	-7939.62	-8189.404	249.7841	0.7046201	0.6164559	0.483762	0.516238	7.99854
19086	-7926.908	-8177.459	250.5506	0.8294356	0.5525782	0.510339	0.489661	7.572875
19092	-7930.801	-8181.664	250.8632	0.7675191	0.4796993	0.516572	0.483428	7.501773
19098	-7934.067	-8184.668	250.6009	0.7507065	0.6643911	0.521328	0.478672	7.501773
19104	-7930.683	-8182.158	251.4748	0.7507065	0.5782277	0.521328	0.478672	7.098319
19110	-7937.935	-8190.042	252.1069	0.8423719	0.509807	0.480336	0.519664	6.765778
19116	-7936.541	-8188.315	251.774	0.8578325	0.5028952	0.511826	0.488174	6.943137
19122	-7932.791	-8184.411	251.6206	0.8358427	0.6175322	0.511826	0.488174	6.943137
19128	-7933.581	-8184.796	251.2148	0.7717573	0.4937353	0.503706	0.496294	7.298305
19134	-7942.881	-8194.897	252.0158	0.8153932	0.5148017	0.480539	0.519461	6.825123
19140	-7929.035	-8182.441	253.4061	0.953419	0.4711343	0.442908	0.557092	6.035996
19146	-7943.142	-8196.285	253.1433	0.9243086	0.4782103	0.519798	0.480202	6.188353
19152	-7934.655	-8188.269	253.6136	0.9420236	0.4721689	0.427098	0.572902	5.928026
19158	-7936.439	-8187.682	251.2435	0.8504542	0.5356147	0.427098	0.572902	7.204136
19164	-7930.53	-8182.233	251.7027	0.809164	0.4310079	0.507866	0.492134	7.074863
19170	-7936.701	-8187.077	250.3755	0.8185155	0.6233978	0.507866	0.492134	7.616472
19176	-7923.006	-8173.732	250.7262	0.8040194	0.6163693	0.481609	0.518391	7.441778
19182	-7920.425	-8172.005	251.5797	0.8746417	0.5806521	0.436394	0.563606	6.973202
19188	-7934.467	-8184.623	250.1559	0.7857924	0.6150076	0.543672	0.456328	7.757807
19194	-7928.497	-8180.817	252.32	0.876188	0.4897361	0.47207	0.52793	6.650341
19200	-7930.167	-8182.303	252.1361	0.8529925	0.6284769	0.47207	0.52793	6.647296
19206	-7915.09	-8166.276	251.1857	0.731412	0.5262574	0.518426	0.481574	7.307074
19212	-7921.875	-8172.176	250.3009	0.7795649	0.4637692	0.507689	0.492311	7.810833
19218	-7932.186	-8183.955	251.7691	0.8236101	0.594386	0.4533	0.5467	6.887706
19224	-7939.432	-8188.939	249.5064	0.7523038	0.594386	0.4533	0.5467	8.138151
19230	-7934.107	-8184.388	250.2817	0.6848393	0.5016051	0.4533	0.5467	7.83741
19236	-7938.097	-8188.767	250.6707	0.8001125	0.5510577	0.532573	0.467427	7.525503
19242	-7938.237	-8189.427	251.1899	0.750671	0.522534	0.532573	0.467427	7.297679
19248	-7936.396	-8186.213	249.8165	0.7665875	0.5784769	0.430529	0.569471	7.977718
19254	-7950.78	-8203.141	252.3608	0.8300363	0.5488033	0.479067	0.520933	6.601741
19260	-7938.25	-8189.088	250.8383	0.8531429	0.5065597	0.491115	0.508885	7.445233
19266	-7925.792	-8177.145	251.3535	0.8281475	0.6491358	0.552854	0.447146	7.067326
19272	-7934.557	-8186.056	251.4993	0.8064764	0.6491358	0.467562	0.532438	7.000517
19278	-7941.505	-8193.354	251.849	0.8003211	0.5648841	0.467562	0.532438	6.880873
19284	-7936.875	-8188.401	251.526	0.7936169	0.5394518	0.467562	0.532438	7.079588
19290	-7934.399	-8186.125	251.7262	0.8216307	0.5774283	0.539051	0.460949	6.925431
19296	-7920.504	-8172.252	251.7475	0.8687455	0.5328896	0.452301	0.547699	6.925431
19302	-7929.68	-8182.173	252.4927	0.8687455	0.5920588	0.466286	0.533714	6.474111
19308	-7941.161	-8193.057	251.8958	0.8716298	0.6612087	0.508564	0.491436	6.742687
19314	-7952.992	-8203.933	250.9411	0.8716298	0.5334553	0.492443	0.507557	7.356972
19320	-7954.888	-8206.94	252.0523	0.9206273	0.5931708	0.492443	0.507557	6.683443
19326	-7957.676	-8209.888	252.2116	0.8375939	0.5427083	0.492443	0.507557	6.683443
19332	-7948.114	-8197.547	249.4331	0.6631876	0.614198	0.506139	0.493861	8.209346
19338	-7948.391	-8200.494	252.1028	0.8001845	0.5301142	0.424688	0.575312	6.77314
19344	-7946.455	-8196.825	250.3699	0.8142025	0.5210906	0.480146	0.519854	7.70419
19350	-7956.653	-8207.104	250.4517	0.7436471	0.5141085	0.453271	0.546729	7.70419
19356	-7954.628	-8206.611	251.9827	0.7842413	0.5299953	0.447297	0.552703	6.846675
19362	-7934.618	-8186.573	251.9546	0.8123591	0.5299953	0.456697	0.543303	6.846675
19368	-7937.308	-8189.098	251.7903	0.8077102	0.4931639	0.456697	0.543303	6.97002
19374	-7924.418	-8177.196	252.7783	0.8894432	0.6344156	0.504593	0.495407	6.275001
19380	-7934.583	-8187.029	252.4458	0.8894432	0.5698072	0.504593	0.495407	6.506197
19386	-7951.017	-8203.491	252.4745	0.8335394	0.5880969	0.492772	0.507228	6.506197
19392	-7929.222	-8180.744	251.5216	0.8225522	0.5729497	0.481781	0.518219	7.03872
19398	-7929.596	-8179.279	249.6827	0.769714	0.4743441	0.476488	0.523512	8.136098
19404	-7923.915	-8174.796	250.8802	0.8418502	0.5699356	0.476488	0.523512	7.375404
19410	-7921.496	-8171.984	250.4888	0.7247594	0.5542877	0.499591	0.500409	7.660542
19416	-7933.987	-8185.191	251.2034	0.8193588	0.445801	0.474891	0.525109	7.323286
19422	-7928.608	-8180.024	251.4165	0.8057873	0.6890223	0.490638	0.509362	7.016567
19428	-7919.389	-8170.173	250.7838	0.7934882	0.493844	0.43335	0.56665	7.517633
19434	-7927.916	-8178.652	250.7352	0.7074498	0.5793404	0.475682	0.524318	7.517633
19440	-7932.884	-8183.123	250.2386	0.7325574	0.5908777	0.442483	0.557517	7.760732
19446	-7924.296	-8174.179	249.883	0.7325574	0.5434102	0.442483	0.557517	7.988949
19452	-7938.857	-8189.264	250.4071	0.7844286	0.5191755	0.452065	0.547935	7.701856
19458	-7938.019	-8188.172	250.1525	0.7844286	0.5675843	0.486214	0.513786	7.797559
19464	-7931.388	-8182.221	250.8321	0.7680922	0.5279345	0.485956	0.514044	7.475608
19470	-7935.723	-8186.934	251.2111	0.8251667	0.4783731	0.493281	0.506719	7.285532
19476	-7925.711	-8177.418	251.7072	0.8432462	0.5498473	0.493281	0.506719	6.946614
19482	-7953.045	-8204.545	251.5004	0.8393971	0.5431592	0.488719	0.511281	7.065592
19488	-7931.281	-8183.323	252.0415	0.7940194	0.5719019	0.479182	0.520818	6.774736
19494	-7933.269	-8186.908	253.6395	0.8769976	0.5719019	0.495992	0.504008	5.861866
19500	-7931.643	-8181.273	249.6301	0.7278869	0.5734189	0.453258	0.546742	8.101807
19506	-7923.41	-8174.859	251.4492	0.8162099	0.614121	0.453258	0.546742	7.048622
19512	-7941.275	-8191.794	250.519	0.7318718	0.577128	0.453258	0.546742	7.622031
19518	-7939.439	-8189.98	250.5413	0.6880121	0.5916797	0.453258	0.546742	7.622031
19524	-7947.958	-8198.742	250.7832	0.7735462	0.5544829	0.499624	0.500376	7.476627
19530	-7939.193	-8188.524	249.3308	0.7008823	0.5390177	0.499624	0.500376	8.303625
19536	-7946.241	-8197.663	251.422	0.7791168	0.6244002	0.41293	0.58707	7.075376
19542	-7945.922	-8196.017	250.0955	0.7567169	0.6396291	0.504762	0.495238	7.787101
19548	-7929.093	-8180.018	250.9252	0.7477418	0.619524	0.468086	0.531914	7.362815
19554	-7928.865	-8178.655	249.7898	0.7124058	0.5515409	0.434213	0.565787	8.04268
19560	-7928.375	-8179.638	251.2634	0.8324677	0.7008649	0.45886	0.54114	7.076247
19566	-7928.495	-8179.068	250.573	0.8117734	0.6593535	0.428365	0.571635	7.487633
19572	-7922.764	-8173.55	250.786	0.7522872	0.6276427	0.45555	0.54445	7.428902
19578	-7933.874	-8183.743	249.8681	0.7309569	0.5994433	0.45555	0.54445	7.952735
19584	-7928.824	-8178.581	249.7572	0.8404406	0.6004313	0.45555	0.54445	7.952735
19590	-7920.51	-8171.639	251.1285	0.8096482	0.6004313	0.46172	0.53828	7.235171
19596	-7926.918	-8178.049	251.1306	0.7706567	0.626221	0.434479	0.565521	7.235171
19602	-7941.923	-8193.756	251.8336	0.7918823	0.579575	0.490578	0.509422	6.881851
19608	-7935.155	-8186.547	251.3914	0.6861186	0.5037019	0.490578	0.509422	7.24056
19614	-7937.018	-8186.979	249.9602	0.6918127	0.5948062	0.456086	0.543914	7.928104
19620	-7938.973	-8188.77	249.7963	0.7392339	0.5391266	0.469105	0.530895	8.035217
19626	-7931.594	-8182.294	250.7006	0.8017599	0.6055852	0.417046	0.582954	7.465005
19632	-7935.901	-8186.468	250.5666	0.8614987	0.6585503	0.506899	0.493101	7.465005
19638	-7924.218	-8175.172	250.9539	0.8577486	0.4723127	0.519477	0.480523	7.411587
19644	-7952.42	-8203.156	250.7359	0.7713353	0.5020074	0.519477	0.480523	7.547886
19650	-7948.606	-8200.042	251.4369	0.7686815	0.4995582	0.397434	0.602566	7.175449
19656	-7945.458	-8196.913	251.4554	0.7865332	0.5117357	0.548441	0.451559	7.145167
19662	-7939.672	-8190.842	251.1701	0.82502	0.4817475	0.483685	0.516315	7.304513
19668	-7942.8	-8194.895	252.0955	0.8093683	0.4806523	0.443822	0.556178	6.815955
19674	-7935.562	-8186.864	251.3017	0.8093683	0.4905343	0.485268	0.514732	7.234288
19680	-7931.49	-8182.843	251.3528	0.8259194	0.4519655	0.4525	0.5475	7.233678
19686	-7925.056	-8175.655	250.599	0.7897927	0.6332824	0.438017	0.561983	7.504772
19692	-7930.524	-8180.156	249.6322	0.6953824	0.5711203	0.523121	0.476879	8.119813
19698	-7925.52	-8175.956	250.4364	0.7788876	0.5711203	0.540227	0.459773	7.645899
19704	-7917.601	-8168.125	250.5242	0.7217316	0.5339397	0.522339	0.477661	7.660177
19710	-7930.675	-8179.99	249.3144	0.723974	0.574539	0.439274	0.560726	8.27111
19716	-7933.843	-8184.921	251.0776	0.8523238	0.572687	0.554667	0.445333	7.261647
19722	-7930.288	-8181.575	251.2875	0.8196123	0.5019214	0.470192	0.529808	7.226241
19728	-7931.603	-8183.574	251.9702	0.8175221	0.5229717	0.48008	0.51992	6.841498
19734	-7929.264	-8180.338	251.0746	0.7398376	0.574721	0.459053	0.540947	7.322011
19740	-7943.105	-8192	248.8945	0.7411761	0.5087143	0.473238	0.526762	8.539926
19746	-7939.935	-8189.34	249.405	0.7316395	0.5862984	0.473238	0.526762	8.209487
19752	-7933.516	-8184.724	251.2076	0.7918684	0.5819697	0.451761	0.548239	7.216839
19758	-7935.245	-8186.725	251.48	0.8203015	0.5140549	0.465528	0.534472	7.111741
19764	-7948.547	-8198.519	249.9716	0.8287218	0.5312203	0.413205	0.586795	7.900611
19770	-7936.741	-8188.229	251.4884	0.8287218	0.5222803	0.413205	0.586795	7.0956
19776	-7934.176	-8185.3	251.1242	0.7937086	0.4865384	0.511989	0.488011	7.341631
19782	-7945.441	-8197.146	251.7054	0.7755529	0.6099077	0.450643	0.549357	6.935811
19788	-7932.407	-8182.81	250.4026	0.7755529	0.5663199	0.499662	0.500338	7.66964
19794	-7958.275	-8208.245	249.9703	0.7216406	0.4866307	0.484474	0.515526	7.997284
19800	-7946.999	-8196.76	249.7607	0.6644632	0.5202919	0.434507	0.565493	8.109958
19806	-7938.674	-8188.405	249.7304	0.7828875	0.467473	0.435089	0.564911	8.109958
19812	-7943.243	-8194.086	250.8433	0.8593321	0.5616503	0.569659	0.430341	7.392538
19818	-7943.708	-8194.274	250.5665	0.7774888	0.6053602	0.501686	0.498314	7.54999
19824	-7938.843	-8189.589	250.7459	0.777625	0.535437	0.445822	0.554178	7.510341
19830	-7934.079	-8184.983	250.9037	0.777625	0.5677935	0.512043	0.487957	7.398988
19836	-7940.667	-8191.355	250.6882	0.7830397	0.5975848	0.47027	0.52973	7.48787
19842	-7933.969	-8184.962	250.9927	0.7830397	0.5772868	0.47027	0.52973	7.340714
19848	-7936.998	-8187.793	250.7944	0.7515822	0.48729	0.521029	0.478971	7.540285
19854	-7932.237	-8183.074	250.8378	0.7744828	0.5670061	0.424387	0.575613	7.436636
19860	-7923.027	-8173.642	250.6143	0.8364724	0.5885104	0.496944	0.503056	7.50598
19866	-7938.527	-8189.807	251.2794	0.8116679	0.5814318	0.499345	0.500655	7.168051
19872	-7926.196	-8176.992	250.7959	0.756196	0.4719297	0.499345	0.500655	7.55103
19878	-7927.645	-8177.873	250.2277	0.74318	0.6894612	0.460992	0.539008	7.687633
19884	-7935.99	-8187.514	251.5239	0.7886134	0.5016597	0.460992	0.539008	7.11608
19890	-7925.372	-8175.413	250.041	0.6755656	0.5258247	0.505507	0.494493	7.949856
19896	-7925.868	-8176.974	251.1068	0.7820718	0.5636176	0.497023	0.502977	7.291019
19902	-7930.406	-8181.063	250.6569	0.7271436	0.5291545	0.474702	0.525298	7.590354
19908	-7925.175	-8176.123	250.9475	0.7543111	0.5216623	0.468214	0.531786	7.426536
19914	-7942.056	-8190.628	248.5726	0.7014917	0.5088648	0.493378	0.506622	8.731709
19920	-7942.481	-8193.559	251.0778	0.7767251	0.5028912	0.473101	0.526899	7.360996
19926	-7941.189	-8192.213	251.0243	0.7797522	0.5341994	0.473101	0.526899	7.360996
19932	-7940.638	-8191.721	251.0831	0.7797522	0.4978469	0.52238	0.47762	7.360996
19938	-7935.687	-8185.893	250.2053	0.7797522	0.6297348	0.441326	0.558674	7.723481
19944	-7937.862	-8188.714	250.8522	0.8413302	0.5095774	0.486968	0.513032	7.441449
19950	-7934.715	-8186.146	251.4313	0.8330545	0.561254	0.486968	0.513032	7.091208
19956	-7939.234	-8191.187	251.9524	0.7745366	0.5240123	0.435642	0.564358	6.873363
19962	-7937.07	-8189.249	252.1791	0.8014807	0.5471367	0.385517	0.614483	6.716802
19968	-7926.377	-8177.66	251.2834	0.8014807	0.5269238	0.492374	0.507626	7.21642
19974	-7938.481	-8189.622	251.1414	0.7793408	0.6372576	0.505651	0.494349	7.21642
19980	-7935.529	-8185.594	250.0653	0.8212686	0.5020342	0.51042	0.48958	7.879727
19986	-7946.336	-8196.436	250.0999	0.7431588	0.5289121	0.480693	0.519307	7.879727
19992	-7951.037	-8202.128	251.0908	0.8445602	0.5321885	0.512631	0.487369	7.292228
19998	-7959.272	-8210.728	251.4562	0.8341127	0.6037702	0.512631	0.487369	7.043245
20004	-7940.398	-8191.042	250.6439	0.766973	0.5252025	0.522486	0.477514	7.579326
20010	-7942.411	-8192.901	250.49	0.7207055	0.5583035	0.522486	0.477514	7.658755
20016	-7941.891	-8192.417	250.5258	0.7278349	0.5754121	0.418759	0.581241	7.621936
20022	-7950.103	-8200.912	250.8089	0.7630365	0.5506227	0.464166	0.535834	7.471706
20028	-7938.351	-8189.288	250.9373	0.7630365	0.4801597	0.547381	0.452619	7.464076
20034	-7943.757	-8194.38	250.6235	0.7529898	0.6147737	0.566028	0.433972	7.525375
20040	-7944.785	-8196.105	251.3196	0.7850248	0.6144291	0.498592	0.501408	7.134867
20046	-7941.265	-8191.492	250.2263	0.8067297	0.5846542	0.471204	0.528796	7.732565
20052	-7935.726	-8186.821	251.0946	0.7664337	0.5793566	0.515536	0.484464	7.293243
20058	-7933.989	-8186.186	252.1968	0.8566871	0.5337988	0.418815	0.581185	6.688695
20064	-7939.207	-8191.474	252.2669	0.8566871	0.5448826	0.502396	0.497604	6.641418
20070	-7929.421	-8180.408	250.9873	0.7803235	0.539	0.502396	0.497604	7.376464
20076	-7925.728	-8177.561	251.8333	0.8426745	0.4621491	0.495386	0.504614	6.95655
20082	-7934.42	-8185.584	251.1644	0.8728767	0.5195002	0.466334	0.533666	7.248416
20088	-7943.872	-8195.833	251.9618	0.8270949	0.5952992	0.466429	0.533571	6.781148
20094	-7948.006	-8199.837	251.831	0.8790624	0.6359391	0.506447	0.493553	6.792372
20100	-7934.89	-8187.78	252.8899	0.8805773	0.5952871	0.506447	0.493553	6.24958
20106	-7950.699	-8201.655	250.9564	0.7937869	0.4251797	0.479996	0.520004	7.489562
20112	-7950.575	-8202.913	252.3375	0.8765467	0.5153523	0.493168	0.506832	6.617867
20118	-7947.178	-8197.368	250.1904	0.7975941	0.4240833	0.509441	0.490559	7.898265
20124	-7947.931	-8198.715	250.7842	0.7946029	0.4401735	0.44853	0.55147	7.566702
20130	-7954.175	-8204.7	250.5249	0.8708171	0.5003025	0.478291	0.521709	7.609111
20136	-7955.682	-8206.61	250.9281	0.8395407	0.5719939	0.443096	0.556904	7.349299
20142	-7932.82	-8184.537	251.7163	0.8255878	0.6043774	0.481839	0.518161	6.907258
20148	-7931.074	-8180.866	249.7917	0.7179484	0.5635077	0.487672	0.512328	8.028954
20154	-7934.414	-8184.709	250.2942	0.7990512	0.5423648	0.480311	0.519689	7.734741
20160	-7946.494	-8196.453	249.9598	0.7375012	0.5033716	0.483707	0.516293	7.979537
20166	-7920.134	-8171.857	251.7228	0.8650951	0.5033716	0.498761	0.501239	6.96638
20172	-7913.921	-8164.632	250.7105	0.7870401	0.4782159	0.498761	0.501239	7.574461
20178	-7920.49	-8172.091	251.601	0.8254304	0.5231524	0.459201	0.540799	7.036003
20184	-7945.194	-8195.549	250.3554	0.7244492	0.5160955	0.437308	0.562692	7.764243
20190	-7928.661	-8178.772	250.1107	0.8315297	0.5436707	0.511086	0.488914	7.814382
20196	-7923.26	-8174.233	250.9734	0.71881	0.6452523	0.452649	0.547351	7.333165
20202	-7926.818	-8177.598	250.7802	0.8139788	0.5581755	0.444779	0.555221	7.453554
20208	-7934.939	-8185.914	250.9753	0.8256185	0.6079213	0.475074	0.524926	7.303071
20214	-7946.257	-8195.645	249.3874	0.8064721	0.5135315	0.491831	0.508169	8.238966
20220	-7941.886	-8192.883	250.9976	0.7703065	0.4990158	0.491831	0.508169	7.410856
20226	-7950.578	-8200.766	250.1882	0.6892646	0.4943287	0.479065	0.520935	7.891384
20232	-7956.37	-8207.133	250.7627	0.7285872	0.5692461	0.458919	0.541081	7.499687
20238	-7951.181	-8201.354	250.1726	0.7526164	0.5692461	0.495234	0.504766	7.802487
20244	-7944.573	-8195.349	250.7764	0.7577834	0.4615308	0.469327	0.530673	7.570275
20250	-7937.983	-8188.948	250.9645	0.7331424	0.5602251	0.50356	0.49644	7.396418
20256	-7943.871	-8194.308	250.4371	0.7372831	0.5493246	0.466203	0.533797	7.685563
20262	-7940.458	-8191.622	251.1637	0.7641988	0.5856433	0.466203	0.533797	7.252358
20268	-7937.797	-8188.211	250.4138	0.763206	0.6530401	0.456065	0.543935	7.603512
20274	-7947.325	-8197.648	250.3228	0.7512543	0.5268093	0.533884	0.466116	7.758112
20280	-7941.985	-8192.036	250.0508	0.7633936	0.6026078	0.492944	0.507056	7.835425
20286	-7934.394	-8183.592	249.1975	0.7041705	0.5365928	0.492944	0.507056	8.374839
20292	-7943.376	-8192.871	249.495	0.8188178	0.4865605	0.523654	0.476346	8.198839
20298	-7944.395	-8195.438	251.0423	0.8179132	0.4517986	0.506233	0.493767	7.404765
20304	-7932.206	-8183.199	250.9927	0.7979854	0.6024195	0.42814	0.57186	7.31281
20310	-7940.032	-8190.739	250.7066	0.8397409	0.550563	0.525242	0.474758	7.485474
20316	-7937.077	-8188.745	251.6683	0.8135279	0.5920454	0.438508	0.561492	6.94934
20322	-7924.773	-8175.09	250.3172	0.8003096	0.5097422	0.480103	0.519897	7.749629
20328	-7934.344	-8184.708	250.3642	0.8140886	0.4883456	0.486696	0.513304	7.736045
20334	-7929.719	-8179.725	250.0058	0.814011	0.614754	0.486696	0.513304	7.823124
20340	-7924.754	-8174.978	250.2248	0.747996	0.5141403	0.468614	0.531386	7.823124
20346	-7931.977	-8182.828	250.8507	0.7596044	0.4944391	0.392834	0.607166	7.499414
20352	-7941.695	-8192.209	250.5145	0.7038048	0.467953	0.531965	0.468035	7.733265
20358	-7942.545	-8192.821	250.2769	0.7191054	0.6091381	0.531965	0.468035	7.733265
20364	-7930.442	-8180.596	250.1537	0.7977977	0.5915571	0.451205	0.548795	7.770715
20370	-7939.084	-8189.239	250.1551	0.7441638	0.6278757	0.435233	0.564767	7.770715
20376	-7936.358	-8188.2	251.8419	0.790785	0.6278757	0.528859	0.471141	6.840219
20382	-7955.115	-8206.287	251.1724	0.8522643	0.5854485	0.425316	0.574684	7.200523
20388	-7947.144	-8198.684	251.5405	0.8243948	0.6509762	0.509578	0.490422	6.967266
20394	-7943.659	-8195.334	251.6743	0.8537578	0.5323806	0.522807	0.477193	6.973383
20400	-7932.2	-8183.659	251.4587	0.8537578	0.5543746	0.455086	0.544914	7.07098
20406	-7942.132	-8193.62	251.4879	0.7656774	0.5936136	0.455086	0.544914	7.07098
20412	-7943.725	-8194.09	250.3647	0.7276694	0.5636036	0.512795	0.487205	7.717722
20418	-7947.205	-8196.896	249.6911	0.6794097	0.5705651	0.451602	0.548398	8.097418
20424	-7931.504	-8181.638	250.1337	0.7335114	0.4679474	0.475107	0.524893	7.920782
20430	-7945.62	-8196.617	250.997	0.751227	0.6281292	0.545877	0.454123	7.3159
20436	-7932.6	-8183.845	251.2455	0.747229	0.5849278	0.457461	0.542539	7.218112
20442	-7925.863	-8177.01	251.147	0.8677948	0.5701326	0.457461	0.542539	7.218112
20448	-7943.177	-8194.148	250.9707	0.8564656	0.4706331	0.470456	0.529544	7.404845
20454	-7940.479	-8191.93	251.4516	0.901023	0.5315304	0.4914	0.5086	7.068554
20460	-7948.186	-8200.515	252.329	0.8610272	0.5233473	0.508882	0.491118	6.623891
20466	-7943.074	-8192.208	249.1335	0.8056176	0.5636966	0.433872	0.566128	8.332613
20472	-7947.468	-8198	250.5317	0.7644144	0.6224782	0.506004	0.493996	7.562514
20478	-7937.115	-8187.528	250.4127	0.8238488	0.6224782	0.477002	0.522998	7.594423
20484	-7932.404	-8184.844	252.4401	0.9260938	0.6698565	0.477002	0.522998	6.412353
20490	-7938.077	-8189.649	251.5719	0.9260938	0.4652368	0.446093	0.553907	7.049477
20496	-7941.158	-8190.631	249.473	0.7761071	0.5637116	0.474605	0.525395	8.167618
20502	-7933.628	-8183.811	250.1829	0.7594102	0.5872397	0.461281	0.538719	7.77901
20508	-7936.589	-8187.355	250.7668	0.7772251	0.5792048	0.461281	0.538719	7.463413
20514	-7936.215	-8186.515	250.3001	0.7217662	0.6178236	0.518747	0.481253	7.712779
20520	-7933.49	-8184.928	251.4383	0.8138721	0.6133931	0.489965	0.510035	7.056306
20526	-7935.587	-8186.974	251.3872	0.8555902	0.4521961	0.489965	0.510035	7.199013
20532	-7951.437	-8202.749	251.3121	0.8517798	0.5203701	0.493187	0.506813	7.179648
20538	-7939.086	-8189.681	250.5946	0.7317065	0.5948495	0.493187	0.506813	7.56765
20544	-7946.19	-8197.777	251.5871	0.7566152	0.6102575	0.432503	0.567497	7.009494
20550	-7957.711	-8208.321	250.6105	0.9013243	0.4813201	0.465878	0.534122	7.563972
20556	-7944.931	-8197.06	252.1289	0.8851686	0.5429184	0.52057	0.47943	6.702273
20562	-7943.983	-8196.522	252.5387	0.8633618	0.5883133	0.52057	0.47943	6.455072
20568	-7936.566	-8187.273	250.7074	0.7374531	0.5584794	0.492744	0.507256	7.533275
20574	-7959.287	-8209.217	249.9305	0.6846427	0.4999056	0.483356	0.516644	8.02642
20580	-7951.558	-8202.222	250.6641	0.8152153	0.4247084	0.384631	0.615369	7.635082
20586	-7951.941	-8204.314	252.3731	0.757109	0.5456435	0.511236	0.488764	6.637175
20592	-7950.149	-8201.501	251.3515	0.7941613	0.613926	0.446827	0.553173	7.113208
20598	-7958.54	-8208.902	250.3621	0.7941613	0.4798858	0.446827	0.553173	7.755473
20604	-7965.529	-8215.852	250.3239	0.745766	0.5350745	0.477812	0.522188	7.753476
20610	-7951.814	-8201.869	250.0554	0.7819115	0.6771349	0.477812	0.522188	7.76777
20616	-7951.187	-8200.62	249.4338	0.6698076	0.6159103	0.473243	0.526757	8.204139
20622	-7946.365	-8197.654	251.2893	0.7365162	0.6102386	0.473243	0.526757	7.180479
20628	-7936.272	-8187.557	251.2847	0.7922253	0.5275085	0.496395	0.503605	7.220187
20634	-7951.209	-8201.536	250.3277	0.797307	0.6340789	0.463217	0.536783	7.645384
20640	-7948.84	-8199.189	250.3491	0.7997213	0.6172028	0.459675	0.540325	7.645384
20646	-7954.922	-8206.089	251.1665	0.8689536	0.658748	0.487409	0.512591	7.138858
20652	-7943.683	-8194.576	250.8928	0.8671496	0.5083408	0.486143	0.513857	7.406906
20658	-7950.158	-8201.328	251.1704	0.7740158	0.546502	0.486143	0.513857	7.275318
20664	-7945.232	-8195.924	250.6924	0.8204173	0.546502	0.409847	0.590153	7.506815
20670	-7948.275	-8197.906	249.6307	0.7791061	0.4624235	0.414648	0.585352	8.169762
20676	-7946.865	-8196.523	249.6577	0.752133	0.4624235	0.430424	0.569576	8.169762
20682	-7947.727	-8197.551	249.8238	0.7642618	0.57316	0.483772	0.516228	7.979347
20688	-7948.862	-8198.722	249.8598	0.7846598	0.5378806	0.483772	0.516228	7.978166
20694	-7949.618	-8199.43	249.8124	0.7502425	0.4634723	0.487724	0.512276	8.087395
20700	-7944.41	-8194.748	250.3382	0.7676712	0.613291	0.487724	0.512276	7.671351
20706	-7934.47	-8185.023	250.5523	0.7991212	0.5803331	0.430179	0.569821	7.565651
20712	-7936.434	-8187.39	250.9559	0.8442562	0.5054662	0.445964	0.554036	7.387872
20718	-7938.7	-8190.199	251.4988	0.8417639	0.4700439	0.417249	0.582751	7.129688
20724	-7952.525	-8203.445	250.9205	0.8417639	0.5194529	0.495551	0.504449	7.396003
20730	-7946.923	-8198.726	251.8034	0.7869185	0.5747017	0.471281	0.528719	6.904711
20736	-7960.26	-8210.879	250.6192	0.8067732	0.5635157	0.473456	0.526544	7.539313
20742	-7942.53	-8193.594	251.0632	0.7782715	0.5621506	0.437018	0.562982	7.317676
20748	-7947.566	-8198.827	251.2612	0.8169435	0.5893091	0.514676	0.485324	7.168697
20754	-7942.389	-8194.154	251.7642	0.8169435	0.4910296	0.544846	0.455154	6.981043
20760	-7933.148	-8184.545	251.3965	0.7832467	0.4910296	0.56913	0.43087	7.196989
20766	-7929.515	-8179.882	250.3671	0.8192385	0.4954809	0.493255	0.506745	7.725381
20772	-7943.638	-8195.255	251.6176	0.9062929	0.491616	0.488639	0.511361	7.011323
20778	-7935.661	-8188.461	252.7997	0.9062929	0.5150675	0.453096	0.546904	6.351557
20784	-7937.948	-8188.379	250.4315	0.7810438	0.4968344	0.562944	0.437056	7.710155
20790	-7932.437	-8183.523	251.0861	0.8253568	0.5499382	0.519662	0.480338	7.290173
20796	-7934.115	-8185.256	251.1411	0.8167768	0.5175217	0.461878	0.538122	7.292754
20802	-7935.241	-8187.753	252.5123	0.884443	0.5154577	0.452868	0.547132	6.518871
20808	-7932.319	-8185.262	252.9427	0.8756071	0.4887553	0.452868	0.547132	6.314135
20814	-7926.871	-8177.957	251.0863	0.7881844	0.5904646	0.433471	0.566529	7.27722
20820	-7923.618	-8174.755	251.1366	0.8168807	0.5867455	0.483457	0.516543	7.237714
20826	-7925.242	-8176.792	251.5501	0.7993316	0.545797	0.452293	0.547707	7.058219
20832	-7932.174	-8183.844	251.6703	0.9032444	0.6136522	0.471666	0.528334	6.883037
20838	-7945.293	-8196.985	251.6919	0.9188566	0.6175767	0.395125	0.604875	6.859938
20844	-7933.574	-8185.634	252.0604	0.8819556	0.5347652	0.510277	0.489723	6.74794
20850	-7934.06	-8186.057	251.9976	0.8754585	0.5930835	0.510277	0.489723	6.737468
20856	-7944.25	-8193.693	249.4426	0.7783981	0.5873945	0.49128	0.50872	8.163702
20862	-7935.668	-8185.955	250.2876	0.7564844	0.5070266	0.466208	0.533792	7.791236
20868	-7933.994	-8184.162	250.1681	0.6851841	0.6332905	0.465308	0.534692	7.791236
20874	-7929.455	-8180.338	250.8827	0.7648836	0.5300504	0.43533	0.56467	7.448402
20880	-7938.009	-8188.147	250.1384	0.7648836	0.5013052	0.43533	0.56467	7.871474
20886	-7952.381	-8203.491	251.1102	0.7546479	0.6333676	0.46673	0.53327	7.249359
20892	-7945.02	-8196.822	251.8024	0.7955524	0.4695382	0.42864	0.57136	6.991676
20898	-7938.15	-8188.846	250.6964	0.8085386	0.5154482	0.458896	0.541104	7.537389
20904	-7938.251	-8189.998	251.7471	0.7932486	0.5617284	0.497742	0.502258	6.94222
20910	-7934.93	-8187.047	252.1163	0.8839007	0.7004179	0.449054	0.550946	6.588719
20916	-7923.618	-8174.384	250.766	0.8030161	0.6022178	0.449054	0.550946	7.431863
20922	-7924.937	-8176.175	251.2382	0.7547754	0.5832338	0.519617	0.480383	7.219284
20928	-7944.228	-8195.019	250.7903	0.7427416	0.5832338	0.483658	0.516342	7.466076
20934	-7934.44	-8185.663	251.2229	0.8212022	0.5293343	0.515608	0.484392	7.236306
20940	-7932.59	-8183.92	251.3301	0.9018612	0.5121219	0.489366	0.510634	7.150199
20946	-7932.885	-8184.549	251.6646	0.8067804	0.5121219	0.501289	0.498711	7.021374
20952	-7930.509	-8181.416	250.9068	0.7878276	0.5435255	0.53744	0.46256	7.411843
20958	-7932.895	-8184.152	251.2576	0.8153291	0.4879615	0.498421	0.501579	7.257114
20964	-7936.932	-8188.117	251.1855	0.797311	0.5436333	0.520502	0.479498	7.257114
20970	-7939.251	-8188.758	249.5075	0.7677875	0.5880244	0.489421	0.510579	8.134296
20976	-7943.568	-8193.867	250.2991	0.8072677	0.5090849	0.489421	0.510579	7.756125
20982	-7947.715	-8198.284	250.5693	0.8100447	0.6542764	0.489421	0.510579	7.494274
20988	-7950.02	-8201.026	251.0064	0.8264077	0.6542764	0.489421	0.510579	7.251054
20994	-7951.714	-8202.342	250.6275	0.8263953	0.6542764	0.527978	0.472022	7.454331
21000	-7962.58	-8211.719	249.1392	0.695663	0.5364062	0.597864	0.402136	8.410521
21006	-7946.082	-8194.546	248.4645	0.695663	0.5364062	0.482699	0.517301	8.768676
21012	-7932.22	-8183.743	251.5236	0.7631639	0.5651255	0.524324	0.475676	7.075953
21018	-7943.779	-8195.76	251.9809	0.8810467	0.6414815	0.43163	0.56837	6.706233
21024	-7949.791	-8201.218	251.4268	0.752041	0.5395945	0.431269	0.568731	7.155178
21030	-7941.273	-8191.11	249.8371	0.7250318	0.6208574	0.451249	0.548751	7.95603
21036	-7926.667	-8177.763	251.0958	0.8357613	0.6208574	0.443384	0.556616	7.222965
21042	-7935.114	-8186.414	251.2999	0.8215814	0.5998069	0.551012	0.448988	7.137165
21048	-7948.864	-8200.473	251.6095	0.8297375	0.573097	0.389911	0.610089	6.987415
21054	-7942.434	-8194.065	251.6316	0.8227683	0.5630862	0.38579	0.61421	6.987415
21060	-7936.895	-8189.189	252.2939	0.9035709	0.5432559	0.499559	0.500441	6.602828
21066	-7943.87	-8195.525	251.6547	0.9080088	0.5432559	0.381513	0.618487	6.945489
21072	-7937.75	-8190.028	252.2781	0.8741434	0.5432559	0.505274	0.494726	6.627276
21078	-7944.82	-8195.872	251.0518	0.8272336	0.5772498	0.504582	0.495418	7.285256
21084	-7958.992	-8209.794	250.8016	0.8076562	0.5843046	0.504582	0.495418	7.424358
21090	-7942.125	-8192.603	250.4784	0.8479654	0.447367	0.449585	0.550415	7.694817
21096	-7943.387	-8193.667	250.2807	0.7939879	0.6044461	0.449585	0.550415	7.694817
21102	-7940.381	-8189.452	249.0715	0.7719598	0.6556421	0.488429	0.511571	8.313098
21108	-7936.547	-8187.162	250.6147	0.8098571	0.5933113	0.508676	0.491324	7.516221
21114	-7942.76	-8194.107	251.3473	0.8285631	0.5944588	0.508676	0.491324	7.112092
21120	-7931.357	-8182.802	251.4446	0.8530292	0.5674657	0.508676	0.491324	7.068208
21126	-7937.202	-8189.924	252.722	0.8828896	0.5597269	0.494218	0.505782	6.368317
21132	-7940.337	-8191.945	251.6074	0.8198995	0.573875	0.469276	0.530724	6.993224
21138	-7945.428	-8197.582	252.1534	0.8521452	0.6752422	0.534797	0.465203	6.60374
21144	-7945.014	-8197.605	252.5918	0.9261284	0.5193165	0.515849	0.484151	6.449854
21150	-7938.202	-8188.747	250.545	0.8230234	0.5066888	0.515849	0.484151	7.618306
21156	-7940.471	-8190.294	249.8225	0.8101396	0.5394332	0.498271	0.501729	7.983176
21162	-7935.154	-8186.145	250.9907	0.8722351	0.5393508	0.448632	0.551368	7.325034
21168	-7951.446	-8202.598	251.1517	0.848162	0.4568993	0.443005	0.556995	7.325034
21174	-7948.293	-8199.144	250.8505	0.81776	0.495354	0.558474	0.441526	7.46753
21180	-7951.921	-8201.323	249.4021	0.6725543	0.4835393	0.454587	0.545413	8.328856
21186	-7943.138	-8195.4	252.2621	0.8456661	0.522558	0.437698	0.562302	6.669015
21192	-7940.436	-8192.629	252.1925	0.9153382	0.522558	0.53149	0.46851	6.669015
21198	-7941.342	-8191.994	250.6515	0.7962005	0.522558	0.480606	0.519394	7.561897
21204	-7955.681	-8207.532	251.8506	0.8508026	0.5601177	0.502858	0.497142	6.856722
21210	-7952.879	-8203.055	250.1761	0.7754148	0.5339882	0.480335	0.519665	7.817506
21216	-7957.753	-8209.473	251.7196	0.8688144	0.5414491	0.511172	0.488828	6.933174
21222	-7952.058	-8201.731	249.6732	0.8092746	0.5276759	0.465515	0.534485	8.073143
21228	-7942.627	-8192.87	250.2437	0.7725744	0.5276759	0.465515	0.534485	7.788284
21234	-7929.748	-8180.89	251.1418	0.7756516	0.5103219	0.463413	0.536587	7.320695
21240	-7923.628	-8173.998	250.3701	0.8017653	0.511155	0.483775	0.516225	7.719339
21246	-7914.025	-8165.845	251.8198	0.8081083	0.5477337	0.488646	0.511354	6.906598
21252	-7919.711	-8171.5	251.789	0.8178603	0.5487238	0.526747	0.473253	6.917135
21258	-7938.089	-8189.113	251.0239	0.9252979	0.5360351	0.466636	0.533364	7.281528
21264	-7947.3	-8198.96	251.6605	0.8070814	0.589061	0.554883	0.445117	6.959341
21270	-7943.996	-8197.078	253.0826	0.8702527	0.4695243	0.496363	0.503637	6.258847
21276	-7938.202	-8190.373	252.171	0.7911871	0.5539084	0.496363	0.503637	6.721082
21282	-7945.051	-8197.499	252.4483	0.9724663	0.6056843	0.447624	0.552376	6.431209
21288	-7936.037	-8187.258	251.2209	0.8931248	0.4840599	0.447624	0.552376	7.238548
21294	-7947.512	-8198.596	251.0838	0.7720407	0.5616191	0.426993	0.573007	7.310374
21300	-7942.846	-8194.654	251.808	0.8476536	0.5332217	0.480719	0.519281	6.903915
21306	-7929.584	-8180.381	250.7963	0.8357135	0.5502441	0.505705	0.494295	7.439802
21312	-7933.363	-8185.876	252.5126	0.8443032	0.6511813	0.48763	0.51237	6.431128
21318	-7943.068	-8194.113	251.045	0.8443032	0.5179556	0.507831	0.492169	7.329153
21324	-7941.129	-8191.251	250.1219	0.8241594	0.5803957	0.507831	0.492169	7.782414
21330	-7934.994	-8185.938	250.9437	0.7974504	0.5321008	0.529474	0.470526	7.396538
21336	-7945.343	-8196.062	250.7186	0.7709922	0.6317157	0.486939	0.513061	7.451903
21342	-7938.669	-8190.475	251.806	0.7865415	0.6317157	0.485971	0.514029	6.858958
21348	-7930.544	-8182.009	251.4656	0.8968672	0.4865438	0.485971	0.514029	7.102785
21354	-7937.088	-8188.134	251.0464	0.8026414	0.6119606	0.454156	0.545844	7.274108
21360	-7949.327	-8198.829	249.5027	0.754172	0.6072921	0.452366	0.547634	8.129111
21366	-7963.261	-8212.129	248.8685	0.8270389	0.6012628	0.596239	0.403761	8.432461
21372	-7945.367	-8194.887	249.5202	0.7190323	0.5647669	0.482452	0.517548	8.172036
21378	-7932.911	-8184.445	251.5343	0.8421932	0.5647669	0.482452	0.517548	7.028
21384	-7924.895	-8174.814	249.9187	0.7062349	0.6494742	0.479317	0.520683	7.901172
21390	-7923.288	-8175.218	251.9298	0.8251798	0.5757101	0.48788	0.51212	6.815101
21396	-7932.355	-8183.625	251.2699	0.8677972	0.5660942	0.452208	0.547792	7.155364
21402	-7916.551	-8168.715	252.1647	0.783478	0.5808678	0.452208	0.547792	6.706656
21408	-7929.241	-8181.372	252.131	0.8534698	0.6415938	0.501341	0.498659	6.639902
21414	-7945.63	-8195.224	249.594	0.7055949	0.5688833	0.509399	0.490601	8.13655
21420	-7940.394	-8189.091	248.6969	0.6936593	0.6980647	0.44329	0.55671	8.523824
21426	-7926.284	-8176.914	250.6296	0.7204265	0.4890811	0.499081	0.500919	7.643578
21432	-7932.541	-8183.595	251.0533	0.746441	0.6721855	0.499081	0.500919	7.255794
21438	-7935.729	-8186.678	250.9494	0.8737917	0.5190084	0.499081	0.500919	7.363727
21444	-7939.746	-8191.722	251.9752	0.9260702	0.5502726	0.544702	0.455298	6.757008
21450	-7948.978	-8201.551	252.5726	0.9396176	0.551057	0.519564	0.480436	6.425817
21456	-7948.275	-8200.492	252.2169	0.8047675	0.5364035	0.452764	0.547236	6.703694
21462	-7931.126	-8181.231	250.1051	0.7417452	0.5138619	0.452764	0.547236	7.890625
21468	-7940.649	-8191.013	250.3641	0.7941199	0.5717148	0.452764	0.547236	7.675967
21474	-7936.595	-8186.367	249.7724	0.8565958	0.5987941	0.452764	0.547236	7.937277
21480	-7938.401	-8189.776	251.3753	0.9391837	0.5730308	0.450727	0.549273	7.054654
21486	-7945.524	-8195.295	249.7707	0.7646343	0.5655042	0.476546	0.523454	8.013593
21492	-7945.871	-8196.141	250.2702	0.7646343	0.5352033	0.482798	0.517202	7.77197
21498	-7949.303	-8200	250.6972	0.7174046	0.6850545	0.482798	0.517202	7.453196
21504	-7944.252	-8193.921	249.6686	0.752799	0.6181074	0.503738	0.496262	8.03317
21510	-7934.666	-8185.14	250.4741	0.799042	0.5071721	0.462962	0.537038	7.668639
21516	-7927.269	-8177.39	250.1215	0.6630821	0.5774688	0.460604	0.539396	7.871019
21522	-7936.866	-8186.916	250.0504	0.7668504	0.4792236	0.509909	0.490091	7.937138
21528	-7931.979	-8182.015	250.0361	0.7969465	0.4789498	0.47934	0.52066	7.928934
21534	-7913.351	-8163.297	249.9454	0.7291817	0.5784454	0.513388	0.486612	7.928934
21540	-7925.28	-8174.758	249.4788	0.7401872	0.6093528	0.513388	0.486612	8.147747
21546	-7931.936	-8183.003	251.0675	0.8437884	0.6630275	0.419899	0.580101	7.202482
21552	-7923.263	-8174.913	251.6503	0.8069737	0.4856246	0.541269	0.458731	7.052595
21558	-7932.181	-8183.66	251.4794	0.8181691	0.5904431	0.541269	0.458731	7.049825
21564	-7940.932	-8192.459	251.5265	0.7982303	0.5721284	0.523104	0.476896	7.049825
21570	-7934.613	-8185.469	250.8563	0.8470998	0.5297831	0.478833	0.521167	7.418749
21576	-7941.602	-8192.654	251.0518	0.8845752	0.6319757	0.549522	0.450478	7.211963
21582	-7923.141	-8174.599	251.4572	0.815756	0.4912116	0.469454	0.530546	7.146703
21588	-7923.003	-8175.614	252.6113	0.8905404	0.6220458	0.469454	0.530546	6.374537
21594	-7935.307	-8188.299	252.9918	0.8905404	0.5590243	0.512311	0.487689	6.218225
21600	-7940.516	-8193.423	252.9066	0.9249842	0.5288158	0.48612	0.51388	6.271404
21606	-7938.152	-8190.431	252.2795	0.8539348	0.5092417	0.48612	0.51388	6.666813
21612	-7928.774	-8182.245	253.4714	0.9064078	0.5522996	0.478988	0.521012	5.95393
21618	-7933.577	-8186.831	253.2538	0.91409	0.5061187	0.478988	0.521012	6.108402
21624	-7930.253	-8182.928	252.6744	0.8224083	0.6256684	0.475609	0.524391	6.37449
21630	-7939.173	-8191.225	252.0521	0.8887732	0.5945224	0.507471	0.492529	6.699691
21636	-7934.469	-8186.676	252.2075	0.8257145	0.6102148	0.483087	0.516913	6.637496
21642	-7929.422	-8179.982	250.5599	0.8141507	0.5997678	0.427989	0.572011	7.538253
21648	-7927.284	-8177.869	250.5856	0.7981667	0.5997678	0.49099	0.50901	7.533015
21654	-7937.15	-8189.42	252.2703	0.8516238	0.5263542	0.49099	0.50901	6.658093
21660	-7943.923	-8193.903	249.9798	0.7772183	0.5413979	0.49099	0.50901	7.915131
21666	-7948.846	-8198.68	249.8346	0.7790312	0.6387318	0.49099	0.50901	7.915131
21672	-7953.647	-8204.675	251.028	0.8022151	0.4933893	0.427623	0.572377	7.382463
21678	-7941.86	-8192.984	251.1245	0.8043575	0.5049064	0.507983	0.492017	7.319353
21684	-7928.061	-8179.881	251.8198	0.8384067	0.5381289	0.462585	0.537415	6.898379
21690	-7935.344	-8187.475	252.1304	0.8772752	0.5225197	0.519319	0.480681	6.723142
21696	-7932.083	-8184.314	252.2308	0.8229232	0.5357967	0.452625	0.547375	6.686882
21702	-7932.085	-8183.494	251.4093	0.8430594	0.6157614	0.519301	0.480699	7.054382
21708	-7934.336	-8185.251	250.9147	0.7834119	0.5224652	0.519301	0.480699	7.427839
21714	-7932.587	-8182.506	249.9193	0.6863324	0.4870063	0.502646	0.497354	8.042948
21720	-7929.755	-8179.551	249.7958	0.6863324	0.5643192	0.502646	0.497354	8.042948
21726	-7943.692	-8193.941	250.2499	0.816642	0.5843615	0.441819	0.558181	7.714897
21732	-7942.019	-8193.021	251.0021	0.8030006	0.6155729	0.533165	0.466835	7.294925
21738	-7929.785	-8181.267	251.4821	0.833189	0.5572033	0.512882	0.487118	7.067131
21744	-7942.628	-8196.136	253.5074	0.9547215	0.6610704	0.4853	0.5147	5.822011
21750	-7929.612	-8182.188	252.5755	0.873448	0.5053898	0.505689	0.494311	6.49951
21756	-7931.35	-8182.886	251.5353	0.9108582	0.5667466	0.489588	0.510412	6.988851
21762	-7932.887	-8184.275	251.3877	0.7754917	0.5358122	0.489588	0.510412	7.166761
21768	-7944.508	-8195.636	251.1288	0.7739347	0.5272689	0.504557	0.495443	7.313966
21774	-7962.294	-8213.502	251.2084	0.8613353	0.5580754	0.531487	0.468513	7.198411
21780	-7939.592	-8192.329	252.7371	0.9160169	0.5208997	0.478296	0.521704	6.375153
21786	-7929.829	-8181.118	251.2886	0.9160169	0.5605802	0.494129	0.505871	7.123889
21792	-7931.689	-8182.709	251.02	0.8117866	0.4827815	0.418442	0.581558	7.391203
21798	-7934.091	-8185.038	250.9474	0.7133923	0.5752113	0.412885	0.587115	7.403994
21804	-7945.611	-8196.35	250.7384	0.7956193	0.4615559	0.474411	0.525589	7.570322
21810	-7946.344	-8196.848	250.5044	0.7479964	0.5221258	0.485306	0.514694	7.666756
21816	-7946.555	-8196.843	250.2878	0.7552423	0.5221258	0.502943	0.497057	7.778713
21822	-7935.77	-8187.751	251.9811	0.9201487	0.5221258	0.472867	0.527133	6.780962
21828	-7949.263	-8199.42	250.1577	0.8891719	0.4290604	0.469262	0.530738	7.861891
21834	-7942.323	-8193.581	251.258	0.7754396	0.5091524	0.533773	0.466227	7.259436
21840	-7932.876	-8183.899	251.0236	0.7641759	0.5654469	0.533773	0.466227	7.343778
21846	-7948.572	-8199.531	250.9591	0.8413412	0.5654469	0.417254	0.582746	7.337
21852	-7932.548	-8183.874	251.3257	0.7943592	0.5511873	0.518283	0.481717	7.177106
21858	-7935.474	-8185.618	250.1447	0.7716288	0.5686671	0.447416	0.552584	7.807721
21864	-7940.63	-8191.989	251.3583	0.8361	0.5287049	0.495616	0.504384	7.156064
21870	-7938.055	-8189.83	251.7742	0.7493842	0.5383817	0.490996	0.509004	6.970678
21876	-7927.799	-8179.189	251.3902	0.7519093	0.618306	0.484028	0.515972	7.111783
21882	-7942.731	-8193.262	250.5306	0.7556877	0.481396	0.460068	0.539932	7.68457
21888	-7940.537	-8191.788	251.2512	0.8432968	0.574541	0.444538	0.555462	7.171714
21894	-7933.776	-8184.386	250.6105	0.7309697	0.574541	0.511659	0.488341	7.57561
21900	-7928.359	-8178.929	250.5694	0.6784064	0.5463273	0.486988	0.513012	7.648779
21906	-7928.966	-8180.501	251.5353	0.7612929	0.5275304	0.48396	0.51604	7.102121
21912	-7928.872	-8179.813	250.9413	0.7600761	0.5275304	0.521935	0.478065	7.421725
21918	-7941.779	-8192.679	250.9001	0.7291228	0.5238936	0.493521	0.506479	7.463502
21924	-7928.075	-8178.693	250.6179	0.7859122	0.5343367	0.543075	0.456925	7.575337
21930	-7926.183	-8178.107	251.924	0.8469548	0.5972623	0.483087	0.516913	6.789283
21936	-7931.438	-8183.449	252.0102	0.8964665	0.5227198	0.511759	0.488241	6.777535
21942	-7948.375	-8198.827	250.452	0.7412452	0.5775899	0.43034	0.56966	7.652525
21948	-7948.83	-8199.323	250.4939	0.8447862	0.4858485	0.385685	0.614315	7.652525
21954	-7946.236	-8197.615	251.3797	0.8447862	0.5380185	0.545004	0.454996	7.131976
21960	-7938.242	-8188.965	250.7229	0.7637945	0.5467135	0.545004	0.454996	7.520621
21966	-7949.543	-8201.317	251.7743	0.8294505	0.646678	0.451876	0.548124	6.841717
21972	-7955.48	-8205.485	250.0048	0.6877562	0.5825085	0.476525	0.523475	7.916106
21978	-7930.641	-8180.456	249.8152	0.8065434	0.6316355	0.495529	0.504471	7.916106
21984	-7926.8	-8178.987	252.1862	0.8768278	0.5202009	0.429283	0.570717	6.695274
21990	-7922.212	-8174.407	252.1946	0.8683965	0.5202009	0.508236	0.491764	6.695274
21996	-7921.807	-8173.293	251.4857	0.823692	0.4967525	0.458922	0.541078	7.122168
22002	-7922.488	-8174.338	251.8506	0.9171054	0.5479167	0.458922	0.541078	6.831086
22008	-7920.398	-8172.056	251.6575	0.7803495	0.4689591	0.495518	0.504482	7.078367
22014	-7942.369	-8193.145	250.776	0.7434189	0.4689591	0.504351	0.495649	7.571256
22020	-7950.662	-8199.803	249.1406	0.6880403	0.51346	0.558231	0.441769	8.43328
22026	-7958.599	-8207.98	249.3808	0.7758318	0.5941327	0.558231	0.441769	8.192683
22032	-7937.055	-8188.203	251.1479	0.7576596	0.4953859	0.515722	0.484278	7.340301
22038	-7936.505	-8186.47	249.9652	0.7143332	0.5615135	0.477071	0.522929	7.939932
22044	-7933.754	-8183.984	250.2296	0.6425622	0.5193189	0.463366	0.536634	7.872406
22050	-7940.014	-8190.133	250.1193	0.743388	0.5854242	0.432174	0.567826	7.823009
22056	-7924.541	-8175.197	250.6566	0.743388	0.5851783	0.510171	0.489829	7.535819
22062	-7931.2	-8181.845	250.6448	0.7728965	0.6535872	0.510171	0.489829	7.474197
22068	-7941.43	-8192.716	251.2856	0.8603248	0.5241258	0.510171	0.489829	7.186047
22074	-7932.769	-8183.74	250.9703	0.8198125	0.4913285	0.460788	0.539212	7.405848
22080	-7928.223	-8179.57	251.3469	0.7863114	0.5394458	0.496102	0.503898	7.17981
22086	-7937.672	-8188.443	250.7715	0.8229478	0.5632244	0.528378	0.471622	7.449272
22092	-7935.588	-8186.88	251.2926	0.8672483	0.5141195	0.484549	0.515451	7.187208
22098	-7937.588	-8187.606	250.0185	0.7327768	0.5841322	0.504708	0.495292	7.883522
22104	-7933.014	-8184.795	251.7814	0.8830891	0.6022591	0.497012	0.502988	6.842846
22110	-7928.716	-8177.794	249.0782	0.7430468	0.5782911	0.480365	0.519635	8.383622
22116	-7930.116	-8181.161	251.0452	0.7861172	0.4985725	0.480365	0.519635	7.377292
22122	-7933.465	-8183.947	250.482	0.7911946	0.509026	0.480365	0.519635	7.666971
22128	-7934.058	-8184.773	250.715	0.7602075	0.5593349	0.489241	0.510759	7.516347
22134	-7932.095	-8181.696	249.6008	0.7602075	0.5216073	0.531894	0.468106	8.14302
22140	-7927.546	-8178.658	251.1122	0.7964416	0.5537135	0.56163	0.43837	7.288561
22146	-7938.175	-8188.969	250.7939	0.7372176	0.60478	0.56163	0.43837	7.4502
22152	-7929.883	-8182.766	252.8832	0.8271845	0.5306732	0.408578	0.591422	6.335629
22158	-7963.569	-8216.74	253.1715	0.9624504	0.494773	0.432565	0.567435	6.137089
22164	-7947.644	-8197.816	250.1721	0.8170394	0.4946626	0.459462	0.540538	7.831476
22170	-7929.355	-8180.291	250.9357	0.7754756	0.5432016	0.424255	0.575745	7.403213
22176	-7928.14	-8179.78	251.6403	0.8380678	0.6171699	0.460601	0.539399	6.931637
22182	-7935.023	-8185.559	250.5354	0.8555636	0.4910264	0.44204	0.55796	7.619921
22188	-7942.944	-8193.936	250.9921	0.8989517	0.6085214	0.431446	0.568554	7.2542
22194	-7930.339	-8181.131	250.7924	0.7964754	0.5428225	0.431446	0.568554	7.469116
22200	-7931.992	-8181.958	249.9662	0.7307931	0.5976141	0.486926	0.513074	7.901878
22206	-7926.637	-8176.985	250.3482	0.7788532	0.4903175	0.537924	0.462076	7.761659
22212	-7938.983	-8189.97	250.9875	0.7941779	0.5537026	0.526153	0.473847	7.356715
22218	-7933	-8184.113	251.1133	0.7941779	0.5754279	0.447513	0.552487	7.271456
22224	-7932.704	-8182.86	250.1561	0.7585747	0.5979024	0.485814	0.514186	7.785414
22230	-7942.229	-8190.953	248.7242	0.7540585	0.5170963	0.527668	0.472332	8.616259
22236	-7941.259	-8190.783	249.5235	0.7090602	0.5784591	0.527668	0.472332	8.164571
22242	-7935.152	-8184.6	249.4484	0.7287865	0.5843974	0.461523	0.538477	8.189406
22248	-7936.355	-8187.146	250.7908	0.8080516	0.5999807	0.461523	0.538477	7.417611
22254	-7922.916	-8174.624	251.7076	0.865742	0.6172097	0.482638	0.517362	6.880397
22260	-7925.748	-8176.217	250.4695	0.7596836	0.5091513	0.531519	0.468481	7.690418
22266	-7923.808	-8175.151	251.3425	0.7718892	0.5142804	0.421709	0.578291	7.211481
22272	-7921.36	-8172.668	251.3083	0.8078907	0.5455245	0.473785	0.526215	7.183851
22278	-7931.912	-8183.24	251.3285	0.8078907	0.5326945	0.477211	0.522789	7.183851
22284	-7934.636	-8184.826	250.1892	0.7018682	0.5885238	0.4727	0.5273	7.805369
22290	-7929.018	-8180.103	251.085	0.836961	0.6329503	0.558109	0.441891	7.219009
22296	-7914.675	-8165.946	251.2708	0.7752656	0.5485939	0.500398	0.499602	7.219009
22302	-7928.627	-8178.345	249.7182	0.7130838	0.4723303	0.500398	0.499602	8.149209
22308	-7919.156	-8169.663	250.507	0.7780096	0.558166	0.45197	0.54803	7.61911
22314	-7929.762	-8180.138	250.3765	0.8161582	0.5370588	0.421762	0.578238	7.686065
22320	-7924.471	-8174.932	250.4604	0.8161582	0.5370588	0.545236	0.454764	7.641165
22326	-7926.815	-8177.343	250.5286	0.789663	0.5749098	0.545236	0.454764	7.58774
22332	-7935.211	-8187.84	252.6288	0.8183941	0.5146859	0.509114	0.490886	6.492229
22338	-7933.737	-8185.596	251.8595	0.8756655	0.4856172	0.411192	0.588808	6.902924
22344	-7930.997	-8183.817	252.8202	0.9036571	0.5709846	0.45606	0.54394	6.294467
22350	-7931.894	-8184.397	252.5033	0.9036571	0.6167026	0.45606	0.54394	6.430116
22356	-7921.65	-8172.805	251.1557	0.8463795	0.5833002	0.488249	0.511751	7.214343
22362	-7929.005	-8179.704	250.6993	0.8336597	0.5088258	0.45265	0.54735	7.528145
22368	-7943.232	-8192.702	249.4706	0.8314711	0.5251842	0.412235	0.587765	8.171361
22374	-7945.347	-8196.739	251.3919	0.8314711	0.5965699	0.412235	0.587765	7.084886
22380	-7929.997	-8180.93	250.9339	0.7847889	0.518596	0.466817	0.533183	7.420149
22386	-7940.68	-8191.727	251.0478	0.7377364	0.518596	0.510501	0.489499	7.384282
22392	-7932.349	-8183.654	251.3053	0.8526808	0.4977402	0.404849	0.595151	7.202669
22398	-7939.694	-8190.581	250.8868	0.7311974	0.5567713	0.51984	0.48016	7.441957
22404	-7951.379	-8202.332	250.9534	0.8069698	0.4692273	0.51984	0.48016	7.441957
22410	-7975.061	-8226.142	251.0808	0.8705681	0.6408203	0.410573	0.589427	7.19732
22416	-7963.037	-8214.476	251.4389	0.8740689	0.4875508	0.39416	0.60584	7.128488
22422	-7962.098	-8213.549	251.4509	0.7773654	0.5632651	0.49408	0.50592	7.10893
22428	-7962.194	-8213.825	251.6311	0.8258188	0.6201742	0.520128	0.479872	6.940888
22434	-7951.874	-8204.132	252.2574	0.9170529	0.5478869	0.474015	0.525985	6.611412
22440	-7934.523	-8185.328	250.8044	0.8171252	0.5210779	0.474015	0.525985	7.470037
22446	-7936.85	-8186.995	250.1449	0.7965749	0.5976805	0.46751	0.53249	7.77126
22452	-7941.631	-8192.918	251.287	0.859284	0.7224963	0.493174	0.506826	7.03418
22458	-7932.696	-8183.597	250.9014	0.8579784	0.7224963	0.536017	0.463983	7.242178
22464	-7947.069	-8198.708	251.6385	0.8752742	0.6391599	0.506445	0.493555	6.895878
22470	-7943.807	-8196.364	252.557	0.8151719	0.5625668	0.549368	0.450632	6.492165
22476	-7949.137	-8201.202	252.0648	0.938416	0.547217	0.418935	0.581065	6.704546
22482	-7935.966	-8188.118	252.1519	0.901088	0.5157932	0.530888	0.469112	6.704546
22488	-7946.592	-8196.329	249.7371	0.8460977	0.4871278	0.48233	0.51767	8.054816
22494	-7941.409	-8191.269	249.8599	0.7232799	0.4871278	0.49151	0.50849	8.054816
22500	-7935.257	-8184.974	249.7168	0.7232799	0.5703272	0.482918	0.517082	8.06053
22506	-7933.72	-8183.914	250.1949	0.8217519	0.5703272	0.489291	0.510709	7.75279
22512	-7932.02	-8182.106	250.0858	0.7989182	0.6410555	0.476894	0.523106	7.768671
22518	-7933.548	-8184.242	250.6936	0.8034324	0.5232887	0.476894	0.523106	7.534832
22524	-7936.945	-8187.853	250.9084	0.8080144	0.5232887	0.499444	0.500556	7.417281
22530	-7934.698	-8184.921	250.2238	0.7946046	0.5021411	0.499444	0.500556	7.80923
22536	-7946.64	-8197.335	250.6946	0.7744296	0.6025988	0.539403	0.460597	7.485143
22542	-7955.15	-8203.969	248.8189	0.7057748	0.6592902	0.558658	0.441342	8.479979
22548	-7944.529	-8194.191	249.6629	0.7057748	0.594557	0.605387	0.394613	8.079406
22554	-7953.025	-8203.367	250.3418	0.8829403	0.5936827	0.605387	0.394613	7.622899
22560	-7937.341	-8187.75	250.4089	0.8692767	0.4784668	0.440043	0.559957	7.691584
22566	-7942.861	-8194.358	251.4977	0.8257058	0.6446137	0.544756	0.455244	6.994336
22572	-7937.253	-8186.337	249.0839	0.8157875	0.6312042	0.488117	0.511883	8.301187
22578	-7935.393	-8186.819	251.4267	0.8337166	0.6107496	0.468502	0.531498	7.053925
22584	-7944.817	-8197.01	252.1926	0.8282034	0.5364867	0.490907	0.509093	6.704102
22590	-7941.757	-8192.323	250.5666	0.8095081	0.6525796	0.490907	0.509093	7.497236
22596	-7951.109	-8201.654	250.5455	0.8095081	0.668098	0.451035	0.548965	7.497236
22602	-7938.068	-8189.327	251.2586	0.8001082	0.5960022	0.512245	0.487755	7.173901
22608	-7928.201	-8179.275	251.0744	0.8252699	0.5114782	0.459551	0.540449	7.329242
22614	-7933.415	-8185.667	252.2514	0.8414535	0.6029674	0.428563	0.571437	6.610883
22620	-7924.051	-8174.913	250.8622	0.817342	0.6310087	0.428563	0.571437	7.350604
22626	-7927.065	-8178.098	251.0329	0.7638944	0.5060937	0.428563	0.571437	7.389162
22632	-7923.938	-8174.871	250.9326	0.7640822	0.5697722	0.441704	0.558296	7.389162
22638	-7930.024	-8181.629	251.6057	0.8316998	0.6027423	0.465927	0.534073	6.964862
22644	-7939.057	-8190.26	251.2031	0.7269404	0.6191384	0.445462	0.554538	7.225112
22650	-7922.957	-8174.056	251.0982	0.83183	0.6191384	0.505656	0.494344	7.225112
22656	-7926.46	-8176.875	250.415	0.734415	0.5594255	0.505656	0.494344	7.690609
22662	-7934.556	-8185.387	250.8315	0.7636664	0.5294864	0.45872	0.54128	7.47699
22668	-7943.036	-8194.129	251.0935	0.7897098	0.5294864	0.466974	0.533026	7.322546
22674	-7950.153	-8201.341	251.1885	0.8191942	0.4640987	0.466974	0.533026	7.31407
22680	-7934.494	-8186.006	251.512	0.8191942	0.615492	0.466974	0.533026	7.012177
22686	-7943.683	-8194.292	250.6088	0.7388938	0.4972246	0.533859	0.466141	7.637558
22692	-7943.789	-8195.645	251.8561	0.7986684	0.5950297	0.496776	0.503224	6.853763
22698	-7929.916	-8180.694	250.7776	0.7961931	0.5220618	0.433403	0.566597	7.494797
22704	-7938.669	-8189.585	250.9159	0.7590926	0.5220618	0.422742	0.577258	7.440555
22710	-7950.492	-8201.947	251.4552	0.7590926	0.5044805	0.503804	0.496196	7.166427
22716	-7950.721	-8201.514	250.7923	0.8054962	0.514314	0.513177	0.486823	7.48861
22722	-7935.972	-8186.019	250.0473	0.8054962	0.4458819	0.513177	0.486823	7.949193
22728	-7944.511	-8194.756	250.2458	0.7657492	0.4827382	0.440331	0.559669	7.830235
22734	-7954.395	-8204.583	250.188	0.7708588	0.4809	0.504087	0.495913	7.860003
22740	-7951.254	-8201.404	250.1503	0.8086225	0.4809	0.516822	0.483178	7.860003
22746	-7951.96	-8203.46	251.5004	0.8086225	0.520651	0.499217	0.500783	7.10133
22752	-7957.029	-8208.523	251.4942	0.8148879	0.520651	0.455297	0.544703	7.10133
22758	-7944.308	-8194.187	249.8791	0.7146287	0.5783869	0.455297	0.544703	7.972109
22764	-7944.034	-8194.481	250.4473	0.8193252	0.5783869	0.591777	0.408223	7.612632
22770	-7936.392	-8187.591	251.1984	0.6905589	0.5437571	0.48206	0.51794	7.307394
22776	-7941.189	-8190.952	249.7627	0.6897938	0.5079561	0.489255	0.510745	8.10604
22782	-7933.581	-8185.443	251.8626	0.9065405	0.5750768	0.381832	0.618168	6.807949
22788	-7936.181	-8185.972	249.7913	0.6851336	0.4773304	0.437493	0.562507	8.120576
22794	-7943.509	-8193.183	249.6741	0.7456651	0.5113365	0.49494	0.50506	8.120576
22800	-7932.947	-8183.374	250.4275	0.7856767	0.5489352	0.49494	0.50506	7.665186
22806	-7934.623	-8184.948	250.3241	0.7856767	0.5489352	0.5101	0.4899	7.720436
22812	-7950.373	-8199.968	249.5959	0.6605061	0.5116793	0.494964	0.505036	8.20729
22818	-7946.031	-8196.088	250.0562	0.8000449	0.6147556	0.494964	0.505036	7.803664
22824	-7934.925	-8184.462	249.537	0.7835855	0.5570676	0.473086	0.526914	8.134944
22830	-7937.111	-8189.461	252.3504	0.8727633	0.627345	0.51047	0.48953	6.521518
22836	-7941.564	-8193.409	251.845	0.8794205	0.627345	0.470991	0.529009	6.791135
22842	-7945.811	-8197.736	251.9249	0.8606607	0.5850046	0.471237	0.528763	6.791135
22848	-7935.988	-8186.573	250.5851	0.7788182	0.491034	0.511308	0.488692	7.634356
22854	-7940.263	-8191.443	251.1804	0.7367892	0.6322621	0.511308	0.488692	7.222069
22860	-7944.6	-8195.67	251.0702	0.7707639	0.5243244	0.514673	0.485327	7.349638
22866	-7932.133	-8183.865	251.7322	0.7888908	0.5904451	0.487869	0.512131	6.929455
22872	-7938.75	-8190.542	251.7913	0.8302758	0.5750518	0.507526	0.492474	6.887594
22878	-7934.175	-8186.236	252.0608	0.9159869	0.5328187	0.446586	0.553414	6.730976
22884	-7935.872	-8187.538	251.6665	0.7731156	0.5976281	0.476961	0.523039	6.967668
22890	-7929.785	-8180.34	250.5549	0.7932508	0.470808	0.455928	0.544072	7.661218
22896	-7927.04	-8177.672	250.6319	0.766078	0.5656242	0.502062	0.497938	7.552588
22902	-7930.638	-8180.989	250.3512	0.7246253	0.5755424	0.497766	0.502234	7.716931
22908	-7941.121	-8191.238	250.1161	0.7520112	0.5179552	0.482696	0.517304	7.875749
22914	-7936.257	-8186.614	250.3574	0.7601917	0.5242438	0.546385	0.453615	7.73703
22920	-7939.768	-8190.564	250.7963	0.7845686	0.5242438	0.503918	0.496082	7.489121
22926	-7936.434	-8189.131	252.6968	0.9470206	0.5435151	0.503918	0.496082	6.360807
22932	-7944.498	-8197.218	252.7197	0.8957097	0.5619542	0.477788	0.522212	6.360807
22938	-7941.008	-8192.39	251.3817	0.7971387	0.5957232	0.477788	0.522212	7.109496
22944	-7934.188	-8185.653	251.4645	0.8163534	0.6351157	0.477788	0.522212	7.024386
22950	-7920.197	-8171.31	251.1127	0.8362505	0.6065929	0.451097	0.548903	7.224614
22956	-7946.912	-8198.088	251.1761	0.9360041	0.6065929	0.495903	0.504097	7.136911
22962	-7934.639	-8186.055	251.4155	0.8157695	0.5279094	0.526372	0.473628	7.136911
22968	-7935.528	-8187.277	251.7494	0.8293836	0.4571139	0.445013	0.554987	7.013644
22974	-7943.513	-8194.086	250.5722	0.7608331	0.6027396	0.552498	0.447502	7.557906
22980	-7935.61	-8186.179	250.5685	0.7644976	0.6027396	0.457403	0.542597	7.557906
22986	-7945.75	-8198.099	252.3488	0.8118524	0.5378104	0.510587	0.489413	6.627382
22992	-7940.875	-8191.717	250.8418	0.7530133	0.7425761	0.477997	0.522003	7.316952
22998	-7928.556	-8179.411	250.8552	0.7596647	0.6466101	0.539791	0.460209	7.373659
23004	-7925.749	-8176.272	250.5224	0.7663513	0.6673191	0.536277	0.463723	7.533318
23010	-7939.23	-8190.279	251.049	0.7663513	0.5562731	0.527573	0.472427	7.336504
23016	-7936.632	-8185.881	249.2483	0.7126276	0.5916375	0.456192	0.543808	8.298824
23022	-7925.99	-8176.413	250.4231	0.8317697	0.4920328	0.46163	0.53837	7.691824
23028	-7931.189	-8182.442	251.2537	0.881926	0.6196195	0.465349	0.534651	7.114246
23034	-7943.052	-8193.399	250.3468	0.7449368	0.5424516	0.455036	0.544964	7.735503
23040	-7951.039	-8202.165	251.1259	0.8621442	0.523293	0.469134	0.530866	7.271547
23046	-7940.364	-8190.332	249.968	0.7800623	0.5749083	0.440974	0.559026	7.892536
23052	-7935.898	-8188.062	252.1647	0.8859226	0.5145316	0.478254	0.521746	6.706902
23058	-7933.186	-8184.166	250.9798	0.8666156	0.5145316	0.4698	0.5302	7.35517
23064	-7936.377	-8188.402	252.0247	0.8549394	0.4886914	0.514622	0.485378	6.822234
23070	-7933.864	-8184.959	251.0947	0.8562797	0.6310338	0.512273	0.487727	7.204835
23076	-7929.097	-8179.506	250.4096	0.7459886	0.5986236	0.464127	0.535873	7.656044
23082	-7934.615	-8184.224	249.6085	0.7224664	0.625842	0.449727	0.550273	8.075565
23088	-7932.038	-8183.799	251.7612	0.8251751	0.5177964	0.490731	0.509269	6.954501
23094	-7932.797	-8183.146	250.3487	0.8243465	0.506257	0.533851	0.466149	7.722966
23100	-7940.228	-8189.87	249.642	0.7155371	0.5122524	0.459972	0.540028	8.152917
23106	-7953.976	-8204.697	250.7205	0.8161495	0.6593275	0.459972	0.540028	7.406274
23112	-7949.751	-8201.266	251.5149	0.9261649	0.5677063	0.459972	0.540028	6.990809
23118	-7946.716	-8196.491	249.7744	0.7582675	0.5470046	0.424056	0.575944	8.030188
23124	-7952.572	-8202.543	249.9704	0.6584701	0.5530221	0.459291	0.540709	7.973925
23130	-7955.71	-8205.419	249.7084	0.7365816	0.481572	0.478276	0.521724	8.133506
23136	-7959.633	-8209.473	249.8401	0.7010303	0.5956952	0.509618	0.490382	7.986565
23142	-7938.582	-8189.273	250.6913	0.7825751	0.5461381	0.507101	0.492899	7.52793
23148	-7926.956	-8177.686	250.7298	0.7765315	0.5461381	0.507448	0.492552	7.51059
23154	-7934.428	-8185.464	251.0355	0.8221588	0.5349379	0.507448	0.492552	7.331588
23160	-7938.506	-8189.275	250.7686	0.8221588	0.5349379	0.433108	0.566892	7.474741
23166	-7941.845	-8191.704	249.8591	0.7033659	0.4581117	0.498013	0.501987	8.092445
23172	-7945.885	-8195.431	249.5459	0.7489323	0.628963	0.571872	0.428128	8.092445
23178	-7944.745	-8194.358	249.6138	0.7218932	0.5868993	0.453403	0.546597	8.102968
23184	-7945.521	-8195.845	250.3243	0.7956499	0.5868993	0.543284	0.456716	7.684295
23190	-7945.173	-8196.015	250.8427	0.8374733	0.6161828	0.491462	0.508538	7.361513
23196	-7950.717	-8201.72	251.0031	0.8374733	0.5751427	0.460152	0.539848	7.307618
23202	-7946.086	-8196.739	250.6531	0.8390184	0.5438131	0.460152	0.539848	7.520101
23208	-7943.998	-8196.142	252.1437	0.8901254	0.4804829	0.479652	0.520348	6.746485
23214	-7952.348	-8203.093	250.7449	0.8605832	0.5291878	0.479652	0.520348	7.471692
23220	-7955.671	-8204.579	248.9081	0.7920355	0.5680826	0.479652	0.520348	8.456152
23226	-7956.599	-8205.814	249.2158	0.7237202	0.5409279	0.479652	0.520348	8.351092
23232	-7946.359	-8196.241	249.8822	0.7766214	0.4961524	0.457722	0.542278	8.006458
23238	-7951.068	-8202.853	251.7856	0.823556	0.5708186	0.506458	0.493542	6.89773
23244	-7946.113	-8196.475	250.3625	0.7656263	0.5708186	0.554909	0.445091	7.692775
23250	-7953.22	-8205.244	252.0235	0.7884099	0.5044551	0.529988	0.470012	6.844634
23256	-7949.755	-8201.635	251.8807	0.9066363	0.5196037	0.489257	0.510743	6.844634
23262	-7943.049	-8195.722	252.6738	0.9257896	0.4958005	0.489257	0.510743	6.426446
23268	-7942.623	-8194.996	252.3734	0.898554	0.4958005	0.489257	0.510743	6.603854
23274	-7935.05	-8184.658	249.6086	0.6909172	0.4889277	0.489257	0.510743	8.204323
23280	-7934.216	-8183.699	249.4828	0.6655812	0.584875	0.510027	0.489973	8.204323
23286	-7941.015	-8192.114	251.0984	0.8222812	0.5443451	0.510027	0.489973	7.2899
23292	-7955.306	-8207.681	252.3753	0.828554	0.5223186	0.42469	0.57531	6.617277
23298	-7951.982	-8203.583	251.601	0.8707739	0.4366853	0.52765	0.47235	7.090899
23304	-7936.729	-8189.296	252.5666	0.8844834	0.5558999	0.468959	0.531041	6.454892
23310	-7938.271	-8190.214	251.9427	0.8223818	0.5857697	0.455872	0.544128	6.801554
23316	-7943.045	-8194.942	251.8964	0.8257315	0.5857697	0.478071	0.521929	6.824765
23322	-7945.995	-8197.442	251.447	0.8272142	0.4553592	0.487441	0.512559	7.179162
23328	-7939.245	-8191.242	251.9971	0.8360188	0.5486573	0.487441	0.512559	6.795144
23334	-7942.491	-8194.265	251.7741	0.9231506	0.5271416	0.464814	0.535186	6.886701
23340	-7934.885	-8187.045	252.1597	0.8477462	0.4688909	0.482844	0.517156	6.771467
23346	-7940.59	-8191.548	250.9578	0.8248092	0.6042202	0.482844	0.517156	7.315742
23352	-7945.295	-8195.58	250.2847	0.75036	0.5351635	0.493525	0.506475	7.771868
23358	-7950.362	-8200.82	250.4579	0.8039792	0.4912451	0.423157	0.576843	7.688764
23364	-7944.005	-8194.743	250.7381	0.821773	0.710082	0.46474	0.53526	7.357833
23370	-7947.125	-8198.132	251.007	0.7992077	0.5365893	0.476517	0.523483	7.357833
23376	-7943.193	-8194.486	251.2927	0.8398664	0.5829868	0.428954	0.571046	7.144468
23382	-7937.504	-8188.389	250.8855	0.8390939	0.5841858	0.47455	0.52545	7.362609
23388	-7951.786	-8202.631	250.8456	0.8390939	0.5099555	0.484439	0.515561	7.445865
23394	-7956.835	-8208.548	251.713	0.8464867	0.5214404	0.487901	0.512099	6.965844
23400	-7936.75	-8188.488	251.7382	0.7293745	0.5608919	0.475659	0.524341	6.982085
23406	-7937.625	-8188.828	251.2038	0.7503616	0.6031571	0.527317	0.472683	7.22446
23412	-7939.671	-8189.871	250.2005	0.8512807	0.588305	0.477494	0.522506	7.719645
23418	-7949.713	-8201.219	251.5067	0.7675698	0.6484542	0.40918	0.59082	7.017946
23424	-7935.814	-8186.897	251.0828	0.8187658	0.5204988	0.533148	0.466852	7.320361
23430	-7935.219	-8186.345	251.1262	0.8405435	0.475139	0.452277	0.547723	7.325797
23436	-7941.969	-8193.734	251.7646	0.7966945	0.5831175	0.497967	0.502033	6.913618
23442	-7972.847	-8223.216	250.3693	0.8735259	0.4517095	0.471303	0.528697	7.735379
23448	-7963.4	-8214.351	250.9512	0.8277333	0.5017449	0.499964	0.500036	7.402573
23454	-7941.926	-8192.863	250.9364	0.8154443	0.5183466	0.432423	0.567577	7.402573
23460	-7944.961	-8195.897	250.9364	0.8154443	0.5183466	0.489228	0.510772	7.402573
23466	-7962.457	-8213.807	251.3502	0.7663142	0.4506412	0.372429	0.627571	7.268337
23472	-7941.882	-8191.732	249.85	0.7574566	0.4820932	0.485257	0.514743	8.046402
23478	-7938.02	-8187.825	249.8043	0.6907582	0.5779502	0.430301	0.569699	8.02511
23484	-7955.521	-8206.945	251.4234	0.845732	0.6023575	0.563795	0.436205	7.055745
23490	-7961.077	-8213.402	252.3249	0.7904904	0.6105678	0.462222	0.537778	6.59278
23496	-7934.515	-8185.484	250.9692	0.8383794	0.4959626	0.454908	0.545092	7.392352
23502	-7948.497	-8199.113	250.6159	0.8434317	0.455375	0.517807	0.482193	7.616122
23508	-7948.739	-8200.194	251.4547	0.7767914	0.6400956	0.433237	0.566763	7.047193
23514	-7938.473	-8188.081	249.6074	0.8020868	0.5254364	0.495216	0.504784	8.113909
23520	-7945.432	-8195.189	249.7562	0.7045797	0.4940007	0.495216	0.504784	8.113909
23526	-7952.427	-8202.972	250.5453	0.7498255	0.5764694	0.468323	0.531677	7.59887
23532	-7941.768	-8192.47	250.7022	0.7650877	0.5631794	0.421546	0.578454	7.51743
23538	-7936.232	-8185.652	249.4203	0.74537	0.7315659	0.42747	0.57253	8.088579
23544	-7920.83	-8173.113	252.283	0.8270944	0.5555106	0.479489	0.520511	6.639812
23550	-7921.767	-8173.739	251.9724	0.8726727	0.5555106	0.483469	0.516531	6.783021
23556	-7919.947	-8171.565	251.618	0.7394119	0.5489523	0.545899	0.454101	7.051272
23562	-7927.335	-8178.643	251.3074	0.7750706	0.6131532	0.512929	0.487071	7.147771
23568	-7933.523	-8184.493	250.9704	0.7814533	0.479961	0.465528	0.534472	7.436657
23574	-7943.129	-8193.267	250.1386	0.7960062	0.5853691	0.410263	0.589737	7.784589
23580	-7938.521	-8189.624	251.1034	0.8217696	0.5798264	0.512635	0.487365	7.258441
23586	-7920.183	-8171.676	251.4932	0.8217696	0.5447082	0.413498	0.586502	7.077663
23592	-7925.435	-8175.597	250.1622	0.7430769	0.5817291	0.447661	0.552339	7.803174
23598	-7938.263	-8188.231	249.9676	0.7430769	0.5663288	0.447661	0.552339	7.919433
23604	-7941.697	-8191.945	250.248	0.7430769	0.4216543	0.470578	0.529422	7.89903
23610	-7930.345	-8180.495	250.1497	0.6656666	0.5236347	0.533474	0.466526	7.89903
23616	-7926.702	-8176.444	249.7412	0.755956	0.6182298	0.573301	0.426699	7.992666
23622	-7921.323	-8171.591	250.2677	0.7889142	0.4822477	0.462007	0.537993	7.806578
23628	-7930.262	-8180.398	250.1358	0.7236565	0.6087164	0.522563	0.477437	7.806578
23634	-7934.896	-8185.306	250.4098	0.7459677	0.500942	0.451498	0.548502	7.736895
23640	-7939.834	-8190.676	250.8422	0.7135864	0.6641375	0.451498	0.548502	7.392495
23646	-7939.99	-8190.172	250.1811	0.7064275	0.5074769	0.535855	0.464145	7.874469
23652	-7932.229	-8184.024	251.7946	0.8531721	0.5701006	0.52494	0.47506	6.87748
23658	-7930.089	-8181.891	251.8024	0.8279806	0.5817218	0.464885	0.535115	6.87748
23664	-7930.63	-8182.09	251.4601	0.8453111	0.6240651	0.485981	0.514019	7.019522
23670	-7939.16	-8190.722	251.5612	0.8453111	0.4843256	0.485981	0.514019	7.08111
23676	-7935.028	-8186.425	251.3971	0.8301428	0.5017783	0.485981	0.514019	7.161832
23682	-7960.846	-8212.885	252.0391	0.7840981	0.5196511	0.498895	0.501105	6.82521
23688	-7952.437	-8203.282	250.8457	0.7443857	0.5400238	0.523728	0.476272	7.470815
23694	-7944.326	-8193.936	249.6097	0.7113072	0.5439685	0.481869	0.518131	8.145511
23700	-7936.834	-8187.558	250.7237	0.7333077	0.5708001	0.500994	0.499006	7.516759
23706	-7920.366	-8171.278	250.9127	0.7940596	0.6135664	0.500994	0.499006	7.349222
23712	-7921.635	-8173.764	252.1288	0.8264414	0.5217733	0.500994	0.499006	6.752145
23718	-7924.957	-8176.442	251.4846	0.7588165	0.5687765	0.435557	0.564443	7.096327
23724	-7922.36	-8172.583	250.2231	0.7582805	0.5200045	0.472698	0.527302	7.81346
23730	-7940.296	-8191.031	250.7352	0.726675	0.4953255	0.492694	0.507306	7.578099
23736	-7938.819	-8189.225	250.4059	0.8528773	0.6282881	0.463286	0.536714	7.578099
23742	-7939.501	-8192.411	252.91	0.9412339	0.6282881	0.515792	0.484208	6.17992
23748	-7923.846	-8177.253	253.4069	0.9491965	0.5297091	0.525063	0.474937	5.985088
23754	-7936.105	-8186.94	250.8348	0.7906782	0.6052251	0.475368	0.524632	7.399276
23760	-7937.32	-8188.303	250.9829	0.8345364	0.4823927	0.447623	0.552377	7.399276
23766	-7948.922	-8200.238	251.3156	0.782767	0.4828088	0.480645	0.519355	7.248124
23772	-7934.763	-8185.379	250.6164	0.7819889	0.4977036	0.506463	0.493537	7.609976
23778	-7942.188	-8191.253	249.0646	0.7418721	0.4977036	0.454309	0.545691	8.458831
23784	-7935.339	-8187.278	251.9383	0.7660014	0.581764	0.465535	0.534465	6.83758
23790	-7929.81	-8181.541	251.7309	0.8747586	0.581764	0.437999	0.562001	6.890764
23796	-7929.87	-8181.455	251.5845	0.9254766	0.5180145	0.436771	0.563229	6.995484
23802	-7941.349	-8193.619	252.271	0.8850939	0.4766122	0.46594	0.53406	6.684022
23808	-7936.169	-8187.222	251.0524	0.8479576	0.5471803	0.442465	0.557535	7.298406
23814	-7951.498	-8201.953	250.4556	0.8948566	0.4569301	0.461211	0.538789	7.672889
23820	-7935.867	-8186.82	250.9535	0.8425812	0.4569301	0.408626	0.591374	7.43429
23826	-7948.071	-8198.49	250.4194	0.8251021	0.5447886	0.425239	0.574761	7.651838
23832	-7946.291	-8196.208	249.9168	0.7407639	0.4695118	0.459924	0.540076	8.031191
23838	-7947.877	-8197.412	249.5349	0.7814091	0.5673662	0.459924	0.540076	8.128859
23844	-7933.635	-8183.188	249.5524	0.7639278	0.5673662	0.507929	0.492071	8.128859
23850	-7932.036	-8182.431	250.3953	0.7428013	0.5673662	0.462584	0.537416	7.690207
23856	-7934.064	-8185.056	250.9913	0.8126421	0.5533215	0.524004	0.475996	7.34507
23862	-7938.036	-8189.019	250.9838	0.8443438	0.5377428	0.524004	0.475996	7.34507
23868	-7931.314	-8182.147	250.8327	0.8731926	0.5338661	0.475713	0.524287	7.413911
23874	-7928.926	-8179.545	250.6185	0.7703699	0.6297547	0.519909	0.480091	7.507358
23880	-7934.04	-8184.695	250.6551	0.7337799	0.5633195	0.498538	0.501462	7.559295
23886	-7930.671	-8182.201	251.5306	0.8039235	0.6037048	0.498538	0.501462	7.019477
23892	-7935.628	-8186.116	250.488	0.7541584	0.6404197	0.436483	0.563517	7.577934
23898	-7928.244	-8179.494	251.2492	0.87893	0.5346386	0.39674	0.60326	7.186605
23904	-7926.226	-8178.46	252.2341	0.8047807	0.5516261	0.464545	0.535455	6.681547
23910	-7942.901	-8194.358	251.4572	0.772063	0.6336661	0.495294	0.504706	7.053206
23916	-7954.521	-8204.678	250.1571	0.7448571	0.5642448	0.495294	0.504706	7.818979
23922	-7952.98	-8203.167	250.187	0.7148897	0.5642448	0.486953	0.513047	7.818979
23928	-7942.797	-8194.318	251.5215	0.7775578	0.5593162	0.491939	0.508061	7.074098
23934	-7942.569	-8192.279	249.7105	0.6823905	0.5070008	0.533164	0.466836	8.138676
23940	-7960.625	-8212.443	251.8179	0.8747683	0.6002561	0.484181	0.515819	6.82921
23946	-7960.417	-8213.303	252.8856	0.911409	0.5802454	0.484181	0.515819	6.247188
23952	-7938.925	-8190.247	251.3217	0.828448	0.5840339	0.513865	0.486135	7.13419
23958	-7948.028	-8199.204	251.1759	0.8676446	0.4358076	0.513865	0.486135	7.321845
23964	-7940.201	-8190.423	250.222	0.7627676	0.5735642	0.506707	0.493293	7.767184
23970	-7937.106	-8189.321	252.2153	0.8718729	0.7252532	0.48842	0.51158	6.52433
23976	-7928.53	-8181.074	252.5437	0.896195	0.4833244	0.48842	0.51158	6.52433
23982	-7946.868	-8198.638	251.7694	0.8803019	0.5688536	0.48842	0.51158	6.877462
23988	-7949.785	-8202.187	252.4015	0.9664343	0.4529183	0.460072	0.539928	6.591768
23994	-7947.292	-8197.96	250.6686	0.8089742	0.4195387	0.452844	0.547156	7.641133
24000	-7926.384	-8178.181	251.7964	0.8245475	0.5427653	0.504518	0.495482	6.91455
24006	-7932.184	-8182.867	250.6828	0.748127	0.5368956	0.453052	0.546948	7.55866
24012	-7933.522	-8184.396	250.874	0.7985896	0.4603728	0.470004	0.529996	7.497245
24018	-7931.274	-8181.995	250.7212	0.8346323	0.5060677	0.462212	0.537788	7.518286
24024	-7931.475	-8182.465	250.9898	0.8432128	0.562238	0.481866	0.518134	7.322139
24030	-7942.141	-8192.201	250.0596	0.8873853	0.562238	0.512657	0.487343	7.796554
24036	-7950.837	-8201.296	250.4583	0.8175372	0.6469898	0.512657	0.487343	7.555081
24042	-7948.635	-8201.429	252.7942	0.8463546	0.4782547	0.446338	0.553662	6.420256
24048	-7943.995	-8194.897	250.9022	0.7590085	0.5151819	0.484527	0.515473	7.453908
24054	-7932.046	-8182.907	250.861	0.7641866	0.5377647	0.484527	0.515473	7.453908
24060	-7935.237	-8185.98	250.7431	0.752364	0.624918	0.474466	0.525534	7.453908
24066	-7946.798	-8197.953	251.1549	0.7676455	0.6228293	0.574536	0.425464	7.2263
24072	-7945.76	-8198.167	252.4067	0.8037527	0.5545433	0.475376	0.524624	6.586355
24078	-7946.409	-8198.216	251.8074	0.8174633	0.4580001	0.454411	0.545589	6.987974
24084	-7946.974	-8197.216	250.2419	0.784706	0.5527608	0.454411	0.545589	7.761728
24090	-7956.122	-8205.966	249.8436	0.7077328	0.6451614	0.430043	0.569957	7.943629
24096	-7937.373	-8187.361	249.9874	0.7340252	0.5375222	0.447058	0.552942	7.937407
24102	-7941.436	-8191.823	250.3865	0.8213775	0.4366452	0.447058	0.552942	7.768483
24108	-7939.908	-8190.299	250.3903	0.7552674	0.4719361	0.518049	0.481951	7.768483
24114	-7957.883	-8208.511	250.628	0.7611308	0.4822028	0.490956	0.509044	7.628872
24120	-7946.217	-8197.444	251.2269	0.8462739	0.4970629	0.490956	0.509044	7.248801
24126	-7951.989	-8203.596	251.607	0.8340748	0.5864183	0.523344	0.476656	6.975717
24132	-7933.189	-8184.877	251.6877	0.8284871	0.5954836	0.508024	0.491976	6.928084
24138	-7938.348	-8189.47	251.1222	0.7906094	0.5618568	0.515715	0.484285	7.27964
24144	-7930.277	-8182.041	251.7638	0.8483486	0.6251179	0.49653	0.50347	6.853387
24150	-7923.349	-8174.49	251.1413	0.8191177	0.6251179	0.473171	0.526829	7.204264
24156	-7941.709	-8193.41	251.7008	0.8382305	0.5451982	0.447522	0.552478	6.956634
24162	-7951.921	-8203.519	251.5981	0.9964476	0.5411886	0.444014	0.555986	6.930083
24168	-7932.264	-8182.069	249.8054	0.8232812	0.5808223	0.514516	0.485484	7.951576
24174	-7923.349	-8173.855	250.5061	0.7856579	0.4738243	0.472896	0.527104	7.68858
24180	-7933.607	-8185.695	252.0879	0.8524168	0.5213897	0.522718	0.477282	6.76053
24186	-7929.73	-8180.517	250.787	0.8258779	0.5706463	0.470476	0.529524	7.433393
24192	-7931.793	-8183.095	251.3022	0.76678	0.4895372	0.484642	0.515358	7.257793
24198	-7941.049	-8190.856	249.8066	0.76678	0.5188517	0.459812	0.540188	8.032185
24204	-7934.59	-8184.667	250.0771	0.76678	0.5533984	0.422844	0.577156	7.858829
24210	-7934.125	-8186.013	251.8887	0.8015229	0.5382167	0.465268	0.534732	6.881061
24216	-7935.241	-8186.066	250.8248	0.8008449	0.6115727	0.447637	0.552363	7.394296
24222	-7941.644	-8192.556	250.9116	0.8080286	0.5484785	0.434712	0.565288	7.394296
24228	-7943.461	-8194.673	251.2117	0.7861166	0.4959668	0.470516	0.529484	7.290267
24234	-7951.952	-8199.705	247.7529	0.6689321	0.5528211	0.494998	0.505002	9.146145
24240	-7957.1	-8206.771	249.6703	0.7342012	0.4804533	0.4862	0.5138	8.156062
24246	-7952.284	-8202.477	250.1927	0.8248604	0.6556558	0.4862	0.5138	7.686907
24252	-7928.849	-8178.834	249.9849	0.8163377	0.5678621	0.4862	0.5138	7.869806
24258	-7932.338	-8182.463	250.1249	0.7490029	0.5964424	0.4862	0.5138	7.808323
24264	-7935.193	-8184.975	249.7817	0.7889462	0.6104328	0.473077	0.526923	7.95941
24270	-7946.272	-8196.666	250.3933	0.7538324	0.649063	0.490517	0.509483	7.622429
24276	-7935.707	-8186.732	251.0248	0.7683505	0.5980484	0.490517	0.509483	7.314914
24282	-7928.622	-8179.051	250.4289	0.7683505	0.5028593	0.490517	0.509483	7.713001
24288	-7942.881	-8192.713	249.832	0.7736758	0.5597597	0.434194	0.565806	7.980768
24294	-7953.99	-8205.621	251.6304	0.7835459	0.5291716	0.552602	0.447398	7.03754
24300	-7936.409	-8188.006	251.5971	0.8530497	0.5794326	0.552602	0.447398	6.976461
24306	-7943.938	-8194.8	250.8615	0.8353552	0.474003	0.437523	0.562477	7.471558
24312	-7934.935	-8185.3	250.3651	0.7670612	0.5028983	0.443903	0.556097	7.747802
24318	-7935.01	-8187.38	252.3702	0.7670612	0.539332	0.443862	0.556138	6.638731
24324	-7940.076	-8191.235	251.1586	0.7773638	0.5360766	0.549756	0.450244	7.28862
24330	-7950.157	-8201.387	251.2305	0.7416831	0.5655006	0.493849	0.506151	7.244763
24336	-7949.581	-8200.177	250.5956	0.8281284	0.5775299	0.493849	0.506151	7.529207
24342	-7946.912	-8197.01	250.0987	0.7537979	0.5147819	0.540024	0.459976	7.886813
24348	-7943.488	-8193.467	249.9782	0.8427626	0.519023	0.526317	0.473683	7.899981
24354	-7948.33	-8199.128	250.7979	0.8427626	0.4542151	0.526317	0.473683	7.52012
24360	-7948.402	-8198.539	250.1377	0.7819255	0.5189717	0.479276	0.520724	7.847363
24366	-7953.625	-8203.881	250.2557	0.6950828	0.4731388	0.479276	0.520724	7.871434
24372	-7952.33	-8202.231	249.9009	0.7507119	0.5788289	0.479133	0.520867	7.940914
24378	-7953.065	-8203.022	249.9573	0.7411732	0.5662564	0.458375	0.541625	7.925954
24384	-7947.58	-8197.052	249.4726	0.7783533	0.5662564	0.526564	0.473436	8.164579
24390	-7939.088	-8189.846	250.7581	0.8891708	0.5560179	0.469562	0.530438	7.426866
24396	-7936.861	-8187.647	250.7861	0.7942039	0.6009046	0.525856	0.474144	7.426866
24402	-7940.821	-8190.651	249.8302	0.7541821	0.549129	0.531483	0.468517	8.000841
24408	-7942.468	-8192.809	250.3408	0.7167351	0.549129	0.455448	0.544552	7.748217
24414	-7939.994	-8190.533	250.5389	0.7962045	0.5861571	0.551403	0.448597	7.569761
24420	-7942.287	-8192.376	250.0892	0.7962045	0.5865951	0.482232	0.517768	7.80993
24426	-7938.485	-8188.403	249.9183	0.7182872	0.5667449	0.44826	0.55174	7.958595
24432	-7938	-8189.991	251.9913	0.8536168	0.5794551	0.505493	0.494507	6.763566
24438	-7945.655	-8197.485	251.8307	0.8511928	0.6187133	0.505493	0.494507	6.820691
24444	-7945.482	-8196.221	250.7394	0.7490754	0.5758629	0.476582	0.523418	7.495846
24450	-7942.283	-8192.908	250.6253	0.8450042	0.5339797	0.506809	0.493191	7.540056
24456	-7964.756	-8215.724	250.9678	0.7872128	0.5339797	0.44389	0.55611	7.387488
24462	-7950.935	-8200.792	249.8563	0.8127001	0.4375325	0.44389	0.55611	8.055267
24468	-7957.11	-8205.819	248.7087	0.7701649	0.5714306	0.518234	0.481766	8.570999
24474	-7964.834	-8214.091	249.2566	0.8165228	0.5251641	0.518234	0.481766	8.293253
24480	-7951.255	-8203.037	251.7821	0.8509976	0.557993	0.504997	0.495003	6.895303
24486	-7961.704	-8213.407	251.7025	0.8615026	0.6044494	0.504997	0.495003	6.895303
24492	-7951.284	-8202.716	251.432	0.9249226	0.5073214	0.422189	0.577811	7.087222
24498	-7947.085	-8198.334	251.2493	0.8295906	0.5896881	0.420293	0.579707	7.168022
24504	-7942.193	-8192.071	249.8776	0.7291798	0.5115087	0.474812	0.525188	8.020716
24510	-7936.14	-8187.019	250.8795	0.7838608	0.5840823	0.482292	0.517708	7.395524
24516	-7930.356	-8180.988	250.6322	0.8582128	0.4607448	0.515729	0.484271	7.594404
24522	-7946.122	-8197.89	251.7679	0.8375371	0.4717835	0.508103	0.491897	6.98555
24528	-7957.102	-8208.086	250.984	0.7895022	0.5861187	0.508103	0.491897	7.334854
24534	-7934.471	-8185.667	251.1954	0.832157	0.5451108	0.508935	0.491065	7.231848
24540	-7933.151	-8184.507	251.3568	0.8085338	0.5417016	0.480525	0.519475	7.160684
24546	-7940.001	-8190.419	250.418	0.8149345	0.6041579	0.459515	0.540485	7.610388
24552	-7928.375	-8178.017	249.6422	0.7502704	0.6104896	0.459515	0.540485	8.05442
24558	-7935.047	-8185.801	250.7545	0.7462022	0.5284153	0.495895	0.504105	7.528502
24564	-7930.691	-8181.246	250.5547	0.7462022	0.6328586	0.451721	0.548279	7.552147
24570	-7933.543	-8185.846	252.3037	0.8561244	0.5436588	0.539511	0.460489	6.622862
24576	-7941.976	-8192.516	250.5396	0.7638492	0.5133594	0.539511	0.460489	7.647062
24582	-7945.218	-8195.757	250.5396	0.7638492	0.5133594	0.485153	0.514847	7.647062
24588	-7939.955	-8190.386	250.4307	0.7414679	0.5144025	0.485153	0.514847	7.716366
24594	-7938.419	-8188.674	250.2548	0.7358972	0.5674301	0.420896	0.579104	7.768998
24600	-7942.782	-8193.137	250.3551	0.694331	0.5294763	0.45385	0.54615	7.768998
24606	-7931.892	-8182.367	250.475	0.8237704	0.5726944	0.46105	0.53895	7.59997
24612	-7937.881	-8188.318	250.4373	0.7788699	0.5167011	0.46105	0.53895	7.690822
24618	-7953.021	-8203.226	250.2049	0.6970377	0.5664136	0.473516	0.526484	7.817217
24624	-7943.543	-8193.275	249.7318	0.7328029	0.5114376	0.473516	0.526484	8.096574
24630	-7932.515	-8182.039	249.5236	0.7854047	0.5758124	0.521968	0.478032	8.125973
24636	-7928.172	-8178.194	250.0227	0.7776856	0.6615815	0.529536	0.470464	7.798672
24642	-7941.769	-8192.574	250.8048	0.7640572	0.520888	0.485233	0.514767	7.498423
24648	-7946.468	-8196.541	250.0726	0.7050775	0.5674617	0.485233	0.514767	7.882744
24654	-7939.743	-8189.739	249.9966	0.7532438	0.5860715	0.477727	0.522273	7.882744
24660	-7935.323	-8186.803	251.4809	0.775873	0.6370245	0.477727	0.522273	7.03588
24666	-7931.547	-8181.528	249.9804	0.775873	0.6652028	0.477727	0.522273	7.819619
24672	-7941.408	-8192.964	251.556	0.8358534	0.6196895	0.477727	0.522273	6.976306
24678	-7928.918	-8179.968	251.0497	0.8146006	0.6187767	0.477727	0.522273	7.260695
24684	-7929.182	-8180.157	250.9748	0.8146006	0.5568212	0.477727	0.522273	7.349996
24690	-7931.624	-8182.578	250.9544	0.8146006	0.570211	0.5164	0.4836	7.349996
24696	-7939.507	-8191.23	251.7234	0.8055859	0.6226821	0.5164	0.4836	6.900102
24702	-7943.82	-8194.727	250.9074	0.8055859	0.5324301	0.399902	0.600098	7.411336
24708	-7948.644	-8199.786	251.1418	0.8843101	0.461162	0.478476	0.521524	7.306919
24714	-7933.377	-8185.042	251.6658	0.8093007	0.4633672	0.4654	0.5346	7.063563
24720	-7942.347	-8193.779	251.4324	0.8358265	0.5842266	0.4654	0.5346	7.070526
24726	-7950.327	-8202.042	251.7143	0.8322048	0.6011725	0.540354	0.459646	6.90727
24732	-7935.628	-8185.538	249.9103	0.7872585	0.4851018	0.540354	0.459646	7.995689
24738	-7933.848	-8183.789	249.9408	0.7872585	0.5877061	0.52687	0.47313	7.893074
24744	-7927.935	-8177.773	249.8386	0.7985367	0.5227683	0.450607	0.549393	7.994822
24750	-7918.481	-8168.505	250.0242	0.738939	0.5629034	0.452035	0.547965	7.894185
24756	-7931.706	-8182.137	250.4303	0.7516039	0.6726258	0.476974	0.523026	7.586693
24762	-7936.017	-8186.279	250.2621	0.7273704	0.5551679	0.446871	0.553129	7.779592
24768	-7950.46	-8200.705	250.2447	0.7375872	0.5598979	0.520837	0.479163	7.779592
24774	-7932.213	-8182.493	250.2801	0.7022137	0.5598979	0.520837	0.479163	7.779592
24780	-7924.414	-8174.39	249.9757	0.7852922	0.5018931	0.520837	0.479163	7.946852
24786	-7923.991	-8174.784	250.7933	0.7852922	0.6896156	0.438978	0.561022	7.362066
24792	-7941.199	-8194.121	252.9225	0.8885529	0.5273773	0.438978	0.561022	6.28382
24798	-7945.605	-8199.046	253.4412	0.927869	0.6373344	0.42638	0.57362	5.89069
24804	-7941.814	-8193.735	251.9213	0.9058648	0.6315274	0.42638	0.57362	6.73252
24810	-7935.64	-8188.624	252.9843	0.9184825	0.6315274	0.453953	0.546047	6.149407
24816	-7933.434	-8184.214	250.7792	0.7768121	0.573052	0.478201	0.521799	7.461917
24822	-7928.611	-8180.268	251.6569	0.7768121	0.6183036	0.419406	0.580594	6.954792
24828	-7932.912	-8184.336	251.4234	0.8054821	0.4782251	0.419406	0.580594	7.182183
24834	-7929.378	-8180.633	251.2552	0.8054821	0.5609182	0.511679	0.488321	7.200966
24840	-7936.568	-8187.879	251.3104	0.8054821	0.595199	0.457519	0.542481	7.143788
24846	-7938.537	-8189.495	250.9581	0.7710799	0.595199	0.511996	0.488004	7.351484
24852	-7934.999	-8185.638	250.6384	0.8073878	0.5629923	0.474824	0.525176	7.529114
24858	-7943.131	-8193.85	250.7189	0.8539328	0.4837628	0.474824	0.525176	7.529114
24864	-7945.311	-8196.005	250.6937	0.7693792	0.5517354	0.538813	0.461187	7.529114
24870	-7926.133	-8177.113	250.9801	0.8484654	0.5137448	0.415517	0.584483	7.365424
24876	-7931.54	-8180.719	249.1787	0.7860097	0.5398915	0.472971	0.527029	8.338547
24882	-7942.636	-8193.236	250.5997	0.7734231	0.5338607	0.480866	0.519134	7.592177
24888	-7945.136	-8195.537	250.4005	0.7561073	0.5664854	0.42938	0.57062	7.681034
24894	-7947.441	-8199.781	252.3394	0.866402	0.5673068	0.435791	0.564209	6.578322
24900	-7936.641	-8187.781	251.1402	0.7675314	0.5355591	0.492519	0.507481	7.304224
24906	-7943.722	-8195.267	251.5449	0.7763131	0.6574527	0.551298	0.448702	6.986045
24912	-7938.44	-8190.013	251.5729	0.812068	0.5394487	0.443073	0.556927	7.044413
24918	-7933.98	-8185.965	251.9856	0.8997365	0.5717774	0.443073	0.556927	6.747897
24924	-7941.256	-8193.087	251.8309	0.8778862	0.5171086	0.443073	0.556927	6.889157
24930	-7946.812	-8198.323	251.5113	0.8562624	0.5230587	0.413613	0.586387	7.067776
24936	-7944.438	-8196.533	252.095	0.8666097	0.6001694	0.484228	0.515772	6.684031
24942	-7945.029	-8195.451	250.4215	0.7557478	0.5747114	0.481413	0.518587	7.663394
24948	-7954.834	-8205.655	250.8209	0.8614477	0.4333467	0.480701	0.519299	7.517851
24954	-7956.81	-8208.294	251.4839	0.8555066	0.5308446	0.517511	0.482489	7.07624
24960	-7958.116	-8209.27	251.1541	0.8045431	0.5308446	0.517511	0.482489	7.280908
24966	-7941.415	-8191.583	250.1675	0.8465592	0.6606787	0.415749	0.584251	7.685148
24972	-7956.65	-8209.499	252.8492	0.8711844	0.4278646	0.396237	0.603763	6.42539
24978	-7940.954	-8193.441	252.487	0.8706245	0.5968059	0.532197	0.467803	6.472407
24984	-7936.435	-8185.787	249.3523	0.6954557	0.5677788	0.461586	0.538414	8.271515
24990	-7945.977	-8196.512	250.5356	0.7733935	0.581116	0.432114	0.567886	7.587736
24996	-7944.339	-8194.584	250.2448	0.7276322	0.6204299	0.417444	0.582556	7.737226
25002	-7943.376	-8193.16	249.7839	0.7408711	0.4595334	0.485352	0.514648	8.11122
25008	-7938.094	-8187.388	249.2934	0.7297244	0.6432252	0.486543	0.513457	8.226596
25014	-7936.746	-8187.662	250.9158	0.8132639	0.5475256	0.499617	0.500383	7.390034
25020	-7933.748	-8184.45	250.7019	0.7516793	0.5475256	0.473038	0.526962	7.537649
25026	-7948.372	-8199.692	251.3202	0.7047907	0.6116433	0.473038	0.526962	7.17987
25032	-7949.558	-8200.018	250.4597	0.8118648	0.6569424	0.473038	0.526962	7.550038
25038	-7933.959	-8185.22	251.2607	0.7986509	0.6174121	0.473038	0.526962	7.156945
25044	-7963.541	-8214.889	251.3474	0.8566136	0.5216686	0.473038	0.526962	7.156945
25050	-7944.076	-8195.09	251.0143	0.8566136	0.6117573	0.473038	0.526962	7.262543
25056	-7945.143	-8196.319	251.1764	0.8137912	0.565327	0.446147	0.553853	7.235238
25062	-7940.895	-8191.259	250.3636	0.7425731	0.6171377	0.527005	0.472995	7.668238
25068	-7929.963	-8181.07	251.1075	0.7580634	0.5308061	0.525218	0.474782	7.330855
25074	-7941.454	-8192.034	250.5801	0.7801379	0.5308061	0.450931	0.549069	7.601667
25080	-7939.874	-8190.241	250.3668	0.885995	0.4655735	0.514271	0.485729	7.717019
25086	-7937.24	-8188.38	251.1406	0.7310981	0.6679813	0.482742	0.517258	7.220185
25092	-7965.894	-8216.774	250.88	0.793511	0.6369956	0.428132	0.571868	7.349332
25098	-7967.826	-8219.37	251.544	0.793511	0.6250717	0.577627	0.422373	7.001444
25104	-7967.229	-8218.37	251.1409	0.788617	0.4244596	0.492686	0.507314	7.394184
25110	-7952.739	-8203.985	251.246	0.7857327	0.5903571	0.492686	0.507314	7.192832
25116	-7946.587	-8197.206	250.6187	0.7964186	0.6763927	0.501809	0.498191	7.459113
25122	-7948.375	-8199.588	251.2134	0.7947622	0.4819957	0.446004	0.553996	7.297281
25128	-7950.232	-8200.959	250.727	0.7738711	0.5206041	0.510011	0.489989	7.535078
25134	-7957.882	-8208.944	251.062	0.8207664	0.6040854	0.587544	0.412456	7.262108
25140	-7955.987	-8206.264	250.2774	0.8207664	0.5339925	0.561743	0.438257	7.73915
25146	-7942.414	-8193.176	250.7617	0.7685193	0.5700984	0.472946	0.527054	7.478097
25152	-7938.649	-8189.116	250.4671	0.7940613	0.6548402	0.488053	0.511947	7.557166
25158	-7930.48	-8181.076	250.596	0.75977	0.5664591	0.488053	0.511947	7.574512
25164	-7953.271	-8203.495	250.2238	0.7322936	0.5204369	0.442716	0.557284	7.826609
25170	-7948.538	-8198.508	249.97	0.7383215	0.506296	0.442716	0.557284	7.971114
25176	-7931.383	-8181.232	249.8487	0.7383215	0.584163	0.457297	0.542703	7.971114
25182	-7929.867	-8182.154	252.2868	0.8265071	0.584163	0.53723	0.46277	6.614731
25188	-7937.987	-8190.219	252.2312	0.8608003	0.6258187	0.53723	0.46277	6.593673
25194	-7937.7	-8189.438	251.7378	0.8733299	0.5472946	0.53723	0.46277	6.91604
25200	-7953.931	-8204.16	250.2289	0.7466064	0.5019165	0.444361	0.555639	7.832367
25206	-7946.47	-8195.84	249.3696	0.7539555	0.4959828	0.494638	0.505362	8.291708
25212	-7950.579	-8200.37	249.7909	0.8147198	0.506222	0.532742	0.467258	8.025945
25218	-7956.471	-8206.758	250.2872	0.8108866	0.506222	0.468246	0.531754	7.763078
25224	-7932.451	-8184.033	251.582	0.7498546	0.5677049	0.473011	0.526989	7.049617
25230	-7951.702	-8203.963	252.2609	0.8319241	0.500043	0.471797	0.528203	6.696921
25236	-7948.24	-8200.052	251.8121	0.7581211	0.5041308	0.42369	0.57631	6.975189
25242	-7950.475	-8202.14	251.6642	0.7455081	0.5072942	0.421299	0.578701	7.058811
25248	-7941.019	-8190.535	249.5164	0.760249	0.6691113	0.470843	0.529157	8.072739
25254	-7944.747	-8196.627	251.8808	0.7995475	0.5645766	0.585018	0.414982	6.864438
25260	-7943.023	-8193.759	250.7361	0.8152316	0.4917801	0.529349	0.470651	7.533413
25266	-7940.333	-8191.738	251.4047	0.8651915	0.5655023	0.515937	0.484063	7.084754
25272	-7947.373	-8198.207	250.8343	0.8267737	0.6499391	0.474509	0.525491	7.346398
25278	-7936.106	-8187.178	251.0718	0.8267737	0.48897	0.474509	0.525491	7.349781
25284	-7929.862	-8180.713	250.8509	0.8351719	0.6274277	0.474509	0.525491	7.349781
25290	-7938.384	-8187.878	249.4934	0.7375524	0.5838537	0.498658	0.501342	8.161195
25296	-7940.591	-8191.064	250.4726	0.7007709	0.5940345	0.409397	0.590603	7.650145
25302	-7938.068	-8188.736	250.6679	0.8071709	0.5205899	0.466979	0.533021	7.548942
25308	-7931.855	-8182.421	250.5661	0.7609757	0.6185239	0.435346	0.564654	7.548942
25314	-7925.521	-8176.913	251.3922	0.7609757	0.4789525	0.507028	0.492972	7.222191
25320	-7932.425	-8184.27	251.8454	0.8696167	0.5287066	0.507028	0.492972	6.875786
25326	-7940.232	-8191.049	250.8178	0.7921589	0.5748505	0.484618	0.515382	7.431543
25332	-7949.753	-8199.869	250.1151	0.8089477	0.4431561	0.491006	0.508994	7.913777
25338	-7968.997	-8219.07	250.0723	0.7926482	0.4769158	0.537107	0.462893	7.913777
25344	-7940.286	-8191.827	251.5405	0.7602842	0.5829653	0.493208	0.506792	7.053997
25350	-7944.408	-8193.146	248.738	0.7478549	0.5678872	0.493208	0.506792	8.570144
25356	-7959.339	-8208.993	249.6544	0.7991861	0.5523356	0.492589	0.507411	8.067941
25362	-7940.933	-8191.577	250.644	0.8795008	0.5204709	0.485598	0.514402	7.523082
25368	-7942.008	-8193.515	251.5061	0.8247147	0.4658687	0.485598	0.514402	7.138819
25374	-7928.399	-8178.547	250.1473	0.7502793	0.5050372	0.485598	0.514402	7.871215
25380	-7938.473	-8190.744	252.2711	0.9567765	0.4929257	0.455862	0.544138	6.630332
25386	-7943.333	-8193.174	249.8405	0.8073412	0.5504121	0.531144	0.468856	7.965921
25392	-7948.163	-8199.076	250.9136	0.8199701	0.5619721	0.458803	0.541197	7.375707
25398	-7939.89	-8190.326	250.4354	0.7654158	0.601674	0.484355	0.515645	7.629475
25404	-7931.018	-8181.428	250.41	0.7471954	0.5088885	0.536395	0.463605	7.729171
25410	-7934.311	-8184.299	249.9877	0.7471954	0.5288986	0.54041	0.45959	7.937495
25416	-7923.904	-8174.489	250.5852	0.7727857	0.4858387	0.450612	0.549388	7.642206
25422	-7923.393	-8175.571	252.1778	0.8620731	0.5415176	0.493878	0.506122	6.689488
25428	-7932.265	-8185.22	252.9557	0.8620731	0.6002603	0.530404	0.469596	6.219927
25434	-7944.162	-8196.56	252.3975	0.8620731	0.6118933	0.45973	0.54027	6.513675
25440	-7936.09	-8187.477	251.3871	0.8319413	0.4716887	0.438011	0.561989	7.193521
25446	-7944.127	-8196.354	252.2272	0.912449	0.4779943	0.529156	0.470844	6.691657
25452	-7945.503	-8197.696	252.1931	0.8940563	0.5861899	0.520805	0.479195	6.627256
25458	-7933.621	-8184.967	251.3454	0.864896	0.5904172	0.496842	0.503158	7.096809
25464	-7943.765	-8193.362	249.597	0.7659493	0.4429838	0.46923	0.53077	8.213067
25470	-7928.887	-8179.639	250.7519	0.7897735	0.5503511	0.46923	0.53077	7.488152
25476	-7946.815	-8195.948	249.1324	0.789912	0.5987651	0.453656	0.546344	8.313826
25482	-7953.552	-8203.987	250.4352	0.8093153	0.4717951	0.45186	0.54814	7.715728
25488	-7936.733	-8188.429	251.6951	0.8181869	0.4717951	0.474939	0.525061	7.035152
25494	-7931.6	-8182.533	250.9329	0.8214507	0.4796687	0.531619	0.468381	7.435548
25500	-7936.574	-8186.897	250.3231	0.7798047	0.4796687	0.546851	0.453149	7.784174
25506	-7945.481	-8195.689	250.2088	0.7872937	0.5453961	0.550047	0.449953	7.784174
25512	-7944.462	-8196.164	251.7015	0.8228274	0.6051965	0.424157	0.575843	6.916079
25518	-7941.986	-8190.954	248.9681	0.71591	0.5145431	0.448242	0.551758	8.509196
25524	-7941.81	-8191.128	249.3178	0.7521765	0.4857983	0.55493	0.44507	8.329295
25530	-7945.83	-8197.714	251.8841	0.8309629	0.5132681	0.481895	0.518105	6.889143
25536	-7943.998	-8195.935	251.9373	0.7940081	0.5033236	0.449634	0.550366	6.889143
25542	-7959.517	-8211.501	251.9835	0.8270181	0.4567414	0.488047	0.511953	6.889143
25548	-7932.799	-8184.669	251.8705	0.8683634	0.4987491	0.488047	0.511953	6.889143
25554	-7930.661	-8181.8	251.1394	0.8073291	0.4987491	0.51307	0.48693	7.315211
25560	-7938.814	-8189.155	250.3411	0.7625279	0.6578029	0.497254	0.502746	7.639318
25566	-7949.041	-8199.234	250.1929	0.8145633	0.6329754	0.438701	0.561299	7.709074
25572	-7945.74	-8197.262	251.5215	0.8437363	0.5157675	0.438701	0.561299	7.075357
25578	-7941.655	-8192.041	250.3857	0.8438323	0.5678325	0.411912	0.588088	7.640918
25584	-7956.02	-8205.937	249.9173	0.8295589	0.5006436	0.496838	0.503162	7.955525
25590	-7940.932	-8192.284	251.3523	0.7550796	0.489532	0.500858	0.499142	7.237193
25596	-7942.517	-8192.474	249.957	0.8283383	0.5355326	0.477303	0.522697	7.904975
25602	-7955.899	-8205.674	249.774	0.7576287	0.5335426	0.515705	0.484295	8.041943
25608	-7944.899	-8194.736	249.8375	0.8150789	0.516027	0.544607	0.455393	7.992408
25614	-7933.354	-8185.614	252.2592	0.8876262	0.4990101	0.544607	0.455393	6.668683
25620	-7927.304	-8179.552	252.248	0.8884265	0.5387416	0.488306	0.511694	6.639665
25626	-7936.808	-8189.703	252.895	0.8271681	0.6444388	0.488306	0.511694	6.237832
25632	-7930.097	-8182.452	252.3551	0.8333475	0.5810102	0.501304	0.498696	6.576584
25638	-7935.128	-8187.098	251.9705	0.8067282	0.6394184	0.512039	0.487961	6.753515
25644	-7933.473	-8183.975	250.5021	0.7934184	0.5188038	0.441026	0.558974	7.646594
25650	-7925.983	-8176.942	250.9589	0.7734775	0.5211445	0.448029	0.551971	7.410564
25656	-7932.659	-8184.719	252.0604	0.8303295	0.5532311	0.450344	0.549656	6.760231
25662	-7931.158	-8180.944	249.7866	0.7408468	0.5260154	0.517886	0.482114	8.050574
25668	-7931.438	-8180.185	248.747	0.6440772	0.5075647	0.457736	0.542264	8.670772
25674	-7927.812	-8177.445	249.6328	0.7522292	0.4879949	0.547853	0.452147	8.159624
25680	-7936.973	-8187.701	250.7278	0.7828523	0.5863585	0.476739	0.523261	7.475613
25686	-7936.043	-8186.844	250.8009	0.8286205	0.5097492	0.433743	0.566257	7.475613
25692	-7939.919	-8190.129	250.2093	0.7824813	0.6157584	0.503761	0.496239	7.730428
25698	-7943.637	-8194.586	250.9485	0.8242405	0.5446333	0.499747	0.500253	7.369008
25704	-7945.773	-8196.796	251.0228	0.8576628	0.5053834	0.485619	0.514381	7.344908
25710	-7946.568	-8197.443	250.8753	0.8576628	0.6009859	0.496737	0.503263	7.344908
25716	-7950.109	-8201.689	251.5796	0.8816646	0.4987715	0.517187	0.482813	7.038613
25722	-7934.187	-8186.527	252.3395	0.8504246	0.5262459	0.523754	0.476246	6.621454
25728	-7924.361	-8177.338	252.9773	0.9629174	0.5130869	0.526072	0.473928	6.226103
25734	-7939.605	-8192.817	253.2123	0.9070984	0.5590733	0.488672	0.511328	6.089189
25740	-7941.385	-8194.364	252.979	0.9589334	0.5835697	0.498341	0.501659	6.167883
25746	-7939.765	-8191.364	251.5993	0.9380435	0.5189091	0.498341	0.501659	6.979988
25752	-7942.439	-8192.906	250.4676	0.9225494	0.5189091	0.517207	0.482793	7.595823
25758	-7945.825	-8196.773	250.9478	0.8416127	0.5569054	0.517207	0.482793	7.349892
25764	-7940.584	-8192.159	251.5745	0.8585055	0.5883054	0.506225	0.493775	6.978598
25770	-7942.529	-8193.364	250.8344	0.854517	0.5169008	0.490543	0.509457	7.43754
25776	-7945.652	-8196.543	250.8911	0.8266355	0.4992757	0.490543	0.509457	7.43754
25782	-7939.369	-8188.564	249.1953	0.7196806	0.583169	0.489331	0.510669	8.329899
25788	-7941.153	-8191.126	249.9724	0.807257	0.5190126	0.501422	0.498578	7.922031
25794	-7931.582	-8181.552	249.97	0.8438234	0.4789862	0.50171	0.49829	7.939169
25800	-7935.945	-8186.836	250.891	0.8319639	0.5708476	0.469936	0.530064	7.374201
25806	-7936.295	-8187.599	251.304	0.8782218	0.5708476	0.508846	0.491154	7.127545
25812	-7930.159	-8181.327	251.1674	0.8782218	0.4888789	0.508846	0.491154	7.270956
25818	-7938.954	-8189.846	250.8916	0.8494863	0.4888789	0.466596	0.533404	7.434316
25824	-7941.007	-8193.044	252.0374	0.8494863	0.5915512	0.509862	0.490138	6.731191
25830	-7927.324	-8179.499	252.1758	0.8863536	0.4805036	0.49714	0.50286	6.731191
25836	-7941.859	-8193.649	251.7903	0.8449819	0.5854584	0.405421	0.594579	6.871857
25842	-7934.275	-8185.934	251.659	0.8760935	0.5424543	0.496452	0.503548	6.961045
25848	-7925.171	-8177.409	252.2379	0.8757135	0.497749	0.483474	0.516526	6.687736
25854	-7936.761	-8188.827	252.0657	0.9242902	0.497749	0.463467	0.536533	6.754516
25860	-7944.628	-8194.806	250.1783	0.6778462	0.4805851	0.461271	0.538729	7.91514
25866	-7945.911	-8195.132	249.221	0.7614938	0.4549106	0.443632	0.556368	8.404173
25872	-7934.417	-8186.703	252.2858	0.8876356	0.4721905	0.53555	0.46445	6.678737
25878	-7943.391	-8195.917	252.5259	0.8812158	0.4789879	0.394769	0.605231	6.546035
25884	-7950.261	-8202.887	252.6261	0.8960255	0.5812346	0.509852	0.490148	6.39563
25890	-7949.576	-8201.172	251.5963	0.8542066	0.475135	0.480685	0.519315	7.065836
25896	-7949.277	-8200.54	251.2628	0.8542066	0.4706329	0.497191	0.502809	7.249262
25902	-7940.355	-8190.545	250.1905	0.7713721	0.5554504	0.547268	0.452732	7.794156
25908	-7925.985	-8178.47	252.4842	0.9519772	0.5893182	0.462843	0.537157	6.435777
25914	-7927.384	-8179.025	251.6413	0.765213	0.6108882	0.424968	0.575032	6.975169
25920	-7924.832	-8175.541	250.709	0.7652479	0.5316055	0.474524	0.525476	7.539976
25926	-7937.326	-8187.715	250.3896	0.907529	0.4936866	0.488123	0.511877	7.667752
25932	-7927.553	-8178.038	250.4844	0.8159818	0.6167088	0.498789	0.501211	7.564612
25938	-7926.622	-8177.225	250.6034	0.8159818	0.6105321	0.480846	0.519154	7.505624
25944	-7935.627	-8186.557	250.9293	0.8159818	0.5149177	0.480206	0.519794	7.409051
25950	-7941.37	-8192.91	251.5401	0.8359896	0.5755303	0.50345	0.49655	7.019458
25956	-7942.295	-8192.452	250.1561	0.7669215	0.5755303	0.549382	0.450618	7.798601
25962	-7929.104	-8180.648	251.5446	0.8154809	0.5838265	0.412949	0.587051	7.021426
25968	-7925.893	-8176.163	250.2698	0.8014079	0.5254177	0.448644	0.551356	7.760824
25974	-7932.676	-8184.082	251.4066	0.855871	0.7017562	0.437453	0.562547	6.985968
25980	-7928.039	-8179.292	251.2526	0.8627384	0.515961	0.54942	0.45058	7.209517
25986	-7931.272	-8181.921	250.6487	0.7954925	0.4233434	0.497934	0.502066	7.655208
25992	-7940.805	-8191.545	250.7404	0.7954925	0.4899662	0.427226	0.572774	7.543306
25998	-7939.026	-8189.362	250.3358	0.7031762	0.6056832	0.515254	0.484746	7.712925
26004	-7926.19	-8176.289	250.0994	0.7969185	0.4784701	0.49929	0.50071	7.895602
26010	-7939.127	-8188.885	249.7588	0.7969185	0.5518511	0.440407	0.559593	8.013891
26016	-7944.056	-8195.512	251.4557	0.7913062	0.5518511	0.53075	0.46925	7.108287
26022	-7939.641	-8191.175	251.5336	0.7913062	0.6200591	0.446617	0.553383	7.012055
26028	-7945.545	-8196.551	251.0064	0.733749	0.5614588	0.472751	0.527249	7.37259
26034	-7931.983	-8181.712	249.7291	0.7194665	0.5475306	0.49724	0.50276	8.074553
26040	-7948.997	-8197.322	248.325	0.7424856	0.5475306	0.50227	0.49773	8.808638
26046	-7947.986	-8197.216	249.2303	0.7238376	0.5687475	0.494974	0.505026	8.320541
26052	-7945.268	-8197.785	252.517	0.9085398	0.4533956	0.45516	0.54484	6.560147
26058	-7940.639	-8190.94	250.3013	0.7483348	0.4547004	0.463647	0.536353	7.835779
26064	-7946.614	-8196.677	250.0632	0.7591961	0.4547004	0.4713	0.5287	7.957078
26070	-7929.798	-8179.891	250.0931	0.8382943	0.5709749	0.467117	0.532883	7.797794
26076	-7939.403	-8188.961	249.558	0.7261461	0.5567784	0.467117	0.532883	8.154607
26082	-7956.791	-8208.575	251.7848	0.8511229	0.5732327	0.521756	0.478244	6.881349
26088	-7943.104	-8194.858	251.7538	0.8239065	0.61289	0.484854	0.515146	6.881349
26094	-7936.724	-8186.693	249.9692	0.779524	0.5126968	0.484854	0.515146	7.943999
26100	-7946.544	-8197.98	251.4359	0.8241241	0.5032367	0.496831	0.503169	7.142943
26106	-7947.209	-8197.994	250.7853	0.8241241	0.4731204	0.496831	0.503169	7.519207
26112	-7946.809	-8197.221	250.4116	0.705324	0.5951456	0.448127	0.551873	7.679444
26118	-7945.396	-8195.142	249.7464	0.7346905	0.5746918	0.448127	0.551873	8.035137
26124	-7929.384	-8180.586	251.2023	0.8070395	0.5242368	0.550211	0.449789	7.259331
26130	-7953.927	-8205.819	251.8921	0.8370084	0.6137013	0.541043	0.458957	6.799049
26136	-7927.137	-8178.456	251.3183	0.8370084	0.551823	0.430727	0.569273	7.157624
26142	-7928.31	-8179.598	251.2887	0.8370084	0.5854144	0.546143	0.453857	7.146214
26148	-7934.809	-8185.427	250.6179	0.8370084	0.6363115	0.46453	0.53547	7.467069
26154	-7923.819	-8175.513	251.6941	0.8429091	0.6587809	0.46453	0.53547	6.868803
26160	-7923.385	-8175.799	252.4134	0.8473537	0.5469346	0.474162	0.525838	6.565501
26166	-7940.607	-8192.746	252.1394	0.8111376	0.5765893	0.478218	0.521782	6.708809
26172	-7929.451	-8180.296	250.8448	0.7748214	0.5146275	0.458369	0.541631	7.476656
26178	-7925.588	-8177.645	252.057	0.8846392	0.538475	0.481706	0.518294	6.745165
26184	-7928.343	-8179.46	251.117	0.7795548	0.5000473	0.506334	0.493666	7.340965
26190	-7933.76	-8185.287	251.5269	0.8459879	0.5883135	0.498363	0.501637	7.010959
26196	-7943.672	-8194.935	251.2636	0.780649	0.5934653	0.399112	0.600888	7.183648
26202	-7947.516	-8198.308	250.7919	0.780649	0.5666278	0.521843	0.478157	7.458242
26208	-7942.056	-8192.863	250.8073	0.8401993	0.5186334	0.512674	0.487326	7.458242
26214	-7951.014	-8202.822	251.8085	0.9524183	0.4730688	0.512674	0.487326	6.900594
26220	-7945.57	-8198.447	252.8775	0.83343	0.5606125	0.433108	0.566892	6.310042
26226	-7954.206	-8207.014	252.8075	0.8587006	0.5648724	0.514438	0.485562	6.330823
26232	-7941.92	-8194.05	252.1307	0.8587006	0.4230113	0.460426	0.539574	6.825555
26238	-7940.645	-8192.11	251.4647	0.8293235	0.5192529	0.505634	0.494366	7.110612
26244	-7937.485	-8188.771	251.2861	0.8293235	0.5715195	0.49873	0.50127	7.162901
26250	-7934.842	-8187.771	252.9292	0.889404	0.5110284	0.509998	0.490002	6.294021
26256	-7940.796	-8191.824	251.0284	0.8147871	0.5990648	0.509998	0.490002	7.287252
26262	-7938.143	-8189.254	251.1115	0.7720338	0.5568825	0.509998	0.490002	7.299425
26268	-7941.151	-8191.421	250.2696	0.765463	0.5755156	0.412348	0.587652	7.738766
26274	-7932.856	-8182.431	249.5753	0.6936124	0.5806839	0.51607	0.48393	8.143453
26280	-7950.933	-8201.662	250.7284	0.8190041	0.593064	0.452141	0.547859	7.450593
26286	-7944.669	-8194.834	250.1654	0.8190041	0.5783057	0.504822	0.495178	7.763601
26292	-7948.669	-8199.114	250.4452	0.8754051	0.5462716	0.46186	0.53814	7.609896
26298	-7951.99	-8202.909	250.9195	0.7857282	0.5770075	0.46186	0.53814	7.378727
26304	-7944.25	-8195.278	251.0275	0.8728983	0.5770075	0.46186	0.53814	7.274016
26310	-7935.969	-8187.075	251.1058	0.9001208	0.4556939	0.453328	0.546672	7.322915
26316	-7936.485	-8186.547	250.062	0.7864715	0.5192431	0.453328	0.546672	7.885082
26322	-7939.948	-8190.007	250.059	0.8052399	0.5095465	0.431851	0.568149	7.885082
26328	-7930.832	-8181.727	250.8948	0.7997849	0.5914615	0.534903	0.465097	7.372936
26334	-7933.604	-8185.106	251.502	0.8684289	0.5066177	0.547968	0.452032	7.08055
26340	-7919.4	-8170.7	251.3003	0.7920846	0.5524351	0.547968	0.452032	7.190912
26346	-7927.552	-8179.047	251.4959	0.8121877	0.5791437	0.449797	0.550203	7.053147
26352	-7937.944	-8190.395	252.4507	0.8388796	0.6107344	0.479945	0.520055	6.498327
26358	-7938.552	-8190.699	252.1467	0.8388796	0.6107344	0.539838	0.460162	6.662827
26364	-7937.03	-8188.645	251.6151	0.8388796	0.5799146	0.483394	0.516606	6.973972
26370	-7934.473	-8184.887	250.4132	0.8164486	0.5222574	0.483394	0.516606	7.67886
26376	-7926.217	-8178.351	252.1338	0.8098126	0.6114678	0.483394	0.516606	6.684972
26382	-7930.925	-8182.672	251.7472	0.8252426	0.6049928	0.512534	0.487466	6.890325
26388	-7945.512	-8196.953	251.4411	0.8877423	0.6316687	0.4895	0.5105	7.001097
26394	-7946.55	-8198.788	252.2377	0.963875	0.4492894	0.525928	0.474072	6.68518
26400	-7939.761	-8190.746	250.9848	0.8988522	0.5606662	0.523065	0.476935	7.296262
26406	-7931.304	-8182.859	251.5545	0.8097886	0.6157692	0.443359	0.556641	6.994152
26412	-7932.734	-8182.678	249.9439	0.7894069	0.5718703	0.482542	0.517458	7.902886
26418	-7949.283	-8201.452	252.1694	0.7894069	0.5718703	0.46991	0.53009	6.708163
26424	-7947.885	-8198.147	250.2628	0.7661356	0.5834631	0.404997	0.595003	7.735721
26430	-7942.494	-8193.199	250.7054	0.762827	0.5609501	0.468908	0.531092	7.518756
26436	-7936.454	-8187.04	250.5856	0.7662418	0.6085972	0.468908	0.531092	7.543288
26442	-7941.31	-8192.732	251.4218	0.7662418	0.5470747	0.46371	0.53629	7.14397
26448	-7933.254	-8185.173	251.919	0.8108991	0.5729737	0.462831	0.537169	6.830844
26454	-7938.472	-8190.383	251.9112	0.8916313	0.5258608	0.451861	0.548139	6.830844
26460	-7945.397	-8197.794	252.3964	0.8542845	0.5241124	0.451861	0.548139	6.590431
26466	-7945.105	-8197.143	252.0385	0.7848021	0.6488004	0.468155	0.531845	6.721659
26472	-7945.594	-8196.718	251.1237	0.7964688	0.605216	0.481965	0.518035	7.241138
26478	-7936.492	-8187.382	250.8895	0.7964688	0.6161519	0.51887	0.48113	7.358422
26484	-7939.704	-8191.674	251.9699	0.7977247	0.5169278	0.496818	0.503182	6.857586
26490	-7939.647	-8192.269	252.6224	0.8732943	0.5768834	0.405213	0.594787	6.413523
26496	-7928.697	-8180.343	251.6457	0.7826928	0.6591699	0.505873	0.494127	6.927049
26502	-7940.107	-8190.624	250.5171	0.7856843	0.6184939	0.505873	0.494127	7.562006
26508	-7934.018	-8185.016	250.9983	0.7856843	0.651573	0.477636	0.522364	7.279232
26514	-7934.377	-8185.215	250.8382	0.8009129	0.6326371	0.528455	0.471545	7.371028
26520	-7939.297	-8190.251	250.9546	0.7837942	0.564563	0.523409	0.476591	7.371028
26526	-7940.463	-8190.879	250.4154	0.7837942	0.5550018	0.486795	0.513205	7.667617
26532	-7938.248	-8189.378	251.1307	0.8146003	0.5351466	0.487409	0.512591	7.284406
26538	-7941.128	-8192.397	251.2699	0.8146003	0.5248914	0.455068	0.544932	7.218384
26544	-7934.556	-8186.1	251.5449	0.8146003	0.5200904	0.499323	0.500677	7.074686
26550	-7931.357	-8182.118	250.7611	0.8231511	0.5240961	0.495398	0.504602	7.487421
26556	-7943.734	-8193.889	250.155	0.8208858	0.5783419	0.476441	0.523559	7.768131
26562	-7935.019	-8186.819	251.7996	0.8747309	0.4504275	0.495299	0.504701	6.968556
26568	-7941.843	-8192.921	251.0774	0.8197933	0.4874451	0.52585	0.47415	7.351906
26574	-7940.189	-8191.312	251.1237	0.7388086	0.4698164	0.518437	0.481563	7.386641
26580	-7950.285	-8200.743	250.4579	0.797928	0.5037641	0.429685	0.570315	7.680898
26586	-7941.543	-8192.423	250.8793	0.7992216	0.5090862	0.486664	0.513336	7.449908
26592	-7946.378	-8196.571	250.1932	0.8177395	0.4227748	0.486664	0.513336	7.88732
26598	-7944.888	-8195.26	250.3721	0.8573489	0.5638051	0.454348	0.545652	7.644236
26604	-7941.421	-8191.981	250.5603	0.7573256	0.5078486	0.454348	0.545652	7.644236
26610	-7937.713	-8187.599	249.8866	0.7332765	0.5675347	0.454348	0.545652	7.966877
26616	-7944.038	-8195.244	251.2055	0.9167361	0.5675347	0.455647	0.544353	7.162499
26622	-7921.951	-8173.436	251.4848	0.8581057	0.5332492	0.455647	0.544353	7.07234
26628	-7937.375	-8189.357	251.9822	0.8581057	0.6431499	0.464427	0.535573	6.716658
26634	-7941.076	-8190.937	249.8605	0.7486434	0.5423186	0.49538	0.50462	7.993295
26640	-7940.537	-8190.569	250.0327	0.7486434	0.5522745	0.450277	0.549723	7.893131
26646	-7945.811	-8195.51	249.6991	0.7265082	0.5522745	0.462264	0.537736	8.082919
26652	-7939.144	-8187.575	248.431	0.741148	0.559377	0.471044	0.528956	8.743435
26658	-7941.255	-8191.349	250.0937	0.6456108	0.5297999	0.466724	0.533276	7.934361
26664	-7941.701	-8191.034	249.333	0.7577931	0.5608278	0.526022	0.473978	8.254237
26670	-7950.613	-8201.615	251.0018	0.7871805	0.5182076	0.46473	0.53527	7.382756
26676	-7949.966	-8200.659	250.6938	0.8499088	0.5381983	0.447051	0.552949	7.497199
26682	-7946.494	-8197.152	250.6571	0.8608171	0.5807773	0.499566	0.500434	7.476163
26688	-7936.952	-8188.095	251.1428	0.7946703	0.4740696	0.496748	0.503252	7.342478
26694	-7940.42	-8191.566	251.1465	0.7991001	0.439218	0.489646	0.510354	7.371077
26700	-7934.993	-8185.641	250.6478	0.7958569	0.4544799	0.489646	0.510354	7.625364
26706	-7961.353	-8213.046	251.6931	0.8690376	0.5683543	0.402804	0.597196	6.925076
26712	-7943.391	-8195.187	251.7963	0.9173836	0.515988	0.48634	0.51366	6.887474
26718	-7936.698	-8189.197	252.499	0.8437147	0.5467917	0.443028	0.556972	6.521235
26724	-7943.943	-8194.94	250.9973	0.8636861	0.511659	0.45263	0.54737	7.349818
26730	-7928.759	-8179.71	250.9514	0.7981263	0.5504445	0.428339	0.571661	7.376623
26736	-7929.842	-8181.429	251.5866	0.803484	0.6512154	0.504985	0.495015	6.953553
26742	-7928.329	-8178.851	250.521	0.6504125	0.5738969	0.424867	0.575133	7.667135
26748	-7914.239	-8164.027	249.7877	0.7333014	0.5318287	0.56478	0.43522	8.049095
26754	-7918.972	-8169.042	250.07	0.7169128	0.566308	0.434725	0.565275	7.878743
26760	-7924.143	-8174.292	250.1497	0.7649804	0.6331056	0.434725	0.565275	7.758581
26766	-7922.141	-8172.466	250.3246	0.752964	0.4870015	0.501405	0.498595	7.791085
26772	-7933.946	-8185.213	251.2671	0.7750884	0.5635927	0.467082	0.532918	7.208688
26778	-7931.048	-8182.408	251.36	0.7750884	0.5048337	0.467082	0.532918	7.208688
26784	-7924.648	-8175.646	250.9983	0.7600768	0.5521348	0.499124	0.500876	7.370484
26790	-7926.487	-8176.159	249.6724	0.762633	0.6066222	0.447248	0.552752	8.034667
26796	-7925.962	-8178.016	252.0532	0.8096097	0.5121946	0.450983	0.549017	6.81037
26802	-7930.17	-8180.455	250.285	0.8290992	0.5891553	0.48954	0.51046	7.685659
26808	-7947.495	-8198.47	250.9754	0.7858242	0.5087085	0.48954	0.51046	7.405911
26814	-7938.109	-8189.292	251.1833	0.8156102	0.5219531	0.47102	0.52898	7.266886
26820	-7942.446	-8193.496	251.0503	0.8372049	0.5947039	0.518204	0.481796	7.266886
26826	-7941.724	-8192.84	251.1154	0.7494089	0.4867998	0.518204	0.481796	7.369857
26832	-7944.642	-8197.059	252.4167	0.8785007	0.4992146	0.413214	0.586786	6.588222
26838	-7938.176	-8190.504	252.3275	0.8816255	0.5141027	0.42588	0.57412	6.621601
26844	-7926.762	-8177.668	250.9061	0.8268708	0.5970544	0.497994	0.502006	7.347978
26850	-7938.638	-8189.18	250.5425	0.752279	0.5766889	0.472805	0.527195	7.59889
26856	-7923.767	-8173.948	250.1816	0.6661855	0.563143	0.448577	0.551423	7.848818
26862	-7939.225	-8190.442	251.2169	0.7797862	0.563143	0.448577	0.551423	7.233528
26868	-7925.874	-8176.653	250.7796	0.7779959	0.5401625	0.448577	0.551423	7.488071
26874	-7930.841	-8180.912	250.0711	0.7779959	0.4612736	0.468215	0.531785	7.936666
26880	-7924.859	-8176.349	251.49	0.8352591	0.5877076	0.445901	0.554099	7.037073
26886	-7932.299	-8183.468	251.169	0.7734955	0.6622322	0.478962	0.521038	7.186279
26892	-7931.441	-8181.791	250.35	0.7924326	0.5594084	0.470857	0.529143	7.694365
26898	-7920.466	-8170.195	249.7298	0.7646919	0.5556009	0.482358	0.517642	8.043473
26904	-7933.181	-8183.931	250.7506	0.8368579	0.4583649	0.47019	0.52981	7.5447
26910	-7950.11	-8201.422	251.3123	0.8898641	0.5442828	0.47019	0.52981	7.138706
26916	-7943.089	-8195.164	252.0749	0.8363678	0.5430493	0.494542	0.505458	6.757692
26922	-7948.442	-8199.609	251.1668	0.8247095	0.6082257	0.486167	0.513833	7.200494
26928	-7957.987	-8209.062	251.075	0.8241965	0.5790934	0.496328	0.503672	7.272959
26934	-7963.428	-8211.899	248.471	0.7354607	0.6671597	0.493834	0.506166	8.643295
26940	-7967.694	-8219.405	251.7107	0.7593477	0.5828461	0.438675	0.561325	6.963011
26946	-7965.676	-8217.03	251.3536	0.8631909	0.5337259	0.532644	0.467356	7.139723
26952	-7955.649	-8207.253	251.6046	0.8631909	0.5633491	0.532644	0.467356	6.979966
26958	-7940.266	-8190.3	250.0344	0.8631909	0.5627472	0.516468	0.483532	7.822533
26964	-7939.348	-8189.972	250.6247	0.819365	0.5627472	0.516468	0.483532	7.530217
26970	-7951.424	-8200.993	249.5696	0.7881531	0.5228526	0.502642	0.497358	8.143718
26976	-7950.824	-8200.914	250.0897	0.761676	0.5521924	0.5049	0.4951	7.855823
26982	-7952.835	-8203.347	250.5129	0.8062013	0.5926251	0.504818	0.495182	7.573243
26988	-7943.67	-8194.184	250.5143	0.7999082	0.4827631	0.526569	0.473431	7.668406
26994	-7937.411	-8189	251.589	0.7311245	0.5494001	0.45934	0.54066	7.070981
27000	-7945.433	-8196.752	251.3191	0.7311245	0.5494001	0.45934	0.54066	7.216083
27006	-7941.861	-8193.327	251.4662	0.8004184	0.4897412	0.46201	0.53799	7.151451
27012	-7940.895	-8190.874	249.9787	0.7158313	0.5219547	0.46201	0.53799	7.964907
27018	-7939.011	-8189.586	250.5748	0.7745041	0.5219547	0.449529	0.550471	7.615089
27024	-7944.36	-8195.025	250.665	0.7845105	0.4932492	0.462516	0.537484	7.586578
27030	-7937.213	-8188.568	251.355	0.8473207	0.5686438	0.510913	0.489087	7.118513
27036	-7936.592	-8189.513	252.9213	0.861434	0.5163402	0.437428	0.562572	6.308792
27042	-7932.145	-8183.958	251.8128	0.8666606	0.5163402	0.504317	0.495683	6.905623
27048	-7940.844	-8191.08	250.2362	0.7894101	0.52124	0.449426	0.550574	7.788787
27054	-7943.294	-8194.226	250.9316	0.7989067	0.5434786	0.477513	0.522487	7.392621
27060	-7937.394	-8187.066	249.6715	0.7192222	0.5343986	0.477513	0.522487	8.116325
27066	-7935.697	-8187.477	251.78	0.8072187	0.4944241	0.446116	0.553884	6.97469
27072	-7940.847	-8191.135	250.2875	0.806977	0.6323452	0.487423	0.512577	7.662976
27078	-7941.64	-8192.526	250.8862	0.8074498	0.5258619	0.48379	0.51621	7.42732
27084	-7944.123	-8194.811	250.688	0.8007028	0.5101343	0.469713	0.530287	7.550677
27090	-7950.225	-8201.303	251.0774	0.7974743	0.5991654	0.503354	0.496646	7.270141
27096	-7936.852	-8188.251	251.3992	0.8013994	0.5991654	0.503354	0.496646	7.095103
27102	-7930.429	-8182.895	252.4655	0.8477313	0.538961	0.460073	0.539927	6.543848
27108	-7939.652	-8190.09	250.4374	0.8764329	0.4988486	0.521599	0.478401	7.654221
27114	-7927.633	-8179.755	252.1213	0.8764329	0.5552122	0.480279	0.519721	6.700831
27120	-7927.743	-8179.644	251.9009	0.8439357	0.5978495	0.480279	0.519721	6.802923
27126	-7921.081	-8173.396	252.3154	0.8754063	0.6082387	0.508303	0.491697	6.553736
27132	-7920.762	-8173.222	252.4597	0.8974609	0.4810728	0.515775	0.484225	6.571156
27138	-7934.632	-8186.508	251.8756	0.7801383	0.4973026	0.536065	0.463935	6.935196
27144	-7935.957	-8185.501	249.5437	0.6786012	0.5319989	0.536065	0.463935	8.208098
27150	-7936.619	-8187.014	250.3949	0.6541671	0.6410228	0.536065	0.463935	7.680804
27156	-7954.564	-8204.966	250.4026	0.6541671	0.5272167	0.496987	0.503013	7.767048
27162	-7937.365	-8187.816	250.4505	0.7126646	0.5178829	0.497672	0.502328	7.718157
27168	-7938.745	-8188.397	249.6522	0.7156779	0.5846231	0.44593	0.55407	8.087615
27174	-7947.462	-8197.967	250.5052	0.8453801	0.5745167	0.546747	0.453253	7.570776
27180	-7933.286	-8184.883	251.5969	0.7819277	0.6003652	0.473305	0.526695	6.998273
27186	-7944.159	-8195.133	250.9744	0.7857165	0.5398357	0.419772	0.580228	7.379783
27192	-7933.127	-8184.155	251.0276	0.8649186	0.6072044	0.448465	0.551535	7.254462
27198	-7931.926	-8182.102	250.1751	0.7636182	0.4829595	0.418693	0.581307	7.868909
27204	-7931.772	-8182.417	250.6452	0.7948375	0.6114159	0.482658	0.517342	7.493881
27210	-7922.169	-8173.464	251.2958	0.8258358	0.595849	0.491936	0.508064	7.140168
27216	-7930.497	-8182.192	251.6953	0.8233355	0.5112337	0.458031	0.541969	6.996743
27222	-7924.707	-8175.286	250.5795	0.7423681	0.5807255	0.445676	0.554324	7.581203
27228	-7929.061	-8180.287	251.2267	0.7489693	0.6460499	0.43742	0.56258	7.180344
27234	-7923.015	-8174.25	251.2351	0.7617269	0.5775282	0.44797	0.55203	7.22182
27240	-7927.395	-8177.119	249.7244	0.6949235	0.5061728	0.486641	0.513359	8.125314
27246	-7927.199	-8178.331	251.1324	0.8226616	0.4987113	0.486641	0.513359	7.310765
27252	-7928.857	-8179.631	250.7744	0.8443896	0.5448362	0.510879	0.489121	7.451384
27258	-7935.919	-8187.059	251.1392	0.8136798	0.5421292	0.490031	0.509969	7.274458
27264	-7937.219	-8188.49	251.2714	0.8136798	0.571906	0.490031	0.509969	7.178888
27270	-7944.887	-8198.272	253.385	0.8845179	0.608189	0.493004	0.506996	5.967599
27276	-7942.727	-8194.828	252.1011	0.8845179	0.7534913	0.50673	0.49327	6.560193
27282	-7943.564	-8194.801	251.2372	0.8845179	0.6120708	0.50673	0.49327	7.127529
27288	-7947.231	-8198.727	251.4955	0.8626709	0.4622388	0.50673	0.49327	7.127529
27294	-7940.355	-8191.519	251.1641	0.776945	0.554413	0.468029	0.531971	7.270551
27300	-7949.946	-8201.532	251.5867	0.8271584	0.5609742	0.480791	0.519209	7.010981
27306	-7936.629	-8188.284	251.6548	0.9088873	0.4685811	0.480791	0.519209	7.010981
27312	-7937.199	-8186.538	249.3384	0.7585249	0.5551978	0.478187	0.521813	8.255574
27318	-7931.167	-8182.566	251.3984	0.8372373	0.5111275	0.478187	0.521813	7.149082
27324	-7940.315	-8191.434	251.1194	0.815589	0.5838966	0.474161	0.525839	7.24992
27330	-7948.085	-8199.025	250.9395	0.8521204	0.6264539	0.464958	0.535042	7.293877
27336	-7940.83	-8191.835	251.0044	0.8393207	0.5902934	0.464958	0.535042	7.293877
27342	-7934.219	-8185.132	250.9125	0.7717061	0.5143855	0.471548	0.528452	7.442255
27348	-7948.785	-8196.888	248.1023	0.7078633	0.5904348	0.478934	0.521066	8.910618
27354	-7939.05	-8189.878	250.8286	0.7183121	0.5551156	0.472289	0.527711	7.481413
27360	-7951.099	-8202.888	251.7897	0.7183121	0.5458153	0.500075	0.499925	6.972814
27366	-7936.514	-8187.321	250.8068	0.7183121	0.5932155	0.500075	0.499925	7.462444
27372	-7942.937	-8193.264	250.3265	0.7492057	0.5655533	0.4444	0.5556	7.725031
27378	-7960.905	-8213.046	252.1405	0.8472449	0.6353712	0.522337	0.477663	6.642788
27384	-7953.775	-8204.904	251.1285	0.8449761	0.6353712	0.481603	0.518397	7.189487
27390	-7935.931	-8186.549	250.6177	0.7918391	0.5087586	0.493276	0.506724	7.59426
27396	-7934.803	-8185.431	250.6273	0.7535321	0.5599763	0.48051	0.51949	7.566352
27402	-7948.512	-8199.181	250.6684	0.8253757	0.4893706	0.511404	0.488596	7.566352
27408	-7946.931	-8197.462	250.5308	0.8269067	0.4959201	0.563276	0.436724	7.633313
27414	-7955.077	-8203.267	248.19	0.7838758	0.4710004	0.462007	0.537993	8.924484
27420	-7944.657	-8194.881	250.2243	0.8066859	0.5075996	0.539222	0.460778	7.797746
27426	-7943.954	-8195.392	251.4381	0.8242089	0.5075996	0.412509	0.587491	7.137828
27432	-7937.752	-8189.181	251.4291	0.7988003	0.5289561	0.498408	0.501592	7.137828
27438	-7945.881	-8197.394	251.5131	0.8114034	0.5090734	0.509676	0.490324	7.103088
27444	-7942.527	-8193.799	251.2724	0.7567142	0.6223349	0.547951	0.452049	7.169465
27450	-7914.211	-8165.478	251.2675	0.76348	0.6209491	0.487714	0.512286	7.169465
27456	-7942.688	-8193.358	250.6703	0.7777187	0.4953186	0.44749	0.55251	7.585537
27462	-7935.867	-8185.993	250.1261	0.761941	0.5197976	0.517561	0.482439	7.863516
27468	-7942.761	-8193.813	251.0525	0.8252387	0.5165785	0.509837	0.490163	7.336549
27474	-7939.693	-8190.637	250.9437	0.7630944	0.5286216	0.502157	0.497843	7.41791
27480	-7933.151	-8182.687	249.5363	0.7761442	0.5251647	0.502157	0.497843	8.165858
27486	-7934.57	-8186.879	252.309	0.9007901	0.5825799	0.490419	0.509581	6.563786
27492	-7942.187	-8193.072	250.8847	0.8332938	0.4926335	0.505067	0.494933	7.443305
27498	-7940.467	-8192.226	251.7592	0.8332938	0.5993543	0.505067	0.494933	6.883926
27504	-7941.451	-8192.871	251.4199	0.7854986	0.5246376	0.505067	0.494933	7.153639
27510	-7933.527	-8184.801	251.2737	0.8163983	0.600301	0.480638	0.519362	7.153639
27516	-7943.49	-8193.688	250.1982	0.8163983	0.5724392	0.478578	0.521422	7.752179
27522	-7946.637	-8196.886	250.2497	0.7614104	0.5684994	0.435106	0.564894	7.757215
27528	-7934.011	-8184.256	250.2451	0.795504	0.549206	0.435106	0.564894	7.757215
27534	-7931.054	-8181.475	250.4206	0.7709648	0.5720969	0.487764	0.512236	7.657794
27540	-7928.866	-8179.391	250.5242	0.7356358	0.5720969	0.481681	0.518319	7.621288
27546	-7937	-8187.412	250.4117	0.6833351	0.5087091	0.481681	0.518319	7.762536
27552	-7937.86	-8188.482	250.6221	0.867953	0.4990565	0.396533	0.603467	7.559708
27558	-7939.738	-8190.879	251.1416	0.8245888	0.4990565	0.476972	0.523028	7.304485
27564	-7948.639	-8198.881	250.2418	0.7287565	0.4981357	0.541352	0.458648	7.83833
27570	-7955.014	-8205.44	250.4259	0.759012	0.5583055	0.563226	0.436774	7.67255
27576	-7937.985	-8188.704	250.7186	0.8217056	0.6199918	0.487049	0.512951	7.433585
27582	-7926.395	-8176.368	249.973	0.7327241	0.5993722	0.482069	0.517931	7.89586
27588	-7920.988	-8170.931	249.9431	0.7244263	0.6260512	0.472597	0.527403	7.89586
27594	-7934.197	-8184.293	250.0962	0.6878991	0.5646371	0.503864	0.496136	7.881564
27600	-7928.568	-8178.522	249.9544	0.750345	0.5646371	0.520274	0.479726	7.923952
27606	-7932.411	-8181.719	249.3079	0.7236226	0.5488808	0.461356	0.538644	8.29555
27612	-7928.101	-8179.506	251.4053	0.7484074	0.5256467	0.463033	0.536967	7.180551
27618	-7931.611	-8182.57	250.9584	0.7173392	0.5713092	0.480047	0.519953	7.399134
27624	-7940.533	-8190.951	250.4184	0.7138398	0.5224698	0.398979	0.601021	7.730738
27630	-7938.253	-8190.439	252.1861	0.8429768	0.5224698	0.546765	0.453235	6.71164
27636	-7947.486	-8198.345	250.8589	0.8948717	0.5224698	0.494293	0.505707	7.397952
27642	-7960.499	-8212.849	252.3497	0.9015464	0.5022288	0.494293	0.505707	6.609327
27648	-7953.638	-8203.863	250.2242	0.7461835	0.6126168	0.494293	0.505707	7.744281
27654	-7946.414	-8196.466	250.0519	0.7945126	0.4944711	0.483182	0.516818	7.907835
27660	-7940.789	-8191.545	250.7565	0.7513691	0.5198779	0.483182	0.516818	7.532
27666	-7943.949	-8195.012	251.0634	0.829939	0.61337	0.563573	0.436427	7.249231
27672	-7952.464	-8201.683	249.2189	0.7574248	0.5326184	0.502016	0.497984	8.338433
27678	-7949.656	-8198.968	249.3121	0.7409399	0.629474	0.502016	0.497984	8.220859
27684	-7943.048	-8194.915	251.8671	0.801716	0.6568164	0.528528	0.471472	6.799097
27690	-7941.287	-8192.2	250.9126	0.8096088	0.5443896	0.49921	0.50079	7.396346
27696	-7931.223	-8181.772	250.5491	0.796464	0.5265397	0.510838	0.489162	7.613158
27702	-7939.082	-8189.657	250.5748	0.796464	0.5105986	0.510838	0.489162	7.613158
27708	-7923.353	-8173.894	250.541	0.7661549	0.551042	0.510838	0.489162	7.613158
27714	-7930.7	-8181.132	250.4322	0.8122895	0.5626215	0.510838	0.489162	7.637194
27720	-7934.654	-8186.239	251.5849	0.8613967	0.5310801	0.510838	0.489162	7.0185
27726	-7947.987	-8199.531	251.5442	0.9036444	0.5301547	0.450964	0.549036	7.0185
27732	-7942.347	-8196.223	253.8753	0.9036444	0.4890818	0.447024	0.552976	5.790267
27738	-7941.994	-8195.13	253.1368	1.0302	0.4733155	0.447024	0.552976	6.138828
27744	-7947.852	-8200.359	252.5062	1.054468	0.5339297	0.471267	0.528733	6.414076
27750	-7942.74	-8195.403	252.6633	1.011059	0.4652402	0.471267	0.528733	6.414076
27756	-7921.69	-8172.487	250.7971	0.7645294	0.5358559	0.471267	0.528733	7.489561
27762	-7942.086	-8192.75	250.6647	0.7491939	0.5358559	0.471267	0.528733	7.568658
27768	-7938.138	-8188.94	250.8015	0.7782465	0.4456508	0.477717	0.522283	7.560925
27774	-7959.064	-8209.776	250.7119	0.7595347	0.5248056	0.477717	0.522283	7.547258
27780	-7945.143	-8194.413	249.2699	0.7758533	0.5879541	0.507463	0.492537	8.256532
27786	-7948.345	-8198.608	250.2629	0.7646428	0.5338394	0.467398	0.532602	7.777026
27792	-7942.335	-8194.759	252.4238	0.8556219	0.6150827	0.479887	0.520113	6.500486
27798	-7932.484	-8183.108	250.624	0.8058243	0.6269787	0.479887	0.520113	7.487533
27804	-7928.95	-8179.74	250.7899	0.7919068	0.5255392	0.449806	0.550194	7.487533
27810	-7937.552	-8188.232	250.6804	0.7105481	0.6549798	0.462857	0.537143	7.487533
27816	-7940.277	-8190.11	249.8323	0.7305047	0.5365753	0.495155	0.504845	8.022787
27822	-7930.987	-8180.89	249.9026	0.7655477	0.5782285	0.456897	0.543103	7.93256
27828	-7950.596	-8201.164	250.5677	0.7524107	0.5877868	0.508973	0.491027	7.576507
27834	-7952.019	-8202.395	250.3764	0.821658	0.5296756	0.513792	0.486208	7.689388
27840	-7946.145	-8196.803	250.6581	0.7788768	0.492972	0.427272	0.572728	7.593527
27846	-7952.157	-8202.275	250.1182	0.8355967	0.6333076	0.510865	0.489135	7.7375
27852	-7943.719	-8193.785	250.066	0.7945635	0.5670926	0.442005	0.557995	7.838772
27858	-7933.766	-8184.449	250.6834	0.9186218	0.524661	0.520204	0.479796	7.477434
27864	-7928.26	-8177.819	249.5593	0.7757769	0.6583426	0.523872	0.476128	8.049339
27870	-7927.859	-8177.907	250.048	0.7757171	0.4999057	0.445731	0.554269	7.91515
27876	-7942.762	-8192.385	249.6236	0.7364776	0.535945	0.405882	0.594118	8.131392
27882	-7932.282	-8183.399	251.1173	0.7523745	0.6429587	0.560804	0.439196	7.239589
27888	-7938.522	-8190.716	252.194	0.8080981	0.5519135	0.443412	0.556588	6.701197
27894	-7943.544	-8194.54	250.996	0.7200546	0.5667195	0.443412	0.556588	7.381213
27900	-7932.457	-8184.423	251.966	0.7897371	0.6013237	0.443526	0.556474	6.794339
27906	-7928.667	-8179.239	250.5726	0.7897371	0.6719193	0.507985	0.492015	7.490559
27912	-7937.012	-8187.466	250.4544	0.7732533	0.5967592	0.51441	0.48559	7.618938
27918	-7944.271	-8195.728	251.4569	0.7732533	0.5674659	0.519525	0.480475	7.104503
27924	-7938.656	-8189.727	251.0715	0.7421779	0.7190504	0.519525	0.480475	7.215394
27930	-7937.003	-8187.293	250.2898	0.6758733	0.6080727	0.480409	0.519591	7.750303
27936	-7938.348	-8188.398	250.0503	0.6758733	0.5744854	0.496987	0.503013	7.904564
27942	-7930.626	-8181.974	251.3486	0.7182543	0.5793541	0.442714	0.557286	7.182718
27948	-7926.621	-8178.217	251.5961	0.8167353	0.6442143	0.539791	0.460209	6.946464
27954	-7925.921	-8176.902	250.9812	0.788922	0.4542282	0.539791	0.460209	7.450778
27960	-7921.651	-8173.87	252.2197	0.7992907	0.4922194	0.505384	0.494616	6.743844
27966	-7936.402	-8188.212	251.81	0.7815529	0.5644285	0.468823	0.531177	6.912427
27972	-7926.648	-8178.543	251.895	0.8210257	0.6078786	0.498685	0.501315	6.810616
27978	-7927.39	-8179.314	251.9243	0.7837614	0.6134365	0.498685	0.501315	6.810616
27984	-7929.036	-8179.864	250.8276	0.7853747	0.6616216	0.498685	0.501315	7.363663
27990	-7934.15	-8185.233	251.0833	0.8392271	0.6142039	0.482108	0.517892	7.232912
27996	-7928.951	-8179.735	250.7838	0.8604722	0.5510746	0.482108	0.517892	7.43256
28002	-7938.674	-8189.563	250.8887	0.7301953	0.5510746	0.59963	0.40037	7.446143
28008	-7923.838	-8174.461	250.6223	0.7879208	0.5468783	0.481109	0.518891	7.561436
28014	-7935.774	-8186.078	250.3036	0.6964196	0.5468783	0.511479	0.488521	7.780815
28020	-7932.806	-8183.089	250.2835	0.7261768	0.5881829	0.43782	0.56218	7.742244
28026	-7938.343	-8189.185	250.8419	0.7187724	0.5252499	0.413235	0.586765	7.499101
28032	-7953.287	-8204.823	251.5355	0.8198984	0.6732428	0.413235	0.586765	6.956168
28038	-7953.942	-8204.657	250.7155	0.7672457	0.6925767	0.43716	0.56284	7.411345
28044	-7958.672	-8208.632	249.9605	0.8255724	0.5826457	0.45051	0.54949	7.866117
28050	-7947.224	-8196.896	249.6722	0.7856497	0.533062	0.425562	0.574438	8.081695
28056	-7941.681	-8192.731	251.0494	0.8253713	0.5142046	0.487797	0.512203	7.340194
28062	-7941.706	-8193.008	251.3019	0.8253713	0.5513671	0.482811	0.517189	7.173037
28068	-7937.961	-8189.754	251.7924	0.8253713	0.5520313	0.482811	0.517189	6.908529
28074	-7939.643	-8190.451	250.808	0.7972718	0.4794654	0.516114	0.483886	7.51561
28080	-7935.965	-8186.824	250.8584	0.7676231	0.5346599	0.459538	0.540462	7.456061
28086	-7933.762	-8184.794	251.032	0.771991	0.5957657	0.444984	0.555016	7.310889
28092	-7927.804	-8178.147	250.3432	0.7186917	0.556604	0.42365	0.57635	7.739712
28098	-7926.489	-8178.352	251.8639	0.7883699	0.556604	0.508748	0.491252	6.886123
28104	-7943.542	-8194.373	250.8303	0.6883521	0.533199	0.456025	0.543975	7.514821
28110	-7946.35	-8196.431	250.081	0.6842414	0.5746999	0.472497	0.527503	7.883567
28116	-7937.128	-8187.289	250.1612	0.6569508	0.5401408	0.522857	0.477143	7.883567
28122	-7945.574	-8196.528	250.9535	0.6806183	0.5131818	0.496185	0.503815	7.470122
28128	-7953.2	-8203.894	250.6941	0.8310053	0.5131818	0.426811	0.573189	7.528558
28134	-7947.624	-8198.077	250.4534	0.8016418	0.4958939	0.426811	0.573189	7.688291
28140	-7944.891	-8195.735	250.8443	0.7922437	0.5281726	0.531001	0.468999	7.455949
28146	-7943.024	-8193.634	250.61	0.853168	0.5057524	0.545296	0.454704	7.568183
28152	-7948.176	-8199.592	251.4162	0.9276461	0.5701474	0.520579	0.479421	7.041156
28158	-7938.698	-8191.682	252.9834	0.8656189	0.4967476	0.487548	0.512452	6.290239
28164	-7954.226	-8205.609	251.3833	0.8869869	0.4986662	0.468969	0.531031	7.141475
28170	-7929.738	-8181.595	251.8569	0.8357257	0.5149984	0.517131	0.482869	6.899723
28176	-7936.585	-8187.654	251.0685	0.8467773	0.5110174	0.472318	0.527682	7.321238
28182	-7935.229	-8187.658	252.4292	0.8767838	0.4951772	0.485142	0.514858	6.58603
28188	-7945.212	-8196.31	251.0981	0.8050037	0.5494037	0.513153	0.486847	7.29508
28194	-7937.833	-8189.698	251.8654	0.7901071	0.4751248	0.457307	0.542693	6.955464
28200	-7924.972	-8176.09	251.1179	0.7688291	0.6005938	0.457307	0.542693	7.262658
28206	-7930.637	-8181.614	250.9764	0.732328	0.5983078	0.46437	0.53563	7.359977
28212	-7936.132	-8187.169	251.0366	0.7516442	0.5454978	0.46437	0.53563	7.359977
28218	-7929.477	-8180.855	251.3775	0.8216708	0.5887708	0.49862	0.50138	7.104092
28224	-7932.48	-8183.142	250.6619	0.8547076	0.7088708	0.49862	0.50138	7.381827
28230	-7930.171	-8182.052	251.8811	0.8816776	0.5796998	0.492974	0.507026	6.807686
28236	-7933.861	-8185.587	251.7263	0.7884495	0.5414699	0.492974	0.507026	6.972851
28242	-7918.034	-8169.037	251.0026	0.7940523	0.5414699	0.494274	0.505726	7.358817
28248	-7921.136	-8171.824	250.6877	0.7651888	0.5512056	0.478928	0.521072	7.534967
28254	-7922.848	-8172.669	249.8206	0.8020717	0.5170848	0.560195	0.439805	8.00746
28260	-7926.058	-8177.174	251.1159	0.8020717	0.5759556	0.515461	0.484539	7.265406
28266	-7937.464	-8185.12	247.6559	0.7362024	0.5549048	0.515461	0.484539	9.160168
28272	-7932.178	-8181.729	249.5503	0.7520579	0.5707858	0.461187	0.538813	8.133563
28278	-7937.087	-8187.662	250.5748	0.773558	0.5707858	0.471986	0.528014	7.57495
28284	-7939.202	-8190.116	250.9133	0.7450472	0.6600523	0.512365	0.487635	7.340469
28290	-7940.488	-8190.679	250.1908	0.8088218	0.5940105	0.512365	0.487635	7.743084
28296	-7935.148	-8185.886	250.7376	0.8676151	0.5100809	0.512365	0.487635	7.488358
28302	-7942.272	-8192.724	250.452	0.8711228	0.5119953	0.512365	0.487635	7.637708
28308	-7942.877	-8194.188	251.3114	0.8523614	0.5143505	0.450718	0.549282	7.184916
28314	-7932.882	-8183.565	250.6835	0.8070476	0.4445809	0.441462	0.558538	7.609703
28320	-7934.399	-8185.666	251.2671	0.8093469	0.5326425	0.448801	0.551199	7.216081
28326	-7942.346	-8193.605	251.2594	0.8337275	0.5221727	0.368436	0.631564	7.216081
28332	-7947.18	-8197.869	250.689	0.8337275	0.5368918	0.555665	0.444335	7.509532
28338	-7931.747	-8182.472	250.7254	0.7973056	0.5368918	0.527216	0.472784	7.509532
28344	-7937.4	-8188.595	251.1958	0.739301	0.5266252	0.501758	0.498242	7.297097
28350	-7933.896	-8184.721	250.825	0.7787284	0.5075342	0.488158	0.511842	7.491345
28356	-7943.636	-8194.25	250.6142	0.7925894	0.6382897	0.484745	0.515255	7.491345
28362	-7931.181	-8181.894	250.7126	0.7446967	0.5565489	0.461134	0.538866	7.52821
28368	-7936.63	-8187.935	251.3048	0.7884993	0.5565489	0.466092	0.533908	7.187039
28374	-7926.947	-8179.272	252.3249	0.8472622	0.6345231	0.506157	0.493843	6.543692
28380	-7937.482	-8189.664	252.1817	0.8958248	0.6415237	0.560188	0.439812	6.58964
28386	-7930.349	-8182.872	252.523	0.8439646	0.5715559	0.46525	0.53475	6.487601
28392	-7933.495	-8186.46	252.9648	0.8767356	0.5419578	0.426238	0.573762	6.25471
28398	-7941.222	-8192.66	251.4382	0.9116913	0.615215	0.45799	0.54201	7.00232
28404	-7938.7	-8190.893	252.1934	0.8244811	0.5253315	0.547292	0.452708	6.715232
28410	-7947.419	-8199.285	251.8662	0.8077251	0.5177451	0.454261	0.545739	6.907404
28416	-7947.947	-8199.642	251.6954	0.7543365	0.6703286	0.454261	0.545739	6.907404
28422	-7933.518	-8185.398	251.8801	0.9168717	0.5444699	0.526152	0.473848	6.81821
28428	-7915.887	-8168.092	252.2049	0.893036	0.5667982	0.46069	0.53931	6.637079
28434	-7938.496	-8190.391	251.8944	0.8826159	0.6163181	0.528004	0.471996	6.771172
28440	-7925.682	-8177.504	251.8214	0.8534382	0.5625974	0.467501	0.532499	6.869017
28446	-7932.074	-8184.348	252.274	0.7985668	0.556434	0.46139	0.53861	6.659349
28452	-7925.425	-8176.335	250.9099	0.8267774	0.5304094	0.47668	0.52332	7.400329
28458	-7934.434	-8183.696	249.2623	0.7320932	0.5417054	0.49968	0.50032	8.321224
28464	-7932.167	-8182.652	250.485	0.7551392	0.5583827	0.49968	0.50032	7.642958
28470	-7927.928	-8178.533	250.6052	0.7161268	0.5070579	0.487914	0.512086	7.642958
28476	-7929.516	-8180.427	250.9106	0.775358	0.4626477	0.454574	0.545426	7.487949
28482	-7921.731	-8172.941	251.2107	0.7732272	0.6137244	0.454574	0.545426	7.200283
28488	-7929.158	-8180.089	250.9317	0.7603146	0.5770006	0.491181	0.508819	7.385846
28494	-7939.001	-8189.78	250.7791	0.7584788	0.7388176	0.491181	0.508819	7.350217
28500	-7939.357	-8189.224	249.8669	0.7865266	0.5276471	0.491181	0.508819	7.98199
28506	-7930.303	-8181.812	251.5088	0.8005626	0.4885268	0.504004	0.495996	7.129537
28512	-7944.867	-8195.131	250.2644	0.8261563	0.4778894	0.494689	0.505311	7.792414
28518	-7945.547	-8195.803	250.2555	0.8090184	0.4888894	0.504486	0.495514	7.796386
28524	-7950.158	-8201.596	251.438	0.7393141	0.6042221	0.490043	0.509957	7.10372
28530	-7941.001	-8192.146	251.1455	0.8332935	0.5328628	0.461395	0.538605	7.268351
28536	-7932.47	-8184.547	252.0762	0.8332935	0.5642492	0.461395	0.538605	6.74101
28542	-7963.575	-8214.646	251.0705	0.9026122	0.41132	0.443951	0.556049	7.38398
28548	-7955.942	-8208.204	252.2623	0.9026122	0.6176206	0.482003	0.517997	6.560534
28554	-7950.662	-8201.997	251.3351	0.8528539	0.5193446	0.468023	0.531977	7.167576
28560	-7940.592	-8191.642	251.0494	0.865141	0.5193446	0.458109	0.541891	7.314426
28566	-7952.366	-8203.461	251.0942	0.8618008	0.5071307	0.460047	0.539953	7.30279
28572	-7945.436	-8197.014	251.5778	0.9072284	0.5111785	0.460047	0.539953	7.014905
28578	-7944.5	-8196.887	252.3863	0.8767853	0.5113028	0.508849	0.491151	6.594865
28584	-7939.385	-8191.935	252.5498	0.8923704	0.5890347	0.447236	0.552764	6.432752
28590	-7937.708	-8187.984	250.2759	0.7523862	0.5263089	0.463682	0.536318	7.783031
28596	-7943.385	-8193.673	250.2876	0.7523862	0.6077038	0.463682	0.536318	7.710859
28602	-7940.978	-8191.993	251.0148	0.728291	0.5810895	0.479521	0.520479	7.355177
28608	-7946.001	-8195.925	249.9241	0.7875567	0.50259	0.479521	0.520479	7.972605
28614	-7930.537	-8182.299	251.7617	0.8640653	0.5347702	0.497284	0.502716	6.918724
28620	-7940.614	-8193.138	252.5239	0.8225438	0.5271663	0.449825	0.550175	6.535948
28626	-7941.142	-8193.406	252.2636	0.8752342	0.5184409	0.449825	0.550175	6.655804
28632	-7937.021	-8188.01	250.9889	0.8927499	0.6346247	0.442725	0.557275	7.23937
28638	-7937.702	-8188.873	251.1712	0.7697399	0.642728	0.421075	0.578925	7.201462
28644	-7940.274	-8192.307	252.033	0.901619	0.4801927	0.503918	0.496082	6.800347
28650	-7942.677	-8192.431	249.7533	0.7625159	0.5072551	0.506098	0.493902	8.072954
28656	-7943.882	-8195.622	251.7398	0.8690393	0.5975261	0.506098	0.493902	6.87652
28662	-7933.487	-8184.493	251.006	0.8002996	0.6345049	0.50414	0.49586	7.279937
28668	-7942.758	-8193.87	251.1122	0.776744	0.5772604	0.50414	0.49586	7.279937
28674	-7941.863	-8191.888	250.0243	0.7109122	0.5764486	0.474542	0.525458	7.898197
28680	-7945.39	-8196.932	251.5421	0.7341082	0.5769902	0.518609	0.481391	7.072044
28686	-7940.718	-8192.24	251.5228	0.810782	0.539521	0.446351	0.553649	7.072044
28692	-7926.95	-8177.803	250.8529	0.7376837	0.5550145	0.526091	0.473909	7.458069
28698	-7928.968	-8179.804	250.8353	0.7381885	0.5662246	0.462643	0.537357	7.458069
28704	-7939.875	-8190.593	250.7183	0.8552222	0.5662246	0.471324	0.528676	7.458069
28710	-7931.858	-8183.019	251.1608	0.7682905	0.5569167	0.47292	0.52708	7.27495
28716	-7934.419	-8186.222	251.8032	0.8091456	0.5447186	0.508987	0.491013	6.917516
28722	-7948.176	-8200.534	252.3586	0.8802106	0.5137814	0.424392	0.575608	6.605816
28728	-7943.239	-8195.598	252.3586	0.8802106	0.5137814	0.476208	0.523792	6.605816
28734	-7941.824	-8193.847	252.0229	0.8802106	0.5137814	0.476208	0.523792	6.787237
28740	-7942.084	-8192.62	250.5356	0.8735833	0.5954786	0.476208	0.523792	7.522795
28746	-7956.837	-8206.511	249.6746	0.741307	0.6315001	0.447909	0.552091	8.026028
28752	-7962.643	-8213.446	250.8031	0.7849105	0.6315001	0.447909	0.552091	7.399311
28758	-7957.482	-8208.637	251.1548	0.8341633	0.7253098	0.447909	0.552091	7.116867
28764	-7948.278	-8199.545	251.2671	0.8341633	0.5483679	0.519233	0.480767	7.189552
28770	-7954.208	-8205.141	250.9324	0.8046542	0.4284977	0.519233	0.480767	7.493322
28776	-7940.421	-8191.346	250.9245	0.7608834	0.5240083	0.523152	0.476848	7.433333
28782	-7938.563	-8191.179	252.6157	0.8748965	0.4992305	0.468063	0.531937	6.482437
28788	-7942.205	-8193.346	251.1411	0.8407589	0.5619598	0.511502	0.488498	7.242435
28794	-7925.289	-8176.588	251.2992	0.8684748	0.5619598	0.511502	0.488498	7.142592
28800	-7940.096	-8192.714	252.6182	0.8364311	0.4557964	0.430023	0.569977	6.542076
28806	-7934.64	-8186.312	251.6722	0.824751	0.6462638	0.529527	0.470473	6.899621
28812	-7936.955	-8188.548	251.5935	0.7830332	0.5113001	0.508697	0.491303	7.073165
28818	-7941.07	-8192.389	251.3189	0.8591005	0.5233863	0.451148	0.548852	7.169443
28824	-7953.237	-8204.896	251.6597	0.8262491	0.5553929	0.451148	0.548852	6.976767
28830	-7961.622	-8212.699	251.077	0.8194271	0.5414761	0.566561	0.433439	7.305314
28836	-7954.014	-8205.462	251.4479	0.8036596	0.5080257	0.488492	0.511508	7.143238
28842	-7935.14	-8186.602	251.4623	0.8290165	0.5923408	0.488492	0.511508	7.051687
28848	-7930.49	-8181.786	251.2952	0.8195566	0.576141	0.457422	0.542578	7.159548
28854	-7937.141	-8187.797	250.6565	0.7828499	0.5385591	0.451817	0.548183	7.552787
28860	-7937.059	-8187.043	249.984	0.7139089	0.6379065	0.499699	0.500301	7.870774
28866	-7941.322	-8192.654	251.3316	0.803157	0.4953066	0.503211	0.496789	7.217279
28872	-7946.559	-8198.109	251.5499	0.8204187	0.5039699	0.454478	0.545522	7.082982
28878	-7958.859	-8208.517	249.6586	0.7837063	0.5275915	0.450045	0.549955	8.094596
28884	-7973.427	-8223.138	249.7108	0.7581158	0.5659763	0.450045	0.549955	8.048649
28890	-7972.504	-8223.413	250.9089	0.8293137	0.6521512	0.49099	0.50901	7.303375
28896	-7949.656	-8202.55	252.8935	0.9746157	0.6521512	0.525516	0.474484	6.152727
28902	-7944.617	-8196.678	252.061	0.8597052	0.6521512	0.570752	0.429248	6.666517
28908	-7941.282	-8193.517	252.2347	0.9001007	0.5816634	0.56276	0.43724	6.605078
28914	-7950.668	-8201.526	250.8583	0.8183842	0.555048	0.502403	0.497597	7.411891
28920	-7945.427	-8195.908	250.4805	0.84498	0.567259	0.502403	0.497597	7.590073
28926	-7947.741	-8199.302	251.5603	0.9250433	0.567259	0.498586	0.501414	6.96732
28932	-7952.233	-8203.036	250.8029	0.8543195	0.5059468	0.468207	0.531793	7.464109
28938	-7951.494	-8203.528	252.0339	0.8543195	0.6105731	0.468207	0.531793	6.715571
28944	-7949.451	-8200.864	251.4127	0.8337804	0.599382	0.446011	0.553989	7.070271
28950	-7949.037	-8199.098	250.0608	0.7025895	0.4712055	0.436318	0.563682	7.973202
28956	-7953.742	-8204.349	250.607	0.8334551	0.5496573	0.524503	0.475497	7.542942
28962	-7940.153	-8189.782	249.6289	0.7866038	0.5375444	0.529887	0.470113	8.100498
28968	-7947.403	-8196.598	249.195	0.7216758	0.500002	0.469671	0.530329	8.398223
28974	-7946.226	-8195.606	249.3801	0.7216758	0.5871095	0.469671	0.530329	8.227377
28980	-7947.422	-8197.893	250.4711	0.7216758	0.5871095	0.469671	0.530329	7.645211
28986	-7947.269	-8197.155	249.8859	0.7294121	0.5470559	0.469671	0.530329	7.986062
28992	-7954.433	-8206.602	252.1686	0.7753594	0.5659992	0.465889	0.534111	6.720999
28998	-7940.1	-8189.832	249.7329	0.8163064	0.5492859	0.465889	0.534111	8.019479
29004	-7943.649	-8193.118	249.469	0.8095748	0.5153582	0.466771	0.533229	8.192314
29010	-7947.889	-8197.413	249.524	0.693102	0.6181767	0.448953	0.551047	8.142005
29016	-7944.024	-8194.256	250.2323	0.806545	0.5044176	0.448953	0.551047	7.7963
29022	-7941.205	-8191.216	250.011	0.7767813	0.5044176	0.500605	0.499395	7.930392
29028	-7946.669	-8196.648	249.9789	0.8241889	0.4951421	0.43794	0.56206	7.930392
29034	-7953.774	-8203.929	250.155	0.8161708	0.5210141	0.411458	0.588542	7.818041
29040	-7944.868	-8196.733	251.8648	0.9109645	0.4221337	0.411458	0.588542	6.941618
29046	-7947.531	-8200.27	252.7385	0.9347161	0.4271135	0.561584	0.438416	6.45169
29052	-7933.75	-8185.255	251.5047	0.756453	0.5125688	0.422179	0.577821	7.134137
29058	-7939.352	-8190.853	251.5012	0.7714648	0.6102095	0.489385	0.510615	7.04773
29064	-7930.475	-8181.979	251.5034	0.8362587	0.5648694	0.528165	0.471835	7.04773
29070	-7931.859	-8184.016	252.1572	0.824142	0.5336659	0.415913	0.584087	6.727801
29076	-7933.703	-8186.051	252.3471	0.802155	0.5482973	0.494136	0.505864	6.624654
29082	-7927.64	-8179.918	252.2785	0.8548475	0.543032	0.494136	0.505864	6.637686
29088	-7937.781	-8188.861	251.0793	0.7466237	0.4726005	0.429791	0.570209	7.403675
29094	-7945.942	-8196.746	250.8045	0.8629666	0.5149375	0.57322	0.42678	7.450734
29100	-7940.898	-8193.04	252.1411	0.8275424	0.5149375	0.519709	0.480291	6.750835
29106	-7938.329	-8190.368	252.039	0.8275424	0.580743	0.428187	0.571813	6.750835
29112	-7943.97	-8194.991	251.0209	0.7750771	0.580743	0.41112	0.58888	7.327059
29118	-7930.756	-8181.889	251.1331	0.7600274	0.5671267	0.464899	0.535101	7.285878
29124	-7936.611	-8187.583	250.9723	0.8297238	0.629671	0.429239	0.570761	7.285878
29130	-7923.015	-8173.467	250.4519	0.7355994	0.5779943	0.515815	0.484185	7.65526
29136	-7926.953	-8177.638	250.6847	0.7874433	0.5364896	0.436916	0.563084	7.536954
29142	-7925.294	-8176.012	250.7189	0.7185238	0.5588806	0.4316	0.5684	7.536954
29148	-7933.258	-8183.173	249.9158	0.7423889	0.5001906	0.431017	0.568983	8.003237
29154	-7933.807	-8185.313	251.5061	0.7880038	0.5654238	0.521837	0.478163	7.071776
29160	-7942.045	-8192.739	250.6938	0.7649514	0.5313447	0.511519	0.488481	7.548505
29166	-7946.031	-8197.005	250.9747	0.833533	0.4743199	0.506094	0.493906	7.411567
29172	-7948.228	-8200.085	251.8574	0.8434988	0.5085474	0.506094	0.493906	6.900899
29178	-7947.337	-8198.758	251.4201	0.8531815	0.5598199	0.490534	0.509466	7.087565
29184	-7943.516	-8195.217	251.7004	0.9071528	0.5218753	0.538871	0.461129	6.939583
29190	-7949.724	-8200.677	250.9526	0.7849171	0.5218753	0.45814	0.54186	7.407191
29196	-7941.021	-8191.495	250.4742	0.769483	0.5729518	0.421103	0.578897	7.629223
29202	-7948.049	-8197.983	249.9348	0.8510482	0.4711112	0.476991	0.523009	7.961305
29208	-7950.136	-8200.845	250.7098	0.7914579	0.5626124	0.476991	0.523009	7.499686
29214	-7937.64	-8188.288	250.6487	0.7733568	0.6580625	0.467739	0.532261	7.468596
29220	-7947.331	-8197.923	250.5921	0.8186791	0.4813825	0.467739	0.532261	7.617987
29226	-7938.355	-8189.077	250.7224	0.7585658	0.6854019	0.446052	0.553948	7.417385
29232	-7941.013	-8190.851	249.8384	0.7702154	0.4710911	0.399569	0.600431	8.05586
29238	-7931.776	-8181.171	249.3953	0.6862523	0.4867836	0.494116	0.505884	8.322247
29244	-7932.68	-8183.209	250.529	0.7289336	0.5090111	0.526566	0.473434	7.675162
29250	-7946.461	-8196.668	250.2076	0.8789425	0.5964591	0.420897	0.579103	7.694681
29256	-7944.279	-8194.602	250.3235	0.7563013	0.6010892	0.420897	0.579103	7.694681
29262	-7954.613	-8207.345	252.7315	0.8666352	0.5381526	0.496651	0.503349	6.390124
29268	-7949.818	-8202.185	252.3673	0.8696338	0.5209922	0.459972	0.540028	6.600553
29274	-7944.868	-8195.744	250.8763	0.8974279	0.5209922	0.44345	0.55655	7.388569
29280	-7951.552	-8202.51	250.9581	0.855946	0.4962962	0.430066	0.569934	7.388569
29286	-7933.581	-8184.474	250.8934	0.8147019	0.5629579	0.533114	0.466886	7.388569
29292	-7947.342	-8198.255	250.9132	0.724193	0.6107881	0.452238	0.547762	7.388569
29298	-7949.198	-8201.003	251.8051	0.8634273	0.6107881	0.502385	0.497615	6.834011
29304	-7928.673	-8179.517	250.8439	0.7610477	0.5415203	0.411062	0.588938	7.461564
29310	-7920.707	-8170.064	249.3577	0.7610477	0.5415203	0.416918	0.583082	8.255229
29316	-7934.064	-8185.615	251.5517	0.7346567	0.5927946	0.544316	0.455684	7.054008
29322	-7931.731	-8181.403	249.6719	0.8550786	0.611652	0.544316	0.455684	7.981808
29328	-7934.048	-8183.859	249.8111	0.7942269	0.5151301	0.441025	0.558975	8.01836
29334	-7935.079	-8186.497	251.4184	0.8847365	0.5225108	0.567981	0.432019	7.102892
29340	-7927.668	-8179.136	251.4684	0.8894479	0.4892035	0.55618	0.44382	7.102892
29346	-7924.51	-8176.182	251.6726	0.7986456	0.6249576	0.503546	0.496454	6.929516
29352	-7929.556	-8180.811	251.2551	0.7873543	0.6115184	0.473782	0.526218	7.170563
29358	-7936.623	-8187.336	250.7124	0.7873543	0.5694916	0.470482	0.529518	7.49492
29364	-7924.622	-8175.672	251.0496	0.8296483	0.5193684	0.419647	0.580353	7.333354
29370	-7940.291	-8191.21	250.9197	0.8764145	0.572818	0.482454	0.517546	7.333354
29376	-7924.304	-8176.452	252.1485	0.8904022	0.572818	0.482454	0.517546	6.664094
29382	-7928.377	-8180.317	251.9402	0.8312858	0.5474035	0.496055	0.503945	6.829489
29388	-7920.919	-8172.848	251.9288	0.8320851	0.5611089	0.496055	0.503945	6.823794
29394	-7925.865	-8177.723	251.8584	0.8869823	0.571401	0.433315	0.566685	6.823794
29400	-7929.493	-8181.953	252.46	0.8869823	0.5437836	0.443927	0.556073	6.521454
29406	-7927.639	-8179.174	251.5348	0.8093242	0.5543192	0.497211	0.502789	7.053989
29412	-7933.628	-8185.245	251.6173	0.8818401	0.4597645	0.499605	0.500395	7.053989
29418	-7926.061	-8177.068	251.0069	0.8153658	0.5682749	0.5306	0.4694	7.322985
29424	-7926.409	-8177.428	251.019	0.857977	0.6081251	0.49636	0.50364	7.262061
29430	-7947.908	-8199.249	251.3411	0.857977	0.5547823	0.49636	0.50364	7.131606
29436	-7936.836	-8188.099	251.2627	0.8647468	0.5976312	0.482669	0.517331	7.135657
29442	-7938.44	-8189.741	251.3017	0.8613907	0.5735151	0.442329	0.557671	7.135657
29448	-7921.396	-8173.478	252.0823	0.8613907	0.5205598	0.494426	0.505574	6.759424
29454	-7928.948	-8180.302	251.3543	0.8030873	0.50012	0.494544	0.505456	7.200837
29460	-7940.492	-8190.756	250.2636	0.8646503	0.4387353	0.435762	0.564238	7.809006
29466	-7938.559	-8189.157	250.5971	0.811915	0.4719929	0.434638	0.565362	7.627547
29472	-7943.109	-8194.83	251.721	0.868498	0.6029735	0.431752	0.568248	6.8827
29478	-7931.422	-8183.299	251.8776	0.865726	0.5032423	0.436159	0.563841	6.8827
29484	-7935.962	-8187.793	251.8305	0.8373506	0.5502176	0.517647	0.482353	6.883012
29490	-7946.163	-8198.093	251.9299	0.8029016	0.5093038	0.486416	0.513584	6.883012
29496	-7956.983	-8208.569	251.5855	0.7978933	0.5653728	0.47437	0.52563	7.023756
29502	-7934.2	-8185.69	251.49	0.8178232	0.5264785	0.452753	0.547247	7.096968
29508	-7934.846	-8184.513	249.6667	0.7622908	0.4967169	0.452753	0.547247	8.128458
29514	-7942.522	-8193.41	250.8881	0.7622908	0.4967169	0.514271	0.485729	7.475911
29520	-7943.633	-8194.359	250.7253	0.8179825	0.5641636	0.528511	0.471489	7.475911
29526	-7930.38	-8181.39	251.0103	0.892705	0.4812458	0.464832	0.535168	7.354422
29532	-7924.137	-8176.56	252.4224	0.8446854	0.5321035	0.490808	0.509192	6.574652
29538	-7934.909	-8187.052	252.1428	0.8443498	0.52752	0.490808	0.509192	6.729943
29544	-7929.934	-8182.032	252.0986	0.8443498	0.5557714	0.449887	0.550113	6.729943
29550	-7938.245	-8190.315	252.07	0.8443498	0.5746483	0.515925	0.484075	6.729943
29556	-7936.663	-8188.189	251.526	0.8443498	0.5339331	0.44531	0.55469	7.056966
29562	-7941.601	-8192.738	251.1365	0.8131976	0.6008862	0.485946	0.514054	7.228647
29568	-7932.844	-8183.298	250.4539	0.7912737	0.6846757	0.485946	0.514054	7.544218
29574	-7937.043	-8188.15	251.1073	0.8408605	0.6701246	0.473083	0.526917	7.177514
29580	-7928.227	-8178.736	250.5092	0.8394376	0.4877976	0.442345	0.557655	7.64547
29586	-7941.268	-8193.621	252.3527	0.8568456	0.5420441	0.453612	0.546388	6.597321
29592	-7936.835	-8187.852	251.0173	0.8623103	0.5358194	0.436846	0.563154	7.31908
29598	-7934.161	-8185.269	251.1082	0.8331995	0.4963198	0.476102	0.523898	7.320235
29604	-7931.051	-8181.822	250.7717	0.7939689	0.5323788	0.476102	0.523898	7.490331
29610	-7931.044	-8181.68	250.6356	0.8356376	0.594462	0.503269	0.496731	7.490331
29616	-7936.3	-8186.745	250.445	0.8152786	0.5272178	0.435063	0.564937	7.658226
29622	-7927.541	-8179.439	251.8982	0.8696409	0.5272178	0.488306	0.511694	6.848539
29628	-7930.115	-8181.166	251.0514	0.9110979	0.4644445	0.488306	0.511694	7.337961
29634	-7951.18	-8201.957	250.7763	0.8236682	0.4730924	0.488306	0.511694	7.524325
29640	-7950.507	-8201.701	251.1946	0.8422307	0.5497926	0.488306	0.511694	7.222951
29646	-7947.238	-8198.346	251.1077	0.8350769	0.6130536	0.488306	0.511694	7.222951
29652	-7941.114	-8191.825	250.7118	0.9451	0.5056381	0.477852	0.522148	7.464518
29658	-7933.665	-8184.472	250.8074	0.8887456	0.4821188	0.501385	0.498615	7.464518
29664	-7941.381	-8191.22	249.8384	0.7777248	0.5596031	0.537508	0.462492	7.975312
29670	-7927.861	-8178.836	250.9754	0.8346105	0.5665087	0.444364	0.555636	7.331006
29676	-7935.28	-8186.362	251.0813	0.7771251	0.5351737	0.445187	0.554813	7.331006
29682	-7941.78	-8193.608	251.8277	0.8876265	0.5942644	0.445187	0.554813	6.821665
29688	-7950.123	-8201.893	251.7703	0.937822	0.5992291	0.481002	0.518998	6.821665
29694	-7933.42	-8184.594	251.1742	0.8181321	0.560132	0.439016	0.560984	7.238329
29700	-7923.11	-8173.87	250.7601	0.8496158	0.4975111	0.531685	0.468315	7.497021
29706	-7923.577	-8173.228	249.6504	0.7742677	0.6190221	0.496828	0.503172	8.030728
29712	-7922.842	-8173.631	250.7893	0.7485483	0.5670694	0.496828	0.503172	7.476465
29718	-7934.565	-8185.299	250.7343	0.8035684	0.5670694	0.485953	0.514047	7.476465
29724	-7934.285	-8185.361	251.0758	0.7787039	0.564948	0.454561	0.545439	7.308395
29730	-7941.606	-8192.873	251.2662	0.7691301	0.5263249	0.518145	0.481855	7.243559
29736	-7940.003	-8190.932	250.929	0.7889446	0.5801611	0.509087	0.490913	7.369416
29742	-7940.484	-8191.861	251.377	0.8009421	0.5229565	0.529343	0.470657	7.169825
29748	-7928.373	-8178.208	249.8343	0.7761093	0.5015907	0.529343	0.470657	8.027487
29754	-7938.66	-8189.434	250.774	0.7761093	0.5014539	0.466558	0.533442	7.525457
29760	-7934.641	-8186.745	252.104	0.8629576	0.5408613	0.466558	0.533442	6.729447
29766	-7933.927	-8185.955	252.0278	0.8292819	0.4958281	0.535457	0.464543	6.827967
29772	-7944.919	-8196.311	251.3916	0.774592	0.5264929	0.440872	0.559128	7.173129
29778	-7936.258	-8186.448	250.1896	0.7902044	0.5466752	0.462636	0.537364	7.791777
29784	-7937.93	-8188.396	250.4665	0.8087173	0.5466752	0.462636	0.537364	7.633824
29790	-7936.571	-8186.397	249.8265	0.7198108	0.5807665	0.459915	0.540085	7.995517
29796	-7933.951	-8184.727	250.7756	0.7750357	0.5297766	0.485204	0.514796	7.500612
29802	-7934.602	-8184.704	250.1025	0.78622	0.5373823	0.485204	0.514796	7.84819
29808	-7928.522	-8178.739	250.2165	0.7853419	0.6014036	0.474396	0.525604	7.736096
29814	-7932.73	-8182.871	250.1414	0.7947324	0.5711808	0.501533	0.498467	7.795131
29820	-7936.335	-8186.616	250.2804	0.7744304	0.4961036	0.501533	0.498467	7.795131
29826	-7961.182	-8213.067	251.8848	0.8538521	0.6343524	0.464908	0.535092	6.778163
29832	-7938.43	-8188.991	250.5603	0.7862202	0.5132165	0.457324	0.542676	7.624103
29838	-7939.404	-8189.942	250.5372	0.7983604	0.5411903	0.479687	0.520313	7.606143
29844	-7954.63	-8207.112	252.4816	0.8322125	0.4604718	0.479687	0.520313	6.613831
29850	-7947.28	-8197.62	250.3398	0.7539254	0.5947224	0.515282	0.484718	7.692187
29856	-7945.714	-8195.403	249.6886	0.7640726	0.5947224	0.43241	0.56759	8.034497
29862	-7950.081	-8199.939	249.8581	0.8553532	0.4313804	0.486753	0.513247	8.037538
29868	-7936.022	-8186.07	250.0485	0.7635865	0.4778685	0.481414	0.518586	7.941142
29874	-7944.419	-8194.032	249.6128	0.7471365	0.4878371	0.490847	0.509153	8.173147
29880	-7946.896	-8198.774	251.8789	0.8370789	0.6453279	0.516862	0.483138	6.782186
29886	-7939.757	-8190.896	251.139	0.8752328	0.5364153	0.516862	0.483138	7.24633
29892	-7946.75	-8197.281	250.5316	0.7488344	0.5444863	0.413417	0.586583	7.632874
29898	-7937.296	-8187.696	250.4004	0.7491213	0.6106583	0.428322	0.571678	7.650019
29904	-7951.652	-8202.254	250.602	0.7264845	0.5381706	0.529604	0.470396	7.612455
29910	-7957.396	-8208.396	251	0.7673299	0.5216353	0.492934	0.507066	7.391438
29916	-7938.092	-8189.658	251.566	0.8023516	0.7408064	0.492934	0.507066	6.902149
29922	-7932.372	-8184.787	252.415	0.8945857	0.5787659	0.454657	0.545343	6.512847
29928	-7948.966	-8201.797	252.8311	0.8905047	0.6791322	0.459207	0.540793	6.21258
29934	-7940.098	-8190.95	250.8515	0.818386	0.5006141	0.459207	0.540793	7.462018
29940	-7930.308	-8181.935	251.6274	0.8699161	0.5262396	0.450275	0.549725	6.995189
29946	-7937.983	-8190.214	252.2314	0.8699161	0.5527976	0.54654	0.45346	6.64683
29952	-7937.871	-8189.729	251.8579	0.7609203	0.5708194	0.54654	0.45346	6.892521
29958	-7947.309	-8198.21	250.901	0.8337389	0.5334551	0.494435	0.505565	7.398791
29964	-7941.909	-8192.453	250.5435	0.8006337	0.6513028	0.472019	0.527981	7.515293
29970	-7939.984	-8191.318	251.3344	0.7981574	0.61866	0.448947	0.551053	7.116626
29976	-7927.393	-8178.897	251.5034	0.7961919	0.5045555	0.521493	0.478507	7.120476
29982	-7931.2	-8182.689	251.4882	0.8018207	0.5523942	0.521493	0.478507	7.084665
29988	-7933.397	-8184.333	250.9359	0.732695	0.5523942	0.496989	0.503011	7.418403
29994	-7938.97	-8189.232	250.262	0.8804547	0.5302176	0.470819	0.529181	7.718657
30000	-7938.312	-8190.421	252.1086	0.8790738	0.5986037	0.470819	0.529181	6.671185
30006	-7944.325	-8196.01	251.6855	0.8220368	0.5771652	0.480224	0.519776	6.947341
30012	-7950.336	-8200.951	250.6143	0.7445154	0.5761195	0.548105	0.451895	7.565067
30018	-7950.447	-8200.714	250.2667	0.806208	0.5016805	0.497158	0.502842	7.780495
30024	-7940.462	-8191.67	251.2082	0.851011	0.5039135	0.486058	0.513942	7.250227
30030	-7943.355	-8195.708	252.3533	0.851011	0.5875128	0.457282	0.542718	6.562796
30036	-7929.508	-8181.68	252.172	0.8820591	0.544524	0.460851	0.539149	6.679325
30042	-7938.711	-8191.626	252.9158	0.8820591	0.5836626	0.59067	0.40933	6.243966
30048	-7944.376	-8197.2	252.8238	0.8820591	0.5226294	0.407748	0.592252	6.345032
30054	-7942.165	-8195.295	253.1293	0.8820591	0.6062791	0.486188	0.513812	6.109822
30060	-7934.975	-8185.893	250.9178	0.8429016	0.5291306	0.536753	0.463247	7.388563
30066	-7950.146	-8201.926	251.7802	0.8110482	0.5527442	0.509172	0.490828	6.922195
30072	-7943.085	-8195.018	251.9325	0.8468918	0.5512033	0.509172	0.490828	6.822054
30078	-7932.108	-8182.731	250.6232	0.7724283	0.6149667	0.468966	0.531034	7.514973
30084	-7930.199	-8181.106	250.9069	0.8218993	0.5806265	0.468966	0.531034	7.363189
30090	-7945.137	-8196.888	251.7506	0.8267973	0.5222204	0.496934	0.503066	6.955535
30096	-7937.336	-8188.097	250.7617	0.7685559	0.4337296	0.496934	0.503066	7.598954
30102	-7940.92	-8191.797	250.8768	0.7456285	0.5324278	0.477274	0.522726	7.45987
30108	-7938.967	-8189.983	251.0157	0.730857	0.5738805	0.492678	0.507322	7.359082
30114	-7938.14	-8188.951	250.8108	0.8559363	0.5738805	0.412016	0.587984	7.401915
30120	-7924.39	-8175.618	251.228	0.736819	0.5816456	0.497066	0.502934	7.235723
30126	-7927.491	-8177.837	250.3459	0.7336239	0.5223057	0.493418	0.506582	7.759075
30132	-7930.784	-8181.022	250.2376	0.7336239	0.5339348	0.454547	0.545453	7.807044
30138	-7942.522	-8193.565	251.0432	0.8166994	0.5146813	0.454547	0.545453	7.347772
30144	-7935.037	-8186.737	251.6998	0.8696715	0.6508112	0.493729	0.506271	6.857124
30150	-7939.897	-8190.006	250.1083	0.7931533	0.5733619	0.497059	0.502941	7.811857
30156	-7942.504	-8193.75	251.2458	0.8502292	0.5367061	0.455576	0.544424	7.202104
30162	-7934.168	-8185.264	251.096	0.8515482	0.4758007	0.541558	0.458442	7.335488
30168	-7937.875	-8188.497	250.6216	0.8022243	0.558443	0.433417	0.566583	7.544597
30174	-7945.997	-8197.333	251.336	0.8423777	0.5663648	0.432565	0.567435	7.133277
30180	-7945.307	-8195.847	250.5403	0.8006563	0.5612403	0.426446	0.573554	7.586689
30186	-7946.209	-8199.389	253.1803	0.9765715	0.4940622	0.43228	0.56772	6.125237
30192	-7933.59	-8185.578	251.9879	0.8216861	0.5381997	0.43228	0.56772	6.816695
30198	-7938.662	-8192.044	253.382	0.9020802	0.5381997	0.43228	0.56772	6.017016
30204	-7945.383	-8197.435	252.0522	0.908757	0.5242661	0.566844	0.433156	6.746859
30210	-7930.319	-8182.481	252.1618	0.8329178	0.5826926	0.495997	0.504003	6.679998
30216	-7936.623	-8189.037	252.4134	0.957097	0.5166415	0.495997	0.504003	6.53208
30222	-7944.296	-8195.97	251.674	0.9056508	0.5409392	0.495997	0.504003	6.938339
30228	-7938.701	-8189.861	251.1598	0.8057901	0.5657414	0.435375	0.564625	7.248124
30234	-7937.946	-8189.414	251.4682	0.8102304	0.5320325	0.516482	0.483518	7.10804
30240	-7936.053	-8187.665	251.612	0.8803463	0.5841323	0.527487	0.472513	6.949917
30246	-7941.282	-8194.549	253.2674	0.8543052	0.5589399	0.461249	0.538751	6.088028
30252	-7945.593	-8199.179	253.5857	1.037497	0.5896977	0.496016	0.503984	5.78905
30258	-7949.956	-8203.542	253.5861	0.8992592	0.6887359	0.524362	0.475638	5.78905
30264	-7940.534	-8192.586	252.0521	0.9525833	0.5570325	0.545154	0.454846	6.695551
30270	-7947.218	-8196.529	249.3114	0.8741321	0.463874	0.506475	0.493525	8.287828
30276	-7950.435	-8204.228	253.7932	0.9060744	0.5249848	0.466766	0.533234	5.801667
30282	-7943.506	-8195.946	252.4401	0.862665	0.4232673	0.466766	0.533234	6.65604
30288	-7938.9	-8189.796	250.8964	0.9206913	0.4473274	0.465774	0.534226	7.432149
30294	-7937.131	-8188.243	251.1121	0.9176006	0.5502343	0.575208	0.424792	7.226428
30300	-7927.005	-8178.296	251.2906	0.9083905	0.6369255	0.540463	0.459537	7.06706
30306	-7938.853	-8190.533	251.6798	0.8599175	0.5548062	0.405817	0.594183	6.948264
30312	-7934.356	-8185.648	251.292	0.8804674	0.4863626	0.405817	0.594183	7.205107
30318	-7942.469	-8193.411	250.9421	0.815993	0.591354	0.451746	0.548254	7.338952
30324	-7927.21	-8179.161	251.9511	0.815993	0.5280377	0.4844	0.5156	6.848233
30330	-7935.106	-8187.248	252.1422	0.9260936	0.4572245	0.511402	0.488598	6.749618
30336	-7944.228	-8195.331	251.1026	0.8710279	0.4339603	0.546415	0.453585	7.361167
30342	-7932.858	-8183.869	251.0115	0.8710279	0.485891	0.457578	0.542422	7.361167
30348	-7926.465	-8177.68	251.2149	0.8471979	0.5098112	0.550706	0.449294	7.243469
30354	-7929.551	-8181.358	251.8074	0.8728528	0.5098112	0.464608	0.535392	6.910891
30360	-7943.885	-8195.475	251.5902	0.8728528	0.4623775	0.462395	0.537605	7.070955
30366	-7944.098	-8196.466	252.3675	0.8778232	0.5399353	0.449243	0.550757	6.579765
30372	-7934.956	-8186.755	251.7989	0.8835144	0.4293994	0.449243	0.550757	6.984681
30378	-7929.347	-8179.937	250.5902	0.8403829	0.5829482	0.438508	0.561492	7.521213
30384	-7938.963	-8188.577	249.6135	0.6794136	0.6066142	0.524211	0.475789	8.110422
30390	-7942.982	-8192.845	249.8632	0.6488934	0.5845846	0.441196	0.558804	8.010773
30396	-7954.762	-8203.244	248.4823	0.8027465	0.5845846	0.445322	0.554678	8.663457
30402	-7947.731	-8197.435	249.7036	0.8001385	0.5845846	0.489859	0.510141	8.015216
30408	-7929.919	-8182.02	252.1008	0.8457473	0.5845846	0.454547	0.545453	6.704509
30414	-7938.061	-8189.869	251.808	0.8708754	0.6080268	0.54115	0.45885	6.830573
30420	-7930.168	-8181.809	251.6414	0.8216718	0.5252462	0.474579	0.525421	7.014479
30426	-7929.458	-8181.041	251.5825	0.8389716	0.5353097	0.447663	0.552337	7.028273
30432	-7925.379	-8176.953	251.5733	0.7597261	0.5935317	0.552974	0.447026	7.028273
30438	-7938.488	-8189.599	251.1112	0.7803131	0.572901	0.43225	0.56775	7.282092
30444	-7943.303	-8193.353	250.0506	0.8288412	0.572901	0.559164	0.440836	7.824
30450	-7947.758	-8197.876	250.1184	0.7825995	0.529098	0.500549	0.499451	7.848647
30456	-7938.972	-8190.72	251.7479	0.836347	0.5247061	0.482608	0.517392	6.949668
30462	-7935.163	-8185.425	250.2618	0.77256	0.5970374	0.457862	0.542138	7.722133
30468	-7927.611	-8179.09	251.4796	0.8437192	0.5161166	0.457862	0.542138	7.097597
30474	-7924.348	-8175.478	251.13	0.7929392	0.6080565	0.457862	0.542138	7.237456
30480	-7929.167	-8179.913	250.7455	0.7870279	0.6113335	0.4569	0.5431	7.444391
30486	-7931.261	-8182.517	251.2561	0.9367918	0.4843993	0.533029	0.466971	7.195881
30492	-7932.502	-8184.56	252.0588	0.8147721	0.5529631	0.493858	0.506142	6.769762
30498	-7928.203	-8177.992	249.7896	0.8055049	0.573403	0.467467	0.532533	7.975387
30504	-7937.736	-8188.029	250.2926	0.7830731	0.527387	0.471802	0.528198	7.756791
30510	-7930.942	-8181.962	251.0207	0.7830731	0.5581896	0.471802	0.528198	7.341147
30516	-7932.181	-8182.404	250.2229	0.7830731	0.5388832	0.471802	0.528198	7.784297
30522	-7932.946	-8182.867	249.9211	0.7877802	0.479452	0.457527	0.542473	7.994721
30528	-7925.068	-8175.723	250.6549	0.8608068	0.526267	0.453825	0.546175	7.522293
30534	-7932.804	-8183.483	250.6793	0.8035222	0.4684905	0.467023	0.532977	7.591261
30540	-7927.332	-8177.898	250.566	0.8184119	0.5278608	0.512578	0.487422	7.591261
30546	-7935.375	-8187.033	251.6584	0.8775623	0.4595807	0.506061	0.493939	7.034361
30552	-7936.378	-8187.481	251.1033	0.8664762	0.558037	0.520646	0.479354	7.252154
30558	-7927.771	-8178.232	250.4615	0.7692984	0.5695326	0.439592	0.560408	7.638911
30564	-7936.766	-8186.98	250.214	0.8441238	0.4697922	0.510148	0.489852	7.817161
30570	-7937.242	-8187.503	250.2612	0.7254126	0.5125033	0.508268	0.491732	7.817161
30576	-7947.241	-8197.804	250.5637	0.7336526	0.558609	0.461617	0.538383	7.612174
30582	-7932.591	-8184.891	252.2994	0.8126904	0.5376155	0.47221	0.52779	6.65378
30588	-7941.263	-8193.514	252.251	0.8685835	0.5328746	0.47221	0.52779	6.65378
30594	-7958.025	-8207.981	249.9563	0.7398665	0.5328746	0.440605	0.559395	7.954764
30600	-7949.618	-8199.535	249.9168	0.7540237	0.6699854	0.476255	0.523745	7.861839
30606	-7927.876	-8178.038	250.1616	0.7792122	0.489546	0.471676	0.528324	7.861839
30612	-7933.49	-8183.972	250.4825	0.7792122	0.522579	0.50295	0.49705	7.661397
30618	-7934.592	-8186.02	251.4274	0.7792122	0.5757514	0.499134	0.500866	7.110454
30624	-7938.588	-8190.499	251.9111	0.8032487	0.5261568	0.499134	0.500866	6.878301
30630	-7936.635	-8187.783	251.1483	0.7266369	0.4847308	0.472722	0.527278	7.366291
30636	-7919.6	-8169.878	250.2787	0.7269352	0.5673836	0.546907	0.453093	7.761013
30642	-7929.519	-8179.336	249.8179	0.7543789	0.497986	0.559775	0.440225	8.050966
30648	-7941.057	-8191.148	250.0908	0.6481234	0.4953826	0.413503	0.586497	7.96442
30654	-7936.662	-8185.502	248.8406	0.6481234	0.6661621	0.413503	0.586497	8.494137
30660	-7943.718	-8194.101	250.3834	0.6481234	0.5092194	0.47766	0.52234	7.795998
30666	-7946.675	-8196.122	249.4469	0.6763969	0.7041061	0.47766	0.52234	8.129867
30672	-7945.532	-8196.467	250.9346	0.7691109	0.5108523	0.506097	0.493903	7.434876
30678	-7951.1	-8202.143	251.0431	0.7565622	0.4542671	0.506097	0.493903	7.434876
30684	-7932.776	-8182.691	249.9148	0.7963891	0.492936	0.498003	0.501997	7.981379
30690	-7942.375	-8193.083	250.7087	0.7826357	0.6368787	0.508627	0.491373	7.447121
30696	-7944.781	-8194.452	249.6708	0.7276748	0.5737858	0.435298	0.564702	8.079907
30702	-7941.378	-8191.398	250.0196	0.7413037	0.5655963	0.450957	0.549043	7.893187
30708	-7943.067	-8193.767	250.7004	0.7856973	0.4891773	0.498044	0.501956	7.570637
30714	-7944.013	-8194.068	250.0552	0.7565371	0.6984426	0.446308	0.553692	7.766444
30720	-7935.923	-8187.761	251.8378	0.8347504	0.6190843	0.43684	0.56316	6.825464
30726	-7925.46	-8175.401	249.9409	0.7279737	0.6626756	0.520135	0.479865	7.868155
30732	-7939.643	-8189.685	250.0427	0.7263353	0.5916078	0.520135	0.479865	7.868155
30738	-7949.175	-8199.138	249.9627	0.7263353	0.6478789	0.430468	0.569532	7.868155
30744	-7952.683	-8202.662	249.979	0.7024501	0.5668084	0.52574	0.47426	7.934603
30750	-7949.364	-8200.236	250.8714	0.8097278	0.4809801	0.488648	0.511352	7.473623
30756	-7942.631	-8192.733	250.1028	0.7880929	0.4809801	0.488648	0.511352	7.896237
30762	-7936.172	-8186.1	249.9277	0.7880929	0.5986669	0.475621	0.524379	7.891055
30768	-7939.36	-8189.132	249.7717	0.7880929	0.4497898	0.499487	0.500513	8.10176
30774	-7938.53	-8188.288	249.7576	0.7807276	0.4619625	0.502136	0.497864	8.10176
30780	-7935.488	-8186.986	251.498	0.7989646	0.4619625	0.444515	0.555485	7.160659
30786	-7942.574	-8193.006	250.4324	0.8171371	0.4619625	0.512367	0.487633	7.722134
30792	-7940.476	-8190.491	250.0144	0.8447972	0.5202215	0.512367	0.487633	7.878521
30798	-7944.929	-8196.794	251.865	0.8248028	0.5202215	0.466657	0.533343	6.896682
30804	-7940.967	-8191.613	250.6465	0.7751064	0.6427209	0.466656	0.533344	7.48014
30810	-7945.197	-8195.493	250.2955	0.7872061	0.5474936	0.466656	0.533344	7.736102
30816	-7936.594	-8187.463	250.8693	0.7906093	0.6262481	0.433714	0.566286	7.364702
30822	-7944.929	-8195.099	250.1695	0.7827826	0.5515229	0.425193	0.574807	7.802482
30828	-7955.432	-8206.519	251.0874	0.7890177	0.520922	0.432191	0.567809	7.333541
30834	-7951.617	-8202.287	250.6706	0.8192531	0.5111408	0.404931	0.595069	7.549187
30840	-7944.835	-8195.63	250.795	0.7597732	0.524117	0.454868	0.545132	7.503192
30846	-7939.625	-8190.341	250.7166	0.7262313	0.5722378	0.454868	0.545132	7.523234
30852	-7932.806	-8185.557	252.7512	0.8268557	0.6332828	0.539305	0.460695	6.324556
30858	-7937.71	-8189.747	252.0372	0.8448475	0.5884864	0.476815	0.523185	6.736266
30864	-7941.202	-8191.942	250.7402	0.7720054	0.5884864	0.514132	0.485868	7.473083
30870	-7926.602	-8177.366	250.7638	0.7502839	0.5872352	0.470953	0.529047	7.473083
30876	-7926.672	-8177.581	250.9098	0.7824809	0.5872352	0.437637	0.562363	7.377524
30882	-7930.657	-8181.914	251.2576	0.819373	0.5872352	0.516696	0.483304	7.170987
30888	-7941.387	-8193.17	251.7832	0.8131416	0.6075426	0.531209	0.468791	6.875432
30894	-7934.129	-8185.24	251.111	0.9079144	0.5426037	0.452833	0.547167	7.238579
30900	-7930.821	-8181.78	250.9592	0.7986407	0.5074572	0.537257	0.462743	7.408825
30906	-7934.079	-8183.997	249.9178	0.7436573	0.6183033	0.504047	0.495953	7.904947
30912	-7939.139	-8190.845	251.7065	0.7657289	0.5813181	0.577501	0.422499	6.963049
30918	-7954.53	-8205.793	251.2628	0.8627521	0.5650583	0.433831	0.566169	7.162701
30924	-7963.712	-8214.457	250.7449	0.7925266	0.6235979	0.482836	0.517164	7.432411
30930	-7943.392	-8194.974	251.5816	0.8328148	0.5643557	0.468258	0.531742	7.007898
30936	-7950.811	-8202.304	251.493	0.7983227	0.5643557	0.462019	0.537981	7.074142
30942	-7938.166	-8188.59	250.4241	0.7598165	0.5028136	0.505816	0.494184	7.720184
30948	-7942.773	-8193.546	250.7731	0.7781353	0.5827963	0.454736	0.545264	7.456662
30954	-7927.737	-8177.592	249.8551	0.7781353	0.4977763	0.454736	0.545264	8.01866
30960	-7935.146	-8186.017	250.8718	0.8318191	0.5540938	0.42153	0.57847	7.398217
30966	-7942.476	-8193.859	251.3834	0.8215704	0.5770051	0.457275	0.542725	7.110337
30972	-7946.347	-8197.27	250.9225	0.8213368	0.5255231	0.457275	0.542725	7.400694
30978	-7938.972	-8188.898	249.9253	0.8213368	0.4698968	0.457275	0.542725	7.983318
30984	-7931.113	-8183.178	252.0648	0.7915616	0.5619974	0.490411	0.509589	6.771537
30990	-7935.093	-8187.277	252.1841	0.7813482	0.5619974	0.490411	0.509589	6.712651
30996	-7952.986	-8204.663	251.6769	0.8037981	0.5619974	0.490411	0.509589	6.974107
31002	-7958.205	-8206.639	248.4331	0.7098529	0.568537	0.476553	0.523447	8.751571
31008	-7965.25	-8215.666	250.4158	0.7977381	0.5894349	0.545337	0.454663	7.632251
31014	-7954.368	-8205.277	250.9086	0.7977381	0.5178692	0.470375	0.529625	7.427388
31020	-7937.775	-8190.072	252.2974	0.9142486	0.637606	0.497758	0.502242	6.519996
31026	-7936.733	-8188.589	251.8553	0.8360267	0.4667046	0.497758	0.502242	6.944002
31032	-7945.2	-8197.039	251.8392	0.8359064	0.4969583	0.513696	0.486304	6.925099
31038	-7961.117	-8211.619	250.5019	0.8524282	0.5491499	0.569224	0.430776	7.589435
31044	-7960.293	-8210.956	250.6629	0.7556686	0.531961	0.480403	0.519597	7.569463
31050	-7945.062	-8196.674	251.6123	0.7880592	0.5589512	0.453868	0.546132	7.019878
31056	-7938.814	-8190.032	251.219	0.8184966	0.6045076	0.453868	0.546132	7.17867
31062	-7944.653	-8195.04	250.387	0.8184966	0.461373	0.562866	0.437134	7.746236
31068	-7936.2	-8186.479	250.2792	0.7946017	0.525321	0.562866	0.437134	7.759556
31074	-7935.048	-8186.138	251.0894	0.7713571	0.5960195	0.456285	0.543715	7.280183
31080	-7933.58	-8183.895	250.315	0.7713571	0.551032	0.591857	0.408143	7.731247
31086	-7926.462	-8177.419	250.9567	0.790977	0.551032	0.506915	0.493085	7.377155
31092	-7924.36	-8175.715	251.3549	0.8221963	0.5032114	0.465029	0.534971	7.187532
31098	-7935.521	-8186.771	251.2492	0.8401306	0.5585618	0.519949	0.480051	7.187532
31104	-7945.346	-8194.842	249.4954	0.7180886	0.5621296	0.513982	0.486018	8.187861
31110	-7942.97	-8192.611	249.6408	0.7240984	0.5931531	0.513982	0.486018	8.082508
31116	-7932.408	-8183.343	250.9352	0.7245155	0.5358177	0.460392	0.539608	7.43703
31122	-7922.635	-8174.05	251.4157	0.8071026	0.5653582	0.496118	0.503882	7.110205
31128	-7911.777	-8163.22	251.443	0.8244996	0.5238647	0.485264	0.514736	7.120891
31134	-7932.266	-8185.755	253.4892	0.9176154	0.6207466	0.480345	0.519655	5.882795
31140	-7934.148	-8187.224	253.0758	0.9176154	0.6075504	0.483652	0.516348	6.118608
31146	-7938.061	-8190.482	252.421	0.802695	0.4976253	0.483652	0.516348	6.628364
31152	-7942.453	-8192.919	250.4657	0.7754307	0.4701509	0.410912	0.589088	7.719044
31158	-7933.481	-8186.316	252.8351	0.8873163	0.5395497	0.505884	0.494116	6.321498
31164	-7939.599	-8191.962	252.3628	0.8659949	0.6083367	0.448648	0.551352	6.53314
31170	-7943.852	-8193.672	249.8195	0.8859679	0.5107453	0.492522	0.507478	7.968759
31176	-7937.554	-8188.862	251.3085	0.7841042	0.5107453	0.479422	0.520578	7.226282
31182	-7929.192	-8180.482	251.29	0.8352196	0.4473431	0.493646	0.506354	7.266803
31188	-7923.836	-8174.118	250.2823	0.8452971	0.6265744	0.493646	0.506354	7.649613
31194	-7925.715	-8176.292	250.5768	0.7655825	0.4868793	0.46918	0.53082	7.649613
31200	-7934.444	-8185.111	250.6665	0.754639	0.4416489	0.474193	0.525807	7.649613
31206	-7933.013	-8181.634	248.6207	0.714968	0.5215499	0.474193	0.525807	8.688147
31212	-7942.454	-8193.637	251.1829	0.7877489	0.5215499	0.474193	0.525807	7.282408
31218	-7940.471	-8191.902	251.4311	0.8502755	0.4815413	0.4862	0.5138	7.150953
31224	-7934.45	-8185.611	251.1614	0.8630233	0.650367	0.466698	0.533302	7.150953
31230	-7934.201	-8185.574	251.3726	0.9313884	0.6071614	0.447256	0.552744	7.033258
31236	-7928.066	-8180.036	251.9693	0.831267	0.5216551	0.520345	0.479655	6.835718
31242	-7937.133	-8188.649	251.516	0.8553214	0.5116103	0.520345	0.479655	7.075672
31248	-7936.342	-8188.52	252.1775	0.8262479	0.6045054	0.44158	0.55842	6.657855
31254	-7940.934	-8191.919	250.985	0.7937246	0.543862	0.44158	0.55842	7.366471
31260	-7941.795	-8192.124	250.3284	0.7936844	0.5146309	0.443727	0.556273	7.742918
31266	-7936.946	-8187.936	250.99	0.8681139	0.5040189	0.439545	0.560455	7.358062
31272	-7939.021	-8188.692	249.6705	0.7404769	0.4901412	0.463872	0.536128	8.143891
31278	-7940.781	-8192.302	251.5208	0.8412206	0.6062762	0.537591	0.462409	7.002676
31284	-7943.774	-8194.854	251.0797	0.8297327	0.5657346	0.381062	0.618938	7.278282
31290	-7932.816	-8182.114	249.2974	0.6917524	0.5650728	0.539948	0.460052	8.304871
31296	-7941.314	-8191.182	249.8679	0.6917524	0.5753791	0.522201	0.477799	7.992699
31302	-7925.418	-8176.318	250.9001	0.7067957	0.5877133	0.442951	0.557049	7.422932
31308	-7933.88	-8183.255	249.3743	0.6940245	0.6460724	0.485197	0.514803	8.200447
31314	-7928.503	-8178.488	249.9848	0.691978	0.5402694	0.515944	0.484056	7.958897
31320	-7927.382	-8177.207	249.8247	0.7090619	0.5573636	0.493025	0.506975	8.021092
31326	-7929.448	-8181.402	251.9536	0.8103512	0.5854382	0.590605	0.409395	6.802449
31332	-7927.222	-8175.9	248.6776	0.727167	0.4968914	0.474839	0.525161	8.672842
31338	-7939.754	-8191.289	251.5347	0.8598148	0.5225356	0.474839	0.525161	7.0537
31344	-7939.392	-8188.889	249.4963	0.7943696	0.4866237	0.474839	0.525161	8.211106
31350	-7948.792	-8197.469	248.6775	0.7653686	0.6183626	0.412501	0.587499	8.553622
31356	-7949.463	-8199.354	249.8915	0.8489432	0.6995547	0.52631	0.47369	7.803769
31362	-7934.405	-8185.765	251.3595	0.8489432	0.4868014	0.52631	0.47369	7.185349
31368	-7941.793	-8192.244	250.4513	0.7713609	0.5919177	0.544935	0.455065	7.625449
31374	-7949.269	-8199.309	250.0393	0.7744948	0.5041986	0.491972	0.508028	7.916658
31380	-7941.768	-8191.351	249.5831	0.7676051	0.555859	0.474702	0.525298	8.119873
31386	-7942.46	-8191.575	249.1142	0.6630502	0.5308368	0.496245	0.503755	8.445789
31392	-7943.067	-8192.057	248.9902	0.8048059	0.5308368	0.504571	0.495429	8.436382
31398	-7943.874	-8193.977	250.1024	0.7467127	0.5308368	0.504571	0.495429	7.874876
31404	-7945.322	-8195.873	250.5507	0.7094198	0.4964284	0.500455	0.499545	7.685099
31410	-7947.5	-8198.881	251.3816	0.7431325	0.5277644	0.538865	0.461135	7.194313
31416	-7953.012	-8203.746	250.7345	0.7337171	0.531922	0.538865	0.461135	7.542921
31422	-7946.717	-8197.29	250.5725	0.7916175	0.6005724	0.530983	0.469017	7.542921
31428	-7944.612	-8195.894	251.2824	0.7975199	0.4990147	0.487658	0.512342	7.243436
31434	-7933.33	-8184.597	251.2677	0.8560693	0.5674161	0.472397	0.527603	7.161782
31440	-7930.399	-8178.823	248.4231	0.8084555	0.5403377	0.50162	0.49838	8.727558
31446	-7930.337	-8181.27	250.9328	0.8335115	0.5641329	0.539687	0.460313	7.356375
31452	-7938.285	-8190.242	251.9569	0.8096042	0.5203983	0.543335	0.456665	6.855149
31458	-7927.46	-8179.411	251.9509	0.8633063	0.4913257	0.558591	0.441409	6.855149
31464	-7933.623	-8184.679	251.0557	0.7693916	0.5407478	0.557571	0.442429	7.344164
31470	-7934.737	-8185.469	250.7319	0.7403685	0.6668119	0.444934	0.555066	7.435371
31476	-7936.76	-8188.323	251.5628	0.7615639	0.5722056	0.541364	0.458636	7.049998
31482	-7913.149	-8163.71	250.5604	0.7262444	0.6191043	0.525838	0.474162	7.570139
31488	-7928.8	-8179.41	250.6103	0.7423284	0.5529354	0.452264	0.547736	7.587258
31494	-7937.53	-8187.289	249.7589	0.7423284	0.6109007	0.452264	0.547736	7.99607
31500	-7914.263	-8163.918	249.6557	0.780923	0.4812558	0.514411	0.485589	8.138235
31506	-7918.498	-8169.179	250.6804	0.780923	0.5681002	0.47875	0.52125	7.516652
31512	-7924.491	-8173.866	249.3749	0.7659957	0.501177	0.505704	0.494296	8.277918
31518	-7929.835	-8179.266	249.4313	0.7243706	0.4947109	0.462562	0.537438	8.275761
31524	-7928.709	-8179.89	251.181	0.8581445	0.4979386	0.47017	0.52983	7.266297
31530	-7928.54	-8178.451	249.9111	0.8297507	0.5643487	0.470183	0.529817	7.904914
31536	-7926.304	-8176.507	250.2036	0.844578	0.5643487	0.536203	0.463797	7.740743
31542	-7930.97	-8181.643	250.6733	0.8297508	0.6025027	0.458913	0.541087	7.467036
31548	-7946.345	-8196.021	249.6756	0.7490379	0.4868075	0.553691	0.446309	8.139611
31554	-7950.999	-8200.686	249.6869	0.7452483	0.623638	0.496511	0.503489	8.023253
31560	-7939.296	-8189.4	250.1037	0.7198399	0.6366726	0.496511	0.503489	7.804602
31566	-7940.629	-8191.478	250.8491	0.7163254	0.5346227	0.444238	0.555762	7.488557
31572	-7919.366	-8170.092	250.7258	0.7474808	0.5953562	0.511815	0.488185	7.488557
31578	-7943.481	-8194.528	251.0477	0.8581207	0.5507794	0.477269	0.522731	7.292506
31584	-7938.406	-8190.42	252.0142	0.8087391	0.6106021	0.524453	0.475547	6.750806
31590	-7938.533	-8190.431	251.8977	0.7751983	0.5143108	0.464239	0.535761	6.910948
31596	-7938.49	-8190.452	251.9613	0.8409613	0.5143108	0.464239	0.535761	6.841193
31602	-7926.619	-8178.199	251.5798	0.8579756	0.4261586	0.482054	0.517946	7.119548
31608	-7931.208	-8182.569	251.361	0.9046603	0.5265756	0.482054	0.517946	7.119548
31614	-7943.223	-8194.925	251.7019	0.8324662	0.5265756	0.470181	0.529819	6.97493
31620	-7929.244	-8180.948	251.7034	0.8141916	0.5372199	0.488652	0.511348	6.97493
31626	-7927.426	-8179.778	252.352	0.8468859	0.5562875	0.467868	0.532132	6.591159
31632	-7930.335	-8181.753	251.4181	0.8468859	0.548835	0.467868	0.532132	7.101125
31638	-7938.145	-8188.145	250.0004	0.6779811	0.548835	0.42068	0.57932	7.950943
31644	-7940.537	-8190.798	250.2607	0.7349633	0.548835	0.492394	0.507606	7.781519
31650	-7947.051	-8197.668	250.6169	0.7267302	0.548835	0.428498	0.571502	7.595451
31656	-7938.217	-8188.358	250.1417	0.7546237	0.592854	0.511638	0.488362	7.799182
31662	-7949.673	-8200.118	250.4448	0.7950979	0.592854	0.447832	0.552168	7.61549
31668	-7941.61	-8192.237	250.6269	0.859738	0.5725632	0.447832	0.552168	7.499479
31674	-7940.982	-8191.644	250.662	0.7597058	0.5967405	0.513237	0.486763	7.515101
31680	-7948.84	-8201.094	252.2542	0.8632418	0.6135271	0.498809	0.501191	6.589333
31686	-7934.411	-8186.829	252.4173	0.9612829	0.5135305	0.498809	0.501191	6.530383
31692	-7934.042	-8186.875	252.8325	0.9531709	0.4956587	0.413001	0.586999	6.32559
31698	-7950.719	-8200.768	250.0485	0.8093637	0.5063855	0.413001	0.586999	7.891223
31704	-7939.918	-8190.666	250.7485	0.7935393	0.5713728	0.511112	0.488888	7.470758
31710	-7944.067	-8192.704	248.6367	0.7685736	0.5295134	0.443179	0.556821	8.644435
31716	-7939.365	-8189.614	250.2493	0.7154123	0.5255401	0.512493	0.487507	7.817646
31722	-7936.6	-8187.179	250.5795	0.8091967	0.5255401	0.500978	0.499022	7.590914
31728	-7931.393	-8181.894	250.5013	0.8091967	0.5592875	0.516298	0.483702	7.604586
31734	-7922.477	-8172.32	249.8428	0.753671	0.5799565	0.442314	0.557686	7.969404
31740	-7926.309	-8176.286	249.9766	0.753671	0.4949648	0.510687	0.489313	7.969404
31746	-7939.226	-8190.435	251.2092	0.8370654	0.5345103	0.511997	0.488003	7.230693
31752	-7959.746	-8210.793	251.0475	0.6962266	0.5693345	0.469854	0.530146	7.364291
31758	-7946.422	-8197.388	250.9656	0.8877842	0.4998538	0.542613	0.457387	7.364291
31764	-7937.853	-8190.066	252.2139	0.8863198	0.5066728	0.542613	0.457387	6.687038
31770	-7936.374	-8187.045	250.6703	0.8056064	0.5864262	0.497644	0.502356	7.494166
31776	-7937.141	-8187.955	250.8135	0.7772369	0.5122658	0.439537	0.560463	7.494166
31782	-7931.476	-8181.106	249.6303	0.7601168	0.596561	0.441509	0.558491	8.06626
31788	-7935.634	-8185.962	250.3279	0.7614552	0.6709828	0.468562	0.531438	7.637414
31794	-7961.648	-8211.803	250.1545	0.691885	0.5700831	0.456169	0.543831	7.843929
31800	-7940.216	-8190.558	250.3424	0.710839	0.5700831	0.523726	0.476274	7.73339
31806	-7943.36	-8194.133	250.7721	0.7747739	0.4804985	0.524097	0.475903	7.545942
31812	-7930.069	-8180.74	250.6711	0.7808403	0.6578024	0.481836	0.518164	7.452796
31818	-7934.918	-8186.478	251.5602	0.7808403	0.5081522	0.454102	0.545898	7.095013
31824	-7929.434	-8180.192	250.7587	0.8166675	0.4791818	0.454102	0.545898	7.531895
31830	-7935.073	-8185.95	250.8772	0.8676489	0.607654	0.454102	0.545898	7.333343
31836	-7942.248	-8192.585	250.3369	0.8044102	0.4558831	0.505524	0.494476	7.785711
31842	-7936.065	-8187.358	251.2931	0.7670444	0.567058	0.505524	0.494476	7.196228
31848	-7935.132	-8185.712	250.5804	0.6595775	0.5165764	0.475706	0.524294	7.678216
31854	-7938.519	-8189.31	250.7909	0.7595298	0.5165764	0.501303	0.498697	7.512054
31860	-7951.098	-8202.741	251.6426	0.8373733	0.5165764	0.480076	0.519924	7.012864
31866	-7946.2	-8196.619	250.4192	0.8343466	0.6022945	0.527049	0.472951	7.600786
31872	-7935.612	-8186.774	251.1617	0.7944085	0.5395077	0.429796	0.570204	7.274936
31878	-7936.4	-8185.877	249.4772	0.7747268	0.5395077	0.429796	0.570204	8.186012
31884	-7931.333	-8181.908	250.5751	0.7747268	0.5754416	0.501819	0.498181	7.570417
31890	-7940.243	-8190.24	249.9964	0.7536785	0.5285835	0.455756	0.544244	7.929647
31896	-7942.765	-8193.042	250.2764	0.7237878	0.5306867	0.50373	0.49627	7.794295
31902	-7953.176	-8203.281	250.1052	0.8753985	0.5725426	0.462354	0.537646	7.770268
31908	-7936.836	-8187.78	250.9446	0.8389846	0.533356	0.462354	0.537646	7.372677
31914	-7939.699	-8190.809	251.1098	0.7821237	0.5614895	0.542239	0.457761	7.291138
31920	-7931.283	-8182.446	251.1635	0.7736398	0.5323545	0.542239	0.457761	7.291138
31926	-7944.818	-8196.703	251.8846	0.8997722	0.5584824	0.554527	0.445473	6.813313
31932	-7940.781	-8192.775	251.9941	0.7685522	0.5584824	0.508622	0.491378	6.82502
31938	-7933.28	-8183.733	250.4524	0.6545989	0.5773788	0.517115	0.482885	7.698795
31944	-7953.351	-8203.54	250.1891	0.7374345	0.5862639	0.528175	0.471825	7.788236
31950	-7948.535	-8197.366	248.8307	0.8118338	0.4853907	0.528175	0.471825	8.556849
31956	-7948.98	-8199.824	250.844	0.8231041	0.5695116	0.461253	0.538747	7.405204
31962	-7941.205	-8191.914	250.7091	0.8355651	0.5388642	0.500804	0.499196	7.496101
31968	-7943.892	-8195.367	251.4746	0.8355651	0.6040357	0.500804	0.499196	7.032342
31974	-7942.998	-8194.086	251.0882	0.7901908	0.6030127	0.552903	0.447097	7.265301
31980	-7932.388	-8183.412	251.0242	0.7708627	0.5453695	0.462209	0.537791	7.356444
31986	-7935.803	-8186.742	250.9393	0.7708627	0.5537609	0.463414	0.536586	7.395001
31992	-7945.873	-8196.771	250.898	0.7482523	0.5964072	0.508492	0.491508	7.395001
31998	-7936.72	-8188.79	252.0702	0.7845836	0.5279697	0.508492	0.491508	6.800994
32004	-7948.762	-8199.403	250.6406	0.7228	0.5293787	0.474253	0.525747	7.601209
32010	-7942.981	-8193.987	251.0056	0.7891001	0.5293787	0.474253	0.525747	7.370094
32016	-7939.267	-8189.081	249.8137	0.7726772	0.5836035	0.479941	0.520059	7.971928
32022	-7934.477	-8185.082	250.6049	0.8072005	0.5502402	0.466495	0.533505	7.557618
32028	-7929.862	-8180.61	250.7479	0.7636181	0.5507255	0.460421	0.539579	7.503981
32034	-7929.456	-8180.132	250.676	0.7636181	0.6052071	0.511391	0.488609	7.498913
32040	-7950.24	-8202.562	252.3227	0.8797477	0.6528538	0.499483	0.500517	6.513575
32046	-7942.458	-8194.143	251.685	0.7703871	0.460107	0.503059	0.496941	7.077234
32052	-7940.546	-8192.387	251.8414	0.8070812	0.5547022	0.503059	0.496941	6.889726
32058	-7937.169	-8187.294	250.1259	0.7500009	0.5800107	0.510055	0.489945	7.820244
32064	-7946.035	-8196.373	250.338	0.7571236	0.5847657	0.510075	0.489925	7.6993
32070	-7943.518	-8194.058	250.54	0.8020697	0.4712934	0.510075	0.489925	7.663976
32076	-7931.791	-8182.174	250.3833	0.7401687	0.6106205	0.514866	0.485134	7.663976
32082	-7937.32	-8188.812	251.4924	0.7973422	0.4794	0.471392	0.528608	7.148415
32088	-7942.905	-8194.317	251.4127	0.704259	0.5885942	0.489696	0.510304	7.148415
32094	-7942.995	-8194.847	251.8517	0.8705816	0.5771866	0.451177	0.548823	6.831558
32100	-7934.132	-8186.08	251.9476	0.8273625	0.5426769	0.423807	0.576193	6.831558
32106	-7932.601	-8183.615	251.0134	0.7850113	0.5620685	0.423807	0.576193	7.340834
32112	-7934.431	-8185.483	251.0518	0.7892921	0.5345224	0.485702	0.514298	7.340834
32118	-7935.061	-8186.129	251.0678	0.7922328	0.5226436	0.490286	0.509714	7.340834
32124	-7938.896	-8190.429	251.5328	0.7536838	0.5366102	0.488393	0.511607	7.099809
32130	-7938.699	-8189.401	250.7018	0.7041976	0.5991034	0.488393	0.511607	7.521659
32136	-7936.621	-8187.135	250.5147	0.8244734	0.5290492	0.488634	0.511366	7.614419
32142	-7941.52	-8193.357	251.837	0.8244734	0.5717584	0.519339	0.480661	6.868768
32148	-7942.532	-8192.451	249.9181	0.8230624	0.5717584	0.55849	0.44151	7.89875
32154	-7951.8	-8201.122	249.3224	0.7570963	0.5717584	0.490733	0.509267	8.251435
32160	-7943.679	-8194.374	250.6958	0.7115036	0.5717584	0.475241	0.524759	7.54264
32166	-7939.356	-8190.099	250.7433	0.7803314	0.4980453	0.478211	0.521789	7.54264
32172	-7951.144	-8202.121	250.9767	0.8670206	0.6754209	0.452178	0.547822	7.229813
32178	-7963.094	-8214.142	251.0487	0.773497	0.6259241	0.444336	0.555664	7.277867
32184	-7956.422	-8207.456	251.0339	0.7401945	0.6347669	0.444335	0.555665	7.297041
32190	-7947.067	-8199.104	252.0377	0.8100455	0.6008482	0.444335	0.555665	6.745006
32196	-7949.612	-8201.011	251.3994	0.8418695	0.5171578	0.442514	0.557486	7.140815
32202	-7949.627	-8200.847	251.2201	0.8163228	0.4700328	0.497882	0.502118	7.293129
32208	-7944.304	-8194.56	250.2554	0.8508194	0.3843405	0.458408	0.541592	7.875741
32214	-7939.402	-8192.411	253.0095	0.8178906	0.5012114	0.510537	0.489463	6.297956
32220	-7944.307	-8196.507	252.2003	0.8719912	0.5213458	0.510537	0.489463	6.689284
32226	-7925.057	-8177.238	252.1806	0.8921742	0.6092689	0.466446	0.533554	6.616808
32232	-7933.944	-8186.17	252.2252	0.9548978	0.5378265	0.46256	0.53744	6.616808
32238	-7936.578	-8188.779	252.2005	0.8621236	0.6163635	0.460267	0.539733	6.616808
32244	-7927.536	-8178.345	250.8088	0.7685109	0.611123	0.460267	0.539733	7.420553
32250	-7942.975	-8190.762	247.7873	0.7793712	0.5511648	0.427541	0.572459	9.070872
32256	-7935.323	-8186.063	250.7399	0.8244191	0.5169092	0.480227	0.519773	7.504312
32262	-7929.586	-8180.257	250.6706	0.7631484	0.5434215	0.480439	0.519561	7.55172
32268	-7934.353	-8184.923	250.5701	0.7661285	0.6084883	0.510598	0.489402	7.55172
32274	-7939.817	-8191.309	251.4925	0.774694	0.5352044	0.508079	0.491921	7.11136
32280	-7930.018	-8181.542	251.5242	0.7695615	0.5781027	0.476054	0.523946	7.06172
32286	-7948.667	-8199.989	251.3225	0.8081279	0.6949657	0.476054	0.523946	7.06172
32292	-7955.844	-8208.35	252.5064	0.8268914	0.6073386	0.530163	0.469837	6.477294
32298	-7952.596	-8204.315	251.7197	0.8537484	0.6109356	0.503774	0.496226	6.885147
32304	-7948.171	-8199.15	250.9789	0.8518608	0.6109356	0.47044	0.52956	7.284726
32310	-7957.495	-8209.733	252.2381	0.8518608	0.525979	0.529266	0.470734	6.675694
32316	-7942.282	-8193.594	251.3125	0.8173138	0.525979	0.397399	0.602601	7.193119
32322	-7929.913	-8181.33	251.4167	0.7627741	0.5377187	0.487484	0.512516	7.156436
32328	-7949.839	-8201.636	251.7971	0.8204827	0.5377187	0.491491	0.508509	6.92059
32334	-7950.087	-8201.764	251.6771	0.8419134	0.5606551	0.504601	0.495399	6.954579
32340	-7948.053	-8197.839	249.7865	0.7498519	0.5606551	0.462472	0.537528	8.017019
32346	-7960.657	-8212.039	251.3821	0.7627003	0.6054334	0.489932	0.510068	7.12026
32352	-7952.21	-8204.148	251.9385	0.8200238	0.5180897	0.535061	0.464939	6.861497
32358	-7949.179	-8200.422	251.2425	0.7166552	0.4606094	0.447706	0.552294	7.343366
32364	-7941.248	-8191.444	250.1963	0.7064513	0.5504474	0.528134	0.471866	7.829814
32370	-7946.544	-8196.715	250.1713	0.7603922	0.5319758	0.528134	0.471866	7.829814
32376	-7935.695	-8186.161	250.4657	0.7603922	0.542167	0.508279	0.491721	7.663881
32382	-7937.115	-8188.252	251.1369	0.8266284	0.5481448	0.478879	0.521121	7.263718
32388	-7939.39	-8189.701	250.3103	0.7438661	0.5065341	0.478879	0.521121	7.786242
32394	-7933.865	-8183.537	249.6719	0.7300368	0.5485599	0.506747	0.493253	8.098568
32400	-7949.229	-8198.981	249.7528	0.7364755	0.5545012	0.531445	0.468555	8.047141
32406	-7939.829	-8190.757	250.9275	0.8004393	0.5811356	0.531445	0.468555	7.363247
32412	-7934.192	-8184.7	250.5078	0.7897851	0.5409592	0.547515	0.452485	7.626653
32418	-7936.945	-8187.367	250.4221	0.7632872	0.6160618	0.522106	0.477894	7.626653
32424	-7936.442	-8186.839	250.397	0.7312255	0.6571258	0.520055	0.479945	7.626653
32430	-7945.901	-8197.39	251.4894	0.7751401	0.5505935	0.485658	0.514342	7.099888
32436	-7942.159	-8193.661	251.5019	0.829882	0.6173024	0.485658	0.514342	7.010457
32442	-7959.117	-8209.996	250.8793	0.7740166	0.4731925	0.442592	0.557408	7.495663
32448	-7943.347	-8195.407	252.0602	0.8458462	0.6464751	0.419402	0.580598	6.67865
32454	-7934.48	-8185.941	251.4611	0.7575048	0.5505637	0.527447	0.472553	7.124629
32460	-7947.767	-8199.016	251.2488	0.8001531	0.5127543	0.520666	0.479334	7.248005
32466	-7932.545	-8184.535	251.9905	0.8681671	0.5994488	0.467471	0.532529	6.74024
32472	-7936.053	-8188.203	252.1505	0.8804464	0.4685604	0.496001	0.503999	6.759084
32478	-7931.611	-8183.704	252.0926	0.8452215	0.5733042	0.496001	0.503999	6.718315
32484	-7920.483	-8171.824	251.3409	0.8144688	0.5063355	0.496001	0.503999	7.196434
32490	-7922.736	-8173.967	251.2303	0.7736376	0.4798939	0.426245	0.573755	7.301458
32496	-7927.549	-8179.6	252.0512	0.8336636	0.502493	0.508985	0.491015	6.807034
32502	-7937.449	-8189.475	252.0266	0.7213372	0.5810175	0.508985	0.491015	6.814647
32508	-7951.063	-8200.77	249.7069	0.7009659	0.5503521	0.508985	0.491015	8.093942
32514	-7947.93	-8197.606	249.6755	0.7009659	0.5709341	0.50688	0.49312	8.093942
32520	-7951.735	-8201.984	250.2494	0.7428849	0.6491476	0.495435	0.504565	7.705205
32526	-7938.164	-8188.072	249.9082	0.6947978	0.5264414	0.462899	0.537101	8.009918
32532	-7939.448	-8191.194	251.7456	0.7439732	0.6314273	0.462899	0.537101	6.914718
32538	-7941.774	-8192.992	251.2187	0.7931427	0.5209926	0.46808	0.53192	7.260747
32544	-7947.128	-8197.345	250.2167	0.8146811	0.4648299	0.463284	0.536716	7.83605
32550	-7938.871	-8189.074	250.2027	0.7409795	0.5171967	0.474183	0.525817	7.83605
32556	-7949.083	-8199.08	249.9969	0.761026	0.608762	0.488254	0.511746	7.860752
32562	-7958.982	-8209.499	250.517	0.8146292	0.578104	0.551503	0.448497	7.578065
32568	-7953.12	-8202.86	249.7405	0.7745236	0.6011695	0.484644	0.515356	7.996246
32574	-7954.663	-8205.23	250.567	0.7590296	0.6185185	0.484644	0.515356	7.549509
32580	-7953.212	-8204.344	251.1324	0.8219648	0.5661509	0.454155	0.545845	7.253785
32586	-7939.951	-8190.151	250.1994	0.7679868	0.620261	0.481765	0.518235	7.740073
32592	-7954.314	-8205.682	251.3677	0.8476006	0.5012316	0.497312	0.502688	7.168768
32598	-7958.085	-8208.706	250.6208	0.6974612	0.4896712	0.535404	0.464596	7.66002
32604	-7960.474	-8209.965	249.491	0.7363192	0.591145	0.513914	0.486086	8.157362
32610	-7939.799	-8189.888	250.089	0.8172745	0.5913054	0.432151	0.567849	7.795069
32616	-7935.571	-8187.706	252.1344	0.8468923	0.5930688	0.432151	0.567849	6.67902
32622	-7931.955	-8182.718	250.763	0.7809527	0.5240173	0.432151	0.567849	7.50911
32628	-7933.467	-8185.434	251.9674	0.9238624	0.5240173	0.478825	0.521175	6.784702
32634	-7945.154	-8197.002	251.8478	0.8217171	0.4717288	0.461104	0.538896	6.951059
32640	-7950.239	-8201.914	251.6751	0.8585862	0.5595575	0.545235	0.454765	6.947585
32646	-7942.945	-8193.985	251.0393	0.8183907	0.6070319	0.553879	0.446121	7.27326
32652	-7940.651	-8191.952	251.3011	0.7647548	0.6070319	0.401732	0.598268	7.161466
32658	-7937.481	-8189.155	251.6738	0.8341448	0.5511497	0.469674	0.530326	6.968417
32664	-7935.266	-8186.08	250.8149	0.8036188	0.5511497	0.469674	0.530326	7.446303
32670	-7946.174	-8197.423	251.249	0.8654325	0.5598776	0.469674	0.530326	7.172917
32676	-7947.618	-8196.201	248.5829	0.7708301	0.5059743	0.479509	0.520491	8.691977
32682	-7938.659	-8189.503	250.8437	0.7781799	0.6082503	0.469145	0.530855	7.398871
32688	-7929.691	-8183.144	253.4537	0.9327793	0.6082503	0.484122	0.515878	5.903672
32694	-7929.242	-8182.27	253.0286	0.9046641	0.6082503	0.482505	0.517495	6.150809
32700	-7932.8	-8185.75	252.9495	0.9046641	0.6649451	0.482505	0.517495	6.150809
32706	-7931.168	-8182.605	251.4371	0.8632048	0.540926	0.501127	0.498873	7.088758
32712	-7939.841	-8190.912	251.0712	0.8325985	0.5139912	0.501127	0.498873	7.324818
32718	-7935.719	-8186.527	250.8081	0.7824516	0.5345615	0.478277	0.521723	7.47515
32724	-7943.064	-8194.924	251.8593	0.7824516	0.5432629	0.525598	0.474402	6.902884
32730	-7956.265	-8206.877	250.6123	0.7602001	0.5820101	0.528828	0.471172	7.553061
32736	-7938.497	-8189.167	250.6696	0.7602001	0.544337	0.509912	0.490088	7.553061
32742	-7952.192	-8202.334	250.1421	0.7351975	0.544337	0.436491	0.563509	7.84848
32748	-7945.694	-8195.392	249.6983	0.705038	0.5122751	0.436491	0.563509	8.128478
32754	-7936.806	-8187.112	250.3065	0.7547378	0.6915675	0.492746	0.507254	7.63781
32760	-7952.187	-8202.767	250.5792	0.7629963	0.5002287	0.464762	0.535238	7.63781
32766	-7938.18	-8189.485	251.305	0.8008633	0.6297645	0.533098	0.466902	7.122559
32772	-7942.848	-8194.246	251.3978	0.7941	0.5127626	0.459387	0.540613	7.171147
32778	-7953.786	-8204.141	250.3553	0.7941	0.5082256	0.459387	0.540613	7.733896
32784	-7951.72	-8201.013	249.293	0.6833532	0.5082256	0.459387	0.540613	8.35932
32790	-7957.655	-8208.294	250.639	0.7417394	0.4779869	0.524889	0.475111	7.637156
32796	-7958.514	-8209.357	250.8432	0.7891215	0.5444798	0.493955	0.506045	7.444436
32802	-7938.998	-8190.698	251.7	0.9281319	0.49912	0.541079	0.458921	6.948491
32808	-7938.272	-8190.341	252.0695	0.8343392	0.5305866	0.425537	0.574463	6.772272
32814	-7940.961	-8190.687	249.7266	0.7198473	0.5305866	0.466277	0.533723	8.089846
32820	-7946.839	-8197.416	250.5762	0.7815032	0.5131589	0.466277	0.533723	7.618189
32826	-7943.027	-8193.478	250.4508	0.7991745	0.5211661	0.466277	0.533723	7.668893
32832	-7930.905	-8180.837	249.9323	0.7494676	0.5679923	0.505923	0.494077	7.933492
32838	-7945.392	-8195.92	250.5282	0.8143265	0.5555593	0.485329	0.514671	7.590469
32844	-7949.588	-8201.55	251.9621	0.7725288	0.5200869	0.478381	0.521619	6.87265
32850	-7955.514	-8206.881	251.3664	0.9203865	0.5801206	0.516396	0.483604	7.063812
32856	-7930.761	-8181.8	251.0389	0.8175163	0.5647429	0.524089	0.475911	7.307534
32862	-7927.321	-8178.284	250.9629	0.7972879	0.5596784	0.543167	0.456833	7.363318
32868	-7940.59	-8191.507	250.9176	0.7936456	0.5700667	0.423049	0.576951	7.381098
32874	-7938.083	-8189.448	251.3655	0.7636054	0.5930511	0.454907	0.545093	7.13836
32880	-7926.807	-8177.066	250.259	0.7988288	0.577	0.47996	0.52004	7.725379
32886	-7928.472	-8180	251.5283	0.793331	0.6013151	0.463826	0.536174	7.028321
32892	-7939.302	-8190.686	251.3837	0.8346443	0.6825982	0.459625	0.540375	7.023229
32898	-7945.061	-8196.541	251.48	0.8346443	0.5474392	0.451908	0.548092	7.075575
32904	-7939.717	-8190.395	250.6778	0.866394	0.5530345	0.474548	0.525452	7.484545
32910	-7946.252	-8197.903	251.6517	0.8568665	0.4940098	0.471996	0.528004	7.017446
32916	-7931.22	-8182.57	251.3503	0.7789687	0.5786753	0.49209	0.50791	7.149725
32922	-7924.156	-8175.502	251.346	0.7789687	0.4906376	0.49209	0.50791	7.226746
32928	-7922.297	-8174.465	252.1673	0.8426589	0.6068279	0.49209	0.50791	6.652682
32934	-7925.807	-8175.916	250.109	0.7457878	0.5652918	0.491672	0.508328	7.843335
32940	-7927.506	-8178.375	250.8691	0.7507238	0.5652918	0.455884	0.544116	7.433979
32946	-7931.472	-8182.051	250.5791	0.7453668	0.5409608	0.459757	0.540243	7.612242
32952	-7936.578	-8186.854	250.2757	0.8111733	0.5472709	0.459757	0.540243	7.734087
32958	-7932.248	-8183.001	250.7531	0.8570069	0.5765843	0.449393	0.550607	7.43006
32964	-7922.152	-8172.146	249.9937	0.7565406	0.5190867	0.45507	0.54493	7.937655
32970	-7922.865	-8173.802	250.9368	0.7565406	0.5491738	0.45507	0.54493	7.407832
32976	-7936.257	-8187.061	250.8035	0.8584322	0.5697276	0.446572	0.553428	7.407832
32982	-7940.011	-8190.306	250.2947	0.7301757	0.5080847	0.46972	0.53028	7.800566
32988	-7942.6	-8195.56	252.9607	0.877015	0.6362667	0.512358	0.487642	6.181173
32994	-7947.536	-8200.045	252.5098	0.8438291	0.4667805	0.467793	0.532207	6.58637
33000	-7951.537	-8202.655	251.118	0.8832656	0.4821939	0.55058	0.44942	7.30079
33006	-7952.546	-8203.509	250.9635	0.8313671	0.630588	0.513364	0.486636	7.289027
33012	-7951.242	-8201.617	250.3746	0.7107297	0.5681845	0.48491	0.51509	7.71776
33018	-7945.664	-8198.156	252.4926	0.9065484	0.5981272	0.46254	0.53746	6.448822
33024	-7950.225	-8202.967	252.7422	0.8857926	0.5123386	0.496021	0.503979	6.396304
33030	-7945.063	-8197.019	251.9557	0.8857926	0.5883694	0.496021	0.503979	6.758234
33036	-7947.671	-8197.757	250.086	0.7421156	0.5430066	0.513364	0.486636	7.875853
33042	-7941.495	-8192.022	250.5272	0.84289	0.4820102	0.411073	0.588927	7.639224
33048	-7931.92	-8182.843	250.9229	0.7867972	0.5416332	0.500413	0.499587	7.405322
33054	-7925.952	-8177.382	251.4304	0.8014128	0.6003234	0.500413	0.499587	7.077446
33060	-7922.932	-8174.381	251.4487	0.8342623	0.492862	0.474635	0.525365	7.139826
33066	-7934.34	-8185.792	251.4528	0.8403326	0.4720868	0.488823	0.511177	7.153283
33072	-7943.092	-8193.434	250.3426	0.725789	0.5089165	0.487921	0.512079	7.776602
33078	-7941.648	-8191.98	250.3318	0.7435379	0.503022	0.575392	0.424608	7.778055
33084	-7944.773	-8195.509	250.7361	0.7837356	0.6444626	0.516794	0.483206	7.426187
33090	-7954.04	-8205.573	251.5324	0.8816343	0.5036362	0.507559	0.492441	7.059737
33096	-7935.426	-8186.305	250.8787	0.804205	0.6611228	0.486248	0.513752	7.32652
33102	-7949.028	-8201.09	252.0621	0.8463046	0.6331948	0.469195	0.530805	6.687364
33108	-7940.388	-8190.89	250.5022	0.7910101	0.6675661	0.4337	0.5663	7.53075
33114	-7942.076	-8193.669	251.5928	0.8607369	0.6664327	0.464546	0.535454	6.908211
33120	-7946.783	-8198.381	251.5976	0.8031339	0.652725	0.54972	0.45028	6.946708
33126	-7941.35	-8191.25	249.9	0.7773046	0.5274874	0.438038	0.561962	7.969379
33132	-7928.218	-8178.311	250.0932	0.7407176	0.5203597	0.503465	0.496535	7.891936
33138	-7919.506	-8170.152	250.646	0.7785889	0.5874903	0.504062	0.495938	7.520822
33144	-7935.246	-8185.698	250.4521	0.8194338	0.6979218	0.514353	0.485647	7.520822
33150	-7940.943	-8191.99	251.0463	0.785883	0.7077356	0.518969	0.481031	7.213253
33156	-7943.303	-8193.595	250.2911	0.848092	0.6596459	0.461908	0.538092	7.618939
33162	-7952.496	-8202.691	250.1953	0.778118	0.5100581	0.476036	0.523964	7.826336
33168	-7950.736	-8202.314	251.578	0.8798503	0.4849482	0.467567	0.532433	7.052897
33174	-7956.356	-8208.021	251.6647	0.8157089	0.5793363	0.467567	0.532433	6.960205
33180	-7950.563	-8200.659	250.0955	0.8221452	0.5793363	0.470197	0.529803	7.798466
33186	-7962.972	-8213.623	250.6512	0.8449594	0.6081574	0.524479	0.475521	7.466306
33192	-7957.299	-8208.831	251.5318	0.9188655	0.5992908	0.524479	0.475521	6.960398
33198	-7961.851	-8214.282	252.4315	0.9559915	0.5648749	0.524479	0.475521	6.481954
33204	-7945.762	-8195.501	249.7392	0.8016444	0.6267095	0.459335	0.540665	7.962959
33210	-7943.246	-8194.042	250.7955	0.7087852	0.5785529	0.476296	0.523704	7.485245
33216	-7935.911	-8186.714	250.8029	0.7653746	0.5000059	0.518966	0.481034	7.516996
33222	-7955.692	-8207.082	251.3894	0.7697507	0.641367	0.526211	0.473789	7.085199
33228	-7940.849	-8192.729	251.8794	0.8223887	0.5139956	0.516174	0.483826	6.895614
33234	-7932.89	-8183.528	250.6377	0.8456259	0.6109109	0.516174	0.483826	7.471056
33240	-7942.576	-8193.364	250.7884	0.8998158	0.479632	0.514696	0.485304	7.471056
33246	-7938.579	-8191.231	252.6527	0.8741454	0.614844	0.505879	0.494121	6.366522
33252	-7925.475	-8177.316	251.8411	0.8848894	0.614844	0.490727	0.509273	6.799886
33258	-7926.974	-8177.933	250.9588	0.8848894	0.5301934	0.568923	0.431077	7.34314
33264	-7927.62	-8179.722	252.1016	0.9015997	0.5582553	0.554224	0.445776	6.695363
33270	-7924.908	-8175.266	250.3584	0.7903121	0.5355008	0.425976	0.574024	7.710851
33276	-7926.887	-8177.364	250.4763	0.7500356	0.5578929	0.513523	0.486477	7.650725
33282	-7930.991	-8181.591	250.5996	0.7539883	0.5669239	0.558841	0.441159	7.575278
33288	-7946.242	-8196.86	250.6177	0.7104953	0.5669239	0.459102	0.540898	7.588895
33294	-7936.302	-8186.13	249.8281	0.6939499	0.4982887	0.401877	0.598123	8.077481
33300	-7937.268	-8190.104	252.8355	0.8318041	0.515209	0.516874	0.483126	6.372424
33306	-7935.706	-8187.253	251.5475	0.850698	0.5674643	0.489239	0.510761	7.014085
33312	-7940.311	-8190.74	250.4287	0.7866415	0.5865731	0.48839	0.51161	7.63354
33318	-7935.332	-8185.706	250.374	0.7468172	0.537704	0.48839	0.51161	7.723925
33324	-7948.606	-8198.247	249.6403	0.6848856	0.5083437	0.48543	0.51457	8.173568
33330	-7946.988	-8197.483	250.4953	0.6848856	0.5516844	0.483185	0.516815	7.680528
33336	-7947.001	-8197.003	250.0023	0.7802825	0.5516844	0.496375	0.503625	7.892971
33342	-7941.873	-8192.361	250.4881	0.6769804	0.5393934	0.502999	0.497001	7.698828
33348	-7940.93	-8192.215	251.2848	0.8160135	0.4912021	0.478602	0.521398	7.239218
33354	-7942.67	-8192.976	250.307	0.6658536	0.5064619	0.45326	0.54674	7.829789
33360	-7930.878	-8181.125	250.2464	0.7370863	0.5454094	0.45326	0.54674	7.790885
33366	-7930.96	-8179.384	248.4243	0.6678478	0.4985813	0.45326	0.54674	8.837114
33372	-7936.269	-8187.211	250.9416	0.739201	0.5679914	0.485486	0.514514	7.399103
33378	-7936.873	-8186.735	249.8618	0.8539177	0.5091288	0.485486	0.514514	7.96469
33384	-7930.696	-8180.629	249.9325	0.7507038	0.5008413	0.494085	0.505915	7.989312
33390	-7940.09	-8190.002	249.9122	0.7507038	0.5132289	0.52054	0.47946	7.989312
33396	-7932.128	-8182.23	250.102	0.7869558	0.6421683	0.476523	0.523477	7.765576
33402	-7947.572	-8197.333	249.761	0.757984	0.4587268	0.469645	0.530355	8.115066
33408	-7954.484	-8205.579	251.095	0.7599444	0.5226679	0.476245	0.523755	7.343538
33414	-7948.96	-8199.544	250.5834	0.8258569	0.5157544	0.503364	0.496636	7.588321
33420	-7943.754	-8194.79	251.0363	0.8347004	0.5658299	0.446796	0.553204	7.298846
33426	-7933.648	-8185.512	251.8631	0.8772761	0.4843772	0.574734	0.425266	6.901266
33432	-7940.91	-8193.258	252.349	0.8683005	0.5813059	0.392264	0.607736	6.560762
33438	-7968.461	-8221.845	253.384	0.9564682	0.4309916	0.616285	0.383715	6.085282
33444	-7940.727	-8193.335	252.6077	0.9292365	0.5074752	0.58534	0.41466	6.449966
33450	-7937.058	-8189.373	252.315	0.8966669	0.6459069	0.484559	0.515441	6.513761
33456	-7927.321	-8178.244	250.9234	0.7840984	0.5120392	0.527199	0.472801	7.431831
33462	-7921.759	-8172.821	251.0617	0.8519834	0.5628986	0.454858	0.545142	7.27829
33468	-7925.083	-8175.662	250.5796	0.7300085	0.5430577	0.487888	0.512112	7.618431
33474	-7928.743	-8178.419	249.6753	0.787543	0.7109767	0.476251	0.523749	7.944075
33480	-7929.989	-8181.341	251.351	0.8011342	0.6213071	0.555298	0.444702	7.104052
33486	-7922.856	-8172.552	249.6959	0.7326331	0.5263242	0.490562	0.509438	8.103022
33492	-7937.809	-8187.53	249.7211	0.7074857	0.5263242	0.490562	0.509438	8.103022
33498	-7956.725	-8205.751	249.0255	0.7369204	0.5144452	0.450184	0.549816	8.467649
33504	-7943.423	-8195.608	252.1851	0.8820079	0.4775967	0.439642	0.560358	6.731201
33510	-7946.134	-8199.622	253.488	0.9391625	0.6131147	0.504054	0.495946	5.877658
33516	-7938.567	-8190.807	252.2402	0.8146803	0.6572326	0.49709	0.50291	6.590178
33522	-7941.852	-8192.241	250.3892	0.8299499	0.4833541	0.49709	0.50291	7.7187
33528	-7934.149	-8185.407	251.2577	0.858032	0.6041241	0.49709	0.50291	7.136873
33534	-7957.878	-8209.757	251.8783	0.8247651	0.5283011	0.449416	0.550584	6.882543
33540	-7943.578	-8194.018	250.44	0.7500837	0.5696339	0.485346	0.514654	7.660597
33546	-7932.51	-8183.485	250.9749	0.7226437	0.5905564	0.520614	0.479386	7.372087
33552	-7944.862	-8195.963	251.101	0.7436054	0.6167271	0.457255	0.542745	7.27283
33558	-7938.035	-8189.37	251.3344	0.7738846	0.5896548	0.546942	0.453058	7.152245
33564	-7937.14	-8188.326	251.1866	0.8355525	0.6503047	0.496053	0.503947	7.152245
33570	-7929.462	-8181.616	252.1536	0.8267417	0.5091985	0.54811	0.45189	6.749579
33576	-7921.907	-8173.848	251.9404	0.7647875	0.5091985	0.523537	0.476463	6.898036
33582	-7922.506	-8171.979	249.4732	0.7525723	0.5180282	0.46974	0.53026	8.218091
33588	-7927.92	-8178.197	250.2769	0.7662991	0.6088047	0.516762	0.483238	7.708265
33594	-7941.356	-8191.549	250.193	0.8285305	0.6240351	0.514263	0.485737	7.708265
33600	-7935.24	-8186.831	251.5913	0.8285305	0.454659	0.424017	0.575983	7.101509
33606	-7931.7	-8183.315	251.6156	0.8328735	0.4450792	0.440143	0.559857	7.095258
33612	-7938.965	-8189.728	250.763	0.853425	0.5318075	0.484119	0.515881	7.463604
33618	-7953.064	-8204.338	251.2737	0.853425	0.5725207	0.420556	0.579444	7.155828
33624	-7942.981	-8195.21	252.2288	0.8453145	0.4726414	0.43882	0.56118	6.731999
33630	-7943.776	-8194.385	250.6091	0.78206	0.6158096	0.504835	0.495165	7.516692
33636	-7948.007	-8198.921	250.9134	0.8076218	0.5797186	0.504835	0.495165	7.368088
33642	-7938.192	-8188.531	250.3398	0.7986313	0.5550662	0.484889	0.515111	7.70009
33648	-7939.832	-8189.861	250.0289	0.7964338	0.5385632	0.540751	0.459249	7.881041
33654	-7945.126	-8195.133	250.0069	0.8123968	0.5632146	0.472284	0.527716	7.863924
33660	-7943.13	-8194.005	250.8751	0.8602869	0.4928036	0.40827	0.59173	7.433862
33666	-7945.131	-8196.171	251.0405	0.7818915	0.5820113	0.451073	0.548927	7.311859
33672	-7949.323	-8200.681	251.3576	0.8026305	0.5820113	0.540682	0.459318	7.130374
33678	-7937.583	-8189.068	251.4851	0.8261606	0.556159	0.470022	0.529978	7.070173
33684	-7947.106	-8198.051	250.9448	0.8651546	0.5800097	0.487991	0.512009	7.320175
33690	-7929.191	-8180.431	251.2393	0.8688446	0.5585656	0.44457	0.55543	7.177377
33696	-7930.088	-8180.336	250.2475	0.7823225	0.4774918	0.491541	0.508459	7.825195
33702	-7937.241	-8187.213	249.9725	0.7547412	0.6228628	0.528536	0.471464	7.866381
33708	-7936.86	-8186.193	249.3331	0.7502513	0.6135268	0.528536	0.471464	8.216754
33714	-7934.639	-8186.302	251.6626	0.7979975	0.6258193	0.4608	0.5392	6.934557
33720	-7926.689	-8178.359	251.6701	0.8100974	0.6120493	0.456164	0.543836	6.934557
33726	-7936.084	-8187.006	250.9217	0.867329	0.6196606	0.465191	0.534809	7.300435
33732	-7936.729	-8187.498	250.7698	0.8292363	0.4812822	0.465191	0.534809	7.517329
33738	-7936.902	-8187.407	250.5048	0.8015834	0.5574712	0.465191	0.534809	7.608264
33744	-7926.227	-8176.729	250.5014	0.767226	0.6141677	0.461337	0.538663	7.583566
33750	-7927.324	-8178.288	250.9632	0.7559531	0.5589128	0.467592	0.532408	7.38595
33756	-7918.935	-8169.28	250.3453	0.7661677	0.5589128	0.467592	0.532408	7.711331
33762	-7930.128	-8182.133	252.005	0.7705587	0.485092	0.467592	0.532408	6.881646
33768	-7928.858	-8181.515	252.6569	0.8446335	0.5569664	0.491487	0.508513	6.426663
33774	-7931.853	-8183.571	251.7178	0.7811823	0.5963995	0.461206	0.538794	6.93667
33780	-7931.064	-8181.143	250.079	0.7763343	0.5570461	0.518688	0.481312	7.849743
33786	-7936.973	-8186.861	249.8882	0.7246934	0.5844957	0.514979	0.485021	7.957046
33792	-7929.754	-8179.575	249.8212	0.7246934	0.5844957	0.46575	0.53425	7.992824
33798	-7940.227	-8190.008	249.7809	0.7360941	0.6042501	0.489352	0.510648	7.992824
33804	-7939.237	-8190.568	251.3312	0.8415041	0.5082269	0.531808	0.468192	7.185477
33810	-7941.926	-8191.504	249.5774	0.7234144	0.6165009	0.533902	0.466098	8.098658
33816	-7949.214	-8200.328	251.1141	0.803722	0.6165009	0.436077	0.563923	7.23368
33822	-7953.043	-8203.93	250.8872	0.7491687	0.6518448	0.517578	0.482422	7.358269
33828	-7944.615	-8196.022	251.4069	0.823926	0.5955252	0.532385	0.467615	7.081732
33834	-7947.582	-8198.819	251.2374	0.8147121	0.6074599	0.492707	0.507293	7.168519
33840	-7947.355	-8198.75	251.3947	0.8290166	0.5752378	0.499628	0.500372	7.101667
33846	-7952.155	-8202.596	250.4411	0.7648542	0.4566037	0.499628	0.500372	7.750467
33852	-7943.68	-8193.543	249.8626	0.7574922	0.5227564	0.499628	0.500372	8.003971
33858	-7944.773	-8194.564	249.791	0.7342767	0.5842708	0.498972	0.501028	8.003971
33864	-7929.545	-8181.261	251.7154	0.8297537	0.5842708	0.425328	0.574672	6.921386
33870	-7926.28	-8177.922	251.6427	0.8990851	0.5865112	0.452006	0.547994	6.921386
33876	-7935.776	-8187.106	251.3299	0.8372835	0.5145664	0.452006	0.547994	7.182869
33882	-7949.964	-8201.776	251.8125	0.8243237	0.5145664	0.452006	0.547994	6.930156
33888	-7932.517	-8182.757	250.2401	0.7500702	0.5639583	0.439424	0.560576	7.772067
33894	-7948.397	-8198.611	250.2143	0.8067522	0.5439089	0.439424	0.560576	7.772067
33900	-7942.492	-8193.032	250.5394	0.7756675	0.5434004	0.462039	0.537961	7.615263
33906	-7939.277	-8190.489	251.2124	0.7950718	0.5690207	0.405938	0.594062	7.222938
33912	-7951.31	-8202.245	250.9349	0.8486746	0.6674614	0.438149	0.561851	7.267869
33918	-7939.7	-8190.463	250.7634	0.7487563	0.5479668	0.438149	0.561851	7.505924
33924	-7931.939	-8182.718	250.779	0.7992511	0.482431	0.438149	0.561851	7.527428
33930	-7934.383	-8185.576	251.1934	0.8343088	0.6524221	0.486015	0.513985	7.14768
33936	-7941.854	-8192.302	250.4481	0.8083669	0.5185832	0.481874	0.518126	7.667678
33942	-7938.122	-8188.566	250.4443	0.7982668	0.5488087	0.552649	0.447351	7.64957
33948	-7935.752	-8186.516	250.764	0.7352901	0.4881419	0.464901	0.535099	7.564534
33954	-7934.407	-8185.442	251.0354	0.7445962	0.5771758	0.464901	0.535099	7.338503
33960	-7945.223	-8194.254	249.0318	0.7445962	0.4760495	0.49702	0.50298	8.494189
33966	-7948.22	-8198.764	250.5441	0.7445962	0.6779116	0.406977	0.593023	7.525745
33972	-7941.492	-8190.462	248.9695	0.757428	0.44467	0.529969	0.470031	8.549646
33978	-7936.339	-8186.649	250.3098	0.7592122	0.5783222	0.518165	0.481835	7.718371
33984	-7933.123	-8184.777	251.654	0.8447039	0.5544959	0.518165	0.481835	6.97062
33990	-7925.111	-8177.112	252.0014	0.8447039	0.5677875	0.528038	0.471962	6.772333
33996	-7936.08	-8188.011	251.9318	0.8447039	0.5793295	0.515049	0.484951	6.800558
34002	-7933.869	-8184.467	250.5978	0.7346876	0.5708516	0.515049	0.484951	7.583388
34008	-7949.863	-8198.785	248.9227	0.7041246	0.5708516	0.472451	0.527549	8.492885
34014	-7959.016	-8210.217	251.2014	0.8303184	0.7976235	0.460414	0.539586	7.046256
34020	-7939.316	-8189.994	250.6788	0.7780402	0.4661089	0.47467	0.52533	7.607417
34026	-7931.634	-8182.243	250.6098	0.7249035	0.6006547	0.465461	0.534539	7.558613
34032	-7941.322	-8192.818	251.4962	0.8406453	0.6131794	0.467517	0.532483	7.010892
34038	-7947.857	-8199.152	251.2945	0.720307	0.613568	0.467517	0.532483	7.183825
34044	-7929.471	-8179.924	250.4529	0.7747713	0.6113242	0.467517	0.532483	7.607666
34050	-7933.682	-8182.98	249.2983	0.7703452	0.5051273	0.449312	0.550688	8.312892
34056	-7951.138	-8202.338	251.2004	0.7335586	0.5808049	0.443	0.557	7.252957
34062	-7928.896	-8180.141	251.2454	0.7499389	0.5405851	0.443	0.557	7.252957
34068	-7935.959	-8186.962	251.003	0.8770711	0.4531432	0.443	0.557	7.392812
34074	-7940.645	-8192.528	251.8826	0.8834586	0.5292636	0.560336	0.439664	6.847748
34080	-7932.333	-8184.084	251.7509	0.7975851	0.5292636	0.497817	0.502183	6.965059
34086	-7935.376	-8186.3	250.9241	0.7975851	0.5347349	0.497817	0.502183	7.404725
34092	-7935.012	-8185.669	250.6576	0.7975851	0.5347349	0.497817	0.502183	7.547507
34098	-7935.885	-8187.362	251.4769	0.7975851	0.5800988	0.402295	0.597705	7.070479
34104	-7939.908	-8191.382	251.4741	0.7873151	0.6435717	0.486606	0.513394	7.028521
34110	-7936.978	-8187.906	250.9279	0.8328166	0.6435717	0.486537	0.513463	7.297649
34116	-7937.508	-8189.243	251.7355	0.8622097	0.6277017	0.476038	0.523962	6.85923
34122	-7949.996	-8200.299	250.3033	0.7301464	0.4798246	0.532798	0.467202	7.821179
34128	-7944.257	-8194.053	249.7965	0.7738732	0.5565402	0.478208	0.521792	8.002227
34134	-7943.857	-8195.493	251.6363	0.8820301	0.5154925	0.477465	0.522535	6.993188
34140	-7942.255	-8192.565	250.3096	0.7786472	0.4871598	0.552051	0.447949	7.785255
34146	-7935.059	-8186.197	251.1379	0.7557635	0.4879586	0.571167	0.428833	7.353328
34152	-7946.903	-8197.973	251.0704	0.7678388	0.4991092	0.516939	0.483061	7.373085
34158	-7932.263	-8183.242	250.9793	0.8167279	0.525073	0.512151	0.487849	7.373085
34164	-7932.536	-8183.534	250.9977	0.7811562	0.5358921	0.485811	0.514189	7.373085
34170	-7920.852	-8170.897	250.0457	0.737238	0.6391697	0.485811	0.514189	7.824419
34176	-7928.132	-8179.81	251.6789	0.8447561	0.5238867	0.485811	0.514189	6.983047
34182	-7932.639	-8183.881	251.242	0.8490339	0.5510144	0.485811	0.514189	7.192826
34188	-7945.887	-8197.216	251.3288	0.8669485	0.4929173	0.439566	0.560434	7.186676
34194	-7954.959	-8206.75	251.791	0.8224674	0.6159185	0.418928	0.581072	6.85972
34200	-7946.219	-8197.339	251.1195	0.7997564	0.476278	0.4913	0.5087	7.350246
34206	-7942.097	-8193.147	251.0496	0.8209653	0.4717783	0.4913	0.5087	7.380481
34212	-7953.499	-8204.862	251.3626	0.777361	0.5146991	0.4913	0.5087	7.197423
34218	-7952.832	-8202.945	250.1124	0.7727305	0.6258337	0.523516	0.476484	7.779798
34224	-7932.202	-8182.149	249.9477	0.8120596	0.6258337	0.523516	0.476484	7.846768
34230	-7937.139	-8187.228	250.0891	0.7120539	0.4338819	0.523516	0.476484	7.988323
34236	-7942.956	-8193.123	250.1669	0.7767456	0.4967666	0.424505	0.575495	7.853886
34242	-7953.131	-8203.541	250.4096	0.8131316	0.5237868	0.463578	0.536422	7.68121
34248	-7946.586	-8197.533	250.9478	0.8523861	0.4822923	0.408284	0.591716	7.408621
34254	-7937.66	-8189.016	251.3561	0.8523861	0.5086783	0.479185	0.520815	7.165843
34260	-7939.507	-8191.472	251.9643	0.7751105	0.6600537	0.560507	0.439493	6.75866
34266	-7930.48	-8182.84	252.3595	0.8461777	0.5139267	0.560507	0.439493	6.623652
34272	-7934.745	-8187.874	253.1285	0.838216	0.5869031	0.517812	0.482188	6.149524
34278	-7934.627	-8188.071	253.4436	0.8376082	0.5741748	0.445944	0.554056	5.988499
34284	-7916.656	-8169	252.3437	0.844895	0.5263726	0.443918	0.556082	6.622036
34290	-7932.131	-8183.875	251.7443	0.8880216	0.5122406	0.436326	0.563674	6.934589
34296	-7931.31	-8183.307	251.9973	0.8880216	0.5478377	0.416764	0.583236	6.767692
34302	-7939.412	-8190.994	251.5827	0.7695225	0.4851149	0.416764	0.583236	7.109594
34308	-7939.413	-8190.437	251.0243	0.7887426	0.4727223	0.443265	0.556735	7.410491
34314	-7933.072	-8184.13	251.0583	0.7887426	0.5254683	0.501773	0.498227	7.345344
34320	-7924.248	-8174.925	250.6775	0.8186711	0.4797518	0.468535	0.531465	7.573766
34326	-7917.47	-8169.229	251.7588	0.7720076	0.6417434	0.468535	0.531465	6.884731
34332	-7923.951	-8174.458	250.5073	0.7720076	0.5149231	0.499261	0.500739	7.658574
34338	-7920.887	-8171.526	250.639	0.8343303	0.5248543	0.499261	0.500739	7.546201
34344	-7930.844	-8183.015	252.1713	0.8937011	0.5091106	0.522909	0.477091	6.7039
34350	-7941.538	-8192.909	251.3714	0.8840901	0.5365611	0.439662	0.560338	7.116512
34356	-7948.318	-8200.025	251.7067	0.8588249	0.6393904	0.444118	0.555882	6.867753
34362	-7944.519	-8196.552	252.0331	0.8729914	0.6312859	0.437516	0.562484	6.690058
34368	-7936.646	-8188.146	251.5	0.7880276	0.5058948	0.520269	0.479731	7.125507
34374	-7931.165	-8181.074	249.9086	0.7313799	0.5342822	0.454471	0.545529	7.983566
34380	-7934.195	-8183.31	249.115	0.7688471	0.5517042	0.476914	0.523086	8.371802
34386	-7942.201	-8193.338	251.1371	0.8182001	0.5609415	0.476914	0.523086	7.257535
34392	-7949.829	-8200.782	250.9528	0.7750926	0.4878609	0.476914	0.523086	7.442303
34398	-7950.22	-8201.168	250.9486	0.8874248	0.5725146	0.462639	0.537361	7.312191
34404	-7944.471	-8195.568	251.0973	0.8217552	0.5191141	0.448572	0.551428	7.312191
34410	-7954.712	-8203.836	249.1235	0.7037934	0.573297	0.511829	0.488171	8.384378
34416	-7952.93	-8204.094	251.1639	0.8054694	0.537662	0.511829	0.488171	7.269365
34422	-7957.384	-8209.241	251.8569	0.8709349	0.5605505	0.400012	0.599988	6.842092
34428	-7952.681	-8203.779	251.0985	0.8737417	0.5329405	0.461892	0.538108	7.271794
34434	-7958.359	-8208.215	249.8561	0.8400194	0.6294968	0.461892	0.538108	7.878027
34440	-7956.583	-8206.93	250.347	0.7236391	0.5098158	0.461119	0.538881	7.774619
34446	-7957.513	-8206.659	249.1456	0.7710667	0.5293462	0.461119	0.538881	8.372911
34452	-7962.995	-8212.809	249.814	0.7710667	0.4830666	0.51489	0.48511	8.057504
34458	-7940.647	-8190.826	250.179	0.7265013	0.5797714	0.51489	0.48511	7.804578
34464	-7968.864	-8219.702	250.8378	0.7230767	0.524471	0.453729	0.546271	7.499641
34470	-7958.301	-8207.959	249.6577	0.6679331	0.5483812	0.487264	0.512736	8.13935
34476	-7965.061	-8214.007	248.9463	0.7027945	0.5549892	0.530721	0.469279	8.493851
34482	-7945.732	-8195.628	249.896	0.742898	0.5167516	0.467728	0.532272	7.999082
34488	-7936.135	-8187.03	250.895	0.7761074	0.44574	0.467728	0.532272	7.511905
34494	-7935.423	-8186.486	251.0633	0.7507613	0.4727191	0.499721	0.500279	7.409941
34500	-7933.541	-8184.672	251.1311	0.8307543	0.4727191	0.514431	0.485569	7.330638
34506	-7933.555	-8184.939	251.3847	0.7125216	0.5133573	0.514431	0.485569	7.221507
34512	-7942.8	-8193.853	251.0528	0.8027	0.5133573	0.51363	0.48637	7.351293
34518	-7935.311	-8187.261	251.9495	0.8338786	0.4995905	0.51363	0.48637	6.864369
34524	-7928.388	-8180.856	252.4683	0.8338786	0.4834623	0.51363	0.48637	6.598706
34530	-7925.481	-8176.592	251.1115	0.8526936	0.5372674	0.497944	0.502056	7.272457
34536	-7943.763	-8195.149	251.386	0.838114	0.5377933	0.498494	0.501506	7.132367
34542	-7939.201	-8190.039	250.838	0.835812	0.5135922	0.467506	0.532494	7.448541
34548	-7940.238	-8191.146	250.9083	0.7995363	0.4928919	0.467506	0.532494	7.448541
34554	-7951.027	-8202.312	251.2847	0.7995363	0.4521967	0.48994	0.51006	7.284207
34560	-7941.98	-8193.682	251.7018	0.7961877	0.5031872	0.48994	0.51006	7.014961
34566	-7944.388	-8195.484	251.0962	0.8170874	0.4414928	0.457149	0.542851	7.386159
34572	-7929.536	-8181.394	251.8579	0.8146821	0.4414928	0.485802	0.514198	6.978093
34578	-7934.221	-8186.87	252.6489	0.9613598	0.5132815	0.534266	0.465734	6.405059
34584	-7936.762	-8188.894	252.1322	0.8861268	0.479164	0.502121	0.497879	6.756084
34590	-7926.063	-8176.416	250.3528	0.7951588	0.6245114	0.502121	0.497879	7.640281
34596	-7922.301	-8172.835	250.5335	0.7447171	0.529363	0.49545	0.50455	7.646773
34602	-7933.353	-8185.071	251.7184	0.8827089	0.529363	0.44365	0.55635	6.936602
34608	-7932.036	-8183.384	251.3475	0.8438519	0.5343008	0.531022	0.468978	7.15295
34614	-7934.906	-8186.347	251.4414	0.80121	0.5024882	0.488523	0.511477	7.15295
34620	-7951.419	-8202.986	251.5671	0.7730464	0.5487805	0.513018	0.486982	7.060745
34626	-7943.826	-8195.756	251.9303	0.7730464	0.5059974	0.499199	0.500801	6.901838
34632	-7938.316	-8190.016	251.7	0.8899323	0.5785282	0.490391	0.509609	6.901838
34638	-7938.162	-8187.384	249.2221	0.697255	0.4594104	0.490391	0.509609	8.43355
34644	-7941.739	-8192.551	250.8114	0.8390949	0.5258142	0.482218	0.517782	7.450498
34650	-7933.312	-8184.697	251.3849	0.8981905	0.5258142	0.419128	0.580872	7.110853
34656	-7951.054	-8202.392	251.3373	0.9186624	0.4975545	0.419128	0.580872	7.150173
34662	-7941.682	-8192.344	250.6619	0.8840628	0.4709027	0.430399	0.569601	7.555226
34668	-7949.645	-8202.145	252.4995	0.9900755	0.565942	0.4565	0.5435	6.425772
34674	-7925.062	-8175.799	250.7379	0.7668446	0.5918524	0.503459	0.496541	7.47444
34680	-7935.098	-8185.982	250.8841	0.8366355	0.5918524	0.506445	0.493555	7.358628
34686	-7938.313	-8189.468	251.1547	0.8311457	0.5951163	0.466437	0.533563	7.213734
34692	-7923.551	-8173.496	249.9452	0.7781856	0.5016842	0.466437	0.533563	7.967135
34698	-7929.517	-8180.623	251.1056	0.8540085	0.5344867	0.467978	0.532022	7.277283
34704	-7941.792	-8192.914	251.1219	0.7689838	0.5588596	0.467978	0.532022	7.293834
34710	-7939.602	-8189.726	250.1239	0.7018617	0.5588596	0.45934	0.54066	7.864054
34716	-7932.351	-8182.495	250.1438	0.7868411	0.4931557	0.534291	0.465709	7.864054
34722	-7940.528	-8190.526	249.9987	0.8194319	0.5638524	0.534291	0.465709	7.864054
34728	-7940.761	-8191.271	250.5093	0.8383775	0.5477881	0.568202	0.431798	7.594164
34734	-7935.663	-8186.077	250.4143	0.8383775	0.4769891	0.548244	0.451756	7.706568
34740	-7929.833	-8180.096	250.2637	0.7305742	0.5377719	0.491836	0.508164	7.791517
34746	-7934.014	-8183.854	249.8395	0.7305742	0.686308	0.434466	0.565534	7.904016
34752	-7932.476	-8184.227	251.7502	0.7987959	0.5227094	0.516803	0.483197	6.970377
34758	-7943.348	-8193.798	250.4503	0.7784382	0.474085	0.55426	0.44574	7.722046
34764	-7929.777	-8180.632	250.8554	0.7955149	0.4764264	0.561594	0.438406	7.493978
34770	-7936.483	-8187.334	250.851	0.7295473	0.5041354	0.561594	0.438406	7.506776
34776	-7932.844	-8181.424	248.5799	0.7295473	0.5251832	0.510002	0.489998	8.698953
34782	-7938.795	-8189.6	250.8048	0.8051534	0.4726206	0.451967	0.548033	7.51941
34788	-7932.967	-8183.158	250.1916	0.7026562	0.4873977	0.451967	0.548033	7.888655
34794	-7924.198	-8175.832	251.6333	0.873647	0.6101512	0.445188	0.554812	6.921611
34800	-7927.952	-8178.974	251.0222	0.8264139	0.5241971	0.450026	0.549974	7.345625
34806	-7932.43	-8183.146	250.7167	0.7194365	0.5634215	0.414849	0.585151	7.533949
34812	-7947.955	-8198.694	250.7387	0.7938378	0.549853	0.476887	0.523113	7.493434
34818	-7944.556	-8195.174	250.6181	0.8318454	0.6051254	0.476887	0.523113	7.493434
34824	-7939.206	-8189.669	250.4634	0.697321	0.5046314	0.488448	0.511552	7.730967
34830	-7938.48	-8188.345	249.8647	0.7688016	0.4931142	0.488448	0.511552	8.022667
34836	-7945.976	-8197.075	251.0991	0.8026699	0.4973842	0.551384	0.448616	7.340518
34842	-7959.368	-8209.016	249.6482	0.7225551	0.4468334	0.560667	0.439333	8.205248
34848	-7975.328	-8226.507	251.1785	0.754074	0.6270218	0.527201	0.472799	7.217745
34854	-7944.57	-8195.314	250.7432	0.7423015	0.6174065	0.422728	0.577272	7.464925
34860	-7954.954	-8205.418	250.4636	0.7994803	0.6022286	0.433345	0.566655	7.595721
34866	-7957.636	-8209.604	251.9674	0.8602934	0.5434837	0.475689	0.524311	6.802434
34872	-7937.67	-8188.554	250.8848	0.8602934	0.5621863	0.455457	0.544543	7.369362
34878	-7931.392	-8182.374	250.9819	0.8445283	0.5514036	0.449884	0.550116	7.334588
34884	-7935.07	-8185.421	250.3504	0.7760409	0.4865418	0.50066	0.49934	7.7654
34890	-7936.341	-8186.506	250.1644	0.8156807	0.4865418	0.50066	0.49934	7.843608
34896	-7931.538	-8182.626	251.0879	0.8156807	0.5436803	0.503263	0.496737	7.299621
34902	-7932.258	-8182.441	250.1832	0.7345611	0.5241721	0.463387	0.536613	7.843892
34908	-7909.856	-8160.692	250.8358	0.7919215	0.6104369	0.522324	0.477676	7.394026
34914	-7925.547	-8176.759	251.2124	0.7921664	0.6104369	0.429623	0.570377	7.191755
34920	-7946.826	-8197.283	250.4572	0.8212083	0.6982692	0.531541	0.468459	7.51688
34926	-7941.127	-8192.342	251.2151	0.8134158	0.6982692	0.483774	0.516226	7.114327
34932	-7942.972	-8194.175	251.2029	0.811458	0.7091364	0.485389	0.514611	7.114327
34938	-7939.435	-8191.014	251.5785	0.8525002	0.5589983	0.485195	0.514805	7.003367
34944	-7950.866	-8201.59	250.7236	0.8306058	0.5968642	0.51012	0.48988	7.443998
34950	-7937.078	-8188.15	251.0725	0.8374896	0.4580859	0.49736	0.50264	7.37213
34956	-7946.002	-8196.698	250.696	0.8500219	0.5678079	0.476657	0.523343	7.471515
34962	-7950.573	-8201.704	251.1313	0.8117344	0.5884273	0.527821	0.472179	7.24202
34968	-7947.221	-8198.608	251.3872	0.775156	0.5884273	0.527821	0.472179	7.124167
34974	-7955.093	-8206.405	251.3123	0.8262759	0.6263149	0.47382	0.52618	7.107571
34980	-7950.193	-8200.587	250.3938	0.7521366	0.5477628	0.487033	0.512967	7.702113
34986	-7941.195	-8191.586	250.3914	0.7544571	0.5477628	0.502347	0.497653	7.702113
34992	-7952.869	-8202.345	249.4752	0.7056724	0.7377535	0.516789	0.483211	8.07631
34998	-7957.675	-8208.132	250.4577	0.7517606	0.6179683	0.450974	0.549026	7.612336
35004	-7938.024	-8188.929	250.9055	0.7939832	0.5543971	0.450974	0.549026	7.4002
35010	-7932.179	-8182.723	250.5437	0.8192172	0.5485441	0.537548	0.462452	7.585334
35016	-7936.989	-8187.577	250.5885	0.7343836	0.5641912	0.461161	0.538839	7.593958
35022	-7941.299	-8191.703	250.4034	0.8173197	0.6049322	0.546802	0.453198	7.616315
35028	-7929.966	-8181.008	251.0421	0.7992718	0.6107304	0.478068	0.521932	7.27917
35034	-7920.989	-8172.24	251.2501	0.7992718	0.5504463	0.478068	0.521932	7.215694
35040	-7933.768	-8185.499	251.7311	0.8250466	0.4911319	0.526421	0.473579	6.994416
35046	-7929.034	-8180.553	251.5189	0.8503689	0.4975315	0.531609	0.468391	7.089223
35052	-7933.195	-8184.592	251.3969	0.8257787	0.5234245	0.508484	0.491516	7.145378
35058	-7932.657	-8185.324	252.6667	0.8257787	0.5368744	0.508484	0.491516	6.448478
35064	-7932.814	-8185.517	252.7032	0.8115894	0.5368744	0.447786	0.552214	6.43639
35070	-7923.86	-8176.238	252.3781	0.8236274	0.5679922	0.472673	0.527327	6.57998
35076	-7926.507	-8176.675	250.168	0.8770486	0.5700058	0.552719	0.447281	7.737871
35082	-7922.227	-8173.944	251.7171	0.8777193	0.5506609	0.504923	0.495077	6.922011
35088	-7940.895	-8193.108	252.2138	0.8067381	0.4965589	0.504923	0.495077	6.739092
35094	-7938.336	-8190.155	251.8192	0.883155	0.4469102	0.443058	0.556942	6.956831
35100	-7959.059	-8209.458	250.3997	0.7636133	0.5077189	0.532947	0.467053	7.726908
35106	-7956.365	-8208.18	251.8142	0.8241359	0.7313281	0.532947	0.467053	6.762879
35112	-7939.277	-8191.315	252.0385	0.864889	0.5419593	0.527158	0.472842	6.762879
35118	-7939.423	-8191.766	252.3422	0.864889	0.5593722	0.457229	0.542771	6.584165
35124	-7946.36	-8196.926	250.5655	0.7642553	0.5022384	0.50262	0.49738	7.642711
35130	-7933.999	-8184.877	250.8784	0.790039	0.5022384	0.459366	0.540634	7.461348
35136	-7941.547	-8192.608	251.0614	0.8081365	0.5001644	0.459366	0.540634	7.355367
35142	-7939.292	-8190.919	251.6276	0.8343287	0.5464103	0.44226	0.55774	6.997163
35148	-7939.106	-8190.711	251.6045	0.7651553	0.6080828	0.523897	0.476103	6.997163
35154	-7924.65	-8175.053	250.4031	0.7651553	0.5462671	0.548036	0.451964	7.691379
35160	-7928.615	-8180.152	251.537	0.7539563	0.59902	0.440465	0.559535	7.046608
35166	-7924.883	-8175.991	251.1079	0.8068596	0.5586747	0.440465	0.559535	7.281174
35172	-7926.908	-8177.512	250.6035	0.7866725	0.5558191	0.446091	0.553909	7.564766
35178	-7933.098	-8185.11	252.0113	0.8338442	0.5976724	0.489322	0.510678	6.74893
35184	-7937.21	-8187.702	250.4922	0.8338442	0.4661878	0.472076	0.527924	7.677292
35190	-7941.258	-8192.081	250.8232	0.8338442	0.5132152	0.465898	0.534102	7.457855
35196	-7929.669	-8181.03	251.362	0.7798166	0.5322865	0.465898	0.534102	7.181272
35202	-7928.834	-8179.243	250.4089	0.6942931	0.5447926	0.489933	0.510067	7.727413
35208	-7928.736	-8179.85	251.114	0.8000176	0.506384	0.469215	0.530785	7.326006
35214	-7942.227	-8191.98	249.7529	0.7705535	0.5325857	0.469215	0.530785	8.047135
35220	-7946.523	-8197.087	250.5647	0.8377937	0.5828318	0.464997	0.535003	7.536336
35226	-7951.284	-8202.357	251.0727	0.8597669	0.4934102	0.464997	0.535003	7.327612
35232	-7952.24	-8202.665	250.4251	0.8141622	0.4459671	0.446095	0.553905	7.742768
35238	-7939.087	-8191.226	252.1385	0.8778714	0.4489797	0.486209	0.513791	6.785512
35244	-7938.863	-8192.107	253.2439	0.8778714	0.5161345	0.534616	0.465384	6.124647
35250	-7943.491	-8195.12	251.6293	0.9256293	0.5161345	0.452155	0.547845	6.97291
35256	-7938.462	-8190.87	252.408	0.9150638	0.5105999	0.452155	0.547845	6.563036
35262	-7946.309	-8196.819	250.5104	0.7787748	0.6407153	0.36996	0.63004	7.552553
35268	-7930.273	-8181.585	251.3118	0.8039015	0.5917858	0.570243	0.429757	7.146595
35274	-7935.142	-8186.791	251.6493	0.8033663	0.6023584	0.516488	0.483512	6.95691
35280	-7923.446	-8175.437	251.9908	0.7733086	0.6036099	0.412892	0.587108	6.788026
35286	-7931.037	-8181.293	250.2553	0.7733086	0.4614558	0.482445	0.517555	7.840684
35292	-7941.058	-8191.72	250.6619	0.7731303	0.6618696	0.482445	0.517555	7.458887
35298	-7918.217	-8169.68	251.4625	0.7844419	0.6378349	0.472492	0.527508	7.040586
35304	-7941.225	-8194.248	253.0235	0.8349717	0.5811593	0.415564	0.584436	6.213038
35310	-7935.617	-8185.573	249.9554	0.7916481	0.510796	0.467613	0.532387	7.946521
35316	-7953.582	-8203.549	249.9669	0.7802129	0.510796	0.513588	0.486412	7.946521
35322	-7935.808	-8185.694	249.8859	0.7802129	0.4878795	0.443222	0.556778	8.009951
35328	-7933.25	-8183.68	250.4295	0.7651905	0.6108226	0.554871	0.445129	7.625691
35334	-7937.652	-8187.887	250.2349	0.7783005	0.5490212	0.510298	0.489702	7.771985
35340	-7936.646	-8187.583	250.937	0.8142808	0.5235796	0.48821	0.51179	7.398329
35346	-7925.884	-8176.602	250.7189	0.6917207	0.5150743	0.500674	0.499326	7.58821
35352	-7937.356	-8187.84	250.4832	0.8048441	0.5106753	0.430072	0.569928	7.657591
35358	-7930.783	-8181.798	251.0155	0.8289691	0.506412	0.436873	0.563127	7.363279
35364	-7935.917	-8186.605	250.6882	0.7532609	0.6779811	0.453819	0.546181	7.44382
35370	-7946.73	-8196.657	249.927	0.7203559	0.5110164	0.428399	0.571601	7.999499
35376	-7962.509	-8211.81	249.3004	0.6940383	0.5356863	0.428399	0.571601	8.326242
35382	-7947.302	-8196.024	248.722	0.764269	0.5356863	0.485709	0.514291	8.59628
35388	-7924.543	-8174.231	249.6879	0.7035491	0.5317403	0.406592	0.593408	8.118204
35394	-7927.518	-8177.961	250.4428	0.7563938	0.5806334	0.533652	0.466348	7.646889
35400	-7928.452	-8179.047	250.5954	0.7707887	0.5115229	0.513427	0.486573	7.615061
35406	-7936.887	-8187.744	250.8573	0.8191236	0.540256	0.442729	0.557271	7.424345
35412	-7934.209	-8184.95	250.7409	0.7235356	0.6779086	0.53416	0.46584	7.431557
35418	-7944.44	-8195.124	250.6835	0.789072	0.5635814	0.507543	0.492457	7.514287
35424	-7927.847	-8179.081	251.2346	0.7400775	0.6467606	0.503289	0.496711	7.180361
35430	-7929.774	-8181.582	251.8074	0.8282053	0.5044086	0.503289	0.496711	6.939739
35436	-7928.076	-8180.311	252.2348	0.8282053	0.5950096	0.464033	0.535967	6.633274
35442	-7925.114	-8177.024	251.91	0.8430415	0.591726	0.519839	0.480161	6.803316
35448	-7939.405	-8189.453	250.0482	0.7586604	0.591726	0.517843	0.482157	7.84782
35454	-7948.99	-8199.069	250.0796	0.878955	0.5515812	0.490234	0.509766	7.79911
35460	-7920.108	-8172.635	252.5276	0.878955	0.5262764	0.490234	0.509766	6.504154
35466	-7930.041	-8181.12	251.0787	0.8418474	0.5564738	0.538196	0.461804	7.279875
35472	-7922.069	-8174.006	251.9375	0.7669618	0.5868139	0.435596	0.564404	6.833425
35478	-7916.283	-8168.169	251.8861	0.8317538	0.6040851	0.510046	0.489954	6.812617
35484	-7927.225	-8178.798	251.5733	0.8317538	0.5048242	0.484973	0.515027	7.063537
35490	-7935.056	-8186.696	251.6403	0.8075285	0.526703	0.500903	0.499097	7.021455
35496	-7932.544	-8183.939	251.395	0.8811822	0.4612559	0.500903	0.499097	7.172502
35502	-7924.82	-8175.768	250.9479	0.8718007	0.5316927	0.500903	0.499097	7.354746
35508	-7930.363	-8180.926	250.5622	0.8340182	0.5974486	0.506412	0.493588	7.528187
35514	-7937.391	-8188.76	251.3688	0.7960658	0.5284681	0.479702	0.520298	7.172112
35520	-7927.961	-8178.758	250.7964	0.764056	0.5517	0.529909	0.470091	7.476964
35526	-7923.531	-8174.12	250.5884	0.7170357	0.4951112	0.480611	0.519389	7.662047
35532	-7933.063	-8184.257	251.1944	0.7869385	0.5105068	0.472367	0.527633	7.286249
35538	-7939.48	-8189.855	250.3753	0.9066369	0.4358143	0.505237	0.494763	7.729708
35544	-7933.779	-8184.366	250.5869	0.7685372	0.5185149	0.505237	0.494763	7.614755
35550	-7935.595	-8186.873	251.2777	0.7808954	0.4898163	0.512558	0.487442	7.26316
35556	-7941.359	-8192.515	251.1565	0.7911382	0.5119647	0.444547	0.555453	7.303082
35562	-7935.607	-8186.734	251.1269	0.8207306	0.5119647	0.472149	0.527851	7.303082
35568	-7944.706	-8196.221	251.5151	0.7895333	0.6387597	0.503192	0.496808	7.008801
35574	-7947.734	-8199.282	251.5482	0.7526477	0.6415046	0.476349	0.523651	7.008801
35580	-7940.642	-8191.718	251.0757	0.7963246	0.4774229	0.487943	0.512057	7.374492
35586	-7940.244	-8192.69	252.4457	0.8798871	0.5778217	0.465567	0.534433	6.504944
35592	-7929.383	-8181.837	252.454	0.8192164	0.6752484	0.487991	0.512009	6.458803
35598	-7937.797	-8188.285	250.4881	0.8421865	0.6631453	0.481928	0.518072	7.514098
35604	-7945.046	-8196.988	251.9417	0.9086805	0.6812206	0.481928	0.518072	6.683339
35610	-7944.608	-8196.471	251.8628	0.8286513	0.474211	0.421452	0.578548	6.936956
35616	-7942.102	-8193.92	251.8183	0.8628929	0.7324498	0.486338	0.513662	6.738982
35622	-7932.816	-8184.527	251.7109	0.8628929	0.6168072	0.486338	0.513662	6.880477
35628	-7933.317	-8184.329	251.0117	0.7647424	0.6153641	0.506969	0.493031	7.310491
35634	-7940.279	-8190.93	250.6507	0.8353673	0.568329	0.465613	0.534387	7.503201
35640	-7943.999	-8195.927	251.928	0.7707433	0.5769557	0.465613	0.534387	6.844411
35646	-7947.493	-8199.954	252.4618	0.8444541	0.5769557	0.461654	0.538346	6.516099
35652	-7938.994	-8189.405	250.4112	0.743526	0.6178632	0.456648	0.543352	7.641727
35658	-7927.02	-8177.411	250.3911	0.7385839	0.5262204	0.452512	0.547488	7.728912
35664	-7935.852	-8187.382	251.5299	0.7688293	0.5016793	0.452512	0.547488	7.123507
35670	-7946.088	-8198.226	252.1377	0.8837877	0.5992339	0.449901	0.550099	6.652397
35676	-7929.042	-8182.168	253.126	0.8837877	0.5677328	0.490185	0.509815	6.141702
35682	-7927.253	-8178.358	251.1047	0.8295332	0.5879944	0.500901	0.499099	7.247073
35688	-7922.382	-8173.354	250.9712	0.7518229	0.531911	0.467528	0.532472	7.406414
35694	-7939.027	-8189.96	250.9335	0.7542516	0.554508	0.544206	0.455794	7.406414
35700	-7939.149	-8189.958	250.8093	0.8002656	0.554508	0.490317	0.509683	7.448343
35706	-7942.378	-8193.312	250.9344	0.7878714	0.4845021	0.549115	0.450885	7.448343
35712	-7935.533	-8186.596	251.0633	0.7649445	0.6026615	0.498204	0.501796	7.292448
35718	-7938.708	-8190.7	251.9925	0.8190559	0.5752135	0.492098	0.507902	6.784953
35724	-7944.919	-8197.267	252.348	0.8190559	0.5085829	0.404225	0.595775	6.649236
35730	-7942.491	-8194.003	251.5122	0.8817377	0.5571316	0.447553	0.552447	7.024858
35736	-7936.233	-8187.914	251.6809	0.9208298	0.5456426	0.474327	0.525673	6.922466
35742	-7947.802	-8199.389	251.5874	0.8797391	0.5456426	0.445395	0.554605	6.994969
35748	-7947.143	-8198.668	251.5256	0.8856949	0.5824324	0.454429	0.545571	6.994969
35754	-7940.007	-8190.541	250.5342	0.8620372	0.5121639	0.454429	0.545571	7.598434
35760	-7932.269	-8183.612	251.3428	0.8751531	0.4956054	0.515112	0.484888	7.172356
35766	-7934.163	-8185.732	251.5694	0.9044844	0.4956054	0.437051	0.562949	7.034665
35772	-7944.031	-8195.142	251.1103	0.72733	0.544151	0.469654	0.530346	7.334594
35778	-7944.098	-8194.539	250.441	0.7336981	0.544151	0.462655	0.537345	7.689718
35784	-7946.46	-8196.996	250.5366	0.7469561	0.6590105	0.462655	0.537345	7.542094
35790	-7942.018	-8192.727	250.7089	0.805507	0.6574738	0.462655	0.537345	7.419543
35796	-7943.227	-8194.344	251.1175	0.7730626	0.4573788	0.451532	0.548468	7.383192
35802	-7945.567	-8196.371	250.8038	0.7938695	0.4092425	0.451532	0.548468	7.587212
35808	-7953.979	-8203.946	249.9671	0.8149896	0.4331887	0.451532	0.548468	7.999179
35814	-7951.539	-8201.375	249.8359	0.8181714	0.5073031	0.46785	0.53215	7.999179
35820	-7950.451	-8200.805	250.3546	0.8342578	0.5535923	0.46785	0.53215	7.674335
35826	-7956.242	-8206.849	250.6071	0.7354669	0.660214	0.457796	0.542204	7.509607
35832	-7948.674	-8199.108	250.4345	0.8030912	0.530565	0.537358	0.462642	7.667524
35838	-7945.195	-8196.974	251.7789	0.8575142	0.530565	0.475395	0.524605	6.916536
35844	-7928.566	-8180.282	251.716	0.8192153	0.530565	0.513297	0.486703	6.971065
35850	-7936.969	-8187.113	250.1434	0.766581	0.6149681	0.506332	0.493668	7.774747
35856	-7937.465	-8187.694	250.2285	0.8094222	0.529984	0.519527	0.480473	7.774747
35862	-7953.167	-8204.221	251.0549	0.7829944	0.597856	0.455072	0.544928	7.291047
35868	-7952.536	-8203.614	251.0772	0.8091789	0.4864439	0.527593	0.472407	7.358618
35874	-7952.718	-8204.649	251.9311	0.8784587	0.5765612	0.502434	0.497566	6.784939
35880	-7946.208	-8197.307	251.0998	0.7615197	0.5250762	0.49087	0.50913	7.338046
35886	-7948.484	-8199.482	250.9976	0.8333841	0.6527893	0.465626	0.534374	7.253092
35892	-7946.56	-8197.724	251.1645	0.8333841	0.5387957	0.497216	0.502784	7.253092
35898	-7950.509	-8198.853	248.3445	0.6660677	0.5671576	0.559736	0.440264	8.822844
35904	-7947.994	-8198.226	250.2316	0.6867368	0.5797751	0.576599	0.423401	7.797719
35910	-7947.776	-8197.769	249.9927	0.8280024	0.4980904	0.490962	0.509038	7.918349
35916	-7940.813	-8190.836	250.0226	0.7860951	0.5053776	0.490962	0.509038	7.918349
35922	-7943.567	-8195.29	251.7226	0.7860951	0.4671077	0.490962	0.509038	7.041966
35928	-7936.253	-8187.294	251.0413	0.8484595	0.4671077	0.490962	0.509038	7.374499
35934	-7944.466	-8195.14	250.6744	0.8211707	0.5552148	0.512486	0.487514	7.508809
35940	-7940.438	-8189.847	249.408	0.7750664	0.5098893	0.448056	0.551944	8.247849
35946	-7952.352	-8202.354	250.0019	0.8170403	0.561082	0.472418	0.527582	7.86586
35952	-7947.713	-8199.287	251.5735	0.8869352	0.5264015	0.506321	0.493679	7.014926
35958	-7955.894	-8207.498	251.6041	0.863032	0.5221766	0.506321	0.493679	7.014926
35964	-7934.639	-8185.911	251.2719	0.8341148	0.495919	0.522102	0.477898	7.232204
35970	-7922.039	-8173.613	251.5741	0.87041	0.5830856	0.434546	0.565454	6.976539
35976	-7928.073	-8179.147	251.0744	0.8976908	0.5410514	0.520779	0.479221	7.265047
35982	-7925.899	-8174.786	248.887	0.7232835	0.5651625	0.532714	0.467286	8.506208
35988	-7927.222	-8177.401	250.1784	0.756624	0.6464174	0.465896	0.534104	7.737785
35994	-7931.822	-8182.092	250.2696	0.7522443	0.6132327	0.479395	0.520605	7.716303
36000	-7949.057	-8199.518	250.4611	0.8333745	0.5852856	0.479395	0.520605	7.592243
36006	-7941.883	-8192.161	250.2779	0.647791	0.5291375	0.439554	0.560446	7.835393
36012	-7934.122	-8184.346	250.2233	0.7024266	0.5291375	0.563491	0.436509	7.835393
36018	-7935.412	-8184.294	248.8823	0.7572672	0.4726293	0.563491	0.436509	8.569987
36024	-7924.054	-8175.613	251.5588	0.8034322	0.541504	0.550349	0.449651	7.054942
36030	-7929.331	-8180.356	251.0243	0.7904326	0.541504	0.431623	0.568377	7.349091
36036	-7926.076	-8177.642	251.566	0.8501444	0.4963589	0.501329	0.498671	7.065101
36042	-7935.404	-8186.963	251.5587	0.8405605	0.5065515	0.455739	0.544261	7.065101
36048	-7934.914	-8186.443	251.5289	0.7594566	0.5065515	0.510127	0.489873	7.124765
36054	-7945.981	-8196.392	250.4105	0.7980581	0.4812256	0.469392	0.530608	7.726334
36060	-7936.797	-8188.336	251.5394	0.8287891	0.5495697	0.475629	0.524371	7.044981
36066	-7933.438	-8185.105	251.6668	0.9329054	0.486745	0.444467	0.555533	6.974919
36072	-7943.781	-8195.504	251.7226	0.9087275	0.4682161	0.444467	0.555533	6.974919
36078	-7944.248	-8195.938	251.6905	0.8460416	0.4895912	0.419733	0.580267	7.006327
36084	-7951.514	-8202.709	251.1959	0.836164	0.5374333	0.419733	0.580267	7.23589
36090	-7955.739	-8206.775	251.0359	0.8294978	0.4676419	0.418806	0.581194	7.387092
36096	-7951.132	-8203.386	252.2539	0.7847223	0.47871	0.418806	0.581194	6.745564
36102	-7948.676	-8199.453	250.7768	0.821822	0.5145664	0.479561	0.520439	7.487967
36108	-7959.727	-8211.238	251.5116	0.8068288	0.5161418	0.450873	0.549127	7.100221
36114	-7941.767	-8193.4	251.6331	0.8205877	0.5652284	0.53598	0.46402	6.986023
36120	-7940.257	-8190.67	250.4135	0.7655396	0.6046715	0.525734	0.474266	7.638835
36126	-7926.616	-8177.986	251.3707	0.8156024	0.6046715	0.474414	0.525586	7.098489
36132	-7920.932	-8171.943	251.0109	0.8156024	0.608775	0.415481	0.584519	7.288677
36138	-7936.549	-8187.439	250.89	0.8156024	0.4713563	0.537917	0.462083	7.469339
36144	-7922.801	-8172.62	249.8188	0.7850355	0.5348385	0.537917	0.462083	8.002348
36150	-7926.592	-8177.838	251.2461	0.7527174	0.5170177	0.506059	0.493941	7.271205
36156	-7938.144	-8188.079	249.9343	0.7789853	0.4648973	0.506059	0.493941	8.005731
36162	-7945.276	-8197.269	251.9926	0.8760392	0.5558581	0.568617	0.431383	6.770017
36168	-7939.308	-8190.347	251.0394	0.8178933	0.5558581	0.472908	0.527092	7.314367
36174	-7935.156	-8186.108	250.9515	0.8178933	0.5444198	0.437423	0.562577	7.370996
36180	-7936.714	-8187.546	250.8317	0.8318783	0.5529836	0.437423	0.562577	7.420632
36186	-7929.995	-8181.355	251.3593	0.8205604	0.5272485	0.513103	0.486897	7.165142
36192	-7932.834	-8185.131	252.2968	0.8507351	0.4693092	0.513103	0.486897	6.695425
36198	-7941.74	-8192.665	250.9257	0.7564216	0.5739189	0.489539	0.510461	7.393598
36204	-7940.741	-8192.208	251.4665	0.8304501	0.5221633	0.478565	0.521435	7.106557
36210	-7941.482	-8192.943	251.4619	0.8611446	0.5651991	0.410475	0.589525	7.056399
36216	-7938.049	-8189.134	251.0848	0.8312012	0.5751187	0.410475	0.589525	7.267128
36222	-7926.274	-8178.28	252.0065	0.9222929	0.6131209	0.410475	0.589525	6.691701
36228	-7923.709	-8175.125	251.4161	0.78965	0.5863691	0.473529	0.526471	7.10242
36234	-7935.434	-8187.985	252.5509	0.8406362	0.557416	0.397113	0.602887	6.485923
36240	-7935.125	-8187.639	252.5139	0.86012	0.4872779	0.52169	0.47831	6.556347
36246	-7943.402	-8195.036	251.6336	0.8703629	0.6591759	0.52169	0.47831	6.886333
36252	-7921.095	-8173.371	252.2764	0.8289752	0.5490766	0.456094	0.543906	6.64773
36258	-7927.145	-8179.117	251.9722	0.8289752	0.5441163	0.527308	0.472692	6.816201
36264	-7927.581	-8178.875	251.2938	0.7783977	0.4720893	0.537953	0.462047	7.272006
36270	-7956.146	-8205.873	249.7266	0.7905676	0.5504075	0.425169	0.574831	8.035611
36276	-7941.737	-8193.042	251.3051	0.8311556	0.5463043	0.497164	0.502836	7.17246
36282	-7935.769	-8186.824	251.0554	0.7654668	0.5018604	0.473515	0.526485	7.37994
36288	-7937.387	-8188.43	251.0429	0.7474288	0.5206164	0.455676	0.544324	7.37994
36294	-7939.481	-8190.826	251.3456	0.9167179	0.4654416	0.495347	0.504653	7.176074
36300	-7955.115	-8207.58	252.4655	0.9167179	0.6113165	0.495106	0.504894	6.447687
36306	-7952.668	-8203.399	250.7313	0.9167258	0.4547723	0.495106	0.504894	7.515658
36312	-7944.986	-8193.505	248.5191	0.7743881	0.5615444	0.493064	0.506936	8.677315
36318	-7948.97	-8199.822	250.8518	0.7632606	0.5615444	0.478402	0.521598	7.439602
36324	-7953.774	-8204.929	251.1554	0.7698582	0.5723578	0.480747	0.519253	7.264401
36330	-7939.983	-8190.977	250.9946	0.8383162	0.6361912	0.480747	0.519253	7.264401
36336	-7945.232	-8197.579	252.3464	0.7732672	0.5692828	0.468375	0.531625	6.623322
36342	-7960.895	-8211.245	250.35	0.804187	0.6299118	0.455631	0.544369	7.63288
36348	-7946.112	-8198.203	252.0913	0.8583428	0.4780743	0.527235	0.472765	6.794141
36354	-7936.392	-8186.165	249.7729	0.7078318	0.5202171	0.478371	0.521629	8.080443
36360	-7937.451	-8187.771	250.3208	0.7218975	0.5262968	0.436061	0.563939	7.775304
36366	-7947.152	-8198.032	250.8806	0.7218975	0.5262968	0.506366	0.493634	7.475803
36372	-7946.263	-8198.188	251.9247	0.8616247	0.5586098	0.479742	0.520258	6.81217
36378	-7928.973	-8180.559	251.5859	0.8334507	0.5631823	0.479742	0.520258	7.006206
36384	-7935.146	-8184.821	249.6756	0.8334507	0.5949605	0.497627	0.502373	8.004219
36390	-7930.976	-8182.786	251.8102	0.8731721	0.4802932	0.4537	0.5463	6.935718
36396	-7928.494	-8179.506	251.0118	0.7577195	0.5072205	0.49547	0.50453	7.402769
36402	-7929.187	-8179.04	249.8528	0.7840312	0.504243	0.49547	0.50453	8.011065
36408	-7927.46	-8177.066	249.6059	0.7405704	0.4340535	0.514843	0.485157	8.230446
36414	-7951.165	-8201.236	250.0703	0.7773955	0.6128538	0.537463	0.462537	7.80966
36420	-7942.928	-8194.532	251.6034	0.838528	0.6759361	0.537463	0.462537	6.907567
36426	-7939.138	-8189.561	250.4227	0.7702412	0.557203	0.452048	0.547952	7.669161
36432	-7929.958	-8179.978	250.0207	0.7016024	0.557203	0.452048	0.547952	7.920626
36438	-7927.792	-8178.55	250.7589	0.7320327	0.5532573	0.468269	0.531731	7.512916
36444	-7935.874	-8186.494	250.6196	0.8006223	0.6005607	0.514364	0.485636	7.512916
36450	-7936.692	-8187.316	250.6236	0.8006223	0.6419387	0.477526	0.522474	7.47932
36456	-7939.879	-8189.786	249.9068	0.8006223	0.6041427	0.613157	0.386843	7.891292
36462	-7946.793	-8196.805	250.0117	0.8127724	0.6420298	0.602703	0.397297	7.800119
36468	-7957.069	-8208.874	251.8056	0.8836038	0.6420298	0.602703	0.397297	6.799105
36474	-7945.156	-8196.126	250.9702	0.8282927	0.492487	0.533318	0.466682	7.400287
36480	-7942.484	-8193.089	250.6044	0.760363	0.5605536	0.530749	0.469251	7.574496
36486	-7937.584	-8187.034	249.4503	0.7700383	0.5855202	0.469918	0.530082	8.165488
36492	-7943.269	-8194.313	251.0439	0.8531626	0.5683085	0.471701	0.528299	7.282838
36498	-7934.387	-8185.222	250.8343	0.8486335	0.566089	0.548374	0.451626	7.399533
36504	-7934.133	-8185.579	251.4458	0.823651	0.566089	0.503644	0.496356	7.084481
36510	-7922.057	-8173.851	251.7946	0.8385973	0.5586715	0.5021	0.4979	6.894691
36516	-7923.463	-8174.942	251.4791	0.8131452	0.5566802	0.530234	0.469766	7.079954
36522	-7925.566	-8176.72	251.1541	0.7691608	0.5136936	0.451143	0.548857	7.314633
36528	-7931.028	-8181.287	250.2583	0.7633245	0.699914	0.480442	0.519558	7.653199
36534	-7923.936	-8175.617	251.6804	0.7914404	0.5272378	0.497247	0.502753	7.008073
36540	-7936.405	-8187.858	251.4532	0.8266169	0.550571	0.492055	0.507945	7.091685
36546	-7924.219	-8175.749	251.5302	0.7655225	0.49282	0.492549	0.507451	7.132999
36552	-7935.675	-8186.329	250.6539	0.7968899	0.5850583	0.477572	0.522428	7.508719
36558	-7938.107	-8187.612	249.5046	0.7537849	0.5449411	0.473071	0.526929	8.178021
36564	-7927.41	-8178.245	250.8357	0.8030268	0.5135779	0.465775	0.534225	7.467353
36570	-7930.253	-8181.152	250.8994	0.808785	0.590278	0.516329	0.483671	7.366604
36576	-7948.145	-8198.407	250.2623	0.7775488	0.5615494	0.518619	0.481381	7.747452
36582	-7946.796	-8195.855	249.059	0.7384647	0.4496842	0.446076	0.553924	8.507422
36588	-7930.678	-8182.283	251.6048	0.8675694	0.5856887	0.48529	0.51471	6.959462
36594	-7942.764	-8193.307	250.5421	0.8798456	0.4749154	0.553322	0.446678	7.617937
36600	-7940.078	-8190.596	250.5171	0.7639439	0.5057974	0.439794	0.560206	7.665606
36606	-7947.81	-8198.705	250.8953	0.7218192	0.515379	0.517181	0.482819	7.477364
36612	-7945.252	-8195.56	250.3081	0.7572672	0.5039329	0.445138	0.554862	7.782574
36618	-7954.303	-8205.585	251.2822	0.7572672	0.5618302	0.458504	0.541496	7.211619
36624	-7952.651	-8204.11	251.4588	0.7753062	0.5239091	0.500194	0.499806	7.138838
36630	-7932.959	-8183.489	250.5307	0.7139294	0.6023075	0.537608	0.462392	7.605575
36636	-7934.612	-8186.201	251.5889	0.8739333	0.6010851	0.475777	0.524223	6.95244
36642	-7933.356	-8183.875	250.5183	0.8099005	0.5174004	0.464841	0.535159	7.630283
36648	-7937.224	-8187.551	250.3274	0.7914749	0.4753925	0.464841	0.535159	7.779548
36654	-7943.078	-8193.283	250.2051	0.760418	0.5360861	0.522952	0.477048	7.808285
36660	-7938.627	-8189.644	251.0169	0.7211315	0.4789837	0.522952	0.477048	7.444935
36666	-7931.036	-8182.284	251.2478	0.8203683	0.6112181	0.506871	0.493129	7.156951
36672	-7920.759	-8173.001	252.2416	0.8580064	0.5865182	0.506871	0.493129	6.62027
36678	-7929.635	-8181.87	252.2347	0.7761842	0.6487689	0.506871	0.493129	6.62027
36684	-7937.704	-8190.641	252.9366	0.8805411	0.6380439	0.503545	0.496455	6.191048
36690	-7937.144	-8187.411	250.2665	0.844235	0.555875	0.451416	0.548584	7.71422
36696	-7938.175	-8188.604	250.4287	0.7820382	0.5980038	0.500772	0.499228	7.627038
36702	-7930.736	-8181.239	250.5023	0.7646726	0.5602785	0.442812	0.557188	7.627038
36708	-7930.145	-8180.797	250.6515	0.7306509	0.5901341	0.442812	0.557188	7.541454
36714	-7948.223	-8199.406	251.183	0.8462642	0.6007482	0.44234	0.55766	7.186018
36720	-7938.762	-8189.621	250.8588	0.7069514	0.5265883	0.44234	0.55766	7.495243
36726	-7944.816	-8195.219	250.4039	0.8231559	0.5265883	0.429903	0.570097	7.676511
36732	-7937.43	-8187.884	250.4539	0.7497738	0.5413945	0.453517	0.546483	7.676511
36738	-7942.413	-8192.889	250.4763	0.7942641	0.5413945	0.493965	0.506035	7.640713
36744	-7950.373	-8200.702	250.3293	0.7971877	0.6392447	0.481111	0.518889	7.640713
36750	-7943.157	-8194.048	250.8914	0.7920962	0.5813232	0.479771	0.520229	7.38694
36756	-7936.899	-8187.471	250.5718	0.8528785	0.6577929	0.479771	0.520229	7.467401
36762	-7938.435	-8189.276	250.8413	0.84836	0.6521677	0.457816	0.542184	7.329452
36768	-7948	-8199.04	251.0393	0.8714268	0.5044923	0.59173	0.40827	7.329452
36774	-7940.2	-8191.449	251.2492	0.7844818	0.5312814	0.515988	0.484012	7.240234
36780	-7944.193	-8193.939	249.7461	0.79353	0.593933	0.481808	0.518192	7.988709
36786	-7942.039	-8193.373	251.3341	0.7289283	0.5896352	0.527404	0.472596	7.176559
36792	-7937.958	-8188.319	250.361	0.7599995	0.6822053	0.533523	0.466477	7.612472
36798	-7951.905	-8203.089	251.1836	0.7616898	0.5733275	0.530571	0.469429	7.252854
36804	-7953.29	-8205.546	252.2556	0.8380047	0.4803193	0.54481	0.45519	6.714383
36810	-7931.952	-8184.125	252.1731	0.8903328	0.4803193	0.54481	0.45519	6.730683
36816	-7933.689	-8184.69	251.0005	0.8500631	0.5524863	0.479657	0.520343	7.32075
36822	-7928.298	-8179.826	251.5282	0.8184796	0.5117917	0.472513	0.527487	7.088787
36828	-7938.462	-8190.389	251.9268	0.8723581	0.4953069	0.447914	0.552086	6.85968
36834	-7940.567	-8190.42	249.8531	0.7818777	0.5959778	0.457311	0.542689	7.936258
36840	-7934.386	-8185.036	250.6498	0.8366681	0.5542429	0.457311	0.542689	7.514468
36846	-7931.701	-8182.53	250.829	0.8117472	0.4601654	0.518541	0.481459	7.514468
36852	-7933.724	-8185.289	251.5649	0.8792575	0.4425216	0.515572	0.484428	7.100088
36858	-7925.793	-8176.722	250.929	0.7777611	0.5993611	0.468289	0.531711	7.360229
36864	-7936.335	-8187.46	251.1245	0.8422955	0.6101268	0.454856	0.545144	7.212286
36870	-7933.635	-8184.506	250.8715	0.8279711	0.5884631	0.464756	0.535244	7.37273
36876	-7934.842	-8186.157	251.3145	0.7789953	0.5884631	0.464672	0.535328	7.161138
36882	-7938.714	-8189.857	251.1436	0.8626935	0.5909365	0.473194	0.526806	7.20606
36888	-7927.115	-8178.623	251.5076	0.8023687	0.57127	0.473194	0.526806	7.058512
36894	-7937.947	-8190.976	253.0295	0.8208272	0.5619355	0.52069	0.47931	6.233226
36900	-7945.7	-8197.798	252.0979	0.7806351	0.4913339	0.456429	0.543571	6.820465
36906	-7941.577	-8192.137	250.5605	0.7558122	0.6499478	0.547279	0.452721	7.53119
36912	-7948.803	-8200.828	252.0248	0.7670081	0.5846246	0.547279	0.452721	6.788057
36918	-7943.244	-8193.799	250.5556	0.7670081	0.5657377	0.547279	0.452721	7.592851
36924	-7939.555	-8189.924	250.369	0.794969	0.5901985	0.490739	0.509261	7.658183
36930	-7933.898	-8185.53	251.6327	0.7956613	0.551848	0.493072	0.506928	7.01067
36936	-7946.219	-8196.394	250.1752	0.8427364	0.5166322	0.528132	0.471868	7.79687
36942	-7933.739	-8185.077	251.3379	0.8006336	0.4985474	0.514912	0.485088	7.212357
36948	-7942.467	-8192.486	250.0191	0.8006336	0.5693337	0.46452	0.53548	7.858768
36954	-7951.057	-8200.904	249.8477	0.8006336	0.6582503	0.502073	0.497927	7.882321
36960	-7943.533	-8194.743	251.2095	0.8818377	0.5301369	0.502073	0.497927	7.210228
36966	-7958.13	-8208.671	250.541	0.9030463	0.4607663	0.502073	0.497927	7.619203
36972	-7953.691	-8204.63	250.9383	0.9030463	0.5988535	0.471563	0.528437	7.288389
36978	-7945.519	-8196.183	250.6642	0.8038752	0.6253568	0.471563	0.528437	7.468215
36984	-7941.961	-8192.843	250.8823	0.8038752	0.6049394	0.471563	0.528437	7.366935
36990	-7929.501	-8180.368	250.8678	0.7900429	0.5822901	0.430549	0.569451	7.399943
36996	-7932.863	-8183.715	250.8519	0.7892005	0.5936548	0.515877	0.484123	7.399943
37002	-7932.227	-8184.568	252.3408	0.7934488	0.573364	0.525618	0.474382	6.612105
37008	-7939.866	-8191.03	251.1635	0.8287768	0.6798561	0.509731	0.490269	7.146803
37014	-7934.853	-8187.903	253.0497	0.8287768	0.641712	0.523817	0.476183	6.154881
37020	-7926.687	-8176.695	250.0081	0.8174376	0.4754977	0.532594	0.467406	7.936121
37026	-7947.676	-8198.607	250.9316	0.835281	0.4551036	0.449498	0.550502	7.451666
37032	-7939.532	-8191.817	252.285	0.7835459	0.5284712	0.429896	0.570104	6.685115
37038	-7935.154	-8186.225	251.071	0.8346323	0.6041337	0.439298	0.560702	7.249804
37044	-7946.413	-8199.178	252.7651	0.8450464	0.5296339	0.535041	0.464959	6.390923
37050	-7948.431	-8199.486	251.0554	0.7727823	0.5222613	0.485157	0.514843	7.35824
37056	-7932.642	-8183.143	250.5011	0.8077785	0.5716719	0.474121	0.525879	7.59537
37062	-7948.099	-8198.682	250.5828	0.6954068	0.5923029	0.422581	0.577419	7.59537
37068	-7944.41	-8195.092	250.6815	0.7685926	0.5607788	0.545152	0.454848	7.52864
37074	-7940.55	-8191.914	251.3639	0.799964	0.5138949	0.545152	0.454848	7.185258
37080	-7930.383	-8180.77	250.3865	0.7913067	0.5371747	0.545152	0.454848	7.69388
37086	-7920.204	-8171.423	251.2189	0.8495026	0.5084183	0.516232	0.483768	7.241303
37092	-7944.853	-8196.068	251.2155	0.7431921	0.5388625	0.4426	0.5574	7.274085
37098	-7933.592	-8184.263	250.6709	0.7637365	0.5388625	0.482339	0.517661	7.555037
37104	-7933.891	-8183.482	249.5909	0.6691235	0.551729	0.482339	0.517661	8.171569
37110	-7926.362	-8176.091	249.729	0.7119542	0.4429316	0.499965	0.500035	8.171569
37116	-7922.734	-8174.253	251.5189	0.8228597	0.5164877	0.519512	0.480488	7.087361
37122	-7943.156	-8195.743	252.5871	0.9523702	0.4790155	0.433893	0.566107	6.474356
37128	-7954.15	-8206.107	251.9569	1.002521	0.404259	0.52067	0.47933	6.860783
37134	-7964.532	-8214.302	249.7698	0.8804083	0.3967829	0.423039	0.576961	8.105986
37140	-7936.076	-8186.914	250.8384	0.7925807	0.5619438	0.533434	0.466566	7.430757
37146	-7932.922	-8183.51	250.5876	0.8430604	0.5060516	0.47429	0.52571	7.585359
37152	-7922.532	-8173.264	250.7323	0.7953318	0.5036814	0.498251	0.501749	7.535512
37158	-7942.997	-8193.515	250.518	0.8178519	0.6300666	0.526517	0.473483	7.535512
37164	-7936.428	-8186.415	249.9866	0.8493704	0.505802	0.505262	0.494738	7.903442
37170	-7933.086	-8183.351	250.2651	0.7821764	0.5278011	0.549028	0.450972	7.77158
37176	-7934.333	-8184.157	249.8245	0.7481332	0.434167	0.460909	0.539091	8.109867
37182	-7950.003	-8201.011	251.0081	0.7506938	0.6080747	0.480727	0.519273	7.32557
37188	-7948.76	-8198.991	250.2317	0.7322351	0.6832854	0.482878	0.517122	7.695713
37194	-7938.332	-8188.666	250.3343	0.7322351	0.5526446	0.491207	0.508793	7.740505
37200	-7936.5	-8186.727	250.2268	0.7349105	0.5526446	0.502826	0.497174	7.796551
37206	-7944.678	-8195.542	250.8645	0.7957767	0.4641895	0.502826	0.497174	7.50026
37212	-7952.332	-8202.84	250.508	0.7588462	0.5963718	0.408406	0.591594	7.59828
37218	-7944.8	-8196.616	251.8166	0.790574	0.5772768	0.534664	0.465336	6.893554
37224	-7948.963	-8199.592	250.6284	0.7357677	0.5082995	0.495667	0.504333	7.618985
37230	-7952.826	-8203.513	250.6867	0.7908089	0.5483339	0.486135	0.513865	7.524182
37236	-7956.268	-8206.616	250.3477	0.7908089	0.5146578	0.486135	0.513865	7.734129
37242	-7952.541	-8203.528	250.9864	0.8753814	0.4744422	0.442032	0.557968	7.382753
37248	-7938.592	-8189.673	251.0804	0.7963272	0.5494459	0.424883	0.575117	7.309239
37254	-7927.586	-8177.533	249.9464	0.6982539	0.5547275	0.50286	0.49714	7.964075
37260	-7936.957	-8188.566	251.6084	0.8028177	0.5547275	0.480103	0.519897	7.017512
37266	-7955.568	-8207.553	251.9854	0.8018392	0.5658556	0.38833	0.61167	6.805714
37272	-7945.908	-8196.553	250.6444	0.7508854	0.5436112	0.460653	0.539347	7.572135
37278	-7953.64	-8205.904	252.2635	0.8546413	0.4939664	0.409826	0.590174	6.688683
37284	-7937.57	-8189.279	251.7096	0.8378692	0.5873979	0.485038	0.514962	6.917658
37290	-7937.944	-8188.072	250.1281	0.8139555	0.5853644	0.485038	0.514962	7.780626
37296	-7954.014	-8206.077	252.0637	0.7930461	0.6512146	0.528691	0.471309	6.701771
37302	-7940.743	-8192.941	252.1977	0.8438696	0.5260936	0.432845	0.567155	6.701771
37308	-7941.145	-8191.916	250.7706	0.8055539	0.5260936	0.431515	0.568485	7.490071
37314	-7937.339	-8188.717	251.3783	0.8632152	0.5334752	0.514031	0.485969	7.126687
37320	-7927.983	-8179.048	251.0652	0.8659091	0.5411674	0.459714	0.540286	7.286918
37326	-7944.875	-8196.492	251.6172	0.9403138	0.5131656	0.540668	0.459332	6.974119
37332	-7938.658	-8190.734	252.0762	0.9098074	0.4799142	0.411577	0.588423	6.77283
37338	-7937.567	-8189.198	251.631	0.8301416	0.4922736	0.510247	0.489753	7.044502
37344	-7938.039	-8190.153	252.1133	0.8713721	0.5950538	0.448406	0.551594	6.675626
37350	-7928.56	-8180.864	252.3035	0.823504	0.5032011	0.524783	0.475217	6.675626
37356	-7923.827	-8176.035	252.208	0.7709165	0.4944731	0.506111	0.493889	6.76344
37362	-7932.097	-8183.309	251.2122	0.880497	0.6215943	0.508644	0.491356	7.135817
37368	-7933.737	-8184.018	250.2804	0.7392808	0.6215943	0.4929	0.5071	7.711077
37374	-7941.6	-8191.926	250.3257	0.7607181	0.5757807	0.514595	0.485405	7.711077
37380	-7936.034	-8186.289	250.255	0.8297861	0.5768988	0.44546	0.55454	7.711077
37386	-7921.771	-8172.426	250.6558	0.766233	0.5760685	0.476103	0.523897	7.531258
37392	-7941.68	-8192.528	250.8482	0.8057286	0.5862257	0.467533	0.532467	7.398926
37398	-7936.076	-8187.357	251.2805	0.8057286	0.4913095	0.464231	0.535769	7.246977
37404	-7951.05	-8201.723	250.6727	0.9404823	0.4465752	0.46759	0.53241	7.542099
37410	-7930.987	-8183.062	252.0753	0.9110537	0.4692061	0.509833	0.490167	6.78257
37416	-7931.268	-8182.66	251.3923	0.8842319	0.4692061	0.51009	0.48991	7.16491
37422	-7931.657	-8182.962	251.3046	0.7965697	0.5785636	0.523888	0.476112	7.16491
37428	-7937.2	-8187.686	250.4863	0.8253507	0.5745377	0.483856	0.516144	7.591621
37434	-7929.899	-8182.185	252.2852	0.843617	0.5883906	0.507736	0.492264	6.602931
37440	-7925.644	-8177.073	251.4286	0.7636119	0.6009392	0.507736	0.492264	7.098252
37446	-7938.4	-8189.095	250.6944	0.8294451	0.5242712	0.468173	0.531827	7.519661
37452	-7934.415	-8184.8	250.3853	0.7434227	0.522469	0.451659	0.548341	7.732601
37458	-7936.252	-8187.13	250.8781	0.7314022	0.522469	0.451659	0.548341	7.47533
37464	-7929.191	-8181.026	251.8343	0.8323234	0.5003202	0.451659	0.548341	6.926637
37470	-7930.964	-8183.436	252.4722	0.8992724	0.5628152	0.469054	0.530946	6.492307
37476	-7931.91	-8184.464	252.5542	0.8586515	0.5361246	0.469054	0.530946	6.492307
37482	-7937.664	-8187.826	250.1618	0.8143215	0.5508823	0.469054	0.530946	7.790267
37488	-7929.642	-8180.341	250.6984	0.8043437	0.5508823	0.472501	0.527499	7.508571
37494	-7928.329	-8180.211	251.8824	0.7980227	0.602973	0.488817	0.511183	6.833679
37500	-7938.968	-8190.386	251.4184	0.8395143	0.6179484	0.457362	0.542638	7.04976
37506	-7936.509	-8186.781	250.2724	0.7589192	0.5352464	0.566356	0.433644	7.773795
37512	-7924.663	-8174.193	249.5303	0.7589192	0.514725	0.538152	0.461848	8.187176
37518	-7933.232	-8183.761	250.5286	0.7174331	0.5157292	0.538152	0.461848	7.675718
37524	-7942.096	-8192.303	250.2077	0.8191179	0.5120415	0.483257	0.516743	7.796066
37530	-7928.362	-8179.16	250.7981	0.7853992	0.621235	0.485638	0.514362	7.409494
37536	-7938.656	-8190.351	251.6957	0.865941	0.6008278	0.528926	0.471074	6.899408
37542	-7940.484	-8191.109	250.6254	0.8290058	0.5521084	0.504623	0.495377	7.533445
37548	-7947.651	-8195.993	248.3421	0.7247213	0.5023973	0.504623	0.495377	8.84722
37554	-7937.995	-8188.616	250.6207	0.8610338	0.5319466	0.521843	0.478157	7.535665
37560	-7928.842	-8178.659	249.8164	0.7209721	0.6170547	0.534824	0.465176	7.972146
37566	-7937.736	-8189.416	251.68	0.829842	0.5399757	0.556444	0.443556	6.976766
37572	-7937.325	-8189.342	252.0177	0.8128315	0.4828892	0.494091	0.505909	6.854017
37578	-7933.823	-8185.457	251.6339	0.8782236	0.4401126	0.494091	0.505909	7.065812
37584	-7949.156	-8201.506	252.3506	0.8548898	0.6316762	0.513746	0.486254	6.527809
37590	-7933.273	-8184.893	251.6207	0.8923705	0.4777355	0.516512	0.483488	7.029772
37596	-7933.296	-8184.662	251.3659	0.8621453	0.4607631	0.516512	0.483488	7.198858
37602	-7953.009	-8204.051	251.0418	0.8621453	0.5263131	0.450334	0.549666	7.314129
37608	-7939.259	-8190.368	251.1086	0.855408	0.618868	0.442002	0.557998	7.207063
37614	-7934.638	-8184.725	250.0878	0.7848881	0.566027	0.506235	0.493765	7.833137
37620	-7939.178	-8188.895	249.7177	0.7127868	0.5344895	0.506235	0.493765	8.095071
37626	-7934.688	-8185.071	250.3826	0.7485313	0.495957	0.555808	0.444192	7.754466
37632	-7934.582	-8185.082	250.5005	0.7485313	0.574336	0.432337	0.567663	7.625296
37638	-7929.635	-8179.631	249.9965	0.7742799	0.574336	0.484103	0.515897	7.880861
37644	-7932.399	-8182.839	250.4399	0.7742799	0.4689313	0.484103	0.515897	7.734552
37650	-7929.315	-8179.934	250.6191	0.7783178	0.5169432	0.501419	0.498581	7.593659
37656	-7933.842	-8185.413	251.5712	0.8562755	0.5092076	0.459433	0.540567	7.047602
37662	-7934.273	-8184.324	250.0506	0.7832656	0.4546681	0.472268	0.527732	7.950968
37668	-7951.601	-8201.554	249.9534	0.8032432	0.49987	0.472268	0.527732	7.950968
37674	-7942.833	-8193.064	250.2317	0.8224	0.452094	0.501688	0.498312	7.835856
37680	-7934.422	-8185.611	251.1882	0.8024983	0.4865841	0.464814	0.535186	7.30249
37686	-7951.582	-8202.601	251.0193	0.8606533	0.4161324	0.537418	0.462582	7.429049
37692	-7937.002	-8187.319	250.3174	0.8043235	0.5988444	0.524539	0.475461	7.673979
37698	-7947.661	-8198.562	250.9008	0.8265926	0.4525538	0.484018	0.515982	7.475238
37704	-7931.928	-8182.981	251.0533	0.8265926	0.5760568	0.462678	0.537322	7.285761
37710	-7940.067	-8191.071	251.0034	0.765412	0.6348705	0.432678	0.567322	7.299776
37716	-7945.683	-8195.999	250.3165	0.765412	0.5726275	0.49658	0.50342	7.71601
37722	-7948.294	-8198.438	250.1444	0.7381165	0.5121288	0.488431	0.511569	7.87307
37728	-7943.86	-8193.791	249.9303	0.7965196	0.4679438	0.480414	0.519586	7.995727
37734	-7942.695	-8193.796	251.1012	0.7415133	0.6322546	0.452488	0.547512	7.26209
37740	-7938.135	-8189.236	251.1009	0.7771362	0.6073865	0.452488	0.547512	7.26209
37746	-7937.975	-8188.123	250.1488	0.7957431	0.5202726	0.465873	0.534127	7.832931
37752	-7936.55	-8188.271	251.7204	0.8217963	0.5346347	0.49166	0.50834	6.96384
37758	-7942.218	-8192.29	250.0715	0.7437878	0.608389	0.49166	0.50834	7.830421
37764	-7951.405	-8202.573	251.1682	0.8074169	0.6495853	0.49166	0.50834	7.177781
37770	-7948.904	-8200.776	251.8714	0.9237238	0.496457	0.440864	0.559136	6.860851
37776	-7948.344	-8200.169	251.8252	0.8673916	0.5608687	0.460171	0.539829	6.860851
37782	-7942.071	-8193.761	251.6903	0.8636154	0.5156149	0.448217	0.551783	6.973923
37788	-7938.744	-8190.558	251.814	0.8126162	0.4720111	0.423884	0.576116	6.973923
37794	-7936.033	-8188.642	252.6088	0.8497614	0.4720111	0.507251	0.492749	6.524688
37800	-7939.026	-8192.92	253.894	0.9845176	0.6159194	0.507251	0.492749	5.628307
37806	-7946.925	-8197.73	250.8049	0.7429092	0.655115	0.507251	0.492749	7.403373
37812	-7948.254	-8198.268	250.0137	0.8027159	0.6258902	0.482653	0.517347	7.816479
37818	-7949.693	-8200.936	251.2436	0.9050918	0.5540833	0.467734	0.532266	7.159318
37824	-7937.197	-8187.316	250.1184	0.7762108	0.5692253	0.475108	0.524892	7.81886
37830	-7929.497	-8178.721	249.224	0.7749533	0.5012319	0.448501	0.551499	8.353364
37836	-7929.809	-8180.881	251.0724	0.7749533	0.5012319	0.448501	0.551499	7.366333
37842	-7934.442	-8184.935	250.4927	0.8614434	0.5322504	0.554345	0.445655	7.603706
37848	-7938.829	-8190.257	251.4274	0.8687847	0.5587558	0.519138	0.480862	7.076112
37854	-7942.962	-8195.389	252.4267	0.8918982	0.5628911	0.463845	0.536155	6.52089
37860	-7949.535	-8199.877	250.3421	0.8849333	0.5628911	0.471055	0.528945	7.646301
37866	-7951.76	-8202.857	251.0969	0.7457128	0.5422381	0.479927	0.520073	7.33355
37872	-7939.923	-8191.256	251.3338	0.777805	0.5422381	0.501796	0.498204	7.189119
37878	-7931.842	-8182.817	250.9751	0.777805	0.5650249	0.526272	0.473728	7.362839
37884	-7944.054	-8195.084	251.0299	0.7985667	0.5650249	0.492976	0.507024	7.322312
37890	-7932.444	-8182.558	250.1145	0.755632	0.6179455	0.492976	0.507024	7.793781
37896	-7939.055	-8190.409	251.354	0.805	0.4873297	0.447859	0.552141	7.211435
37902	-7938.022	-8189.224	251.2022	0.8336144	0.4958458	0.433488	0.566512	7.269981
37908	-7930.82	-8181.392	250.5723	0.8181117	0.5622419	0.407393	0.592607	7.559381
37914	-7954.793	-8204.879	250.0863	0.8365442	0.5503057	0.404215	0.595785	7.819227
37920	-7945.485	-8195.669	250.1844	0.8007887	0.5838164	0.404215	0.595785	7.758778
37926	-7950.373	-8201.665	251.2919	0.8154209	0.5376632	0.480623	0.519377	7.19526
37932	-7950.945	-8201.905	250.9601	0.8394686	0.5808025	0.500612	0.499388	7.325082
37938	-7952.739	-8202.115	249.3753	0.7689307	0.5801704	0.468721	0.531279	8.210288
37944	-7950.457	-8201.113	250.6562	0.8828382	0.4358165	0.468721	0.531279	7.592192
37950	-7935.329	-8186.139	250.81	0.8443419	0.58031	0.51171	0.48829	7.403379
37956	-7941.791	-8191.515	249.7244	0.7404368	0.5157098	0.468916	0.531084	8.092753
37962	-7936.943	-8186.591	249.6488	0.7404368	0.5203592	0.468916	0.531084	8.129064
37968	-7941.343	-8191.39	250.0474	0.7661466	0.5203592	0.451669	0.548331	7.90276
37974	-7949.603	-8199.803	250.2002	0.8079165	0.6362664	0.529546	0.470454	7.706239
37980	-7944.606	-8195.356	250.7503	0.8325119	0.6362664	0.441945	0.558055	7.398525
37986	-7934.508	-8186.074	251.5662	0.7506565	0.5524189	0.492904	0.507096	7.07025
37992	-7938.777	-8189.667	250.8907	0.7385812	0.5125668	0.492904	0.507096	7.473295
37998	-7939.371	-8190.642	251.2714	0.833062	0.6323949	0.523241	0.476759	7.121328
38004	-7937.609	-8189.128	251.5196	0.716216	0.5434402	0.419753	0.580247	7.121328
38010	-7936.224	-8185.873	249.6493	0.7295375	0.5935473	0.419753	0.580247	8.074792
38016	-7940.422	-8189.582	249.1597	0.7014423	0.62722	0.419753	0.580247	8.324698
38022	-7938.647	-8190.563	251.9161	0.8511924	0.5071491	0.422568	0.577432	6.866334
38028	-7937.981	-8188.891	250.9095	0.8511924	0.449093	0.467119	0.532881	7.460702
38034	-7941.754	-8193.055	251.3011	0.8031529	0.5152383	0.448982	0.551018	7.216091
38040	-7940.863	-8191.254	250.3911	0.816524	0.5353335	0.456554	0.543446	7.679471
38046	-7923.509	-8173.896	250.3864	0.7574292	0.5769142	0.454382	0.545618	7.679471
38052	-7940.491	-8190.163	249.672	0.7780156	0.553611	0.487316	0.512684	8.068785
38058	-7938.149	-8189.364	251.2145	0.8713436	0.5244037	0.475991	0.524009	7.218057
38064	-7922.967	-8173.893	250.9259	0.8032885	0.5825453	0.503082	0.496918	7.361468
38070	-7927.887	-8179.308	251.4208	0.8047512	0.5286008	0.49809	0.50191	7.139417
38076	-7930.509	-8180.71	250.2017	0.7168695	0.549261	0.463236	0.536764	7.822357
38082	-7939.854	-8190.751	250.8968	0.7893801	0.50363	0.497066	0.502934	7.450603
38088	-7941.658	-8194.101	252.443	0.9400718	0.4661563	0.580077	0.419923	6.570983
38094	-7925.054	-8177.694	252.6406	0.915308	0.5706277	0.452708	0.547292	6.385912
38100	-7945.322	-8196.38	251.0578	0.7646486	0.4391313	0.450988	0.549012	7.437157
38106	-7949.565	-8200.41	250.8449	0.7507902	0.5800908	0.558672	0.441328	7.435027
38112	-7938.709	-8189.249	250.5398	0.7507902	0.6084709	0.484478	0.515522	7.576211
38118	-7936.546	-8187.686	251.1406	0.79117	0.5254392	0.484616	0.515384	7.299953
38124	-7934.842	-8184.986	250.1439	0.7785581	0.499065	0.484616	0.515384	7.86317
38130	-7926.651	-8177.219	250.5676	0.7937204	0.4583302	0.466708	0.533292	7.665745
38136	-7933.932	-8183.565	249.6333	0.7621929	0.5385166	0.468664	0.531336	8.11036
38142	-7933.452	-8183.088	249.6367	0.8061277	0.5089404	0.494256	0.505744	8.11036
38148	-7932.372	-8182.554	250.1823	0.7781482	0.5089404	0.494256	0.505744	7.834213
38154	-7946.599	-8197.536	250.9375	0.7376514	0.4856062	0.46153	0.53847	7.472637
38160	-7928.337	-8179.158	250.821	0.7617166	0.6156713	0.482819	0.517181	7.414136
38166	-7923.422	-8173.139	249.7171	0.7898382	0.5486302	0.453089	0.546911	8.04255
38172	-7931.469	-8181.357	249.8884	0.7766748	0.6204821	0.452986	0.547014	7.901358
38178	-7929.688	-8179.972	250.2839	0.7431247	0.5326737	0.452986	0.547014	7.778266
38184	-7921.31	-8172.973	251.6633	0.8118972	0.4883964	0.452986	0.547014	7.040451
38190	-7940.452	-8192.19	251.7383	0.841728	0.4876496	0.548519	0.451481	6.984674
38196	-7947.316	-8198.989	251.6723	0.7703095	0.5742489	0.391857	0.608143	6.984674
38202	-7928.745	-8178.994	250.2499	0.7467057	0.5599363	0.488346	0.511654	7.771918
38208	-7927.645	-8178.716	251.0706	0.7714739	0.5599363	0.488346	0.511654	7.319165
38214	-7925.594	-8176.898	251.3036	0.8416147	0.5993336	0.429212	0.570788	7.124752
38220	-7945.445	-8197.943	252.4973	0.8458364	0.5805505	0.439501	0.560499	6.493205
38226	-7934.786	-8186.396	251.6099	0.8504126	0.5472541	0.491917	0.508083	6.997331
38232	-7925.585	-8177.376	251.7916	0.898969	0.5279148	0.491917	0.508083	6.889606
38238	-7926.324	-8178.563	252.2381	0.8859753	0.5279148	0.430456	0.569544	6.65559
38244	-7917.591	-8169.666	252.0754	0.8619238	0.595049	0.463327	0.536673	6.701205
38250	-7933.003	-8184.926	251.923	0.8064634	0.4995036	0.496436	0.503564	6.893533
38256	-7930.211	-8182.443	252.2317	0.8739961	0.5530695	0.47636	0.52364	6.644253
38262	-7931.017	-8181.784	250.7677	0.8249739	0.4920436	0.47636	0.52364	7.511013
38268	-7935.607	-8187.207	251.6002	0.8116526	0.5290979	0.520045	0.479955	7.038747
38274	-7930.808	-8182.32	251.5126	0.8116526	0.5862593	0.500194	0.499806	7.038747
38280	-7930.868	-8181.856	250.9878	0.8116526	0.5482337	0.500194	0.499806	7.351675
38286	-7949.782	-8199.046	249.2644	0.8371069	0.5272227	0.500194	0.499806	8.276385
38292	-7934.273	-8185.454	251.1816	0.7699724	0.5635815	0.504433	0.495567	7.257407
38298	-7938.629	-8189.373	250.7441	0.8335347	0.5962266	0.462261	0.537739	7.431944
38304	-7944.85	-8196.463	251.6125	0.7896073	0.5951022	0.489687	0.510313	6.989848
38310	-7949.553	-8201.202	251.6492	0.7394828	0.5288427	0.516563	0.483437	7.051462
38316	-7943.715	-8193.982	250.2677	0.7527266	0.5288427	0.463257	0.536743	7.785066
38322	-7939.301	-8189.406	250.1049	0.8566167	0.6178047	0.481284	0.518716	7.745074
38328	-7940.455	-8191.145	250.6895	0.7265952	0.6056427	0.481284	0.518716	7.511171
38334	-7954.62	-8203.649	249.0284	0.790228	0.5470589	0.481284	0.518716	8.410287
38340	-7947.556	-8197.19	249.6342	0.731408	0.4646356	0.50587	0.49413	8.191256
38346	-7947.517	-8198.883	251.3667	0.8287375	0.5625161	0.440747	0.559253	7.1272
38352	-7958.191	-8208.539	250.3489	0.7545366	0.6126731	0.461566	0.538434	7.673103
38358	-7956.846	-8206.892	250.0453	0.7124721	0.5428353	0.493033	0.506967	7.91354
38364	-7951.602	-8201.624	250.0222	0.7258007	0.5946369	0.478392	0.521608	7.876964
38370	-7948.945	-8199.033	250.0883	0.834865	0.5972631	0.478392	0.521608	7.781398
38376	-7958.406	-8209.803	251.3971	0.8963616	0.4393739	0.54862	0.45138	7.184141
38382	-7954.451	-8205.334	250.8823	0.8700177	0.6849791	0.54862	0.45138	7.27212
38388	-7963.015	-8215.774	252.759	0.8700177	0.5378742	0.484698	0.515302	6.373623
38394	-7979.807	-8230.727	250.9204	0.9098693	0.440141	0.491471	0.508529	7.432027
38400	-7957.293	-8209.119	251.8262	0.946352	0.4841951	0.491471	0.508529	6.884117
38406	-7967.181	-8219.363	252.1822	0.9198487	0.5583383	0.442706	0.557294	6.641856
38412	-7950.134	-8202.502	252.368	0.8665581	0.5413023	0.430829	0.569171	6.584429
38418	-7948.297	-8200.187	251.8904	0.8859081	0.5519563	0.547279	0.452721	6.823053
38424	-7939.586	-8191.199	251.6129	0.7388414	0.6351565	0.491699	0.508301	6.986174
38430	-7955.372	-8205.889	250.517	0.8374767	0.4780033	0.431635	0.568365	7.651219
38436	-7953.68	-8204.909	251.2293	0.8140226	0.5310166	0.446293	0.553707	7.235262
38442	-7955.64	-8207.041	251.4011	0.8857319	0.5687368	0.430118	0.569882	7.072986
38448	-7933.364	-8182.853	249.4897	0.7780235	0.5093969	0.430118	0.569882	8.203239
38454	-7940.887	-8191.904	251.0168	0.7712133	0.5562912	0.502863	0.497137	7.351139
38460	-7927.785	-8179.069	251.2835	0.8096488	0.5579153	0.463909	0.536091	7.186005
38466	-7942.761	-8193.817	251.056	0.7588373	0.5125585	0.501306	0.498694	7.373801
38472	-7946.161	-8197.058	250.897	0.7880795	0.5144717	0.489861	0.510139	7.441699
38478	-7952.594	-8202.509	249.9153	0.7880795	0.5750004	0.556394	0.443606	7.916346
38484	-7933.478	-8185.067	251.5891	0.9146848	0.5685643	0.473721	0.526279	6.956335
38490	-7935.619	-8185.853	250.2338	0.7590673	0.5392226	0.44248	0.55752	7.791006
38496	-7932.451	-8184.243	251.7924	0.8052762	0.5644721	0.478808	0.521192	6.909078
38502	-7941.068	-8190.449	249.3812	0.7764434	0.5381366	0.51381	0.48619	8.23736
38508	-7945.923	-8198.359	252.4359	0.9324814	0.5052402	0.534638	0.465362	6.543266
38514	-7947.015	-8198.248	251.2334	0.8902788	0.4806787	0.535361	0.464639	7.236477
38520	-7956.472	-8207.528	251.0561	0.7559143	0.6122031	0.497595	0.502405	7.293804
38526	-7948.901	-8199.088	250.1874	0.7745014	0.482241	0.496629	0.503371	7.85719
38532	-7959.8	-8209.985	250.185	0.7624302	0.4908257	0.485041	0.514959	7.85719
38538	-7955.657	-8205.903	250.2453	0.8231957	0.4782506	0.498744	0.501256	7.80385
38544	-7944.484	-8193.678	249.1932	0.7577684	0.6613975	0.51901	0.48099	8.251767
38550	-7945.849	-8197.836	251.9878	0.8429501	0.5651207	0.453952	0.546048	6.782803
38556	-7938.953	-8191.086	252.1329	0.8224988	0.5004341	0.488874	0.511126	6.770802
38562	-7944.109	-8194.63	250.5214	0.7595519	0.5279943	0.435841	0.564159	7.646466
38568	-7936.997	-8187.047	250.0499	0.7843363	0.5482466	0.435841	0.564159	7.868231
38574	-7945.992	-8196.862	250.87	0.8160717	0.4587365	0.554199	0.445801	7.491562
38580	-7941.055	-8191.966	250.911	0.8100196	0.5805451	0.554199	0.445801	7.367443
38586	-7946.402	-8196.963	250.5608	0.8704251	0.5069054	0.398116	0.601884	7.584316
38592	-7941.545	-8192.373	250.8272	0.821071	0.5301251	0.421445	0.578555	7.447974
38598	-7947.211	-8198.537	251.3261	0.7577241	0.5275226	0.45672	0.54328	7.216471
38604	-7948.035	-8198.25	250.2155	0.7918961	0.5827609	0.451923	0.548077	7.747772
38610	-7951.712	-8203.758	252.0469	0.8796011	0.6352589	0.495366	0.504634	6.675989
38616	-7960.08	-8211.12	251.0403	0.7845013	0.6310113	0.465078	0.534922	7.272648
38622	-7940.71	-8191.904	251.1943	0.8218491	0.5046953	0.495422	0.504578	7.272648
38628	-7943.124	-8193.506	250.3817	0.6922064	0.5765546	0.495422	0.504578	7.717159
38634	-7933.112	-8183.554	250.4418	0.7675661	0.4909158	0.499436	0.500564	7.717159
38640	-7931.893	-8182.38	250.4875	0.7872497	0.5195901	0.488557	0.511443	7.656993
38646	-7933.923	-8186.35	252.4273	0.8408724	0.6159843	0.526692	0.473308	6.505887
38652	-7936.784	-8186.785	250.0013	0.7792385	0.5030367	0.473741	0.526259	7.935444
38658	-7938.121	-8189.306	251.1848	0.7858467	0.6184682	0.473741	0.526259	7.203785
38664	-7936.224	-8187.21	250.9859	0.7858467	0.5036502	0.519722	0.480278	7.404711
38670	-7939.454	-8190.171	250.717	0.7856333	0.4906603	0.487483	0.512517	7.56048
38676	-7946.539	-8196.752	250.2128	0.7856333	0.613449	0.542423	0.457577	7.728655
38682	-7955.034	-8206.47	251.4357	0.8277091	0.613449	0.51439	0.48561	7.050226
38688	-7947.806	-8198.333	250.527	0.7964966	0.5366446	0.51439	0.48561	7.616384
38694	-7948.238	-8197.968	249.7302	0.6788281	0.5555186	0.524599	0.475401	8.08908
38700	-7944.782	-8196.692	251.9098	0.8436119	0.5507836	0.524599	0.475401	6.836397
38706	-7944.148	-8194.584	250.4355	0.6974263	0.5171585	0.486831	0.513169	7.734952
38712	-7921.671	-8172.014	250.343	0.7592588	0.5363918	0.514424	0.485576	7.734952
38718	-7938.32	-8188.293	249.9732	0.7764182	0.5363918	0.458629	0.541371	7.92331
38724	-7933.792	-8185.244	251.4522	0.8176607	0.57367	0.502946	0.497054	7.078108
38730	-7935.97	-8187.427	251.4567	0.813202	0.57367	0.501114	0.498886	7.078108
38736	-7933.551	-8184.044	250.4935	0.7787285	0.5368179	0.542116	0.457884	7.643703
38742	-7930.844	-8182.061	251.2166	0.7787285	0.5864573	0.434238	0.565762	7.215474
38748	-7931.839	-8184.548	252.7087	0.8659632	0.5864573	0.434238	0.565762	6.362941
38754	-7943.526	-8193.691	250.1657	0.7577004	0.5833257	0.450904	0.549096	7.792211
38760	-7947.418	-8198.823	251.4043	0.8387096	0.4966647	0.505719	0.494281	7.157914
38766	-7939.823	-8192.248	252.4249	0.8387096	0.5212623	0.467567	0.532433	6.585909
38772	-7947.589	-8199.678	252.0888	0.8524467	0.6190298	0.467567	0.532433	6.680392
38778	-7945.377	-8196.643	251.2661	0.8046572	0.5723256	0.518926	0.481074	7.186295
38784	-7925.516	-8177.067	251.5517	0.809615	0.5171858	0.477322	0.522678	7.076213
38790	-7946.415	-8197.64	251.2245	0.71192	0.5802431	0.477322	0.522678	7.252059
38796	-7941.986	-8192.877	250.8908	0.7875737	0.5565109	0.463908	0.536092	7.409773
38802	-7937.347	-8187.881	250.5337	0.8503696	0.592697	0.475561	0.524439	7.538424
38808	-7926.996	-8176.8	249.8044	0.6959681	0.5607713	0.475561	0.524439	8.036114
38814	-7933.866	-8183.961	250.0946	0.7588113	0.5311179	0.475561	0.524439	7.872318
38820	-7935.846	-8185.482	249.6354	0.7882206	0.5311179	0.475561	0.524439	8.101567
38826	-7947.712	-8197.295	249.5826	0.7025324	0.6470098	0.475561	0.524439	8.084265
38832	-7937.414	-8188.108	250.6934	0.80811	0.5178857	0.411695	0.588305	7.53708
38838	-7940.426	-8190.729	250.3031	0.8117309	0.596134	0.467407	0.532593	7.679826
38844	-7933.437	-8183.756	250.3195	0.8117309	0.5849206	0.467407	0.532593	7.679826
38850	-7925.005	-8174.604	249.5993	0.7755287	0.6310621	0.536275	0.463725	8.048223
38856	-7938.547	-8188.261	249.714	0.7089837	0.5904668	0.536275	0.463725	8.053636
38862	-7931.837	-8181.4	249.5628	0.7264133	0.5051309	0.529892	0.470108	8.195502
38868	-7924.17	-8174.454	250.2835	0.7000942	0.5173695	0.504905	0.495095	7.814534
38874	-7932.666	-8182.869	250.2034	0.7000942	0.5202629	0.4236	0.5764	7.854859
38880	-7926.413	-8176.946	250.5327	0.6780477	0.5427628	0.51605	0.48395	7.67157
38886	-7931.164	-8181.762	250.5988	0.8454818	0.503371	0.546123	0.453877	7.580431
38892	-7930.055	-8180.776	250.7203	0.8555123	0.56889	0.453414	0.546586	7.454683
38898	-7928.33	-8177.453	249.1233	0.7155033	0.6139191	0.521368	0.478632	8.346607
38904	-7934.28	-8184.4	250.1201	0.8086021	0.560565	0.433168	0.566832	7.807697
38910	-7934	-8183.381	249.3817	0.8262006	0.5026986	0.485464	0.514536	8.240953
38916	-7927.459	-8177.838	250.3784	0.8299589	0.4984893	0.498886	0.501114	7.710934
38922	-7944.405	-8195.946	251.5411	0.8176727	0.5723331	0.520615	0.479385	7.031376
38928	-7924.637	-8176.183	251.5462	0.8130594	0.523348	0.403149	0.596851	7.071991
38934	-7944.915	-8194.623	249.7078	0.6935745	0.5598014	0.53011	0.46989	8.089649
38940	-7941.907	-8192.093	250.1858	0.7390757	0.5445919	0.461843	0.538157	7.82286
38946	-7944.949	-8196.06	251.1118	0.7717876	0.5081697	0.475676	0.524324	7.340744
38952	-7933.667	-8183.836	250.1699	0.7462434	0.6070854	0.498304	0.501696	7.777527
38958	-7930.888	-8182.078	251.1898	0.7671419	0.5047181	0.516964	0.483036	7.30443
38964	-7928.849	-8178.984	250.1346	0.7324868	0.4474454	0.490889	0.509111	7.940092
38970	-7937.504	-8187.042	249.5381	0.7596468	0.4474454	0.528013	0.471987	8.243507
38976	-7937.066	-8186.592	249.5261	0.6977388	0.4901639	0.470077	0.529923	8.243507
38982	-7952.165	-8203.075	250.9096	0.7919412	0.5401341	0.453001	0.546999	7.410975
38988	-7933.025	-8184.013	250.9877	0.7983099	0.4880904	0.524673	0.475327	7.410975
38994	-7921.818	-8172.589	250.7717	0.80629	0.5681921	0.521557	0.478443	7.454088
39000	-7926.412	-8174.661	248.2484	0.7386995	0.6521567	0.484862	0.515138	8.770468
39006	-7922.868	-8173.22	250.352	0.7800462	0.5642637	0.423372	0.576628	7.695985
39012	-7941.921	-8192.556	250.6352	0.9257735	0.5885461	0.547808	0.452192	7.446917
39018	-7942.37	-8192.374	250.0043	0.8027816	0.6612439	0.461206	0.538794	7.795347
39024	-7944.142	-8195.522	251.3793	0.749983	0.5532685	0.437881	0.562119	7.170397
39030	-7952.395	-8203.404	251.0088	0.749983	0.5564756	0.492064	0.507936	7.366686
39036	-7947.967	-8197.614	249.6476	0.7142908	0.6393472	0.500958	0.499042	8.048997
39042	-7946.25	-8195.795	249.5451	0.8167133	0.6393472	0.437842	0.562158	8.048997
39048	-7934.993	-8185.857	250.864	0.7674525	0.5747426	0.437842	0.562158	7.420132
39054	-7943.333	-8192.711	249.3788	0.8101087	0.4741993	0.452385	0.547615	8.276553
39060	-7945.222	-8195.783	250.5618	0.801942	0.5102187	0.432285	0.567715	7.61753
39066	-7961.772	-8212.282	250.5101	0.7927918	0.6580416	0.510279	0.489721	7.53248
39072	-7940.305	-8190.722	250.4171	0.7834945	0.5213705	0.510279	0.489721	7.695123
39078	-7957.869	-8207.722	249.852	0.7929551	0.5548638	0.481756	0.518244	7.963804
39084	-7950.382	-8200.253	249.8704	0.7730774	0.5558611	0.506744	0.493256	7.963804
39090	-7945.539	-8196.712	251.1732	0.7997328	0.5558611	0.455647	0.544353	7.25226
39096	-7934.941	-8187.066	252.1252	0.8353394	0.6028956	0.438258	0.561742	6.682454
39102	-7932.59	-8182.816	250.2266	0.7863332	0.6203642	0.478602	0.521398	7.715646
39108	-7932.333	-8182.651	250.3185	0.7759454	0.5337753	0.481349	0.518651	7.741326
39114	-7931.504	-8181.784	250.2808	0.7759454	0.5580346	0.464902	0.535098	7.741326
39120	-7933.01	-8184.307	251.2973	0.7713356	0.5360366	0.48722	0.51278	7.217405
39126	-7930.087	-8180.958	250.8712	0.7391472	0.559162	0.48722	0.51278	7.444098
39132	-7930.269	-8181.823	251.5535	0.7716981	0.5117069	0.484503	0.515497	7.100403
39138	-7919.635	-8171.78	252.1455	0.8057326	0.5645545	0.497455	0.502545	6.718251
39144	-7927.345	-8178.364	251.0182	0.7948032	0.5934714	0.489539	0.510461	7.307866
39150	-7929.475	-8181.355	251.8802	0.8983199	0.584382	0.506915	0.493085	6.795409
39156	-7947.981	-8199.525	251.544	0.8138448	0.584382	0.506915	0.493085	7.022191
39162	-7955.602	-8207.144	251.5418	0.9286008	0.5993118	0.459218	0.540782	6.949785
39168	-7945.707	-8196.724	251.0176	0.8157613	0.437052	0.44239	0.55761	7.433345
39174	-7949.297	-8199.415	250.1186	0.7365206	0.4630251	0.496195	0.503805	7.931837
39180	-7941.658	-8191.433	249.7745	0.7396361	0.5717024	0.449038	0.550962	8.019931
39186	-7935.383	-8186.613	251.2302	0.8283774	0.5403039	0.489188	0.510812	7.219233
39192	-7928.18	-8179.355	251.176	0.8645743	0.4666412	0.536426	0.463574	7.294046
39198	-7931.538	-8182.072	250.5341	0.8470361	0.6112376	0.536426	0.463574	7.52555
39204	-7939.034	-8188.667	249.6333	0.8242398	0.6000173	0.530058	0.469942	8.027799
39210	-7944.674	-8196.511	251.8369	1.003416	0.6000173	0.54466	0.45534	6.749693
39216	-7935.899	-8188.319	252.4196	0.9069125	0.4914814	0.458049	0.541951	6.578279
39222	-7934.451	-8184.661	250.2102	0.7027972	0.6028649	0.458049	0.541951	7.782457
39228	-7919.877	-8170.146	250.2695	0.6558843	0.6028649	0.470112	0.529888	7.775823
39234	-7920.615	-8171.418	250.8028	0.83712	0.5034715	0.468934	0.531066	7.475551
39240	-7933.593	-8184.646	251.0534	0.8815614	0.6161603	0.468934	0.531066	7.224762
39246	-7937.106	-8188.313	251.2073	0.8815614	0.5148308	0.468934	0.531066	7.224762
39252	-7933.195	-8183.967	250.772	0.7432442	0.5942511	0.447304	0.552696	7.466919
39258	-7954.884	-8205.411	250.5265	0.7733836	0.6214466	0.513919	0.486081	7.561279
39264	-7956.223	-8207.1	250.8768	0.7654432	0.55748	0.479999	0.520001	7.428366
39270	-7942.374	-8192.218	249.8441	0.7041256	0.5615101	0.496767	0.503233	8.009959
39276	-7943.216	-8193.146	249.9306	0.7051223	0.5061661	0.534179	0.465821	8.009959
39282	-7944.133	-8195.138	251.0055	0.7775578	0.5884528	0.490952	0.509048	7.327861
39288	-7939.546	-8190.696	251.15	0.8322241	0.5961987	0.466901	0.533099	7.214824
39294	-7948.108	-8199.485	251.3769	0.8398817	0.5215028	0.528335	0.471665	7.150237
39300	-7954.539	-8205.729	251.1905	0.7685979	0.5252356	0.505499	0.494501	7.285419
39306	-7957.515	-8209.662	252.1468	0.883052	0.6009479	0.470047	0.529953	6.646514
39312	-7959.112	-8211.635	252.5229	0.8694946	0.6386736	0.574965	0.425035	6.421242
39318	-7942.775	-8193.989	251.2137	0.7755412	0.5811511	0.417214	0.582786	7.222975
39324	-7945.566	-8195.645	250.0789	0.7239294	0.5558301	0.497323	0.502677	7.878786
39330	-7939.438	-8190.589	251.1512	0.8521015	0.5534177	0.476078	0.523922	7.23797
39336	-7937.334	-8188.184	250.8504	0.8604903	0.5814165	0.50627	0.49373	7.372181
39342	-7943.382	-8194.084	250.7023	0.738656	0.5814165	0.4654	0.5346	7.516858
39348	-7943.126	-8193.861	250.7346	0.7476732	0.5541026	0.497033	0.502967	7.516858
39354	-7939.911	-8190.587	250.6759	0.8253226	0.6373082	0.492654	0.507346	7.441506
39360	-7947.795	-8198.383	250.588	0.8253226	0.5483142	0.44251	0.55749	7.558552
39366	-7943.812	-8195.348	251.5354	0.813216	0.5970548	0.44251	0.55749	7.01711
39372	-7934.935	-8184.412	249.4772	0.8378565	0.4981102	0.535772	0.464228	8.187912
39378	-7937.103	-8187.629	250.5258	0.7737798	0.6044199	0.51403	0.48597	7.574508
39384	-7939.955	-8190.313	250.3573	0.7741721	0.681613	0.441304	0.558696	7.607277
39390	-7942.373	-8193.255	250.8819	0.844285	0.5024128	0.501664	0.498336	7.43023
39396	-7934.836	-8185.878	251.0424	0.844285	0.4955744	0.446375	0.553625	7.350236
39402	-7940.779	-8191.769	250.9901	0.8739517	0.4843062	0.412198	0.587802	7.372497
39408	-7944.977	-8196.823	251.8458	0.8916447	0.5865399	0.412198	0.587802	6.815893
39414	-7952.062	-8204.063	252.0011	0.8509481	0.5648799	0.447232	0.552768	6.77151
39420	-7948.217	-8198.804	250.5872	0.731705	0.5648799	0.451169	0.548831	7.595509
39426	-7940.188	-8191.123	250.9352	0.7758095	0.5019219	0.516716	0.483284	7.438798
39432	-7958.46	-8209.697	251.237	0.7837084	0.5880617	0.516716	0.483284	7.200577
39438	-7952.755	-8202.967	250.2124	0.7708261	0.6015262	0.516716	0.483284	7.745969
39444	-7939.475	-8191.954	252.479	0.8057971	0.6186499	0.441611	0.558389	6.494775
39450	-7937.521	-8189.616	252.0948	0.8509219	0.5266122	0.494079	0.505921	6.753078
39456	-7943.6	-8193.612	250.0125	0.7707292	0.5266122	0.494079	0.505921	7.913622
39462	-7932.977	-8182.694	249.7168	0.7256705	0.4984977	0.470086	0.529914	8.119705
39468	-7956.589	-8206.843	250.2547	0.7389125	0.5860186	0.511557	0.488443	7.752578
39474	-7949.525	-8200.419	250.8939	0.7389125	0.5860186	0.511557	0.488443	7.410416
39480	-7940.816	-8191.316	250.5001	0.7389125	0.5263915	0.543321	0.456679	7.670264
39486	-7945.961	-8196.806	250.8445	0.697484	0.5718849	0.543321	0.456679	7.470399
39492	-7944.291	-8194.84	250.5488	0.8540548	0.6697747	0.542465	0.457535	7.470399
39498	-7951.094	-8201.431	250.3371	0.8079537	0.590635	0.542465	0.457535	7.667955
39504	-7957.014	-8207.438	250.4235	0.8414258	0.53833	0.497938	0.502062	7.646299
39510	-7950.64	-8201.059	250.4188	0.6608706	0.6030074	0.481558	0.518442	7.693284
39516	-7938.705	-8188.89	250.1849	0.7978677	0.6725517	0.521402	0.478598	7.693284
39522	-7934.021	-8185.21	251.1888	0.7760256	0.5187744	0.521402	0.478598	7.2879
39528	-7950.227	-8201.142	250.9145	0.8501562	0.5875522	0.554746	0.445254	7.338485
39534	-7933.074	-8184.031	250.9574	0.8420724	0.5294102	0.516399	0.483601	7.367522
39540	-7928.101	-8177.968	249.8671	0.7684217	0.4705861	0.444965	0.555035	8.041939
39546	-7935.146	-8186.867	251.7206	0.7993836	0.5185441	0.444965	0.555035	6.989629
39552	-7933.307	-8185.03	251.7234	0.7811997	0.5281237	0.444965	0.555035	6.989629
39558	-7942.77	-8194.975	252.2049	0.9623163	0.5270918	0.444965	0.555035	6.632988
39564	-7945.009	-8195.858	250.849	0.7613391	0.6350571	0.458677	0.541323	7.384684
39570	-7946.789	-8195.331	248.5418	0.7613391	0.5511917	0.455625	0.544375	8.680642
39576	-7940.679	-8189.43	248.7507	0.7904102	0.5098488	0.455625	0.544375	8.589152
39582	-7952.639	-8203.685	251.0462	0.7682681	0.554102	0.507323	0.492677	7.338774
39588	-7948.564	-8199.001	250.4372	0.7142188	0.554102	0.507323	0.492677	7.693903
39594	-7947.138	-8199.108	251.9701	0.8453344	0.554102	0.507323	0.492677	6.800152
39600	-7956.112	-8208.082	251.9701	0.8453344	0.554102	0.487385	0.512615	6.800152
39606	-7959.422	-8209.684	250.2625	0.7626254	0.5351783	0.458925	0.541075	7.777192
39612	-7948.101	-8198.089	249.9876	0.8520045	0.5674725	0.494601	0.505399	7.849654
39618	-7952.413	-8203.257	250.8447	0.872604	0.5999364	0.531763	0.468237	7.354135
39624	-7945.484	-8196.346	250.862	0.8949559	0.5731067	0.531763	0.468237	7.354135
39630	-7944.998	-8194.318	249.3197	0.7525732	0.5404191	0.423714	0.576286	8.280853
39636	-7928.332	-8179.077	250.7447	0.864409	0.5683145	0.423714	0.576286	7.437256
39642	-7939.669	-8190.623	250.9548	0.8483331	0.5994411	0.535009	0.464991	7.30846
39648	-7937.291	-8188.977	251.6864	0.8545272	0.6205464	0.535009	0.464991	6.895299
39654	-7940.03	-8191.719	251.689	0.8992918	0.4590872	0.509844	0.490156	7.006659
39660	-7950.481	-8202.287	251.806	0.7912894	0.6317782	0.509844	0.490156	6.856377
39666	-7947.59	-8199.589	251.9989	0.8283886	0.5771152	0.509844	0.490156	6.774965
39672	-7940.861	-8192.018	251.1572	0.7359159	0.5186233	0.509844	0.490156	7.326539
39678	-7939.991	-8191.178	251.187	0.7918935	0.4605866	0.509844	0.490156	7.33281
39684	-7938.585	-8190.293	251.7075	0.8187612	0.5597336	0.509844	0.490156	6.95142
39690	-7951.139	-8202.795	251.6556	0.9113432	0.5692234	0.416298	0.583702	6.92175
39696	-7935.883	-8188.089	252.2058	0.8100838	0.5703061	0.472515	0.527485	6.678584
39702	-7934.67	-8185.066	250.3963	0.7836106	0.4826891	0.472515	0.527485	7.740314
39708	-7933.793	-8184.695	250.9021	0.8109743	0.5565977	0.459399	0.540601	7.391091
39714	-7926.476	-8178.056	251.5804	0.899566	0.5327054	0.459399	0.540601	6.999026
39720	-7941.479	-8192.133	250.6546	0.731809	0.6356264	0.514328	0.485672	7.504274
39726	-7937.091	-8187.129	250.038	0.7533971	0.5871811	0.473921	0.526079	7.859648
39732	-7944.578	-8194.783	250.2049	0.6913183	0.6016522	0.509512	0.490488	7.792371
39738	-7939.523	-8190.444	250.9206	0.8359253	0.5507221	0.509512	0.490488	7.372648
39744	-7950.737	-8201.159	250.4227	0.7799345	0.5530258	0.498025	0.501975	7.667424
39750	-7964.213	-8214.804	250.5911	0.7844386	0.549519	0.513741	0.486259	7.577822
39756	-7957.67	-8207.669	249.9988	0.7014954	0.5519727	0.533233	0.466767	7.936678
39762	-7948.055	-8199.704	251.6486	0.8074942	0.530367	0.435591	0.564409	7.013872
39768	-7934.108	-8185.7	251.5916	0.821457	0.5420532	0.441161	0.558839	7.027116
39774	-7931.734	-8182.818	251.0842	0.8609222	0.5834032	0.542205	0.457795	7.244896
39780	-7934.408	-8186.476	252.0681	0.8639482	0.5394476	0.43751	0.56249	6.749502
39786	-7939.512	-8191.248	251.7361	0.8044464	0.581708	0.448876	0.551124	6.925898
39792	-7927.671	-8179.304	251.6337	0.9023232	0.5364538	0.467552	0.532448	6.965615
39798	-7936.55	-8188.612	252.0615	0.8635109	0.6351238	0.467552	0.532448	6.676905
39804	-7927.251	-8177.653	250.4018	0.7343661	0.5606712	0.564133	0.435867	7.696674
39810	-7932.812	-8182.709	249.8978	0.739123	0.5848395	0.484986	0.515014	7.943975
39816	-7932.818	-8182.808	249.9902	0.7161297	0.557804	0.487803	0.512197	7.928674
39822	-7935.466	-8185.403	249.9369	0.7315798	0.5828994	0.516948	0.483052	7.928674
39828	-7943.76	-8196.865	253.105	0.8839155	0.5828994	0.480261	0.519739	6.140657
39834	-7949.396	-8199.046	249.6504	0.7549984	0.5303804	0.499748	0.500252	8.11189
39840	-7933.677	-8185.054	251.377	0.810575	0.463947	0.499748	0.500252	7.21759
39846	-7929.297	-8181.044	251.7476	0.8343741	0.49276	0.487466	0.512534	6.979055
39852	-7936.043	-8187.604	251.5606	0.8189176	0.4882912	0.500182	0.499818	7.092017
39858	-7936.201	-8187.534	251.3322	0.8106012	0.6439727	0.500182	0.499818	7.092017
39864	-7932.935	-8184.608	251.6731	0.811628	0.5992479	0.54979	0.45021	6.942079
39870	-7941.814	-8192.197	250.3826	0.7316959	0.5062072	0.450851	0.549149	7.754396
39876	-7941.068	-8191.22	250.1522	0.7733068	0.5062072	0.532369	0.467631	7.855286
39882	-7941.209	-8192.952	251.7431	0.7966792	0.5604378	0.467445	0.532555	6.943575
39888	-7944.469	-8195.092	250.6226	0.7534278	0.586232	0.467445	0.532555	7.547809
39894	-7945.524	-8198.375	252.851	0.8577105	0.5464619	0.486092	0.513908	6.323085
39900	-7937.844	-8188.884	251.0406	0.8552435	0.5471203	0.405189	0.594811	7.300879
39906	-7941.687	-8193.275	251.5874	0.8275614	0.4956595	0.453211	0.546789	7.066319
39912	-7927.171	-8178.801	251.6298	0.7866014	0.49483	0.517162	0.482838	7.066319
39918	-7939.344	-8188.971	249.6267	0.7910764	0.5153859	0.451933	0.548067	8.118098
39924	-7931.453	-8180.756	249.3031	0.6443525	0.5153859	0.481183	0.518817	8.368468
39930	-7939.729	-8188.629	248.9006	0.7662746	0.6354137	0.489538	0.510462	8.421856
39936	-7928.191	-8178.549	250.3585	0.7750598	0.5372216	0.509942	0.490058	7.71752
39942	-7928.175	-8178.718	250.5435	0.7619399	0.6876912	0.457832	0.542168	7.509841
39948	-7932.597	-8183.135	250.5384	0.804711	0.5006329	0.491521	0.508479	7.636969
39954	-7943.038	-8193.583	250.5449	0.7109753	0.5554477	0.491521	0.508479	7.636969
39960	-7937.137	-8188.895	251.7582	0.7513498	0.6050267	0.514791	0.485209	6.924216
39966	-7935.696	-8187.095	251.3989	0.7878718	0.5919048	0.479126	0.520874	7.108244
39972	-7940.288	-8192.697	252.409	0.8478997	0.5919048	0.479126	0.520874	6.530863
39978	-7937.621	-8189.072	251.4508	0.8152554	0.5919048	0.40406	0.59594	7.065603
39984	-7932.226	-8183.523	251.2971	0.7854674	0.4869521	0.505334	0.494666	7.252834
39990	-7943.861	-8195.161	251.3001	0.7497862	0.5918155	0.521798	0.478202	7.181948
39996	-7935.561	-8185.877	250.3159	0.7258009	0.5378106	0.471944	0.528056	7.766111
40002	-7930.229	-8180.347	250.1185	0.7350794	0.5528768	0.463541	0.536459	7.854108
40008	-7938.881	-8188.96	250.0788	0.7780433	0.6160866	0.463541	0.536459	7.802301
40014	-7929.449	-8180.861	251.4113	0.7780433	0.5428129	0.463541	0.536459	7.146852
40020	-7935.414	-8186.307	250.8926	0.7829858	0.6329652	0.514329	0.485671	7.351222
40026	-7937.211	-8188.759	251.5483	0.9153158	0.5036732	0.52489	0.47511	7.033032
40032	-7931.632	-8184.113	252.4806	0.871786	0.5143835	0.504147	0.495853	6.543844
40038	-7933.907	-8185.506	251.5988	0.871786	0.4957117	0.414723	0.585277	7.036337
40044	-7919.15	-8170.618	251.468	0.8562148	0.530208	0.509883	0.490117	7.084946
40050	-7929.642	-8181.485	251.843	0.8425211	0.5282155	0.496683	0.503317	6.892103
40056	-7928.872	-8182.513	253.6407	0.9782126	0.5889922	0.481231	0.518769	5.791936
40062	-7928.988	-8181.521	252.5331	0.8867199	0.5509527	0.538842	0.461158	6.476001
40068	-7942.334	-8193.643	251.3094	0.7558154	0.5949376	0.458881	0.541119	7.171241
40074	-7938.138	-8189.346	251.208	0.847565	0.5312174	0.513411	0.486589	7.228536
40080	-7934.078	-8185.753	251.675	0.801249	0.5599194	0.513411	0.486589	6.978229
40086	-7921.977	-8173.939	251.9615	0.8179755	0.5599194	0.508168	0.491832	6.814785
40092	-7936.7	-8186.852	250.1521	0.7188791	0.5599194	0.491224	0.508776	7.839037
40098	-7949.571	-8200.375	250.8041	0.7080332	0.5496437	0.505932	0.494068	7.50455
40104	-7934.01	-8186.457	252.4469	0.8204045	0.5344045	0.479055	0.520945	6.572582
40110	-7946.181	-8196.343	250.1624	0.7257205	0.6266229	0.446263	0.553737	7.777593
40116	-7943.548	-8192.619	249.0717	0.6716362	0.5914639	0.515574	0.484426	8.414677
40122	-7958.071	-8207.832	249.7607	0.8095186	0.5925485	0.42489	0.57511	7.973473
40128	-7935.663	-8186.485	250.8217	0.8419938	0.5663636	0.47757	0.52243	7.409617
40134	-7938.988	-8189.49	250.502	0.8230451	0.585805	0.462965	0.537035	7.575457
40140	-7929.764	-8180.506	250.7418	0.8230451	0.5516183	0.447505	0.552495	7.474673
40146	-7921.248	-8172.043	250.7948	0.8734578	0.5516183	0.458139	0.541861	7.419217
40152	-7924.982	-8176.366	251.3839	0.8854635	0.5184324	0.524663	0.475337	7.124594
40158	-7925.684	-8177.255	251.5714	0.8854635	0.5233113	0.475025	0.524975	7.019522
40164	-7946.746	-8197.638	250.8923	0.8971216	0.6234515	0.559385	0.440615	7.297319
40170	-7947.562	-8198.683	251.1205	0.8994335	0.4426772	0.489629	0.510371	7.327834
40176	-7935.822	-8187.56	251.7378	0.8184533	0.5314633	0.476305	0.523695	6.959005
40182	-7945.493	-8197.413	251.9195	0.8184533	0.5671853	0.481914	0.518086	6.831221
40188	-7943.675	-8195.574	251.8992	0.9143557	0.5187305	0.481914	0.518086	6.831221
40194	-7942.651	-8195.14	252.4892	0.8443057	0.5975925	0.481914	0.518086	6.484813
40200	-7954.568	-8205.01	250.4423	0.8067995	0.5102276	0.52337	0.47663	7.678819
40206	-7946.502	-8197.325	250.8225	0.7659068	0.5572481	0.455948	0.544052	7.457394
40212	-7941.833	-8193.186	251.3527	0.8271211	0.4897336	0.441362	0.558638	7.198083
40218	-7950.619	-8201.784	251.1643	0.8735068	0.6647508	0.441362	0.558638	7.133248
40224	-7940.89	-8191.597	250.7067	0.8579509	0.503753	0.513375	0.486625	7.515618
40230	-7956.468	-8208.263	251.7946	0.7428162	0.503753	0.513375	0.486625	6.993189
40236	-7945.818	-8196.23	250.4125	0.7271072	0.5991052	0.494612	0.505388	7.664261
40242	-7938.557	-8189.124	250.567	0.7983414	0.6378198	0.498685	0.501315	7.513933
40248	-7939.032	-8189.886	250.8539	0.8495224	0.5619767	0.523318	0.476682	7.391877
40254	-7938.97	-8189.813	250.8438	0.9517362	0.5037325	0.527818	0.472182	7.391877
40260	-7928.497	-8180.259	251.7622	0.8330902	0.6747494	0.527818	0.472182	6.825744
40266	-7923.663	-8175.88	252.2175	0.891329	0.5276121	0.483236	0.516764	6.66411
40272	-7937.242	-8188.693	251.4514	0.8585267	0.5219237	0.483236	0.516764	7.099786
40278	-7943.113	-8194.886	251.7728	0.8093557	0.5585611	0.483236	0.516764	6.922281
40284	-7941.752	-8192.622	250.8698	0.8358989	0.5237332	0.521004	0.478996	7.422682
40290	-7928.036	-8178.953	250.9172	0.7947032	0.5198632	0.521004	0.478996	7.422682
40296	-7939.452	-8191.673	252.2216	0.880471	0.5198632	0.468293	0.531707	6.674484
40302	-7932.504	-8184.803	252.2987	0.8345162	0.5198632	0.468293	0.531707	6.657629
40308	-7938.931	-8189.828	250.8967	0.7815014	0.601557	0.51053	0.48947	7.373867
40314	-7927.717	-8178.295	250.5785	0.8141205	0.5335846	0.527024	0.472976	7.581994
40320	-7929.707	-8180.372	250.6646	0.8141205	0.5332686	0.527024	0.472976	7.536149
40326	-7932.465	-8183.232	250.7671	0.8192573	0.4681814	0.527024	0.472976	7.536149
40332	-7928.647	-8178.836	250.1897	0.8372133	0.5177699	0.441353	0.558647	7.791046
40338	-7932.725	-8184.871	252.1463	0.8372133	0.5863548	0.460436	0.539564	6.683144
40344	-7919.729	-8171.293	251.5639	0.824314	0.5378204	0.49095	0.50905	7.044065
40350	-7933.973	-8185.866	251.8931	0.8668568	0.4314213	0.49095	0.50905	6.940911
40356	-7938.854	-8190.137	251.2832	0.8306519	0.4314213	0.503491	0.496509	7.28839
40362	-7934.111	-8185.025	250.9142	0.8070145	0.5566138	0.51148	0.48852	7.386721
40368	-7939.313	-8190.653	251.3404	0.8448312	0.4798605	0.445174	0.554826	7.204148
40374	-7942.429	-8193.42	250.991	0.858489	0.5185246	0.4618	0.5382	7.350048
40380	-7931.02	-8182.249	251.2295	0.9045687	0.538926	0.472756	0.527244	7.179812
40386	-7935.739	-8185.948	250.209	0.8141893	0.4936955	0.505646	0.494354	7.81413
40392	-7954.399	-8203.194	248.7954	0.7410479	0.5070589	0.570884	0.429116	8.594045
40398	-7949.823	-8199.448	249.6255	0.7632013	0.5838079	0.471915	0.528085	8.077152
40404	-7943.222	-8192.916	249.6938	0.7632013	0.5830199	0.464223	0.535777	8.041373
40410	-7952.628	-8202.408	249.7802	0.7630511	0.5269193	0.540061	0.459939	8.041373
40416	-7941.472	-8191.365	249.8929	0.6777694	0.5098968	0.472045	0.527955	8.041373
40422	-7934.006	-8184.714	250.7075	0.7031567	0.5098968	0.492627	0.507373	7.592668
40428	-7945.131	-8195.324	250.1931	0.7586086	0.5761932	0.492627	0.507373	7.782776
40434	-7940.898	-8192.189	251.291	0.8345464	0.522785	0.474713	0.525287	7.198119
40440	-7944.603	-8195.396	250.7935	0.8324422	0.5606855	0.459815	0.540185	7.434456
40446	-7953.004	-8205.155	252.1505	0.8631674	0.5446545	0.459815	0.540185	6.701003
40452	-7949.289	-8200.481	251.1917	0.7464123	0.5305588	0.490293	0.509707	7.292129
40458	-7942.976	-8194.523	251.547	0.8349302	0.5305588	0.420424	0.579576	7.05361
40464	-7933.803	-8183.999	250.1954	0.7889404	0.5472542	0.515729	0.484271	7.78887
40470	-7938.753	-8189.248	250.4948	0.7296125	0.5487153	0.470859	0.529141	7.65935
40476	-7946.314	-8196.612	250.2971	0.8027751	0.5487153	0.543499	0.456501	7.725938
40482	-7938.102	-8188.545	250.4435	0.7338585	0.500252	0.450991	0.549009	7.725938
40488	-7949.899	-8201.059	251.1596	0.8174588	0.4749749	0.437881	0.562119	7.320409
40494	-7939.626	-8191.225	251.5982	0.7890535	0.528986	0.486986	0.513014	7.052065
40500	-7961.119	-8209.562	248.4438	0.6890926	0.5329084	0.421371	0.578629	8.7861
40506	-7948.186	-8198.156	249.9695	0.7066103	0.5329084	0.398009	0.601991	7.965437
40512	-7947.22	-8197.647	250.4269	0.7670752	0.5903233	0.519689	0.480311	7.642006
40518	-7936.413	-8186.919	250.5067	0.7988117	0.5179281	0.425157	0.574843	7.642006
40524	-7935.792	-8185.805	250.0123	0.721554	0.511287	0.495655	0.504345	7.953165
40530	-7935.489	-8185.758	250.269	0.7866559	0.563106	0.484807	0.515193	7.737737
40536	-7932.276	-8182.553	250.277	0.7571086	0.553378	0.500812	0.499188	7.757219
40542	-7929.939	-8180.024	250.0847	0.7304583	0.5406294	0.465456	0.534544	7.884743
40548	-7935.974	-8186.237	250.2635	0.7305274	0.5406294	0.492151	0.507849	7.789204
40554	-7940.546	-8189.913	249.3669	0.7765372	0.5651528	0.492151	0.507849	8.222696
40560	-7945.956	-8195.578	249.6227	0.7765372	0.4979413	0.50641	0.49359	8.143242
40566	-7942.566	-8193.938	251.3721	0.7681821	0.5068087	0.50641	0.49359	7.204153
40572	-7940.2	-8193.271	253.0709	0.9048073	0.4576658	0.499655	0.500345	6.257704
40578	-7945.186	-8196.821	251.6352	0.8368599	0.4795187	0.527808	0.472192	7.050213
40584	-7948.461	-8199.833	251.3716	0.742813	0.5969052	0.441962	0.558038	7.14324
40590	-7940.665	-8192.811	252.1466	0.893042	0.5948474	0.441962	0.558038	6.64606
40596	-7941.678	-8193.85	252.1715	0.8681157	0.5948474	0.498408	0.501592	6.64606
40602	-7934.671	-8185.38	250.7091	0.7956809	0.5147525	0.498408	0.501592	7.538044
40608	-7933.876	-8184.764	250.8886	0.8789617	0.4928801	0.475685	0.524315	7.416546
40614	-7933.375	-8184.137	250.7614	0.7934478	0.5636687	0.487559	0.512441	7.470139
40620	-7939.047	-8189.315	250.2685	0.7766991	0.715806	0.487559	0.512441	7.629628
40626	-7935.343	-8185.333	249.9896	0.7692373	0.4855773	0.512952	0.487048	7.962529
40632	-7945.67	-8196.309	250.6396	0.7277021	0.5929748	0.484545	0.515455	7.547163
40638	-7956.401	-8206.143	249.7415	0.7498241	0.6224954	0.510477	0.489523	7.99255
40644	-7936.274	-8188.136	251.8618	0.8741235	0.6187249	0.463574	0.536426	6.7915
40650	-7946.868	-8197.996	251.1283	0.7803904	0.5971769	0.463574	0.536426	7.253581
40656	-7935.208	-8185.708	250.5	0.7803904	0.5799903	0.485402	0.514598	7.603955
40662	-7933.828	-8183.429	249.6008	0.7571262	0.5609055	0.466511	0.533489	8.111919
40668	-7936.347	-8188.239	251.8923	0.852943	0.5277902	0.511437	0.488563	6.86024
40674	-7953.727	-8205.325	251.5981	0.8491314	0.5701578	0.443658	0.556342	6.98552
40680	-7935.688	-8187.338	251.65	0.8819863	0.5292972	0.53201	0.46799	6.973921
40686	-7937.906	-8189.673	251.7665	0.8685293	0.5292972	0.529749	0.470251	6.918363
40692	-7931.649	-8183.243	251.5944	0.8485336	0.5292972	0.55517	0.44483	7.021842
40698	-7934.832	-8184.113	249.2812	0.791579	0.585544	0.55517	0.44483	8.244063
40704	-7937.998	-8188.527	250.5282	0.7596332	0.532485	0.55517	0.44483	7.638976
40710	-7936.733	-8187.118	250.3842	0.8032109	0.5987361	0.450452	0.549548	7.638976
40716	-7941.886	-8192.385	250.4993	0.7848362	0.4713803	0.424471	0.575529	7.694923
40722	-7938.021	-8188.004	249.9832	0.7418009	0.6541646	0.451408	0.548592	7.844329
40728	-7931.922	-8182.726	250.8038	0.6818483	0.5999381	0.524305	0.475695	7.478311
40734	-7922.612	-8173.043	250.4318	0.8052333	0.4802785	0.515625	0.484375	7.711969
40740	-7921.945	-8173.416	251.4706	0.8076514	0.560905	0.434218	0.565782	7.083978
40746	-7931.594	-8183.644	252.05	0.8426406	0.560905	0.426221	0.573779	6.752884
40752	-7936.742	-8188.943	252.2018	0.8318659	0.475136	0.518221	0.481779	6.75152
40758	-7936.962	-8187.449	250.4875	0.8408025	0.6131444	0.493046	0.506954	7.552428
40764	-7929.307	-8180.709	251.4018	0.856101	0.5658216	0.493046	0.506954	7.090931
40770	-7950.22	-8202.664	252.4441	0.8432155	0.6248248	0.50748	0.49252	6.488679
40776	-7951.269	-8202.437	251.168	0.8391042	0.6248248	0.487502	0.512498	7.179389
40782	-7963.218	-8214.043	250.8258	0.6904265	0.6185293	0.495368	0.504632	7.447616
40788	-7961.807	-8213.298	251.4903	0.8453575	0.5520834	0.43171	0.56829	7.060399
40794	-7963.637	-8214.963	251.3262	0.8426551	0.582277	0.470486	0.529514	7.125522
40800	-7953.211	-8204.485	251.2732	0.7442782	0.579462	0.426464	0.573536	7.209179
40806	-7937.829	-8189.067	251.2372	0.8603064	0.5274983	0.445	0.555	7.209179
40812	-7941.09	-8191.561	250.4707	0.8069224	0.5793152	0.430823	0.569177	7.606009
40818	-7935.582	-8186.592	251.0098	0.7496805	0.6357654	0.508187	0.491813	7.304131
40824	-7953.44	-8203.643	250.2027	0.8075721	0.5449629	0.497452	0.502548	7.776931
40830	-7953.332	-8203.878	250.5468	0.7698899	0.5051324	0.497452	0.502548	7.64712
40836	-7943.296	-8193.462	250.1659	0.7665395	0.597348	0.522777	0.477223	7.776374
40842	-7938.417	-8189.683	251.2653	0.8275671	0.5550312	0.49586	0.50414	7.188502
40848	-7934.401	-8184.718	250.3165	0.7821368	0.5830258	0.49586	0.50414	7.698766
40854	-7934.467	-8184.567	250.1004	0.7742877	0.5135435	0.480896	0.519104	7.876037
40860	-7924.21	-8175.254	251.0439	0.7876988	0.5151048	0.463515	0.536485	7.36257
40866	-7937.44	-8187.18	249.7406	0.790575	0.4938734	0.491366	0.508634	8.076554
40872	-7940.188	-8190.544	250.3558	0.7392741	0.5777593	0.453438	0.546562	7.704877
40878	-7939.444	-8189.733	250.2886	0.6963559	0.4543954	0.444049	0.555951	7.87061
40884	-7953.325	-8203.472	250.1468	0.7399037	0.6154214	0.500429	0.499571	7.786861
40890	-7948.839	-8200.24	251.4016	0.7855895	0.5508512	0.446391	0.553609	7.141262
40896	-7944.964	-8193.67	248.7068	0.7766739	0.5701021	0.446391	0.553609	8.569633
40902	-7943.813	-8195.016	251.2031	0.8433433	0.5432263	0.410231	0.589769	7.223284
40908	-7931.668	-8182.935	251.2677	0.8318306	0.6061942	0.493549	0.506451	7.143973
40914	-7941.331	-8191.365	250.0341	0.8195388	0.5015069	0.506365	0.493635	7.897757
40920	-7925.027	-8175.433	250.4052	0.6850522	0.5200102	0.429125	0.570875	7.755288
40926	-7925.722	-8175.873	250.1512	0.7243574	0.6660625	0.473132	0.526868	7.755288
40932	-7934.721	-8185.951	251.2304	0.7771424	0.5329166	0.473132	0.526868	7.252881
40938	-7938.412	-8190.049	251.6373	0.7771424	0.6200105	0.498102	0.501898	6.963898
40944	-7939.406	-8190.818	251.4123	0.9325814	0.5733364	0.50471	0.49529	7.038028
40950	-7941.404	-8192.871	251.4674	0.7954542	0.6003257	0.56819	0.43181	7.060723
40956	-7953.065	-8204.574	251.5096	0.85342	0.5341875	0.56819	0.43181	7.060723
40962	-7949.669	-8199.936	250.2669	0.7794572	0.5112364	0.44914	0.55086	7.786313
40968	-7954.346	-8207.258	252.9115	0.9146757	0.6371761	0.483131	0.516869	6.186801
40974	-7926.079	-8177.594	251.5147	0.7774542	0.5504369	0.441849	0.558151	7.085193
40980	-7926.798	-8178.149	251.3504	0.7774542	0.4586513	0.516037	0.483963	7.25463
40986	-7924.061	-8175.095	251.0339	0.8366188	0.5521356	0.500074	0.499926	7.310305
40992	-7932.302	-8183.476	251.1731	0.8256421	0.5588561	0.484871	0.515129	7.235934
40998	-7939.698	-8191.142	251.444	0.8394163	0.4772278	0.484871	0.515129	7.153777
41004	-7946.267	-8197.438	251.1707	0.8394163	0.6231158	0.401208	0.598792	7.179071
41010	-7938.098	-8190.482	252.384	0.9182422	0.6289426	0.459793	0.540207	6.47744
41016	-7933.276	-8184.222	250.9466	0.9107839	0.6320077	0.502902	0.497098	7.254363
41022	-7927.059	-8177.38	250.3212	0.7214339	0.5446852	0.533918	0.466082	7.759872
41028	-7935.204	-8184.87	249.6658	0.7576095	0.4844548	0.502183	0.497817	8.142381
41034	-7946.393	-8195.73	249.3375	0.7383207	0.4719688	0.486479	0.513521	8.338723
41040	-7921.052	-8170.844	249.7924	0.7719949	0.4480953	0.486479	0.513521	8.100889
41046	-7917.858	-8168.826	250.9685	0.7512073	0.5694416	0.486479	0.513521	7.377058
41052	-7933.178	-8183.424	250.2454	0.7512073	0.5024178	0.430393	0.569607	7.820651
41058	-7937.534	-8187.739	250.2051	0.7921504	0.5019839	0.493446	0.506554	7.820651
41064	-7933.735	-8183.646	249.9112	0.7684689	0.4912889	0.493446	0.506554	7.999666
41070	-7922.7	-8173.829	251.1286	0.7259706	0.595323	0.493446	0.506554	7.284063
41076	-7930.536	-8180.296	249.7602	0.7078062	0.5815209	0.493446	0.506554	8.036718
41082	-7923.22	-8173.305	250.0854	0.7939807	0.6007493	0.535081	0.464919	7.802073
41088	-7927.052	-8178.535	251.4832	0.7814784	0.6639593	0.516987	0.483013	7.011763
41094	-7929.171	-8180.399	251.2287	0.8835544	0.6022259	0.516987	0.483013	7.140257
41100	-7932.317	-8183.625	251.3079	0.861266	0.5638717	0.4673	0.5327	7.140257
41106	-7916.994	-8167.851	250.8563	0.7932041	0.5802435	0.511027	0.488973	7.406009
41112	-7941.185	-8191.226	250.0405	0.7747876	0.5393107	0.51999	0.48001	7.885813
41118	-7939.23	-8190.348	251.1178	0.7864292	0.5331823	0.502586	0.497414	7.308113
41124	-7922.839	-8173.851	251.0124	0.7864292	0.6583391	0.503665	0.496335	7.266326
41130	-7929.24	-8180.075	250.8349	0.8519807	0.5158522	0.53527	0.46473	7.43957
41136	-7942.981	-8194.973	251.9923	0.8615944	0.6558339	0.496698	0.503302	6.699885
41142	-7933.91	-8185.919	252.0095	0.9081003	0.5295298	0.535189	0.464811	6.765785
41148	-7924.709	-8177.234	252.5254	0.9081003	0.4980683	0.472379	0.527621	6.514406
41154	-7930.025	-8181.295	251.2691	0.9137798	0.4980683	0.469089	0.530911	7.188992
41160	-7932.202	-8182.851	250.6497	0.8196717	0.5524462	0.486351	0.513649	7.525139
41166	-7949.885	-8200.2	250.315	0.8106142	0.5903007	0.487466	0.512534	7.678633
41172	-7944.362	-8194.834	250.4729	0.8151961	0.4869253	0.487466	0.512534	7.678633
41178	-7941.936	-8192.153	250.2172	0.6931094	0.5806473	0.501948	0.498052	7.801331
41184	-7943.07	-8192.646	249.5756	0.7040291	0.467591	0.498143	0.501857	8.234299
41190	-7943.437	-8193.509	250.0717	0.7765134	0.585714	0.507714	0.492286	7.830488
41196	-7945.805	-8196.721	250.9158	0.7765134	0.4811906	0.50491	0.49509	7.467425
41202	-7938.103	-8188.582	250.4788	0.7695566	0.4890287	0.464325	0.535675	7.697988
41208	-7961.404	-8211.97	250.5657	0.7695566	0.4792582	0.464325	0.535675	7.660352
41214	-7956.769	-8207.805	251.0357	0.8274202	0.5006116	0.43105	0.56895	7.358396
41220	-7948.024	-8199.022	250.9974	0.7663638	0.5633435	0.403212	0.596788	7.358396
41226	-7940.31	-8190.316	250.0062	0.7651588	0.4774967	0.403212	0.596788	7.963185
41232	-7930.05	-8180.694	250.6444	0.7651588	0.5512988	0.403212	0.596788	7.558092
41238	-7936.855	-8187.015	250.1601	0.7610541	0.6792753	0.510166	0.489834	7.721463
41244	-7946.14	-8196.756	250.6161	0.822476	0.5290856	0.462303	0.537697	7.561194
41250	-7935.728	-8187.477	251.749	0.7695586	0.5568153	0.543337	0.456663	6.958025
41256	-7948.047	-8200.233	252.1858	0.9004632	0.5445154	0.488562	0.511438	6.661885
41262	-7934.515	-8185.954	251.4395	0.7288537	0.5071582	0.488362	0.511638	7.18875
41268	-7933.576	-8185.121	251.5452	0.7590191	0.4927121	0.488362	0.511638	7.128545
41274	-7950.468	-8202.262	251.794	0.7882908	0.6452624	0.488362	0.511638	6.854339
41280	-7925.101	-8176.593	251.4917	0.7774089	0.6059926	0.498261	0.501739	7.052953
41286	-7931.366	-8182.753	251.387	0.7774089	0.4581934	0.47809	0.52191	7.235459
41292	-7932.37	-8182.574	250.204	0.743966	0.5189498	0.463254	0.536746	7.832225
41298	-7940.465	-8190.887	250.4219	0.7281104	0.6035474	0.489912	0.510088	7.655244
41304	-7937.577	-8187.952	250.3747	0.7453371	0.538977	0.507446	0.492554	7.723273
41310	-7944.703	-8195.014	250.3117	0.8469107	0.514989	0.507446	0.492554	7.723079
41316	-7932.527	-8183.459	250.9321	0.7708225	0.5988797	0.503881	0.496119	7.362667
41322	-7940.651	-8190.791	250.1394	0.7618817	0.5293151	0.451291	0.548709	7.848327
41328	-7940.117	-8190.174	250.0566	0.6744465	0.5513051	0.417235	0.582765	7.920789
41334	-7928.959	-8178.548	249.5885	0.7212134	0.5965875	0.466192	0.533808	8.109253
41340	-7930.435	-8179.659	249.2245	0.7064627	0.5782624	0.466192	0.533808	8.32526
41346	-7927.661	-8178.029	250.3683	0.7483686	0.5326576	0.484998	0.515002	7.730381
41352	-7942.861	-8193.946	251.085	0.8494415	0.6110393	0.533731	0.466269	7.228982
41358	-7941.259	-8191.88	250.6201	0.7579982	0.5209519	0.492481	0.507519	7.600512
41364	-7936.269	-8186.718	250.4489	0.7922939	0.6112244	0.468655	0.531345	7.600512
41370	-7941.228	-8193.008	251.7793	0.8370843	0.6089525	0.47984	0.52016	6.863562
41376	-7926.126	-8178.083	251.9574	0.906773	0.5489481	0.47984	0.52016	6.77817
41382	-7937.227	-8187.947	250.7202	0.8425758	0.5993189	0.476273	0.523727	7.437497
41388	-7943.057	-8194.64	251.5827	0.8912339	0.6105306	0.502515	0.497485	6.939145
41394	-7953.179	-8204.934	251.7553	0.9056977	0.5288605	0.468386	0.531614	6.904768
41400	-7945.255	-8196.931	251.6753	0.8958325	0.5875274	0.554206	0.445794	6.904768
41406	-7933.616	-8185.227	251.6107	0.8290527	0.6317346	0.493721	0.506279	6.941336
41412	-7936.469	-8187.586	251.1173	0.857546	0.5037028	0.493721	0.506279	7.295722
41418	-7931.349	-8182.289	250.9395	0.857546	0.5766323	0.383763	0.616237	7.329795
41424	-7945.874	-8197.66	251.7865	0.9152324	0.5592138	0.52111	0.47889	6.85731
41430	-7952.103	-8204.738	252.6354	0.9219722	0.5593569	0.430027	0.569973	6.394421
41436	-7936.777	-8186.987	250.2098	0.7608416	0.5593569	0.494557	0.505443	7.786264
41442	-7949.698	-8199.707	250.0085	0.8001279	0.5593569	0.53089	0.46911	7.872758
41448	-7947.2	-8197.163	249.9629	0.8098376	0.5654791	0.53089	0.46911	7.886983
41454	-7948.372	-8199.847	251.4744	0.7673892	0.5502168	0.46765	0.53235	7.112433
41460	-7929.332	-8180.96	251.6278	0.8912386	0.5656407	0.472337	0.527663	6.950475
41466	-7931.721	-8183.656	251.9352	0.9166337	0.5605981	0.497974	0.502026	6.775136
41472	-7933.17	-8186.473	253.3033	0.9166337	0.5912479	0.497974	0.502026	6.008104
41478	-7928.754	-8181.027	252.2721	0.9609558	0.6033146	0.465364	0.534636	6.534752
41484	-7927.411	-8179.976	252.5649	0.9002604	0.5182245	0.48001	0.51999	6.479405
41490	-7930.952	-8182.483	251.5305	0.9010546	0.5081165	0.530904	0.469096	7.046336
41496	-7940.237	-8191.778	251.5409	0.8059636	0.5617996	0.530904	0.469096	7.046336
41502	-7943.54	-8193.097	249.5564	0.8059636	0.4501617	0.528424	0.471576	8.206531
41508	-7935.504	-8184.716	249.2117	0.799328	0.520227	0.500679	0.499321	8.330528
41514	-7953.487	-8204.66	251.1728	0.770119	0.5751433	0.500679	0.499321	7.25267
41520	-7934.301	-8184.663	250.3611	0.788901	0.5624395	0.500679	0.499321	7.687852
41526	-7946.382	-8196.795	250.4132	0.7680831	0.5421328	0.477327	0.522673	7.687852
41532	-7936.112	-8187.432	251.3201	0.9161366	0.5588569	0.443619	0.556381	7.108261
41538	-7943.491	-8196.723	253.2319	0.9134507	0.5490265	0.443619	0.556381	6.083453
41544	-7942.946	-8196.151	253.2051	0.9070728	0.5317342	0.473834	0.526166	6.116267
41550	-7948.83	-8199.326	250.4965	0.7876266	0.5746776	0.473548	0.526452	7.606197
41556	-7943.333	-8194.005	250.6722	0.8436536	0.5124248	0.473548	0.526452	7.534178
41562	-7941.22	-8192.008	250.7885	0.8579683	0.4986232	0.473548	0.526452	7.476339
41568	-7933.517	-8185.204	251.6873	0.8400122	0.5129255	0.492515	0.507485	6.990582
41574	-7933.085	-8184.126	251.0406	0.8027083	0.6421424	0.492515	0.507485	7.254375
41580	-7928.535	-8179.932	251.3972	0.7914543	0.5501083	0.417023	0.582977	7.141119
41586	-7934.885	-8185.734	250.8491	0.761496	0.5525097	0.386609	0.613391	7.449434
41592	-7936.263	-8186.345	250.0819	0.7604372	0.5525097	0.485414	0.514586	7.860369
41598	-7926.229	-8178.315	252.0864	0.8402024	0.5457437	0.485414	0.514586	6.747131
41604	-7933.398	-8185.663	252.2658	0.9720731	0.5457437	0.504357	0.495643	6.578883
41610	-7931.211	-8182.329	251.1182	0.7428181	0.5543304	0.493849	0.506151	7.313583
41616	-7930.11	-8180.265	250.1553	0.7598245	0.5508302	0.447924	0.552076	7.822888
41622	-7921.791	-8172.973	251.1825	0.7598245	0.5531918	0.480725	0.519275	7.270897
41628	-7925.182	-8176.469	251.2871	0.7967081	0.5531918	0.481377	0.518623	7.194888
41634	-7938.032	-8188.774	250.742	0.7967081	0.4791753	0.410784	0.589216	7.551515
41640	-7926.787	-8177.418	250.6311	0.7707949	0.5179038	0.493777	0.506223	7.590435
41646	-7931.837	-8183.096	251.2596	0.8118714	0.6751598	0.471299	0.528701	7.107617
41652	-7926.491	-8177.643	251.1518	0.8056348	0.6751598	0.471299	0.528701	7.168902
41658	-7949.851	-8200.173	250.3224	0.7982103	0.6751598	0.50807	0.49193	7.617702
41664	-7938.106	-8190.428	252.3216	0.8859044	0.5639047	0.50807	0.49193	6.580233
41670	-7942.901	-8193.634	250.7334	0.7825753	0.5330568	0.413543	0.586457	7.516396
41676	-7953.678	-8204.577	250.8991	0.731868	0.5149898	0.414271	0.585729	7.470273
41682	-7954.74	-8205.082	250.3423	0.7424603	0.5081086	0.46227	0.53773	7.768561
41688	-7956.075	-8207.633	251.5577	0.8182551	0.5650818	0.498691	0.501309	7.027998
41694	-7938.087	-8188.819	250.7323	0.7863174	0.5426536	0.501884	0.498116	7.506907
41700	-7930.06	-8181.028	250.9674	0.8285991	0.5534309	0.406951	0.593049	7.349218
41706	-7944.225	-8195.137	250.912	0.7722587	0.6294682	0.423762	0.576238	7.349218
41712	-7947.131	-8198.111	250.9794	0.7935265	0.5685783	0.389214	0.610786	7.349218
41718	-7941.007	-8191.184	250.1769	0.8239578	0.5914082	0.457883	0.542117	7.744426
41724	-7934.475	-8184.657	250.1814	0.8330792	0.582237	0.479771	0.520229	7.744426
41730	-7932.806	-8183.649	250.8429	0.7514039	0.5375793	0.479771	0.520229	7.470622
41736	-7933.049	-8183.09	250.041	0.7514039	0.4992587	0.459425	0.540575	7.93246
41742	-7937.596	-8188.553	250.9574	0.8076808	0.5276589	0.505698	0.494302	7.387439
41748	-7938.039	-8189.038	250.9997	0.8076808	0.4821326	0.506488	0.493512	7.404859
41754	-7928.53	-8180.494	251.9646	0.8375328	0.5646882	0.4994	0.5006	6.798641
41760	-7933.872	-8185.116	251.2437	0.8068121	0.5332868	0.492176	0.507824	7.229453
41766	-7937.948	-8189.024	251.0756	0.7847128	0.5454223	0.453772	0.546228	7.321391
41772	-7953.423	-8204.072	250.6487	0.7847128	0.5901822	0.466429	0.533571	7.513983
41778	-7954.604	-8205.076	250.4718	0.7701857	0.4901266	0.482138	0.517862	7.700404
41784	-7959.937	-8210.073	250.1354	0.7133	0.5757025	0.486042	0.513958	7.838181
41790	-7962.358	-8211.279	248.9211	0.6559049	0.5360356	0.486042	0.513958	8.547836
41796	-7943.557	-8194.255	250.6974	0.7737839	0.5064679	0.438155	0.561845	7.563311
41802	-7935.377	-8187.29	251.9126	0.8310265	0.5331122	0.473342	0.526658	6.856557
41808	-7934.799	-8186.016	251.2171	0.8508658	0.5997374	0.473342	0.526658	7.16597
41814	-7935.849	-8187.366	251.5166	0.8175472	0.6001306	0.477808	0.522192	7.0225
41820	-7932.638	-8184.389	251.7508	0.8662015	0.6226957	0.477808	0.522192	6.852625
41826	-7936.161	-8188.402	252.2406	0.8208803	0.5724257	0.465911	0.534089	6.652195
41832	-7936.827	-8188.812	251.985	0.8807346	0.7135942	0.465911	0.534089	6.652195
41838	-7922.61	-8174.53	251.9193	0.8645319	0.5414079	0.465911	0.534089	6.827859
41844	-7941.156	-8191.666	250.5094	0.8197727	0.4619904	0.463459	0.536541	7.679544
41850	-7933.444	-8182.888	249.4444	0.735973	0.5382469	0.463459	0.536541	8.225142
41856	-7946.108	-8195.216	249.1074	0.7331676	0.5382469	0.463459	0.536541	8.40591
41862	-7942.038	-8191.454	249.4165	0.728463	0.5861607	0.463459	0.536541	8.205162
41868	-7933.655	-8183.668	250.0128	0.8258568	0.6386122	0.510794	0.489206	7.795087
41874	-7935.269	-8184.934	249.6649	0.7201746	0.6491392	0.488783	0.511217	8.029406
41880	-7944.305	-8194.412	250.107	0.7507344	0.5647716	0.585863	0.414137	7.842174
41886	-7941.343	-8191.624	250.2813	0.8535234	0.6066108	0.471739	0.528261	7.660957
41892	-7927.304	-8177.267	249.9625	0.7533752	0.4995966	0.491665	0.508335	7.97297
41898	-7937.125	-8188.064	250.9389	0.766509	0.4769978	0.524453	0.475547	7.464212
41904	-7941.494	-8191.416	249.9223	0.7292777	0.4769978	0.4776	0.5224	8.027535
41910	-7932.315	-8182.306	249.9916	0.7445815	0.6215325	0.4776	0.5224	7.862613
41916	-7929.868	-8180.311	250.443	0.7751794	0.6055485	0.510232	0.489768	7.617192
41922	-7941.877	-8192.899	251.0218	0.8574457	0.598862	0.488304	0.511696	7.268029
41928	-7945.234	-8197.137	251.9036	0.90572	0.5333538	0.457873	0.542127	6.820958
41934	-7944.835	-8196.452	251.617	0.8450411	0.6844	0.497991	0.502009	6.890708
41940	-7946.303	-8199.241	252.9386	0.8740788	0.6166893	0.553953	0.446047	6.209825
41946	-7943.965	-8194.969	251.0039	0.7807373	0.5926398	0.492113	0.507887	7.323744
41952	-7941.176	-8192.397	251.2211	0.7399229	0.552425	0.497225	0.502775	7.261486
41958	-7946.482	-8197.739	251.2574	0.7269392	0.5374695	0.497225	0.502775	7.261486
41964	-7940.421	-8192.277	251.8563	0.8326068	0.5071242	0.507511	0.492489	6.9086
41970	-7937.253	-8187.631	250.3784	0.8125334	0.5071242	0.493784	0.506216	7.712626
41976	-7946.335	-8198.11	251.7743	0.7819297	0.5129627	0.431633	0.568367	6.974989
41982	-7943.231	-8195.004	251.7733	0.8000209	0.5162738	0.511738	0.488262	6.962885
41988	-7940.296	-8190.806	250.51	0.8287072	0.4772327	0.577497	0.422503	7.660326
41994	-7943.846	-8193.792	249.9462	0.7061651	0.4449276	0.456809	0.543191	8.057044
42000	-7930.361	-8182.057	251.6966	0.8456317	0.5471297	0.491803	0.508197	6.953285
42006	-7926.516	-8177.426	250.9102	0.8371788	0.6019613	0.488677	0.511323	7.336418
42012	-7927.658	-8179.207	251.5494	0.852456	0.6019613	0.435393	0.564607	6.984612
42018	-7926.399	-8177.397	250.9984	0.8361304	0.6019613	0.435393	0.564607	7.28967
42024	-7942.331	-8193.419	251.0884	0.8361304	0.6166692	0.451903	0.548097	7.229952
42030	-7941.805	-8193.935	252.1299	0.8357677	0.6166692	0.500405	0.499595	6.668987
42036	-7934.844	-8185.382	250.5384	0.8622507	0.5798916	0.42717	0.57283	7.539688
42042	-7945.701	-8195.067	249.3661	0.7421754	0.5717382	0.55182	0.44818	8.236153
42048	-7927.529	-8176.897	249.3684	0.7398068	0.5717382	0.471304	0.528696	8.236153
42054	-7925.015	-8176.216	251.2007	0.7957348	0.5529468	0.508056	0.491944	7.242041
42060	-7927.784	-8179.153	251.3694	0.8189899	0.4815557	0.481504	0.518496	7.200904
42066	-7938.943	-8189.898	250.9558	0.8410343	0.5883916	0.481504	0.518496	7.320536
42072	-7939.934	-8191.145	251.2109	0.8906842	0.5287319	0.481504	0.518496	7.205918
42078	-7936.605	-8187.845	251.2402	0.8244225	0.5287319	0.500791	0.499209	7.225793
42084	-7950.498	-8201.345	250.8467	0.7704977	0.5363199	0.500791	0.499209	7.459417
42090	-7935.324	-8186.222	250.898	0.7818429	0.5363199	0.500791	0.499209	7.425818
42096	-7942.806	-8192.671	249.8653	0.7806216	0.6298416	0.494201	0.505799	7.904571
42102	-7930.414	-8182.038	251.6237	0.7501735	0.4883157	0.443071	0.556929	7.095055
42108	-7937.59	-8187.3	249.7108	0.7501735	0.5214241	0.50806	0.49194	8.089929
42114	-7939.722	-8189.09	249.3683	0.7589268	0.4735402	0.488662	0.511338	8.309947
42120	-7944.928	-8195.107	250.1788	0.7359607	0.5649957	0.488662	0.511338	7.811514
42126	-7932.846	-8183.491	250.6447	0.843748	0.5040503	0.412358	0.587642	7.556174
42132	-7936.542	-8186.771	250.2286	0.8932287	0.54225	0.527999	0.472001	7.719571
42138	-7934.569	-8184.311	249.7417	0.7820762	0.534186	0.504957	0.495043	8.045599
42144	-7942.436	-8191.526	249.0898	0.7086247	0.5422502	0.481664	0.518336	8.424969
42150	-7957.5	-8208.597	251.0969	0.8379974	0.6815812	0.486068	0.513932	7.176443
42156	-7959.263	-8210.375	251.1115	0.7867162	0.5793566	0.500755	0.499245	7.273301
42162	-7952.932	-8203.802	250.8701	0.843714	0.5913248	0.497265	0.502735	7.362764
42168	-7934.663	-8186.122	251.4598	0.7665686	0.5618511	0.497265	0.502735	7.111132
42174	-7952.201	-8202.66	250.4594	0.6621447	0.5843791	0.493395	0.506605	7.685487
42180	-7962.164	-8214.423	252.2592	0.8432677	0.5482933	0.478398	0.521602	6.649986
42186	-7964.307	-8216.818	252.5109	0.8432677	0.5720916	0.471731	0.528269	6.494098
42192	-7955.695	-8206.628	250.9323	0.8177034	0.5923296	0.472652	0.527348	7.342564
42198	-7933.84	-8183.598	249.7583	0.7463989	0.6287184	0.495217	0.504783	7.980749
42204	-8025.159	-8276.171	251.0122	0.8107479	0.6168315	0.452925	0.547075	7.284364
42210	-7938.326	-8188.147	249.8206	0.7936335	0.5576892	0.521441	0.478559	7.977908
42216	-7947.302	-8197.322	250.0197	0.6626594	0.5019031	0.538702	0.461298	7.988807
42222	-7942.73	-8193.064	250.334	0.7466523	0.6109482	0.538702	0.461298	7.686586
42228	-7942.372	-8193.651	251.2799	0.7644789	0.6235269	0.479179	0.520821	7.160305
42234	-7947.56	-8196.528	248.9676	0.7644789	0.6178135	0.448504	0.551496	8.400406
42240	-7939.42	-8190.97	251.5503	0.700933	0.5029565	0.492941	0.507059	7.147894
42246	-7942.125	-8193.389	251.264	0.8371564	0.4784892	0.477538	0.522462	7.250573
42252	-7937.284	-8188.945	251.6611	0.855041	0.5895179	0.465445	0.534555	6.932834
42258	-7931.174	-8183.042	251.8679	0.8801174	0.5516789	0.465445	0.534555	6.838552
42264	-7937.061	-8187.187	250.1257	0.7963612	0.5516789	0.473783	0.526217	7.818525
42270	-7939.664	-8188.319	248.655	0.7828059	0.5316975	0.492517	0.507483	8.625357
42276	-7934.334	-8186.115	251.7813	0.7872889	0.5460523	0.509019	0.490981	6.939997
42282	-7948.721	-8198.408	249.6865	0.8031748	0.5284613	0.509019	0.490981	8.068618
42288	-7958.687	-8208.777	250.0902	0.7773736	0.5824775	0.49052	0.50948	7.822696
42294	-7962.605	-8212.933	250.3281	0.7824396	0.4712709	0.443795	0.556205	7.787806
42300	-7946.623	-8196.786	250.1629	0.7735645	0.5800777	0.443795	0.556205	7.787806
42306	-7943.857	-8194.163	250.3065	0.7679087	0.5861962	0.501378	0.498622	7.709213
42312	-7941.075	-8192.321	251.2457	0.7525208	0.5281237	0.489081	0.510919	7.261946
42318	-7950.529	-8202.333	251.8031	0.8486751	0.5887811	0.489081	0.510919	6.860297
42324	-7955.602	-8207.211	251.6086	0.821027	0.532382	0.489081	0.510919	7.026365
42330	-7953.447	-8204.829	251.3823	0.786708	0.5947884	0.513451	0.486549	7.115558
42336	-7952.331	-8203.683	251.3516	0.8544806	0.5698365	0.518238	0.481762	7.115558
42342	-7934.821	-8185.769	250.9475	0.8744071	0.4900457	0.467962	0.532038	7.389941
42348	-7934.018	-8185.061	251.043	0.8338154	0.6538895	0.486204	0.513796	7.227665
42354	-7937.607	-8190.208	252.6007	0.9864072	0.4234552	0.453213	0.546787	6.502025
42360	-7946.593	-8198.597	252.0044	1.003998	0.439704	0.453213	0.546787	6.798801
42366	-7956.024	-8205.882	249.8582	0.7482138	0.5108381	0.538498	0.461502	8.021527
42372	-7949.218	-8200.061	250.8436	0.772637	0.5108381	0.529742	0.470258	7.481769
42378	-7946.653	-8196.833	250.1798	0.7709748	0.6683387	0.502457	0.497543	7.713409
42384	-7944.564	-8194.838	250.2741	0.709496	0.5405909	0.502808	0.497192	7.794847
42390	-7939.982	-8190.104	250.1213	0.709496	0.6446139	0.420864	0.579136	7.794847
42396	-7924.561	-8177.02	252.4591	0.7874826	0.6466035	0.449661	0.550339	6.494284
42402	-7925.581	-8175.697	250.1165	0.7517969	0.6466035	0.452846	0.547154	7.773346
42408	-7932.867	-8183.848	250.9811	0.7807169	0.5701141	0.452846	0.547154	7.353958
42414	-7936.407	-8187.664	251.2565	0.8051696	0.5564623	0.408436	0.591564	7.204079
42420	-7940.106	-8191.621	251.5153	0.8197852	0.602706	0.447533	0.552467	7.019961
42426	-7927.187	-8177.439	250.2516	0.7780114	0.5427644	0.447533	0.552467	7.76843
42432	-7935.599	-8186.499	250.8995	0.8036767	0.5452652	0.485557	0.514443	7.405782
42438	-7928.683	-8178.957	250.2748	0.8036767	0.5515041	0.505148	0.494852	7.735078
42444	-7930.452	-8180.921	250.469	0.7183439	0.5655439	0.488098	0.511902	7.665385
42450	-7921.203	-8172.965	251.7621	0.8434454	0.5360665	0.463775	0.536225	6.928479
42456	-7952.415	-8201.496	249.0809	0.7247248	0.5964463	0.463775	0.536225	8.377684
42462	-7944.593	-8195.034	250.4408	0.6884871	0.5805985	0.449393	0.550607	7.684315
42468	-7945.115	-8195.884	250.7687	0.7720713	0.4654431	0.463843	0.536157	7.563109
42474	-7938.221	-8188.964	250.743	0.8054292	0.621184	0.543631	0.456369	7.428309
42480	-7953.847	-8205.197	251.3506	0.8577746	0.5459457	0.427864	0.572136	7.13398
42486	-7938.08	-8190.605	252.5247	0.8660028	0.5152942	0.445503	0.554497	6.522276
42492	-7958.993	-8210.883	251.8901	0.8682182	0.5474429	0.435278	0.564722	6.836561
42498	-7948.757	-8201.034	252.277	0.8682182	0.6121691	0.430069	0.569931	6.575379
42504	-7946.934	-8198.676	251.7422	0.8943876	0.4949087	0.511822	0.488178	6.947667
42510	-7936.677	-8187.832	251.1558	0.7962175	0.5666391	0.511822	0.488178	7.254653
42516	-7940.18	-8191.387	251.2067	0.8358383	0.5090416	0.463486	0.536514	7.254653
42522	-7941.303	-8191.153	249.8491	0.6673372	0.6571506	0.468843	0.531157	7.953503
42528	-7939.798	-8190.338	250.5398	0.7517661	0.5539526	0.492054	0.507946	7.619098
42534	-7943.467	-8193.515	250.0476	0.8022295	0.4767226	0.492054	0.507946	7.922013
42540	-7928.135	-8178.321	250.1864	0.746791	0.5200852	0.531879	0.468121	7.839117
42546	-7934.752	-8186.15	251.3974	0.8510706	0.5362131	0.506259	0.493741	7.120619
42552	-7944.571	-8196.071	251.4996	0.8510706	0.5362131	0.506259	0.493741	7.065648
42558	-7943.802	-8195.924	252.1218	0.9023989	0.5008109	0.470852	0.529148	6.733326
42564	-7938.018	-8188.56	250.5419	0.7729786	0.5793757	0.488641	0.511359	7.585981
42570	-7936.178	-8186.934	250.756	0.8008217	0.6263562	0.478604	0.521396	7.419904
42576	-7941.659	-8191.547	249.8887	0.7219372	0.5320018	0.478604	0.521396	8.001146
42582	-7943.152	-8193.702	250.5508	0.6876938	0.5794102	0.507945	0.492055	7.626837
42588	-7945.901	-8195.741	249.84	0.8689714	0.6633253	0.507945	0.492055	7.846243
42594	-7928.76	-8180.384	251.6233	0.8746026	0.5558633	0.472892	0.527108	6.969906
42600	-7931.472	-8183.387	251.915	0.7477335	0.5226631	0.421997	0.578003	6.909138
42606	-7953.614	-8204.248	250.634	0.7796658	0.6058799	0.421997	0.578003	7.512259
42612	-7951.174	-8201.636	250.4614	0.8299258	0.5397445	0.429323	0.570677	7.631013
42618	-7932.657	-8181.722	249.0648	0.8722219	0.507602	0.568414	0.431586	8.380742
42624	-7935.769	-8185.569	249.7997	0.7496763	0.5293469	0.47105	0.52895	8.036057
42630	-7924.49	-8174.59	250.0995	0.789403	0.5293469	0.481638	0.518362	7.854875
42636	-7920.883	-8171.169	250.2857	0.7893218	0.5049942	0.481638	0.518362	7.77648
42642	-7936.459	-8185.592	249.1325	0.8000332	0.6446987	0.459044	0.540956	8.273728
42648	-7935.214	-8186.645	251.4318	0.751131	0.528128	0.510409	0.489591	7.162706
42654	-7932.665	-8182.479	249.8145	0.728343	0.5374046	0.551939	0.448061	8.032752
42660	-7940.501	-8190.001	249.4997	0.674395	0.6277189	0.480967	0.519033	8.15773
42666	-7948.735	-8197.702	248.9673	0.674395	0.6277189	0.48338	0.51662	8.440966
42672	-7948.66	-8200.989	252.3288	0.8799513	0.5292921	0.48338	0.51662	6.608628
42678	-7949.794	-8200.834	251.0403	0.7953328	0.5454276	0.515059	0.484941	7.334603
42684	-7946.636	-8196.928	250.2918	0.7355984	0.5463459	0.446306	0.553694	7.76665
42690	-7958.383	-8208.47	250.0864	0.7465982	0.561154	0.546873	0.453127	7.858311
42696	-7965.257	-8215.506	250.2498	0.8164055	0.6420253	0.546873	0.453127	7.670933
42702	-7947.567	-8197.568	250.0012	0.7685894	0.4856085	0.530884	0.469116	7.9567
42708	-7932.954	-8184.494	251.5401	0.8066308	0.573877	0.404397	0.595603	7.03661
42714	-7941.541	-8193.667	252.1262	0.8409997	0.5120165	0.430339	0.569661	6.754161
42720	-7925.211	-8176.551	251.3404	0.8558867	0.5505787	0.537865	0.462135	7.136635
42726	-7937.14	-8188.013	250.8732	0.8558867	0.4830214	0.483508	0.516492	7.446029
42732	-7941.315	-8191.371	250.0552	0.8113886	0.6474984	0.512295	0.487705	7.773567
42738	-7931.48	-8182.71	251.2297	0.7846477	0.5292748	0.504265	0.495735	7.252288
42744	-7941.884	-8193.591	251.7063	0.8691519	0.6103698	0.527178	0.472822	6.884521
42750	-7947.98	-8199.863	251.8831	0.8146178	0.5293995	0.549585	0.450415	6.884521
42756	-7948.079	-8199.722	251.6426	0.7988255	0.5976316	0.451103	0.548897	6.966684
42762	-7940.545	-8191.91	251.3643	0.7988255	0.6059629	0.47473	0.52527	7.109974
42768	-7934.204	-8185.953	251.7485	0.7988255	0.626784	0.544506	0.455494	6.887121
42774	-7936.216	-8187.291	251.0749	0.7844676	0.5394417	0.504924	0.495076	7.326882
42780	-7952.318	-8203.262	250.9435	0.7044884	0.521846	0.48831	0.51169	7.455201
42786	-7958.159	-8208.619	250.4601	0.7044884	0.521846	0.531358	0.468642	7.713954
42792	-7952.537	-8204.265	251.7279	0.8439911	0.4759988	0.460351	0.539649	6.999742
42798	-7943.795	-8195.534	251.7394	0.8324579	0.4759988	0.458674	0.541326	6.999742
42804	-7943.759	-8195.427	251.668	0.8096325	0.5734083	0.438536	0.561464	6.966463
42810	-7945.031	-8195.636	250.6051	0.7909915	0.5345478	0.517687	0.482313	7.5793
42816	-7947.207	-8199.151	251.9445	0.8224861	0.6244399	0.42747	0.57253	6.770372
42822	-7945.518	-8195.713	250.1952	0.7920354	0.5198994	0.40787	0.59213	7.810424
42828	-7942.944	-8193.268	250.3247	0.7920354	0.4511547	0.524451	0.475549	7.803264
42834	-7934.77	-8184.956	250.1857	0.8329856	0.5910377	0.416091	0.583909	7.735205
42840	-7937.665	-8187.987	250.3217	0.8232172	0.5641178	0.470663	0.529337	7.689241
42846	-7938.445	-8189.031	250.5862	0.8232172	0.5482642	0.564964	0.435036	7.560683
42852	-7931.025	-8181.518	250.4927	0.7327353	0.6764366	0.523534	0.476466	7.560683
42858	-7938.505	-8190.502	251.9978	0.8864519	0.5500252	0.429684	0.570316	6.76643
42864	-7932.684	-8184.267	251.5837	0.8370769	0.53663	0.485916	0.514084	7.02753
42870	-7935.547	-8187.703	252.1561	0.8356921	0.7010505	0.469498	0.530502	6.592801
42876	-7941.721	-8193.34	251.6188	0.9172832	0.6037224	0.469498	0.530502	6.910918
42882	-7924.168	-8176.829	252.6604	0.8862466	0.4737228	0.522383	0.477617	6.475359
42888	-7939.884	-8192.003	252.1183	0.9069292	0.5452672	0.432023	0.567977	6.694265
42894	-7934.611	-8186.782	252.1709	0.8543577	0.5452672	0.501205	0.498795	6.694265
42900	-7939.306	-8191.746	252.44	0.8311692	0.5262001	0.501205	0.498795	6.577525
42906	-7943.444	-8196.219	252.775	0.8654641	0.5138276	0.501205	0.498795	6.38822
42912	-7941.727	-8193.663	251.9362	0.9575317	0.4823479	0.501205	0.498795	6.820414
42918	-7936.031	-8187.063	251.0321	0.8294539	0.6039842	0.523387	0.476613	7.273556
42924	-7944.355	-8194.33	249.975	0.8149371	0.636396	0.494437	0.505563	7.822768
42930	-7945.275	-8195.443	250.168	0.8543681	0.5939591	0.494437	0.505563	7.730959
42936	-7934.332	-8185.169	250.8368	0.7323638	0.6234293	0.491992	0.508008	7.415518
42942	-7939.097	-8189.458	250.361	0.8963514	0.6294849	0.491992	0.508008	7.578005
42948	-7950.588	-8202.122	251.5341	0.8266094	0.4890735	0.491992	0.508008	7.101455
42954	-7951.945	-8202.436	250.4908	0.800594	0.5756808	0.491992	0.508008	7.601501
42960	-7944.153	-8194.894	250.7405	0.8329931	0.5756808	0.491992	0.508008	7.450447
42966	-7928.045	-8179.19	251.1444	0.7916523	0.5642691	0.491992	0.508008	7.26518
42972	-7950.61	-8202.233	251.6221	0.8055242	0.6424305	0.445476	0.554524	6.939817
42978	-7935.933	-8187.925	251.9916	0.7657443	0.5403726	0.513313	0.486687	6.843032
42984	-7948.221	-8199.007	250.7859	0.7718978	0.5550918	0.477312	0.522688	7.475594
42990	-7944.396	-8196.733	252.3368	0.8457345	0.682776	0.386805	0.613195	6.502526
42996	-7931.911	-8183.943	252.0319	0.8528981	0.668766	0.489196	0.510804	6.673726
43002	-7935.81	-8187.26	251.45	0.7736116	0.5080594	0.50581	0.49419	7.15826
43008	-7937.081	-8189.019	251.9388	0.8225606	0.5305921	0.50581	0.49419	6.849174
43014	-7961.678	-8211.813	250.1349	0.753359	0.5712758	0.514121	0.485879	7.820603
43020	-7942.315	-8192.337	250.0219	0.784925	0.627232	0.503243	0.496757	7.820603
43026	-7949.948	-8200.256	250.3074	0.7408096	0.5822443	0.482157	0.517843	7.726347
43032	-7950.507	-8200.738	250.2306	0.7298761	0.6435226	0.529375	0.470625	7.726347
43038	-7960.422	-8209.81	249.3872	0.7545097	0.553419	0.459076	0.540924	8.233149
43044	-7944.693	-8195.334	250.6411	0.7971921	0.5525969	0.515521	0.484479	7.541668
43050	-7944.427	-8196.149	251.7227	0.8604294	0.6261202	0.502197	0.497803	6.868286
43056	-7936.4	-8187.979	251.5793	0.8651603	0.5634036	0.502197	0.497803	6.992502
43062	-7936.919	-8188.804	251.8849	0.8651603	0.5099017	0.50711	0.49289	6.873204
43068	-7944.067	-8195.567	251.4997	0.8906078	0.4976005	0.53617	0.46383	7.077852
43074	-7945.643	-8197.036	251.3929	0.8993396	0.5592027	0.430697	0.569303	7.077852
43080	-7949.048	-8198.672	249.6239	0.7759807	0.4942359	0.488736	0.511264	8.146174
43086	-7953.364	-8202.899	249.5342	0.7860364	0.5436536	0.53752	0.46248	8.146174
43092	-7944.277	-8194.993	250.7159	0.7293346	0.5296575	0.436292	0.563708	7.557137
43098	-7944.107	-8195.605	251.4988	0.7056588	0.5505042	0.561074	0.438926	7.132262
43104	-7947.542	-8197.651	250.109	0.7575944	0.5818488	0.501501	0.498499	7.823726
43110	-7945.615	-8196.103	250.4886	0.7005156	0.5355094	0.484463	0.515537	7.689257
43116	-7927.498	-8177.17	249.6715	0.7852791	0.6133804	0.46353	0.53647	8.017913
43122	-7927.526	-8177.648	250.1216	0.847885	0.4499667	0.484851	0.515149	7.883075
43128	-7945.416	-8196.806	251.3902	0.847885	0.4583406	0.511946	0.488054	7.195725
43134	-7932.158	-8182.078	249.9204	0.7008457	0.5245845	0.489327	0.510673	8.001786
43140	-7934.125	-8183.959	249.8343	0.7243282	0.564774	0.522884	0.477116	8.001786
43146	-7940.58	-8190.092	249.5116	0.7520658	0.4654347	0.480534	0.519466	8.24481
43152	-7933.168	-8184.469	251.3011	0.8655375	0.6547048	0.480534	0.519466	7.071297
43158	-7946.536	-8198.278	251.7425	0.8751187	0.596515	0.497124	0.502876	6.872613
43164	-7948.781	-8199.778	250.9974	0.8751187	0.5051855	0.431819	0.568181	7.349302
43170	-7952.502	-8202.403	249.9007	0.7802837	0.6099086	0.534468	0.465532	7.900967
43176	-7965.602	-8216.178	250.5762	0.786733	0.517673	0.521412	0.478588	7.61147
43182	-7958.869	-8209.315	250.4463	0.7962739	0.5359639	0.527031	0.472969	7.660252
43188	-7933.182	-8183.664	250.4813	0.7687828	0.5569079	0.527031	0.472969	7.638835
43194	-7948.104	-8198.602	250.4977	0.7759037	0.5417344	0.527031	0.472969	7.638835
43200	-7945.093	-8196.186	251.0931	0.7535111	0.528588	0.440309	0.559691	7.342951
43206	-7940.923	-8192.916	251.9931	0.8398727	0.5424187	0.440309	0.559691	6.800461
43212	-7941.385	-8191.204	249.8192	0.8012226	0.6543526	0.447831	0.552169	7.900012
43218	-7949.215	-8199.788	250.5739	0.7570588	0.468629	0.474951	0.525049	7.672396
43224	-7943.571	-8193.431	249.8594	0.7606624	0.4910273	0.527015	0.472985	8.031685
43230	-7958.676	-8207.711	249.0351	0.700192	0.5827525	0.467797	0.532203	8.42578
43236	-7951.663	-8201.235	249.5715	0.6836711	0.5556952	0.529556	0.470444	8.170913
43242	-7962.866	-8212.648	249.7822	0.716167	0.5680443	0.435104	0.564896	8.031295
43248	-7940.69	-8190.086	249.3956	0.7474594	0.5190111	0.435104	0.564896	8.261299
43254	-7936.126	-8185.236	249.1097	0.7939405	0.6156015	0.435104	0.564896	8.310833
43260	-7939.745	-8189.834	250.0896	0.7603564	0.5670141	0.500803	0.499197	7.844521
43266	-7942.123	-8193.424	251.301	0.9074037	0.677864	0.500803	0.499197	7.032015
43272	-7931.824	-8182.622	250.7985	0.9093607	0.571027	0.48918	0.51082	7.382142
43278	-7938.186	-8189.09	250.9045	0.8159717	0.5857776	0.486373	0.513627	7.363577
43284	-7922.518	-8172.45	249.9326	0.7741243	0.6574433	0.486373	0.513627	7.851721
43290	-7920.363	-8172.339	251.9763	0.794474	0.6063703	0.509744	0.490256	6.782245
43296	-7932.418	-8182.977	250.5592	0.8283818	0.487456	0.509744	0.490256	7.624929
43302	-7935.675	-8186.188	250.513	0.8136396	0.5449203	0.509744	0.490256	7.607788
43308	-7929.564	-8180.847	251.2826	0.7655746	0.4842073	0.509744	0.490256	7.273827
43314	-7930.238	-8180.437	250.1991	0.8013762	0.547514	0.500847	0.499153	7.780065
43320	-7957.389	-8205.859	248.4702	0.741829	0.6330705	0.503659	0.496341	8.665156
43326	-7944.091	-8193.873	249.7824	0.7699951	0.6144799	0.531477	0.468523	7.96608
43332	-7947.211	-8197.366	250.155	0.7590184	0.6439521	0.509715	0.490285	7.750851
43338	-7946.013	-8196.493	250.4807	0.7590184	0.5877655	0.534877	0.465123	7.619563
43344	-7944.789	-8196.027	251.2384	0.7904624	0.5385114	0.453755	0.546245	7.236677
43350	-7929.107	-8180.302	251.1949	0.8339891	0.5385114	0.508695	0.491305	7.236677
43356	-7920.225	-8171.384	251.1587	0.8339891	0.5385114	0.504612	0.495388	7.256106
43362	-7936.578	-8187.291	250.7136	0.8495053	0.5586902	0.466466	0.533534	7.469786
43368	-7928.665	-8178.153	249.4874	0.7213972	0.5861661	0.433752	0.566248	8.17114
43374	-7933.487	-8183.257	249.77	0.6392575	0.5288861	0.50539	0.49461	8.111133
43380	-7941.509	-8191.026	249.5177	0.6392575	0.4317108	0.485027	0.514973	8.333574
43386	-7929.209	-8180.267	251.0583	0.8175887	0.6374705	0.476706	0.523294	7.240344
43392	-7929.175	-8181.058	251.8825	0.8175887	0.5410612	0.502038	0.497962	6.873324
43398	-7934.629	-8186.557	251.9278	0.8173246	0.5127702	0.506881	0.493119	6.873324
43404	-7944.491	-8195.097	250.6063	0.7956436	0.6431976	0.446821	0.553179	7.490321
43410	-7956.12	-8206.924	250.8037	0.8101883	0.4573173	0.500866	0.499134	7.531548
43416	-7954.753	-8206.267	251.5139	0.8746501	0.4631046	0.400169	0.599831	7.110369
43422	-7938.66	-8190.137	251.4767	0.9055456	0.637923	0.465007	0.534993	6.967673
43428	-7937.248	-8188.351	251.1026	0.849505	0.5547719	0.499736	0.500264	7.264324
43434	-7926.705	-8177.888	251.1825	0.7755176	0.5509381	0.452796	0.547204	7.264324
43440	-7955.467	-8205.815	250.3479	0.8969255	0.488564	0.404459	0.595541	7.700272
43446	-7963.696	-8215.681	251.9848	0.8401138	0.5337274	0.404459	0.595541	6.812192
43452	-7936.928	-8188.285	251.3573	0.7559927	0.5661579	0.43374	0.56626	7.168423
43458	-7937.847	-8189.08	251.2331	0.8385456	0.4857683	0.499638	0.500362	7.259807
43464	-7924.285	-8176.71	252.4256	0.8385456	0.5363134	0.433195	0.566805	6.572636
43470	-7933.104	-8185.767	252.663	0.9089822	0.5363134	0.40371	0.59629	6.405881
43476	-7930.364	-8182.117	251.7535	0.9089822	0.5338721	0.503249	0.496751	6.899688
43482	-7927.269	-8178.291	251.022	0.9262445	0.5163315	0.478093	0.521907	7.298925
43488	-7940.662	-8191.586	250.9237	0.9074483	0.5163315	0.478093	0.521907	7.361747
43494	-7936.01	-8186.919	250.9093	0.8041266	0.5928461	0.517077	0.482923	7.361747
43500	-7935.458	-8185.764	250.306	0.7281229	0.6263432	0.529157	0.470843	7.69976
43506	-7922.033	-8172.685	250.6515	0.8542715	0.5792916	0.529157	0.470843	7.483812
43512	-7924.582	-8176.012	251.43	0.8513844	0.4906991	0.497119	0.502881	7.142636
43518	-7925.601	-8177.55	251.9496	0.880921	0.5129614	0.497119	0.502881	6.827138
43524	-7930.047	-8180.512	250.4645	0.741387	0.4556719	0.486517	0.513483	7.751382
43530	-7927.922	-8179.792	251.8697	0.8682098	0.5179359	0.486517	0.513483	6.872724
43536	-7926.998	-8179.583	252.5847	0.8682098	0.5033351	0.546616	0.453384	6.499172
43542	-7945.271	-8195.854	250.5826	0.8682098	0.5757875	0.527423	0.472577	7.516076
43548	-7940.265	-8191.544	251.2799	0.7869974	0.5043868	0.527423	0.472577	7.245696
43554	-7945.152	-8194.669	249.5173	0.7590331	0.5124618	0.488049	0.511951	8.195999
43560	-7944.127	-8193.618	249.4901	0.7344121	0.5450202	0.492591	0.507409	8.195999
43566	-7933.746	-8184.589	250.8432	0.8241539	0.5369685	0.493933	0.506067	7.431951
43572	-7934.847	-8186.244	251.397	0.8241539	0.4673095	0.489896	0.510104	7.19643
43578	-7925.119	-8175.718	250.5991	0.8131817	0.5096937	0.507533	0.492467	7.591967
43584	-7919.274	-8170.385	251.1114	0.8131817	0.5138105	0.542889	0.457111	7.313853
43590	-7913.166	-8164.171	251.0049	0.8148519	0.5438973	0.457915	0.542085	7.34441
43596	-7937.81	-8189.275	251.4654	0.7853236	0.5938149	0.535005	0.464995	7.072359
43602	-7934.371	-8183.624	249.253	0.6996397	0.4970125	0.48899	0.51101	8.381749
43608	-7931.061	-8183.285	252.2242	0.7891112	0.6446397	0.462713	0.537287	6.622024
43614	-7949.964	-8199.981	250.0172	0.7162084	0.562585	0.439724	0.560276	7.910306
43620	-7955.395	-8206.002	250.6072	0.7503077	0.5075436	0.498967	0.501033	7.623196
43626	-7946.543	-8197.939	251.396	0.7885475	0.5163681	0.498967	0.501033	7.172002
43632	-7947.356	-8200.25	252.8948	0.8228704	0.5163681	0.498967	0.501033	6.344102
43638	-7938.567	-8189.948	251.382	0.8537593	0.4765566	0.457023	0.542977	7.180049
43644	-7952.525	-8203.857	251.3314	0.7803329	0.5968078	0.457769	0.542231	7.144739
43650	-7945.138	-8196.147	251.0093	0.8126366	0.5578251	0.457769	0.542231	7.331697
43656	-7963.249	-8213.406	250.1566	0.8126366	0.5578251	0.457769	0.542231	7.788249
43662	-7963.674	-8213.992	250.3176	0.7170003	0.5536345	0.44487	0.55513	7.75674
43668	-7943.304	-8193.448	250.1446	0.72318	0.4867806	0.44487	0.55513	7.903321
43674	-7942.883	-8192.735	249.852	0.7207384	0.5528556	0.44487	0.55513	8.003958
43680	-7940.575	-8190.345	249.7705	0.7886745	0.5617053	0.44487	0.55513	8.003958
43686	-7942.967	-8193.357	250.3895	0.766937	0.5527014	0.474368	0.525632	7.692404
43692	-7936.559	-8187.143	250.5845	0.6820097	0.5628915	0.43589	0.56411	7.625165
43698	-7935.846	-8185.778	249.9324	0.685869	0.5699331	0.525319	0.474681	7.965832
43704	-7926.02	-8176.593	250.573	0.778749	0.5290077	0.420777	0.579223	7.607743
43710	-7928.374	-8177.572	249.198	0.8089904	0.4818984	0.494029	0.505971	8.366321
43716	-7938.627	-8187.044	248.4169	0.6924265	0.5056259	0.500224	0.499776	8.821857
43722	-7933.485	-8183.346	249.8613	0.7212329	0.5442351	0.500224	0.499776	8.00587
43728	-7937.269	-8187.85	250.5812	0.7580264	0.5442351	0.518477	0.481523	7.601611
43734	-7938.652	-8188.534	249.8812	0.8112208	0.5012203	0.430708	0.569292	7.98405
43740	-7934.843	-8186.321	251.4771	0.7750479	0.5851361	0.511676	0.488324	7.078443
43746	-7941.759	-8193.225	251.4653	0.8509553	0.554596	0.460391	0.539609	7.068743
43752	-7927.428	-8179.285	251.8569	0.8307188	0.6029284	0.471094	0.528906	6.829808
43758	-7936.22	-8186.98	250.7602	0.6747777	0.5540644	0.519124	0.480876	7.542211
43764	-7936.185	-8186.43	250.2447	0.7661715	0.5156354	0.554237	0.445763	7.801485
43770	-7930.437	-8181.485	251.048	0.8377304	0.4767426	0.441569	0.558431	7.367792
43776	-7937.843	-8189.002	251.1588	0.8388791	0.4522981	0.493915	0.506085	7.330536
43782	-7924.575	-8175.58	251.0052	0.8312344	0.5956965	0.554326	0.445674	7.293541
43788	-7926.454	-8176.584	250.1307	0.7940687	0.5882365	0.536424	0.463576	7.787576
43794	-7928.325	-8178.712	250.3867	0.7242333	0.6398005	0.52147	0.47853	7.648629
43800	-7946.565	-8196.556	249.9904	0.7966063	0.4965179	0.527273	0.472727	7.937769
43806	-7942.441	-8191.821	249.38	0.6775553	0.6002374	0.545771	0.454229	8.240693
43812	-7944.233	-8195.994	251.7605	0.8869243	0.4987572	0.569885	0.430115	6.938378
43818	-7957.786	-8208.027	250.2412	0.8171537	0.4838611	0.475113	0.524887	7.804172
43824	-7944.916	-8196.41	251.4937	0.8063658	0.4919414	0.521413	0.478587	7.131476
43830	-7938.375	-8188.849	250.4743	0.8063658	0.5515429	0.418669	0.581331	7.626878
43836	-7934.821	-8186.797	251.9758	0.8053024	0.6138646	0.541903	0.458097	6.770886
43842	-7925.133	-8177.367	252.2345	0.8138416	0.460618	0.510448	0.489552	6.757153
43848	-7921.659	-8173.525	251.8658	0.7701858	0.4932293	0.464412	0.535588	6.949488
43854	-7934.947	-8185.909	250.9624	0.7787862	0.5640476	0.541225	0.458775	7.369921
43860	-7932.117	-8183.027	250.9102	0.8134452	0.5756946	0.508303	0.491697	7.369921
43866	-7926.13	-8176.873	250.7432	0.7843386	0.6292235	0.482497	0.517503	7.43344
43872	-7941.168	-8192.073	250.9052	0.8191492	0.5985957	0.488664	0.511336	7.351396
43878	-7932.461	-8183.591	251.1303	0.7532246	0.567286	0.498501	0.501499	7.290904
43884	-7925.571	-8176.666	251.0947	0.746555	0.5688201	0.500649	0.499351	7.312351
43890	-7928.167	-8179.355	251.188	0.8595705	0.6137933	0.474154	0.525846	7.166042
43896	-7931.268	-8181.636	250.3683	0.7603347	0.5141065	0.437363	0.562637	7.739852
43902	-7940.534	-8190.16	249.6263	0.6446961	0.5682634	0.437363	0.562637	8.15228
43908	-7931.346	-8181.787	250.441	0.7895166	0.5682634	0.485582	0.514418	7.640088
43914	-7937.859	-8187.893	250.0335	0.9006459	0.5767572	0.485582	0.514418	7.791706
43920	-7930.198	-8180.359	250.1605	0.7800222	0.5767572	0.431318	0.568682	7.788265
43926	-7932.027	-8184.972	252.9452	0.8163091	0.6596998	0.434409	0.565591	6.2051
43932	-7955.144	-8203.742	248.5981	0.7192481	0.6456989	0.560009	0.439991	8.599974
43938	-7938.248	-8190.226	251.9785	0.8127005	0.475667	0.471189	0.528811	6.881848
43944	-7948.749	-8200.787	252.0384	0.8225078	0.5130803	0.471189	0.528811	6.810638
43950	-7937.029	-8187.088	250.0583	0.812385	0.4240665	0.501782	0.498218	7.96084
43956	-7943.453	-8193.563	250.1105	0.9127315	0.4821307	0.42966	0.57034	7.824545
43962	-7946.37	-8198.83	252.4605	0.9127315	0.5639561	0.406228	0.593772	6.490416
43968	-7939.782	-8191.474	251.6921	0.8500484	0.548639	0.49804	0.50196	6.952057
43974	-7954.604	-8205.026	250.4216	0.763303	0.5190864	0.499743	0.500257	7.70551
43980	-7945.74	-8196.911	251.1707	0.833502	0.5190864	0.529466	0.470534	7.266485
43986	-7957.918	-8208.953	251.0357	0.8626185	0.5878456	0.455465	0.544535	7.266485
43992	-7952.184	-8201.624	249.4404	0.734309	0.6037842	0.490989	0.509011	8.175594
43998	-7951.964	-8201.269	249.3059	0.7228648	0.6037842	0.486251	0.513749	8.253258
44004	-7929.305	-8179.44	250.1351	0.7975061	0.5022137	0.486251	0.513749	7.855014
44010	-7936.659	-8187.48	250.8216	0.7683316	0.5183493	0.486251	0.513749	7.489363
44016	-7950.201	-8199.921	249.7206	0.7328517	0.5713842	0.486251	0.513749	8.052527
44022	-7935.766	-8187.812	252.0456	0.9019725	0.4589164	0.482185	0.517815	6.813177
44028	-7944.021	-8196.834	252.813	0.9949488	0.4835602	0.421994	0.578006	6.324547
44034	-7954.829	-8207.369	252.54	0.8746405	0.5103634	0.448569	0.551431	6.513671
44040	-7945.417	-8197.362	251.9443	0.8998318	0.5184516	0.491636	0.508364	6.814959
44046	-7941.957	-8193.3	251.3432	0.8944127	0.4685859	0.504752	0.495248	7.18641
44052	-7939.779	-8191.693	251.9144	0.8184259	0.4829842	0.504752	0.495248	6.906609
44058	-7921.719	-8173.531	251.8114	0.8628756	0.5184139	0.542794	0.457206	6.906609
44064	-7929.971	-8181.308	251.3375	0.8270912	0.5435881	0.481324	0.518676	7.159499
44070	-7924.964	-8175.365	250.4007	0.7780937	0.586902	0.51085	0.48915	7.652838
44076	-7941.429	-8191.1	249.671	0.7608331	0.545428	0.440534	0.559466	8.085234
44082	-7939.401	-8189.977	250.5765	0.8067814	0.5414561	0.550625	0.449375	7.580365
44088	-7952.383	-8203.576	251.1929	0.7982345	0.6316356	0.550625	0.449375	7.182816
44094	-7943.77	-8195.815	252.0448	0.7982345	0.5575661	0.412048	0.587952	6.78242
44100	-7939.177	-8191.205	252.0283	0.8544729	0.6999061	0.516411	0.483589	6.652554
44106	-7938.88	-8190.645	251.7653	0.9111728	0.5001748	0.481909	0.518091	6.921489
44112	-7931.191	-8182.235	251.0448	0.7766241	0.5001748	0.481909	0.518091	7.381176
44118	-7940.105	-8190.388	250.2826	0.7766241	0.57243	0.494652	0.505348	7.728336
44124	-7927.036	-8178.595	251.559	0.7797662	0.6072406	0.482652	0.517348	7.014485
44130	-7930.65	-8181.392	250.742	0.7797662	0.5114031	0.470041	0.529959	7.531872
44136	-7933.532	-8184.933	251.4012	0.8842206	0.6765583	0.469317	0.530683	6.991449
44142	-7931.68	-8183.365	251.6845	0.8610429	0.5007926	0.469434	0.530566	6.991449
44148	-7946.541	-8199.102	252.5604	0.8939188	0.6477915	0.469434	0.530566	6.380799
44154	-7940.652	-8190.281	249.6298	0.7722277	0.4694462	0.413337	0.586663	8.167443
44160	-7929.824	-8180.614	250.7899	0.8054593	0.5229745	0.48659	0.51341	7.482445
44166	-7934.977	-8185.286	250.3095	0.7380367	0.6663825	0.507973	0.492027	7.663115
44172	-7935.117	-8184.883	249.766	0.7410922	0.5188315	0.507973	0.492027	8.067568
44178	-7954.308	-8203.543	249.2353	0.7647027	0.5509897	0.531928	0.468072	8.310563
44184	-7962.674	-8213.003	250.3288	0.7547888	0.5695281	0.486531	0.513469	7.717643
44190	-7962.414	-8212.528	250.1132	0.8323814	0.5917651	0.486531	0.513469	7.773722
44196	-7948.309	-8198.433	250.1241	0.7712142	0.6267147	0.466117	0.533883	7.773722
44202	-7945.284	-8195.345	250.0611	0.7505965	0.4673352	0.475206	0.524794	7.950967
44208	-7937.672	-8188.21	250.5377	0.8610399	0.5341829	0.556185	0.443815	7.578229
44214	-7931.285	-8182.217	250.9314	0.7939796	0.5379849	0.483097	0.516903	7.399999
44220	-7946.056	-8196.963	250.9073	0.7937526	0.5536425	0.454636	0.545364	7.399999
44226	-7941.133	-8191.928	250.7948	0.8698683	0.6097404	0.429867	0.570133	7.37474
44232	-7929.374	-8179.419	250.0446	0.7901928	0.6041909	0.48597	0.51403	7.823193
44238	-7934.571	-8186.707	252.1361	0.8060201	0.6041909	0.48597	0.51403	6.691443
44244	-7949.702	-8200.699	250.9978	0.8710012	0.4743231	0.48597	0.51403	7.379078
44250	-7942.638	-8192.621	249.9827	0.7841129	0.5470086	0.46258	0.53742	7.905232
44256	-7930.23	-8180.951	250.7214	0.7739938	0.5512879	0.46258	0.53742	7.512139
44262	-7928.821	-8179.213	250.3923	0.7927455	0.6157192	0.46258	0.53742	7.627094
44268	-7932.276	-8181.922	249.6455	0.6590123	0.6157192	0.53109	0.46891	8.09727
44274	-7940.326	-8190.388	250.062	0.7411114	0.6922134	0.498457	0.501543	7.775376
44280	-7937.068	-8187.082	250.0143	0.7889014	0.6922134	0.44036	0.55964	7.775376
44286	-7930.79	-8182.207	251.4179	0.7971762	0.6068931	0.429313	0.570687	7.081315
44292	-7931.901	-8182.744	250.843	0.8485523	0.4671496	0.478579	0.521421	7.480762
44298	-7936.709	-8187.397	250.6878	0.8485523	0.653651	0.554632	0.445368	7.410581
44304	-7932.981	-8183.997	251.0161	0.7832142	0.5837384	0.466253	0.533747	7.322887
44310	-7949.865	-8201.584	251.719	0.8667225	0.5239246	0.453901	0.546099	6.949572
44316	-7953.497	-8205.32	251.8231	0.8667225	0.4548398	0.453901	0.546099	6.956022
44322	-7941.592	-8193.844	252.2519	0.7993338	0.5995402	0.453901	0.546099	6.636091
44328	-7927.737	-8178.286	250.5494	0.803944	0.544595	0.49506	0.50494	7.593789
44334	-7943.66	-8195.385	251.7251	0.8426274	0.544595	0.470073	0.529927	6.94169
44340	-7938.38	-8190.494	252.1144	0.8690809	0.4952388	0.550195	0.449805	6.760315
44346	-7934.076	-8185.813	251.7377	0.7963576	0.6045486	0.444132	0.555868	6.911383
44352	-7935.51	-8186.076	250.5662	0.7816726	0.4874029	0.49375	0.50625	7.6462
44358	-7933.481	-8184.205	250.7242	0.8982393	0.4933583	0.49375	0.50625	7.493914
44364	-7929.343	-8179.443	250.1	0.780371	0.5340021	0.501927	0.498073	7.855526
44370	-7938.851	-8189.763	250.9117	0.802988	0.5851465	0.505405	0.494595	7.367159
44376	-7937.697	-8188.74	251.0434	0.763488	0.589548	0.527397	0.472603	7.314231
44382	-7939.092	-8189.227	250.1347	0.7777717	0.4821625	0.45462	0.54538	7.883624
44388	-7925.629	-8175.734	250.1053	0.7715478	0.5345226	0.51683	0.48317	7.856964
44394	-7929.317	-8180.184	250.8676	0.7587236	0.5621602	0.51683	0.48317	7.433062
44400	-7954.866	-8205.751	250.8848	0.7206477	0.5759946	0.475624	0.524376	7.433062
44406	-7941.244	-8191.57	250.326	0.72341	0.5097083	0.514304	0.485696	7.786056
44412	-7934.907	-8186.077	251.17	0.7805036	0.4862237	0.479029	0.520971	7.324421
44418	-7936.109	-8187.281	251.1725	0.748433	0.564669	0.489747	0.510253	7.272956
44424	-7937.154	-8188.024	250.8702	0.7899992	0.499099	0.470488	0.529512	7.468566
44430	-7946.26	-8198.202	251.942	0.9107389	0.6680467	0.517744	0.482256	6.691577
44436	-7946.726	-8199.205	252.4795	0.8789639	0.6040776	0.473344	0.526656	6.46619
44442	-7935.846	-8186.767	250.9202	0.8462783	0.602303	0.427945	0.572055	7.325915
44448	-7948.065	-8198.911	250.8467	0.8407209	0.65862	0.55503	0.44497	7.325915
44454	-7943.076	-8194.175	251.0986	0.8531417	0.483824	0.515789	0.484211	7.325915
44460	-7941.135	-8191.433	250.2979	0.7587425	0.6077329	0.503085	0.496915	7.701901
44466	-7932.55	-8182.153	249.6022	0.7300901	0.5565911	0.416862	0.583138	8.129069
44472	-7935.906	-8187.605	251.6984	0.7928415	0.5477144	0.474178	0.525822	6.980264
44478	-7933.633	-8183.1	249.4665	0.6700962	0.6254013	0.495813	0.504187	8.179434
44484	-7935.082	-8185.336	250.2541	0.7282715	0.655178	0.495813	0.504187	7.706064
44490	-7945.005	-8197.063	252.0583	0.7935693	0.6143014	0.504283	0.495717	6.732315
44496	-7938.257	-8189.67	251.4127	0.8142423	0.5394288	0.504283	0.495717	7.12946
44502	-7950.569	-8202.502	251.9324	0.9205646	0.6284491	0.468356	0.531644	6.720912
44508	-7931.76	-8182.769	251.0093	0.8176349	0.6079487	0.439692	0.560308	7.28905
44514	-7942.506	-8193.519	251.0136	0.8036589	0.6147047	0.441718	0.558282	7.28905
44520	-7936.435	-8187.384	250.9492	0.7837857	0.6286304	0.51587	0.48413	7.323731
44526	-7948.851	-8199.25	250.3992	0.7324064	0.5486685	0.45569	0.54431	7.709003
44532	-7947.357	-8198.731	251.3736	0.7876885	0.5227106	0.545405	0.454595	7.179001
44538	-7947.365	-8198.89	251.5251	0.7284367	0.5207514	0.510603	0.489397	7.1311
44544	-7939.339	-8189.848	250.5087	0.7937794	0.5438403	0.511858	0.488142	7.621615
44550	-7937.615	-8188.15	250.5348	0.7746166	0.5394149	0.475162	0.524838	7.621615
44556	-7931.964	-8184.157	252.193	0.8411535	0.4986401	0.534528	0.465472	6.729895
44562	-7940.952	-8193.056	252.104	0.8306057	0.5613066	0.431463	0.568537	6.729895
44568	-7938.707	-8189.634	250.927	0.7830299	0.5333727	0.477442	0.522558	7.412117
44574	-7938.191	-8187.857	249.6656	0.7735512	0.5683101	0.413295	0.586705	8.062638
44580	-7947.967	-8199.009	251.042	0.7808939	0.5101994	0.445687	0.554313	7.371518
44586	-7945.3	-8196.843	251.5437	0.8331125	0.5176423	0.402045	0.597955	7.067462
44592	-7942.655	-8193.139	250.4844	0.7922455	0.4680762	0.473315	0.526685	7.701983
44598	-7951.445	-8201.761	250.3156	0.8088575	0.4679078	0.473315	0.526685	7.783467
44604	-7958.626	-8208.998	250.3716	0.8009651	0.4407061	0.408069	0.591931	7.783467
44610	-7956.638	-8208.499	251.8612	0.8564024	0.5311609	0.475949	0.524051	6.872254
44616	-7944.407	-8195.78	251.3725	0.8553998	0.5467133	0.531845	0.468155	7.122846
44622	-7929.791	-8180.783	250.9926	0.7115611	0.5589954	0.458267	0.541733	7.393912
44628	-7932.409	-8183.424	251.015	0.7653356	0.5589954	0.472205	0.527795	7.353077
44634	-7945.685	-8196.603	250.9184	0.7660466	0.5346886	0.469228	0.530772	7.424732
44640	-7937.392	-8189.038	251.6453	0.801325	0.5258111	0.469228	0.530772	7.022848
44646	-7946.391	-8197.015	250.6236	0.7999111	0.5571829	0.521055	0.478945	7.545807
44652	-7926.297	-8177.689	251.3922	0.8016226	0.5779157	0.492255	0.507745	7.115593
44658	-7927.768	-8178.601	250.8325	0.8016226	0.5045704	0.496042	0.503958	7.477695
44664	-7941.744	-8193.669	251.9256	0.883867	0.6037571	0.491862	0.508138	6.763438
44670	-7931.991	-8184.073	252.0821	0.8694919	0.5713833	0.491862	0.508138	6.712448
44676	-7937.175	-8188.381	251.206	0.7560697	0.5011853	0.520565	0.479435	7.30478
44682	-7930.158	-8181.216	251.0572	0.8938001	0.5935282	0.473531	0.526469	7.233681
44688	-7927.316	-8179.208	251.8916	0.8109774	0.5964586	0.496226	0.503774	6.826823
44694	-7935.538	-8185.736	250.1974	0.7615874	0.6295956	0.490264	0.509736	7.737506
44700	-7941.303	-8191.542	250.2396	0.7615874	0.6000376	0.448636	0.551364	7.737506
44706	-7934.195	-8184.324	250.1288	0.694529	0.5386322	0.448636	0.551364	7.882042
44712	-7931.547	-8181.384	249.8364	0.7749742	0.5386322	0.47914	0.52086	7.995167
44718	-7945.886	-8196.393	250.5072	0.7916829	0.5386322	0.52448	0.47552	7.627923
44724	-7932.471	-8182.969	250.4981	0.7916829	0.5444367	0.52448	0.47552	7.627923
44730	-7940.681	-8192.105	251.4236	0.7871679	0.6222229	0.52448	0.47552	7.07186
44736	-7936.495	-8186.893	250.3978	0.7537544	0.5863488	0.496038	0.503962	7.667828
44742	-7947.209	-8197.356	250.1475	0.790775	0.5116732	0.501194	0.498806	7.843687
44748	-7934.379	-8185.71	251.331	0.847749	0.5866898	0.548457	0.451543	7.116688
44754	-7928.118	-8180.885	252.7673	0.8370168	0.5280671	0.519904	0.480096	6.395414
44760	-7925.628	-8177.449	251.8208	0.8454624	0.5291679	0.488485	0.511515	6.901641
44766	-7935.852	-8187.356	251.5033	0.8590336	0.6329613	0.465743	0.534257	6.982111
44772	-7943.33	-8194.411	251.0803	0.8117626	0.4787992	0.47432	0.52568	7.362525
44778	-7932.263	-8182.861	250.5984	0.8113961	0.6371194	0.498166	0.501834	7.490602
44784	-7943.933	-8196.113	252.18	0.8838133	0.5324561	0.533174	0.466826	6.684289
44790	-7952.762	-8204.447	251.6847	0.8154704	0.4974835	0.542986	0.457014	7.018835
44796	-7948.944	-8200.156	251.2124	0.7905781	0.5677545	0.433001	0.566999	7.226369
44802	-7943.775	-8195.274	251.4993	0.8152956	0.6467512	0.455821	0.544179	6.997515
44808	-7923.079	-8174.684	251.6042	0.9121472	0.5368853	0.484988	0.515012	6.97585
44814	-7926.122	-8178.315	252.1927	0.7990452	0.6150909	0.474015	0.525985	6.656107
44820	-7932.934	-8183.991	251.0564	0.7543789	0.6150909	0.474015	0.525985	7.292248
44826	-7937.937	-8189.72	251.7828	0.8534695	0.548439	0.474015	0.525985	6.901513
44832	-7943.646	-8195.824	252.1777	0.8493031	0.6044002	0.49839	0.50161	6.645356
44838	-7935.063	-8184.808	249.7449	0.7683359	0.532133	0.470449	0.529551	8.052974
44844	-7950.541	-8201.723	251.183	0.7683359	0.532133	0.471556	0.528444	7.283727
44850	-7951.25	-8203.041	251.7911	0.7803728	0.5683795	0.4855	0.5145	6.920016
44856	-7963.985	-8215.813	251.8284	0.744513	0.5673899	0.4855	0.5145	6.920016
44862	-7939.592	-8189.182	249.5895	0.725026	0.5337332	0.466802	0.533198	8.157512
44868	-7950.416	-8201.028	250.6128	0.7637447	0.4266599	0.470243	0.529757	7.688098
44874	-7941.907	-8193.3	251.3933	0.7807606	0.6105381	0.440567	0.559433	7.100526
44880	-7949.633	-8200.388	250.7552	0.7614793	0.5181316	0.440567	0.559433	7.528757
44886	-7953.086	-8204.197	251.1111	0.7534539	0.4769628	0.400313	0.599687	7.378948
44892	-7935.879	-8187.786	251.9071	0.8344907	0.4847582	0.53604	0.46396	6.90028
44898	-7942.013	-8194.04	252.0271	0.8832324	0.5031321	0.447201	0.552799	6.792704
44904	-7943.199	-8193.324	250.1255	0.7382151	0.5639245	0.461887	0.538113	7.839667
44910	-7940.902	-8190.881	249.979	0.7731536	0.4091063	0.443958	0.556042	8.039022
44916	-7928.653	-8180.202	251.5489	0.8737423	0.5606203	0.443958	0.556042	7.00655
44922	-7928.264	-8179.421	251.1566	0.9058953	0.4827287	0.518324	0.481676	7.267465
44928	-7921.309	-8172.842	251.5321	0.9183398	0.5196132	0.44996	0.55004	7.026156
44934	-7919.19	-8170.146	250.9563	0.8355529	0.5051997	0.485466	0.514534	7.392577
44940	-7935.52	-8185.445	249.9251	0.8355529	0.4656221	0.498162	0.501838	7.979829
44946	-7942.931	-8194.901	251.9699	0.8115257	0.5858445	0.493101	0.506899	6.792683
44952	-7918.813	-8170.872	252.0591	0.8875319	0.5788727	0.503741	0.496259	6.709069
44958	-7928.785	-8180.85	252.0655	0.8769482	0.6118416	0.468525	0.531475	6.685303
44964	-7921.951	-8173.137	251.1862	0.8651069	0.573466	0.468525	0.531475	7.195792
44970	-7929.246	-8181.04	251.7948	0.7785039	0.573466	0.519197	0.480803	6.914868
44976	-7931.597	-8183.407	251.8107	0.8585189	0.5120784	0.519197	0.480803	6.914868
44982	-7922.468	-8174.13	251.662	0.8585189	0.4528401	0.491185	0.508815	7.049099
44988	-7930.327	-8182.44	252.1131	0.8185819	0.5211525	0.531467	0.468533	6.765374
44994	-7931.032	-8182.996	251.9634	0.8577641	0.5756442	0.551158	0.448842	6.77945
45000	-7944.051	-8195.87	251.8183	0.7778826	0.458989	0.431666	0.568334	7.002507
